<?xml version='1.0' encoding='UTF-8'?>
<arggraph id="micro_e333" stance="pro" topic_id="Going to classes should be optional for the students" topic_ru="Переход к классам должно быть обязательным для студентов">
  <edu id="e1" lang="en">University students have different opinion about their attendance to class.</edu>
  <edu id="e1" lang="ru" trans="google">Студенты университета имеют разное мнение об их посещаемости в классе.</edu>
  <edu id="e2" lang="en">Some students believe that they should be required to attend classes while others believe that it is an optional for the students.</edu>
  <edu id="e2" lang="ru" trans="google">Некоторые студенты считают, что они должны быть обязаны классов посещают какие-либо другие считают, что это является обязательным для студентов.</edu>
  <edu id="e3" lang="en">According to my opinion, because it is university level of education, students have enough maturity to choose their choice.</edu>
  <edu id="e3" lang="ru" trans="google">По-моему, потому что это университетский уровень образования, студенты имеют достаточно зрелости, чтобы выбрать свой выбор.</edu>
  <edu id="e4" lang="en">Therefore, I strongly agree that going to classes should be optional for the students.</edu>
  <edu id="e4" lang="ru" trans="google">Поэтому я полностью согласен, что ходить на занятия, должны быть необязательными для студентов.</edu>
  <edu id="e5" lang="en">To begin with, going to classes are sometimes waste of the time.</edu>
  <edu id="e5" lang="ru" trans="google">Начнем с того, ходить на занятия иногда тратить время.</edu>
  <edu id="e6" lang="en">For instance, some lecturers in our university read the same text in the reference books for that particular course module.</edu>
  <edu id="e6" lang="ru" trans="google">Например, некоторые преподаватели нашего университета читали тот же текст в справочниках для этого конкретного модуля курса.</edu>
  <edu id="e7" lang="en">Further, they didn't explain the contents in order to understand by the students.</edu>
  <edu id="e7" lang="ru" trans="google">Кроме того, они не объясняют содержание, чтобы понять, студенты.</edu>
  <edu id="e8" lang="en">It was waste of the time.</edu>
  <edu id="e8" lang="ru" trans="google">Это была пустая трата времени.</edu>
  <edu id="e9" lang="en">Because the university students have grown up.</edu>
  <edu id="e9" lang="ru" trans="google">Поскольку студенты выросли.</edu>
  <edu id="e10" lang="en">they have enough ability to read and understand the text book.</edu>
  <edu id="e10" lang="ru" trans="google">они имеют достаточно способность читать и понимать текст книги.</edu>
  <edu id="e11" lang="en">Moreover, with the modern technology, students can collect more information from different sources.</edu>
  <edu id="e11" lang="ru" trans="google">Кроме того, с современной технологией, студенты могут собрать больше информации из различных источников.</edu>
  <edu id="e12" lang="en">For example, from the Internet, students can read many articles and e-books and can watch video tutorials which provide the information more apparently.</edu>
  <edu id="e12" lang="ru" trans="google">Например, из Интернета, студенты могут читать много статей и электронные книги и могут смотреть видео-уроки, которые предоставляют информацию более, по-видимому.</edu>
  <edu id="e13" lang="en">However, some lecturers deliver lectures very informative and interesting way.</edu>
  <edu id="e13" lang="ru" trans="google">Тем не менее, некоторые преподаватели читают лекции очень информативный и интересный путь.</edu>
  <edu id="e14" lang="en">When the students attend that lectures, they can obviously feel that it was very useful and they did not waste their time.</edu>
  <edu id="e14" lang="ru" trans="google">Когда студенты посещают лекции, что они могут, очевидно, считают, что это было очень полезно, и они не тратить свое время.</edu>
  <edu id="e15" lang="en">Additionally, mostly university has taken whole day for the lectures.</edu>
  <edu id="e15" lang="ru" trans="google">Кроме того, в основном университет принял целый день для лекций.</edu>
  <edu id="e16" lang="en">Besides, most of the university students are working students in order to manage the expenses during the education time.</edu>
  <edu id="e16" lang="ru" trans="google">Кроме того, большинство студентов университета работают студенты, чтобы управлять расходы во время обучения.</edu>
  <edu id="e17" lang="en">Students need to work as part time basis.</edu>
  <edu id="e17" lang="ru" trans="google">Студенты должны работать как часть времени.</edu>
  <edu id="e18" lang="en">Hence, they have to schedule the lectures time, studying time and working time.</edu>
  <edu id="e18" lang="ru" trans="google">Следовательно, они должны планировать время лекции, изучение времени и рабочее время.</edu>
  <edu id="e19" lang="en">At the same time, rather than attending any boring lecturers, students can participate to other activities such as debate competition, swimming meet, Basketball and so forth.</edu>
  <edu id="e19" lang="ru" trans="google">В то же время, а не посещать любые скучные преподаватели, студенты могут участвовать в других мероприятиях, таких как дебаты конкуренции, плавание встречаются, баскетбол и так далее.</edu>
  <edu id="e20" lang="en">From that they can meet other university students and build up the relationships with them.</edu>
  <edu id="e20" lang="ru" trans="google">Из того, что они могут встретиться с другими студентами университета и строить отношения с ними.</edu>
  <edu id="e21" lang="en">In a nutshell, although few brilliant lecturers deliver more informative lectures.</edu>
  <edu id="e21" lang="ru" trans="google">В двух словах, хотя несколько блестящих лекторов обеспечивают более информативные лекции.</edu>
  <edu id="e22" lang="en">some are boring the students in the class and wasting the students' time.</edu>
  <edu id="e22" lang="ru" trans="google">некоторые скучные студентов в классе и тратить время студентов.</edu>
  <edu id="e23" lang="en">When the students go to university, they have matured mentally and physically.</edu>
  <edu id="e23" lang="ru" trans="google">Когда студенты идут в университет, они созреют умственно и физически.</edu>
  <edu id="e24" lang="en">They have enough knowledge to choose what they need to do.</edu>
  <edu id="e24" lang="ru" trans="google">Они имеют достаточно знаний, чтобы выбрать то, что им нужно делать.</edu>
  <edu id="e25" lang="en">Therefore, to make use of time, if the students choose the classes as optional, it would provide more benefits than drawbacks.</edu>
  <edu id="e25" lang="ru" trans="google">Поэтому, чтобы использовать время, если студенты выбирают классы как необязательные, это обеспечит больше преимуществ, чем недостатков.</edu>
  <adu id="a1" type="neut"/>
  <adu id="a2" type="neut"/>
  <adu id="a3" type="pro"/>
  <adu id="a4" type="mcl"/>
  <adu id="a5" type="pro"/>
  <adu id="a6" type="pro"/>
  <adu id="a7" type="pro"/>
  <adu id="a8" type="pro"/>
  <adu id="a9" type="pro"/>
  <adu id="a10" type="pro"/>
  <adu id="a11" type="pro"/>
  <adu id="a12" type="pro"/>
  <adu id="a13" type="opp"/>
  <adu id="a14" type="opp"/>
  <adu id="a15" type="pro"/>
  <adu id="a16" type="pro"/>
  <adu id="a17" type="pro"/>
  <adu id="a18" type="pro"/>
  <adu id="a19" type="pro"/>
  <adu id="a20" type="pro"/>
  <adu id="a21" type="opp"/>
  <adu id="a22" type="pro"/>
  <adu id="a23" type="pro"/>
  <adu id="a24" type="pro"/>
  <adu id="a25" type="mcl"/>
  <edge id="c32" src="e1" trg="a1" type="seg"/>
  <edge id="c33" src="e2" trg="a2" type="seg"/>
  <edge id="c34" src="e3" trg="a3" type="seg"/>
  <edge id="c35" src="e4" trg="a4" type="seg"/>
  <edge id="c36" src="e5" trg="a5" type="seg"/>
  <edge id="c37" src="e6" trg="a6" type="seg"/>
  <edge id="c38" src="e7" trg="a7" type="seg"/>
  <edge id="c39" src="e8" trg="a8" type="seg"/>
  <edge id="c40" src="e9" trg="a9" type="seg"/>
  <edge id="c41" src="e10" trg="a10" type="seg"/>
  <edge id="c42" src="e11" trg="a11" type="seg"/>
  <edge id="c43" src="e12" trg="a12" type="seg"/>
  <edge id="c44" src="e13" trg="a13" type="seg"/>
  <edge id="c45" src="e14" trg="a14" type="seg"/>
  <edge id="c46" src="e15" trg="a15" type="seg"/>
  <edge id="c47" src="e16" trg="a16" type="seg"/>
  <edge id="c48" src="e17" trg="a17" type="seg"/>
  <edge id="c49" src="e18" trg="a18" type="seg"/>
  <edge id="c50" src="e19" trg="a19" type="seg"/>
  <edge id="c51" src="e20" trg="a20" type="seg"/>
  <edge id="c52" src="e21" trg="a21" type="seg"/>
  <edge id="c53" src="e22" trg="a22" type="seg"/>
  <edge id="c54" src="e23" trg="a23" type="seg"/>
  <edge id="c55" src="e24" trg="a24" type="seg"/>
  <edge id="c56" src="e25" trg="a25" type="seg"/>
  <edge id="c1" src="a3" trg="a4" type="sup"/>
  <edge id="c2" src="a3" trg="a25" type="sup"/>
  <edge id="c3" src="a5" trg="a4" type="sup"/>
  <edge id="c4" src="a5" trg="a25" type="sup"/>
  <edge id="c5" src="a6" trg="a5" type="exa"/>
  <edge id="c6" src="a7" trg="a5" type="sup"/>
  <edge id="c7" src="a8" trg="a5" type="sup"/>
  <edge id="c8" src="a9" trg="a10" type="sup"/>
  <edge id="c9" src="a10" trg="a4" type="sup"/>
  <edge id="c10" src="a10" trg="a25" type="sup"/>
  <edge id="c11" src="a11" trg="a4" type="sup"/>
  <edge id="c12" src="a11" trg="a25" type="sup"/>
  <edge id="c13" src="a12" trg="a11" type="exa"/>
  <edge id="c14" src="a13" trg="a4" type="reb"/>
  <edge id="c15" src="a13" trg="a25" type="reb"/>
  <edge id="c16" src="a14" trg="a13" type="sup"/>
  <edge id="c17" src="a15" trg="a18" type="sup"/>
  <edge id="c18" src="a16" trg="a18" type="sup"/>
  <edge id="c19" src="a17" trg="a18" type="sup"/>
  <edge id="c20" src="a18" trg="a4" type="sup"/>
  <edge id="c21" src="a18" trg="a25" type="sup"/>
  <edge id="c22" src="a19" trg="a4" type="sup"/>
  <edge id="c23" src="a19" trg="a25" type="sup"/>
  <edge id="c24" src="a20" trg="a19" type="sup"/>
  <edge id="c25" src="a21" trg="a4" type="reb"/>
  <edge id="c26" src="a21" trg="a25" type="reb"/>
  <edge id="c27" src="a22" trg="a21" type="reb"/>
  <edge id="c28" src="a23" trg="a4" type="sup"/>
  <edge id="c29" src="a23" trg="a25" type="sup"/>
  <edge id="c30" src="a24" trg="a4" type="sup"/>
  <edge id="c31" src="a24" trg="a25" type="sup"/>
</arggraph>
