<?xml version='1.0' encoding='UTF-8'?>
<arggraph id="micro_e162" stance="pro" topic_id="Is a break good or bad after high school for students" topic_ru="Является ли перерыв хорошо или плохо после окончания средней школы для студентов">
  <edu id="e1" lang="en">Studies are an essential part of life.</edu>
  <edu id="e1" lang="ru" trans="google">Исследования являются неотъемлемой частью жизни.</edu>
  <edu id="e2" lang="en">Some countries permit students to take a break from studies between high school and university studies, while in some countries, it is considered as waste of time.</edu>
  <edu id="e2" lang="ru" trans="google">Некоторые страны разрешают студент сделать перерыв в исследованиях между средней школой и университетскими исследованиями, в то время как в некоторых странах, оно рассматриваются как пустая трата времени.</edu>
  <edu id="e3" lang="en">However, a break of one year is good for young people after finishing their high school.</edu>
  <edu id="e3" lang="ru" trans="google">Однако, разрыв одного года хорошо для молодых людей после окончания их средней школы.</edu>
  <edu id="e4" lang="en">In most education systems, a child studies continuously from the age of 5 till 16 years of age.</edu>
  <edu id="e4" lang="ru" trans="google">В большинстве систем образования, ребенок постоянно учится в возрасте от 5 до 16 лет.</edu>
  <edu id="e5" lang="en">A relaxation of one year to young minds will give them a quintessential change.</edu>
  <edu id="e5" lang="ru" trans="google">Ослабление одного года, чтобы молодые умы даст им квинтэссенцией изменения.</edu>
  <edu id="e6" lang="en">A continuous study pressure for over 10 years makes the mind saturated and like a robot, to follow instructions.</edu>
  <edu id="e6" lang="ru" trans="google">Непрерывное исследование давление на протяжении более 10 лет делает ум насыщенный и, как робот, следовать инструкциям.</edu>
  <edu id="e7" lang="en">Personally, a break will give students some time to refresh their systems, by traveling or following their hobbies.</edu>
  <edu id="e7" lang="ru" trans="google">Лично перерыв даст студентам некоторое время, чтобы обновить свои системы, путешествуя или после их хобби.</edu>
  <edu id="e8" lang="en">Importantly, when students start their university studies after a break, they will feel fresh and full of energy to take the new challenge.</edu>
  <edu id="e8" lang="ru" trans="google">Важно отметить, что, когда студенты начинают свое обучение в университете после перерыва, они будут чувствовать себя свежим и полным энергии, чтобы принять новый вызов.</edu>
  <edu id="e9" lang="en">Nevertheless, during high school, many students face a dilemma to decide which stream should they major in.</edu>
  <edu id="e9" lang="ru" trans="google">Тем не менее, в средней школе, многие студенты сталкиваются с дилеммой, чтобы решить, какой поток должен они главным в.</edu>
  <edu id="e10" lang="en">Working or traveling for some time, after high school, can help them to find their field of interest.</edu>
  <edu id="e10" lang="ru" trans="google">Работа или путешествовать в течение некоторого времени, после окончания средней школы, может помочь им найти свое поле интересов.</edu>
  <edu id="e11" lang="en">It will also help them to learn professional setup by working.</edu>
  <edu id="e11" lang="ru" trans="google">Это также поможет им освоить профессиональную установку, работая.</edu>
  <edu id="e12" lang="en">Financially, students can save a little money to support their university education by doing a job.</edu>
  <edu id="e12" lang="ru" trans="google">Материально, студенты могут сэкономить немного денег, чтобы поддержать их высшее образование, делая работу.</edu>
  <edu id="e13" lang="en">Some students even utilize this time for preparation of their desired university course.</edu>
  <edu id="e13" lang="ru" trans="google">Некоторые студенты даже использовать это время для подготовки своего желаемого курса университета.</edu>
  <edu id="e14" lang="en">However, there are also disadvantages.</edu>
  <edu id="e14" lang="ru" trans="google">Однако, есть и недостатки.</edu>
  <edu id="e15" lang="en">A break can disturb the focus of students and prove detrimental.</edu>
  <edu id="e15" lang="ru" trans="google">Перерыв может нарушить фокус студентов и оказаться вредным.</edu>
  <edu id="e16" lang="en">When students work during these breaks, the feel of money gives them an illusion that such salary is enough for them and they go in a utopia.</edu>
  <edu id="e16" lang="ru" trans="google">Когда студенты работают во время этих перерывов, ощущение денег дает им иллюзию, что такая зарплата достаточно для них, и они идут в утопии.</edu>
  <edu id="e17" lang="en">For instance, my cousin started working in a customer care centre after high school and got distracted.</edu>
  <edu id="e17" lang="ru" trans="google">Например, мой двоюродный брат начал работать в центре обслуживания клиентов после окончания средней школы и отвлекся.</edu>
  <edu id="e18" lang="en">When he started his university studies, he failed miserably.</edu>
  <edu id="e18" lang="ru" trans="google">Когда он начал свое обучение в университет, он с треском провалился.</edu>
  <edu id="e19" lang="en">Students can also indulge in smoking or drinking during this time.</edu>
  <edu id="e19" lang="ru" trans="google">Студенты также могут предаваться курить или пить в течение этого времени.</edu>
  <edu id="e20" lang="en">But, the break should be an optional thing.</edu>
  <edu id="e20" lang="ru" trans="google">Но, перерыв должен быть необязательной вещью.</edu>
  <edu id="e21" lang="en">It varies from individual to individual, how they utilize that period.</edu>
  <edu id="e21" lang="ru" trans="google">Она варьируется от человека к человеку, как они используют этот период.</edu>
  <edu id="e22" lang="en">A break gives students more benefits than harms.</edu>
  <edu id="e22" lang="ru" trans="google">Прорыв дает студентам больше преимуществ, чем вред.</edu>
  <edu id="e23" lang="en">Importantly, the sole purpose of education is to nurture a young mind and not thrust studies on them.</edu>
  <edu id="e23" lang="ru" trans="google">Важно отметить, что единственной целью образования является воспитание молодого ума, а не упорных исследований на них.</edu>
  <edu id="e24" lang="en">Thus, a break should be necessarily allowed to young minds between their high school and university studies.</edu>
  <edu id="e24" lang="ru" trans="google">Таким образом, разрыв должен быть обязательно разрешено молодых умов между их средней школы и учебы в университете.</edu>
  <edu id="e25" lang="en">Countries, like India, where such a break is considered a blot, should understand that young minds are delicate and they face a cut-throat competition.</edu>
  <edu id="e25" lang="ru" trans="google">Страны, как Индия, где такой разрыв считается пятном, должны понимать, что молодые умы деликатные, и они сталкиваются с ожесточенной конкуренцией.</edu>
  <edu id="e26" lang="en">One year break can help young people to prepare for the challenges of life.</edu>
  <edu id="e26" lang="ru" trans="google">Один год перерыв может помочь молодым людям подготовиться к вызовам жизни.</edu>
  <adu id="a1" type="neut"/>
  <adu id="a2" type="neut"/>
  <adu id="a3" type="mcl"/>
  <adu id="a4" type="neut"/>
  <adu id="a5" type="pro"/>
  <adu id="a6" type="pro"/>
  <adu id="a7" type="pro"/>
  <adu id="a8" type="pro"/>
  <adu id="a9" type="neut"/>
  <adu id="a10" type="pro"/>
  <adu id="a11" type="pro"/>
  <adu id="a12" type="pro"/>
  <adu id="a13" type="pro"/>
  <adu id="a14" type="neut"/>
  <adu id="a15" type="opp"/>
  <adu id="a16" type="opp"/>
  <adu id="a17" type="opp"/>
  <adu id="a18" type="opp"/>
  <adu id="a19" type="opp"/>
  <adu id="a20" type="neut"/>
  <adu id="a21" type="pro"/>
  <adu id="a22" type="pro"/>
  <adu id="a23" type="pro"/>
  <adu id="a24" type="mcl"/>
  <adu id="a25" type="neut"/>
  <adu id="a26" type="neut"/>
  <edge id="c21" src="e1" trg="a1" type="seg"/>
  <edge id="c22" src="e2" trg="a2" type="seg"/>
  <edge id="c23" src="e3" trg="a3" type="seg"/>
  <edge id="c24" src="e4" trg="a4" type="seg"/>
  <edge id="c25" src="e5" trg="a5" type="seg"/>
  <edge id="c26" src="e6" trg="a6" type="seg"/>
  <edge id="c27" src="e7" trg="a7" type="seg"/>
  <edge id="c28" src="e8" trg="a8" type="seg"/>
  <edge id="c29" src="e9" trg="a9" type="seg"/>
  <edge id="c30" src="e10" trg="a10" type="seg"/>
  <edge id="c31" src="e11" trg="a11" type="seg"/>
  <edge id="c32" src="e12" trg="a12" type="seg"/>
  <edge id="c33" src="e13" trg="a13" type="seg"/>
  <edge id="c34" src="e14" trg="a14" type="seg"/>
  <edge id="c35" src="e15" trg="a15" type="seg"/>
  <edge id="c36" src="e16" trg="a16" type="seg"/>
  <edge id="c37" src="e17" trg="a17" type="seg"/>
  <edge id="c38" src="e18" trg="a18" type="seg"/>
  <edge id="c39" src="e19" trg="a19" type="seg"/>
  <edge id="c40" src="e20" trg="a20" type="seg"/>
  <edge id="c41" src="e21" trg="a21" type="seg"/>
  <edge id="c42" src="e22" trg="a22" type="seg"/>
  <edge id="c43" src="e23" trg="a23" type="seg"/>
  <edge id="c44" src="e24" trg="a24" type="seg"/>
  <edge id="c45" src="e25" trg="a25" type="seg"/>
  <edge id="c46" src="e26" trg="a26" type="seg"/>
  <edge id="c1" src="a5" trg="a7" type="sup"/>
  <edge id="c2" src="a6" trg="a7" type="sup"/>
  <edge id="c3" src="a7" trg="a3" type="sup"/>
  <edge id="c4" src="a7" trg="a24" type="sup"/>
  <edge id="c5" src="a8" trg="a7" type="sup"/>
  <edge id="c6" src="a10" trg="a3" type="sup"/>
  <edge id="c7" src="a10" trg="a24" type="sup"/>
  <edge id="c8" src="a11" trg="a10" type="sup"/>
  <edge id="c9" src="a12" trg="a10" type="sup"/>
  <edge id="c10" src="a13" trg="a10" type="sup"/>
  <edge id="c11" src="a15" trg="a3" type="reb"/>
  <edge id="c12" src="a15" trg="a24" type="reb"/>
  <edge id="c13" src="a16" trg="a15" type="sup"/>
  <edge id="c14" src="a17" trg="a16" type="exa"/>
  <edge id="c15" src="a18" trg="a16" type="sup"/>
  <edge id="c16" src="a19" trg="a15" type="sup"/>
  <edge id="c17" src="a21" trg="a15" type="reb"/>
  <edge id="c18" src="a22" trg="a15" type="reb"/>
  <edge id="c19" src="a23" trg="a3" type="sup"/>
  <edge id="c20" src="a23" trg="a24" type="sup"/>
</arggraph>
