<?xml version='1.0' encoding='UTF-8'?>
<arggraph id="micro_e224" stance="pro" topic_id="High schools must be responsible for their future with well-planned curriculum" topic_ru="Средние школы должны нести ответственность за свое будущее с хорошо спланированной учебной программой">
  <edu id="e1" lang="en">Some people state that high schools should allow students to study what they want to.</edu>
  <edu id="e1" lang="ru" trans="google">Некоторые люди утверждают, что средние школы должны позволить студентам изучать то, что они хотят.</edu>
  <edu id="e2" lang="en">They believe this motivates students to study.</edu>
  <edu id="e2" lang="ru" trans="google">Они считают, что это мотивирует студентов к изучению.</edu>
  <edu id="e3" lang="en">I think, however, students should study a broad range of subjects from literature to mathematics.</edu>
  <edu id="e3" lang="ru" trans="google">Я думаю, однако, студенты должны изучить широкий круг вопросов, от литературы до математики.</edu>
  <edu id="e4" lang="en">I believe that tertiary education should make students prepare for specialization at university.</edu>
  <edu id="e4" lang="ru" trans="google">Я считаю, что высшее образование должно делать студентам подготовиться к специализации в университете.</edu>
  <edu id="e5" lang="en">In addition, it should be to some extent paternalistic to prevent students from avoiding hurdles.</edu>
  <edu id="e5" lang="ru" trans="google">Кроме того, она должна быть в какой-то степени патерналистской, чтобы предотвратить студентов от избегая препятствий.</edu>
  <edu id="e6" lang="en">To begin with, students have to find one or more fields of study in which they are really interested.</edu>
  <edu id="e6" lang="ru" trans="google">Начнем с того, студенты должны найти один или несколько полей исследования, в которых они действительно заинтересованы.</edu>
  <edu id="e7" lang="en">They should not decide their future major without trying a broad range of subjects, otherwise they might miss valuable encounter with the subject.</edu>
  <edu id="e7" lang="ru" trans="google">Они не должны решать свою будущую майору, не пытаясь широким кругом вопросов, в противном случае они могли бы пропустить ценную встречу с предметом.</edu>
  <edu id="e8" lang="en">For instance, a would-be mathematician student may be strongly intrigued by philosophy and make a success in the field.</edu>
  <edu id="e8" lang="ru" trans="google">Например, будущий математик студент может быть сильно заинтригована философией и добиться успеха в этой области.</edu>
  <edu id="e9" lang="en">Next, students should obtain knowledge from a variety of academic fields.</edu>
  <edu id="e9" lang="ru" trans="google">Далее, студенты должны получить знания из различных научных областей.</edu>
  <edu id="e10" lang="en">General education plays a significant role in specialized education.</edu>
  <edu id="e10" lang="ru" trans="google">Общее образование играет важную роль в образовании по специальности.</edu>
  <edu id="e11" lang="en">Science today, for example, is said to be more and more specialized, but in order to solve a problem scientists have to combine knowledge from chemistry to physics.</edu>
  <edu id="e11" lang="ru" trans="google">Наука сегодня, к примеру, говорят, что все больше и больше специализированы, но для того, чтобы решить проблему ученые должны объединить знания из химии к физике.</edu>
  <edu id="e12" lang="en">In addition, although textbooks used in higher education are labelled particular subjects, in fact they require basic understanding of other subjects.</edu>
  <edu id="e12" lang="ru" trans="google">Кроме того, хотя учебники, используемые в системе высшего образования обозначены конкретные вопросы, на самом деле они требуют основного понимания других предметов.</edu>
  <edu id="e13" lang="en">For instance, you sometimes need knowledge about physics to read a text on chemistry.</edu>
  <edu id="e13" lang="ru" trans="google">Например, иногда необходимо знание о физике читать текст по химии.</edu>
  <edu id="e14" lang="en">Therefore, high school students should learn broadly and prepare future learning at university.</edu>
  <edu id="e14" lang="ru" trans="google">Таким образом, студенты средней школы должны научиться широко и подготовить обучение будущего в университете.</edu>
  <edu id="e15" lang="en">Last but not least, students have tendency to shun difficulties.</edu>
  <edu id="e15" lang="ru" trans="google">И последнее, но не в последнюю очередь, студенты имеют тенденцию к трудностям Шунь.</edu>
  <edu id="e16" lang="en">They might avoid tough courses, but instead attend mainly Mickey Mouse courses and enjoy themselves too much.</edu>
  <edu id="e16" lang="ru" trans="google">Они могли бы избежать жестких курсов, но вместо того, чтобы посещать курсы в основном Микки Маус и наслаждаться себя слишком много.</edu>
  <edu id="e17" lang="en">This might result in limited choices in the future.</edu>
  <edu id="e17" lang="ru" trans="google">Это может привести к ограничению выбора в будущем.</edu>
  <edu id="e18" lang="en">Therefore, schools should be responsible for their future and protect them.</edu>
  <edu id="e18" lang="ru" trans="google">Таким образом, школы должны нести ответственность за свое будущее и защищать их.</edu>
  <edu id="e19" lang="en">In summary, students should find interesting subjects and acquire general knowledge to prepare higher education at tertiary education.</edu>
  <edu id="e19" lang="ru" trans="google">Таким образом, студенты должны найти интересные темы и получить общие знания для подготовки высшего образования в высших учебных заведениях.</edu>
  <edu id="e20" lang="en">Besides, high school must be responsible for their future with well-planned curriculum.</edu>
  <edu id="e20" lang="ru" trans="google">Кроме того, средняя школа должна нести ответственность за свое будущее с хорошо спланированной учебной программой.</edu>
  <adu id="a1" type="neut"/>
  <adu id="a2" type="neut"/>
  <adu id="a3" type="mcl"/>
  <adu id="a4" type="pro"/>
  <adu id="a5" type="pro"/>
  <adu id="a6" type="pro"/>
  <adu id="a7" type="pro"/>
  <adu id="a8" type="pro"/>
  <adu id="a9" type="pro"/>
  <adu id="a10" type="pro"/>
  <adu id="a11" type="pro"/>
  <adu id="a12" type="pro"/>
  <adu id="a13" type="pro"/>
  <adu id="a14" type="pro"/>
  <adu id="a15" type="pro"/>
  <adu id="a16" type="pro"/>
  <adu id="a17" type="pro"/>
  <adu id="a18" type="pro"/>
  <adu id="a19" type="mcl"/>
  <adu id="a20" type="neut"/>
  <edge id="c21" src="e1" trg="a1" type="seg"/>
  <edge id="c22" src="e2" trg="a2" type="seg"/>
  <edge id="c23" src="e3" trg="a3" type="seg"/>
  <edge id="c24" src="e4" trg="a4" type="seg"/>
  <edge id="c25" src="e5" trg="a5" type="seg"/>
  <edge id="c26" src="e6" trg="a6" type="seg"/>
  <edge id="c27" src="e7" trg="a7" type="seg"/>
  <edge id="c28" src="e8" trg="a8" type="seg"/>
  <edge id="c29" src="e9" trg="a9" type="seg"/>
  <edge id="c30" src="e10" trg="a10" type="seg"/>
  <edge id="c31" src="e11" trg="a11" type="seg"/>
  <edge id="c32" src="e12" trg="a12" type="seg"/>
  <edge id="c33" src="e13" trg="a13" type="seg"/>
  <edge id="c34" src="e14" trg="a14" type="seg"/>
  <edge id="c35" src="e15" trg="a15" type="seg"/>
  <edge id="c36" src="e16" trg="a16" type="seg"/>
  <edge id="c37" src="e17" trg="a17" type="seg"/>
  <edge id="c38" src="e18" trg="a18" type="seg"/>
  <edge id="c39" src="e19" trg="a19" type="seg"/>
  <edge id="c40" src="e20" trg="a20" type="seg"/>
  <edge id="c1" src="a4" trg="a3" type="sup"/>
  <edge id="c2" src="a4" trg="a19" type="sup"/>
  <edge id="c3" src="a5" trg="a3" type="sup"/>
  <edge id="c4" src="a5" trg="a19" type="sup"/>
  <edge id="c5" src="a6" trg="a3" type="sup"/>
  <edge id="c6" src="a6" trg="a19" type="sup"/>
  <edge id="c7" src="a7" trg="a6" type="sup"/>
  <edge id="c8" src="a8" trg="a6" type="exa"/>
  <edge id="c9" src="a9" trg="a14" type="sup"/>
  <edge id="c10" src="a10" trg="a14" type="sup"/>
  <edge id="c11" src="a11" trg="a14" type="exa"/>
  <edge id="c12" src="a12" trg="a14" type="sup"/>
  <edge id="c13" src="a13" trg="a12" type="exa"/>
  <edge id="c14" src="a14" trg="a3" type="sup"/>
  <edge id="c15" src="a14" trg="a19" type="sup"/>
  <edge id="c16" src="a15" trg="a18" type="sup"/>
  <edge id="c17" src="a16" trg="a18" type="sup"/>
  <edge id="c18" src="a17" trg="a18" type="sup"/>
  <edge id="c19" src="a18" trg="a3" type="sup"/>
  <edge id="c20" src="a18" trg="a19" type="sup"/>
</arggraph>
