<?xml version='1.0' encoding='UTF-8'?>
<arggraph id="micro_e3" stance="pro" topic_id="Sporting events easing international tensions, releasing patriotic feelings" topic_ru="Спортивные мероприятия ослабления международной напряженности, отпуская патриотические чувства">
  <edu id="e1" lang="en">For most folks on Earth, the need to gather in one place, and enjoy competition with other talented people from different cultures through popular games has always been a strong motivation.</edu>
  <edu id="e1" lang="ru" trans="google">Для большинства людей на Земле, необходимо собрать в одном месте, и наслаждаться конкуренции с другими талантливыми людьми из разных культур через популярных игр всегда была сильная мотивация.</edu>
  <edu id="e2" lang="en">This trend is so deeply engraved in people's mind that the organisation of such events continue to be planned, even when some participants are facing grievous social problems.</edu>
  <edu id="e2" lang="ru" trans="google">Эта тенденция настолько глубоко запечатлелась в сознании людей, что организация подобных мероприятий продолжает планировать, даже если некоторые участники сталкиваются тяжелейший социальные проблемы.</edu>
  <edu id="e3" lang="en">It is agreed that large scale sports games make people focus on attractive contests instead of international disputes, and help them being proud of their nation.</edu>
  <edu id="e3" lang="ru" trans="google">Решено, что крупномасштабные спортивные игры делают людей сосредоточиться на привлекательных конкурсах вместо международных споров, и помочь им гордиться своей нацией.</edu>
  <edu id="e4" lang="en">This will be proved by analysing how sports events may be an important link to the peace, and by how they encourage people to display their national symbols.</edu>
  <edu id="e4" lang="ru" trans="google">Это будет доказать, анализируя, как спортивные события могут быть важным звеном в мире, и тем, как они побуждают людей проявить свои национальные символы.</edu>
  <edu id="e5" lang="en">Firstly, during times of war, people living in badly affected countries can forget about the gloomy environment and maintain a link with the rest of the world by listening to international sports event.</edu>
  <edu id="e5" lang="ru" trans="google">Во-первых, во время войны, люди, живущие в сильно пострадавших странах может забыть о мрачной среде и поддерживать связь с остальным миром, слушая международного спортивного события.</edu>
  <edu id="e6" lang="en">For example, when Irak was hardly struck by the Second Gulf War, its citizens tried to catch any incoming news about the FootballWorld Cup through their portable receivers.</edu>
  <edu id="e6" lang="ru" trans="google">Например, когда Ирак был едва поражен второй войной в Персидском заливе, его граждане пытались поймать любые входящие новости о чемпионате мира по футболу через свои портативные приемники.</edu>
  <edu id="e7" lang="en">This clearly shows that international sports competitions encourage people and put pressure on them to come back, sooner or later, to a relative peaceful normality.</edu>
  <edu id="e7" lang="ru" trans="google">Это ясно показывает, что международные спортивные соревнования поощрять человек, и давление, оказываемое на них, чтобы вернуться, рано или поздно, к относительной мирной нормальности.</edu>
  <edu id="e8" lang="en">Thus, world sports events strongly participate in eventually pulling back people towards friendship and peace.</edu>
  <edu id="e8" lang="ru" trans="google">Таким образом, мировые спортивные события сильно участвуют в конечном счете, оттягивая человек к дружбе и миру.</edu>
  <edu id="e9" lang="en">Secondly, these sporting occasions are a good opportunity for people to be proud of their country.</edu>
  <edu id="e9" lang="ru" trans="google">Во-вторых, эти спортивные случаи являются хорошей возможностью для людей, чтобы гордиться своей страной.</edu>
  <edu id="e10" lang="en">For instance, when the Football World Cup was organised in South Africa, its citizens filled up the stadiums, cheered and waved national flags to support their national team on the field.</edu>
  <edu id="e10" lang="ru" trans="google">Например, когда чемпионат мира по футболу был организован в Южной Африке, ее граждане завалили стадионы, повеселели и помахали национальные флаги, чтобы поддержать свою национальную команду на поле.</edu>
  <edu id="e11" lang="en">South African national and traditional songs were played in the streets throughout the night.</edu>
  <edu id="e11" lang="ru" trans="google">Южноафриканские национальные и традиционные песни были сыграны на улицах в течение всей ночи.</edu>
  <edu id="e12" lang="en">This example demonstrates how people might take numerous elements from their roots and history to proudly display them while supporting their team.</edu>
  <edu id="e12" lang="ru" trans="google">Этот пример показывает, как люди могут принимать различные элементы из своих корней и историй с гордостью показывать их, поддерживая свою команду.</edu>
  <edu id="e13" lang="en">As a result, it is clear that people can freely express their patriotic feelings during international sports events.</edu>
  <edu id="e13" lang="ru" trans="google">В результате, становится ясно, что люди могут свободно выражать свои патриотические чувства во время международных спортивных событий.</edu>
  <edu id="e14" lang="en">In conclusion, after analysing the effects of world games both for countries at war and for organising countries, it is clear that they not only constitute a tremendous appeal towards a peaceful society, but also guide the public demonstrations of national proudness.</edu>
  <edu id="e14" lang="ru" trans="google">В заключении, после анализа влияния мировых игр как для стран, находящихся в состоянии войны, так и для стран-организаторов, то ясно, что они не только представляют собой огромную привлекательность к мирному обществу, но и вести публичные демонстрации национального proudness.</edu>
  <edu id="e15" lang="en">This has been true for centuries and will certainly not change in the foreseeable future.</edu>
  <edu id="e15" lang="ru" trans="google">Это было верно в течение многих столетий, и, конечно, не изменится в обозримом будущем.</edu>
  <adu id="a1" type="neut"/>
  <adu id="a2" type="neut"/>
  <adu id="a3" type="mcl"/>
  <adu id="a4" type="neut"/>
  <adu id="a5" type="pro"/>
  <adu id="a6" type="pro"/>
  <adu id="a7" type="pro"/>
  <adu id="a8" type="pro"/>
  <adu id="a9" type="pro"/>
  <adu id="a10" type="pro"/>
  <adu id="a11" type="pro"/>
  <adu id="a12" type="pro"/>
  <adu id="a13" type="pro"/>
  <adu id="a14" type="mcl"/>
  <adu id="a15" type="pro"/>
  <edge id="c14" src="e1" trg="a1" type="seg"/>
  <edge id="c15" src="e2" trg="a2" type="seg"/>
  <edge id="c16" src="e3" trg="a3" type="seg"/>
  <edge id="c17" src="e4" trg="a4" type="seg"/>
  <edge id="c18" src="e5" trg="a5" type="seg"/>
  <edge id="c19" src="e6" trg="a6" type="seg"/>
  <edge id="c20" src="e7" trg="a7" type="seg"/>
  <edge id="c21" src="e8" trg="a8" type="seg"/>
  <edge id="c22" src="e9" trg="a9" type="seg"/>
  <edge id="c23" src="e10" trg="a10" type="seg"/>
  <edge id="c24" src="e11" trg="a11" type="seg"/>
  <edge id="c25" src="e12" trg="a12" type="seg"/>
  <edge id="c26" src="e13" trg="a13" type="seg"/>
  <edge id="c27" src="e14" trg="a14" type="seg"/>
  <edge id="c28" src="e15" trg="a15" type="seg"/>
  <edge id="c1" src="a5" trg="a8" type="sup"/>
  <edge id="c2" src="a6" trg="a5" type="exa"/>
  <edge id="c3" src="a7" trg="a5" type="sup"/>
  <edge id="c4" src="a8" trg="a3" type="sup"/>
  <edge id="c5" src="a8" trg="a14" type="sup"/>
  <edge id="c6" src="a9" trg="a13" type="sup"/>
  <edge id="c7" src="a10" trg="a13" type="exa"/>
  <edge id="c8" src="a11" trg="a13" type="sup"/>
  <edge id="c9" src="a12" trg="a13" type="sup"/>
  <edge id="c10" src="a13" trg="a3" type="sup"/>
  <edge id="c11" src="a13" trg="a14" type="sup"/>
  <edge id="c12" src="a15" trg="a3" type="sup"/>
  <edge id="c13" src="a15" trg="a14" type="sup"/>
</arggraph>
