<?xml version='1.0' encoding='UTF-8'?>
<arggraph id="micro_e135" stance="pro" topic_id="Financial aid to develop countries" topic_ru="Финансовая помощь для развития страны">
  <edu id="e1" lang="en">As is commonly understood, there is an increasingly gap between developed countries and developing countries.</edu>
  <edu id="e1" lang="ru" trans="google">Как обычно понимается, существует разрыв между более развитыми странами и развивающимися странами.</edu>
  <edu id="e2" lang="en">It can be seen that some developed countries and organization are proving financial assistance to the impoverished countries.</edu>
  <edu id="e2" lang="ru" trans="google">Можно видеть, что некоторые развитые страны и организации оказываются финансовую помощь бедным странам.</edu>
  <edu id="e3" lang="en">However, it is disagreed that this can be the best and only way to assist developing countries.</edu>
  <edu id="e3" lang="ru" trans="google">Тем не менее, он не согласен, что это может быть лучшим и единственным способом для оказания помощи развивающимся странам.</edu>
  <edu id="e4" lang="en">This will be proven by analyzing the necessity of developing their education and the real objective of supporters.</edu>
  <edu id="e4" lang="ru" trans="google">Это будет доказано, анализируя необходимость развития их образования и реальную цель сторонников.</edu>
  <edu id="e5" lang="en">Firstly, education is an essential part in development.</edu>
  <edu id="e5" lang="ru" trans="google">Во-первых, образование является важным звеном в развитии.</edu>
  <edu id="e6" lang="en">For instance, most developing countries are lack of educational resources, such as experienced teachers, evaluation systems and teaching facilities, which is usually neglected by local authorities.</edu>
  <edu id="e6" lang="ru" trans="google">Например, большинство развивающихся стран являются отсутствие образовательных ресурсов, таких, как опытные преподаватели, системы оценки и средств обучения, которые, как правило, пренебрегают местными органами власти.</edu>
  <edu id="e7" lang="en">From this example, it is obvious that if the developed countries are unwilling to share their successful experience in education, the developing countries will remain undeveloped, even though they gain a great deal of economic support.</edu>
  <edu id="e7" lang="ru" trans="google">Из этого примера видно, что если развитые страны не желают делиться своим успешным опытом в области образования, развивающиеся страны будут оставаться неразвитой, даже если они получают большую экономическую поддержку.</edu>
  <edu id="e8" lang="en">Thus, the critical method to improve the condition of poor countries is to help them build up a complete educational system instead of financial aid.</edu>
  <edu id="e8" lang="ru" trans="google">Таким образом, критический метод для улучшения состояния бедных стран, чтобы помочь им построить полную систему образования, а не финансовой помощи.</edu>
  <edu id="e9" lang="en">In addition, it is well acknowledged that there is no free lunch in the world.</edu>
  <edu id="e9" lang="ru" trans="google">Кроме того, это хорошо признано, что нет бесплатных обедов в мире.</edu>
  <edu id="e10" lang="en">This means some powerful countries provide financial support in order to acquire the right to exploit the local resources and target the local labour market.</edu>
  <edu id="e10" lang="ru" trans="google">Это означает, что некоторые сильные страны оказывают финансовую поддержку для того, чтобы получить право на использование местных ресурсов и предназначаться на местный рынок труда.</edu>
  <edu id="e11" lang="en">Indeed, they rarely provide local residents with any technological aid and even cause contamination in some areas.</edu>
  <edu id="e11" lang="ru" trans="google">В самом деле, они редко предоставляют местным жителям с любой технологической помощи и даже вызвать загрязнение в некоторых районах.</edu>
  <edu id="e12" lang="en">Therefore, developing countries should not totally depend on the financial support from powerful countries.</edu>
  <edu id="e12" lang="ru" trans="google">Таким образом, развивающиеся страны не должны полностью зависеть от финансовой поддержки со стороны могущественных стран.</edu>
  <edu id="e13" lang="en">In conclusion, financial aid is not the only way to assist poor countries.</edu>
  <edu id="e13" lang="ru" trans="google">В заключение, финансовая помощь не является единственным способом, чтобы помочь бедным странам.</edu>
  <edu id="e14" lang="en">And it has been proven that developing education and improving national technology and science level are the path they have to undergo if they really want to alter current situation.</edu>
  <edu id="e14" lang="ru" trans="google">И это было доказано, что развитие образования и совершенствование национальных технологий и уровень наук являются путем, который они должны пройти, если они действительно хотят, чтобы изменить текущую ситуацию.</edu>
  <adu id="a1" type="neut"/>
  <adu id="a2" type="neut"/>
  <adu id="a3" type="mcl"/>
  <adu id="a4" type="neut"/>
  <adu id="a5" type="pro"/>
  <adu id="a6" type="pro"/>
  <adu id="a7" type="pro"/>
  <adu id="a8" type="pro"/>
  <adu id="a9" type="neut"/>
  <adu id="a10" type="pro"/>
  <adu id="a11" type="pro"/>
  <adu id="a12" type="pro"/>
  <adu id="a13" type="mcl"/>
  <adu id="a14" type="pro"/>
  <edge id="c12" src="e1" trg="a1" type="seg"/>
  <edge id="c13" src="e2" trg="a2" type="seg"/>
  <edge id="c14" src="e3" trg="a3" type="seg"/>
  <edge id="c15" src="e4" trg="a4" type="seg"/>
  <edge id="c16" src="e5" trg="a5" type="seg"/>
  <edge id="c17" src="e6" trg="a6" type="seg"/>
  <edge id="c18" src="e7" trg="a7" type="seg"/>
  <edge id="c19" src="e8" trg="a8" type="seg"/>
  <edge id="c20" src="e9" trg="a9" type="seg"/>
  <edge id="c21" src="e10" trg="a10" type="seg"/>
  <edge id="c22" src="e11" trg="a11" type="seg"/>
  <edge id="c23" src="e12" trg="a12" type="seg"/>
  <edge id="c24" src="e13" trg="a13" type="seg"/>
  <edge id="c25" src="e14" trg="a14" type="seg"/>
  <edge id="c1" src="a5" trg="a7" type="sup"/>
  <edge id="c2" src="a6" trg="a5" type="exa"/>
  <edge id="c3" src="a7" trg="a3" type="sup"/>
  <edge id="c4" src="a7" trg="a13" type="sup"/>
  <edge id="c5" src="a8" trg="a7" type="sup"/>
  <edge id="c6" src="a10" trg="a12" type="sup"/>
  <edge id="c7" src="a11" trg="a12" type="sup"/>
  <edge id="c8" src="a12" trg="a3" type="sup"/>
  <edge id="c9" src="a12" trg="a13" type="sup"/>
  <edge id="c10" src="a14" trg="a3" type="sup"/>
  <edge id="c11" src="a14" trg="a13" type="sup"/>
</arggraph>
