<?xml version='1.0' encoding='UTF-8'?>
<arggraph id="micro_e376" stance="pro" topic_id="Smoking should be made prohibited in public places" topic_ru="Курение должно быть запрещено в общественных местах">
  <edu id="e1" lang="en">People the world over have designated smoothing as a shameful practice and a lethal habit.</edu>
  <edu id="e1" lang="ru" trans="google">Люди во всем мире обозначили разглаживание как позорная практика и смертельная привычка.</edu>
  <edu id="e2" lang="en">Several millions of smokers die suffering from cancers such as lung and oral.</edu>
  <edu id="e2" lang="ru" trans="google">Несколько миллионов курильщиков умирают, страдающих от раковых заболеваний, таких как рак легких и полости рта.</edu>
  <edu id="e3" lang="en">This bad habit also responsible for causing health hazards to passive-smokers: who are around smoking is taken place.</edu>
  <edu id="e3" lang="ru" trans="google">Это плохая привычка, также несет ответственность за причинение вреда здоровью, пассивные курильщик: кто вокруг курения места.</edu>
  <edu id="e4" lang="en">Thus, it is argued that smoking should be made prohibited in public places such as bus and railway stations.</edu>
  <edu id="e4" lang="ru" trans="google">Таким образом, утверждается, что курение должно быть запрещено в общественных местах, таких как автобусных и железнодорожных станций.</edu>
  <edu id="e5" lang="en">This position will be proven by looking at how this arrangement has benefited both general public as well as smokers.</edu>
  <edu id="e5" lang="ru" trans="google">Это положение будет доказано, глядя на то, как эта договоренность отвечает интересам как широкой общественности, а также в помещениях.</edu>
  <edu id="e6" lang="en">To start, non-smoking public would be undoubtedly benefited by enforcing such restrain.</edu>
  <edu id="e6" lang="ru" trans="google">Для начала, общественные некурящий будет, несомненно, выгода от соблюдения таких сдерживаться.</edu>
  <edu id="e7" lang="en">Prior to 1980's public places in Sri Lanka, illustrates unpleasant situation where people smoked freely.</edu>
  <edu id="e7" lang="ru" trans="google">До 1980-й общественных мест в Шри-Ланке, показывает неприятную ситуацию, когда люди курили свободно.</edu>
  <edu id="e8" lang="en">Even in public transportation they engaged in this intolerant bad habit, some instances that lead to belligerent incidents.</edu>
  <edu id="e8" lang="ru" trans="google">Даже в общественном транспорте они занимаются в этой нетерпимой вредной привычке, некоторые случаи, которые приводят к воюющим инцидентам.</edu>
  <edu id="e9" lang="en">After enforcing restrictions the situation came to control and this act as benefit rendered to the public.</edu>
  <edu id="e9" lang="ru" trans="google">После соблюдения ограничений ситуация пришла к контролю, и этот акт как благо, оказанной общественности.</edu>
  <edu id="e10" lang="en">In addition to this, introducing smoking ban in public places would greatly discourage people from engaging tobacco puffing.</edu>
  <edu id="e10" lang="ru" trans="google">В дополнение к этому, введение запрета на курение в общественных местах будет в значительной степени препятствовать людям от участия табака отдуваясь.</edu>
  <edu id="e11" lang="en">For instance, further enforcement banned smoking in capital in Sri Lanka has reduced this consumption related diseases and deaths, as per the ministry of health.</edu>
  <edu id="e11" lang="ru" trans="google">Например, дальнейшее исполнение запрещено курение в столице Шри-Ланки уменьшила это связано потребление заболеваний и смертей, в соответствии с министерством здравоохранения.</edu>
  <edu id="e12" lang="en">As this shows, smoking restrictions has successfully daunted public from this bad puffing that put less strain on country's healthcare systems.</edu>
  <edu id="e12" lang="ru" trans="google">Как это показывает, курение ограничения успешно пугали общественность от этого плохого отдуваясь, которые ставят меньшую нагрузку на системы здравоохранения страны.</edu>
  <edu id="e13" lang="en">After analyzing smoke illegalization in public places in Sri Lanka, it has been proven benefits people enjoy this arrangement.</edu>
  <edu id="e13" lang="ru" trans="google">После анализа дыма illegalization в общественных местах, в Шри-Ланке, это было доказано преимущество люди пользуются этой договоренностью.</edu>
  <edu id="e14" lang="en">It is thus hoped governments would consider smoke banning in public places following footsteps of Sri Lanka as well as many other countries.</edu>
  <edu id="e14" lang="ru" trans="google">Он, таким образом, надеяться, правительства рассмотрит дым, запрещающий в общественных местах, следуя примеру Шри-Ланки, а также во многих других странах.</edu>
  <adu id="a1" type="neut"/>
  <adu id="a2" type="neut"/>
  <adu id="a3" type="neut"/>
  <adu id="a4" type="mcl"/>
  <adu id="a5" type="neut"/>
  <adu id="a6" type="pro"/>
  <adu id="a7" type="pro"/>
  <adu id="a8" type="pro"/>
  <adu id="a9" type="pro"/>
  <adu id="a10" type="pro"/>
  <adu id="a11" type="pro"/>
  <adu id="a12" type="pro"/>
  <adu id="a13" type="mcl"/>
  <adu id="a14" type="neut"/>
  <edge id="c10" src="e1" trg="a1" type="seg"/>
  <edge id="c11" src="e2" trg="a2" type="seg"/>
  <edge id="c12" src="e3" trg="a3" type="seg"/>
  <edge id="c13" src="e4" trg="a4" type="seg"/>
  <edge id="c14" src="e5" trg="a5" type="seg"/>
  <edge id="c15" src="e6" trg="a6" type="seg"/>
  <edge id="c16" src="e7" trg="a7" type="seg"/>
  <edge id="c17" src="e8" trg="a8" type="seg"/>
  <edge id="c18" src="e9" trg="a9" type="seg"/>
  <edge id="c19" src="e10" trg="a10" type="seg"/>
  <edge id="c20" src="e11" trg="a11" type="seg"/>
  <edge id="c21" src="e12" trg="a12" type="seg"/>
  <edge id="c22" src="e13" trg="a13" type="seg"/>
  <edge id="c23" src="e14" trg="a14" type="seg"/>
  <edge id="c1" src="a6" trg="a4" type="sup"/>
  <edge id="c2" src="a6" trg="a13" type="sup"/>
  <edge id="c3" src="a7" trg="a6" type="sup"/>
  <edge id="c4" src="a8" trg="a6" type="sup"/>
  <edge id="c5" src="a9" trg="a6" type="sup"/>
  <edge id="c6" src="a10" trg="a4" type="sup"/>
  <edge id="c7" src="a10" trg="a13" type="sup"/>
  <edge id="c8" src="a11" trg="a10" type="exa"/>
  <edge id="c9" src="a12" trg="a10" type="sup"/>
</arggraph>
