<?xml version='1.0' encoding='UTF-8'?>
<arggraph id="micro_e354" stance="pro" topic_id="Question about the influence of the media coverage of celebrities" topic_ru="Вопрос о влиянии освещения в СМИ знаменитостей">
  <edu id="e1" lang="en">Today, celebrities appear to become a spotlight of the mass media.</edu>
  <edu id="e1" lang="ru" trans="google">Сегодня, знаменитости появляются, чтобы стать вниманием средств массовой информации.</edu>
  <edu id="e2" lang="en">Almost half of the news coverage on television and the Internet is devoted to the celebrity gossip.</edu>
  <edu id="e2" lang="ru" trans="google">Почти половина освещения новостей на телевидении и в Интернете посвящена знаменитость сплетни.</edu>
  <edu id="e3" lang="en">Not surprisingly, many people are worried that this attention to the famous people has an impact on them, especially on their children.</edu>
  <edu id="e3" lang="ru" trans="google">Не удивительно, что многие люди обеспокоены тем, что это внимание на известные человек оказывает влияние на них, особенно на их детях.</edu>
  <edu id="e4" lang="en">This essay will compare both negative and positive consequences of this effect on infants.</edu>
  <edu id="e4" lang="ru" trans="google">Это эссе будет сравнивать как негативные, так и позитивные последствия этого влияния на детях.</edu>
  <edu id="e5" lang="en">Fame is a great responsibility for public people as their admirers are very sensitive to any acts of their idols.</edu>
  <edu id="e5" lang="ru" trans="google">Известность это большая ответственность для публичных людей, как их поклонники очень чувствительны к любым действиям своих кумиров.</edu>
  <edu id="e6" lang="en">Celebrity scandals and gossips can quickly reach the public which perceive it very negatively.</edu>
  <edu id="e6" lang="ru" trans="google">Знаменитости Скандалы и сплетники могут быстро добраться до общественности, которые воспринимают это очень негативно.</edu>
  <edu id="e7" lang="en">This means that celebrities who received attention for overuse of drugs or alcohol are likely to get public disgrace.</edu>
  <edu id="e7" lang="ru" trans="google">Это означает, что знаменитости, которые получили внимание на чрезмерное использование наркотиков или алкоголя, вероятно, получить общественное позорище.</edu>
  <edu id="e8" lang="en">Therefore, children may see that this behavior is inexcusable.</edu>
  <edu id="e8" lang="ru" trans="google">Таким образом, дети могут видеть, что такое поведение непростительно.</edu>
  <edu id="e9" lang="en">On the other hand, too much news coverage to famous people seems to have a negative influence on the choice of children of their future professions.</edu>
  <edu id="e9" lang="ru" trans="google">С другой стороны, слишком много новостей покрытия известных людям, кажется, оказывает негативное влияние на выбор детей своих будущих профессий.</edu>
  <edu id="e10" lang="en">As recent surveys showed, inspired by the fame and wealth, children now prefer more to become an actor / actress or a sports star than it was in the past.</edu>
  <edu id="e10" lang="ru" trans="google">Как показали недавние исследования, вдохновленный славой и богатством, дети теперь предпочитают более, чтобы стать актером / актрисой или спортивную звезду, чем это было в прошлом.</edu>
  <edu id="e11" lang="en">Many schools for preparation of so-called stars and various advertisements about famous people may mislead with the fact that this profession is highly required and easy reachable.</edu>
  <edu id="e11" lang="ru" trans="google">Многие школы для подготовки так называемых звезд и различных объявлений о знаменитых людей, может ввести в заблуждение с тем, что эта профессия весьма необходимой и легко достижимым.</edu>
  <edu id="e12" lang="en">This may confuse children who should not choose their future job because of the influence of the mass media, but from the basis of their own interests.</edu>
  <edu id="e12" lang="ru" trans="google">Это может запутать детей, которые не должны выбирать свою будущую работу из-за влияния средств массовой информации, а с учетом их собственных интересов.</edu>
  <edu id="e13" lang="en">In conclusion, parents should be more worried about their children's attitudes to the ' cult of celebrity '.</edu>
  <edu id="e13" lang="ru" trans="google">В заключении, родители должны быть более обеспокоены своими детьми отношения к «культу знаменитости».</edu>
  <edu id="e14" lang="en">They should teach their children how to distinguish shortcoming stars from truly talented ones and to put right priorities in life.</edu>
  <edu id="e14" lang="ru" trans="google">Они должны научить своих детей, как отличить недостаток звезд от действительно талантливых из них и поставить правильные приоритеты в жизни.</edu>
  <adu id="a1" type="neut"/>
  <adu id="a2" type="neut"/>
  <adu id="a3" type="neut"/>
  <adu id="a4" type="neut"/>
  <adu id="a5" type="opp"/>
  <adu id="a6" type="opp"/>
  <adu id="a7" type="opp"/>
  <adu id="a8" type="opp"/>
  <adu id="a9" type="pro"/>
  <adu id="a10" type="pro"/>
  <adu id="a11" type="pro"/>
  <adu id="a12" type="pro"/>
  <adu id="a13" type="mcl"/>
  <adu id="a14" type="neut"/>
  <edge id="c9" src="e1" trg="a1" type="seg"/>
  <edge id="c10" src="e2" trg="a2" type="seg"/>
  <edge id="c11" src="e3" trg="a3" type="seg"/>
  <edge id="c12" src="e4" trg="a4" type="seg"/>
  <edge id="c13" src="e5" trg="a5" type="seg"/>
  <edge id="c14" src="e6" trg="a6" type="seg"/>
  <edge id="c15" src="e7" trg="a7" type="seg"/>
  <edge id="c16" src="e8" trg="a8" type="seg"/>
  <edge id="c17" src="e9" trg="a9" type="seg"/>
  <edge id="c18" src="e10" trg="a10" type="seg"/>
  <edge id="c19" src="e11" trg="a11" type="seg"/>
  <edge id="c20" src="e12" trg="a12" type="seg"/>
  <edge id="c21" src="e13" trg="a13" type="seg"/>
  <edge id="c22" src="e14" trg="a14" type="seg"/>
  <edge id="c1" src="a5" trg="a8" type="sup"/>
  <edge id="c2" src="a6" trg="a8" type="sup"/>
  <edge id="c3" src="a7" trg="a8" type="sup"/>
  <edge id="c4" src="a8" trg="a13" type="reb"/>
  <edge id="c5" src="a9" trg="a13" type="sup"/>
  <edge id="c6" src="a10" trg="a9" type="sup"/>
  <edge id="c7" src="a11" trg="a9" type="sup"/>
  <edge id="c8" src="a12" trg="a9" type="sup"/>
</arggraph>
