<?xml version='1.0' encoding='UTF-8'?>
<arggraph id="micro_e110" stance="pro" topic_id="Traditional skills and ways are always valuable and will last forever" topic_ru="Традиционные навыки и способы всегда ценны и будут длиться вечно">
  <edu id="e1" lang="en">These days, most of countries on the world invest for technology.</edu>
  <edu id="e1" lang="ru" trans="google">В эти дни, большинство стран в мире инвестировать в технологии.</edu>
  <edu id="e2" lang="en">It is evident that technology promotes economy.</edu>
  <edu id="e2" lang="ru" trans="google">Очевидно, что технология способствует экономии.</edu>
  <edu id="e3" lang="en">Many people think that conventional things will not exist and should be eliminated.</edu>
  <edu id="e3" lang="ru" trans="google">Многие люди думают, что обычные вещи не будут существовать и должны быть устранены.</edu>
  <edu id="e4" lang="en">I totally disagree this opinion.</edu>
  <edu id="e4" lang="ru" trans="google">Я совершенно не согласен это мнение.</edu>
  <edu id="e5" lang="en">First of all, traditional skills and ways belong to value of culture.</edu>
  <edu id="e5" lang="ru" trans="google">Во-первых, традиционные навыки и способы относятся к ценности культуры.</edu>
  <edu id="e6" lang="en">They make differences between countries.</edu>
  <edu id="e6" lang="ru" trans="google">Они делают различие между странами.</edu>
  <edu id="e7" lang="en">Every country has unique tradtions which show their creation, intelligence.</edu>
  <edu id="e7" lang="ru" trans="google">Каждая страна имеет уникальные традиции, которые показывают их создание, интеллект.</edu>
  <edu id="e8" lang="en">Consequently, people feel pround of their country.</edu>
  <edu id="e8" lang="ru" trans="google">Следовательно, люди чувствуют себя гордиться своей страной.</edu>
  <edu id="e9" lang="en">So they keep reserving conventions.</edu>
  <edu id="e9" lang="ru" trans="google">Таким образом, они держат резервирование конвенции.</edu>
  <edu id="e10" lang="en">For example, ways to build a house in every country are different and they distinguish between countries.</edu>
  <edu id="e10" lang="ru" trans="google">Например, способы построить дом в каждой стране различны, и они различают между странами.</edu>
  <edu id="e11" lang="en">In addition, in some cases that traditional way can not replace by a new technology.</edu>
  <edu id="e11" lang="ru" trans="google">Кроме того, в некоторых случаях, что традиционный способ не может заменить на новую технологию.</edu>
  <edu id="e12" lang="en">Lot of people like to use traditional things because if their quality and durability.</edu>
  <edu id="e12" lang="ru" trans="google">Много людей любят использовать традиционные вещи, потому что, если их качество и долговечность.</edu>
  <edu id="e13" lang="en">In paticular, vases are made by hand would be used more.</edu>
  <edu id="e13" lang="ru" trans="google">В частности, вазы сделаны вручную будут использоваться больше.</edu>
  <edu id="e14" lang="en">Futhermore, there are plenty of works that using traditional way is unique method.</edu>
  <edu id="e14" lang="ru" trans="google">Кроме того, есть много работ, используя традиционный способ является уникальным методом.</edu>
  <edu id="e15" lang="en">For instance, making cone hats from leaves have to use hand.</edu>
  <edu id="e15" lang="ru" trans="google">Например, делая конус шляпы из листьев должны использовать руку.</edu>
  <edu id="e16" lang="en">Not only because there is no machine for the work, but also it looks more beautiful when it is made by hand, so resulting in greater value economy.</edu>
  <edu id="e16" lang="ru" trans="google">Не только потому, что нет машины для работы, но и выглядит более красиво, когда она сделана вручную, так что приводит к большей экономии стоимости.</edu>
  <edu id="e17" lang="en">The last thing is about education.</edu>
  <edu id="e17" lang="ru" trans="google">Последнее дело об образовании.</edu>
  <edu id="e18" lang="en">Traditional skills and ways of life will help youngsters study and know more history.</edu>
  <edu id="e18" lang="ru" trans="google">Традиционные навыки и образ жизни помогут молодым людям учиться и знать больше истории.</edu>
  <edu id="e19" lang="en">Methods which their ancestors used in the past will be displayed again for new generations.</edu>
  <edu id="e19" lang="ru" trans="google">Методы, которые их предки использовали в прошлом, будет отображаться снова для новых поколений.</edu>
  <edu id="e20" lang="en">After that, they might create somethings that are useful for life.</edu>
  <edu id="e20" lang="ru" trans="google">После этого, они могут создать нечто, которые полезны для жизни.</edu>
  <edu id="e21" lang="en">In conclusion, technology has brought many benefits.</edu>
  <edu id="e21" lang="ru" trans="google">В заключении, технология принесла много пользы.</edu>
  <edu id="e22" lang="en">But traditional skills and ways are always valuable and will last forever.</edu>
  <edu id="e22" lang="ru" trans="google">Но традиционные навыки и способы всегда ценны и будут длиться вечно.</edu>
  <adu id="a1" type="neut"/>
  <adu id="a2" type="neut"/>
  <adu id="a3" type="neut"/>
  <adu id="a4" type="neut"/>
  <adu id="a5" type="pro"/>
  <adu id="a6" type="pro"/>
  <adu id="a7" type="pro"/>
  <adu id="a8" type="pro"/>
  <adu id="a9" type="pro"/>
  <adu id="a10" type="pro"/>
  <adu id="a11" type="pro"/>
  <adu id="a12" type="pro"/>
  <adu id="a13" type="pro"/>
  <adu id="a14" type="pro"/>
  <adu id="a15" type="pro"/>
  <adu id="a16" type="pro"/>
  <adu id="a17" type="neut"/>
  <adu id="a18" type="pro"/>
  <adu id="a19" type="pro"/>
  <adu id="a20" type="pro"/>
  <adu id="a21" type="opp"/>
  <adu id="a22" type="mcl"/>
  <edge id="c17" src="e1" trg="a1" type="seg"/>
  <edge id="c18" src="e2" trg="a2" type="seg"/>
  <edge id="c19" src="e3" trg="a3" type="seg"/>
  <edge id="c20" src="e4" trg="a4" type="seg"/>
  <edge id="c21" src="e5" trg="a5" type="seg"/>
  <edge id="c22" src="e6" trg="a6" type="seg"/>
  <edge id="c23" src="e7" trg="a7" type="seg"/>
  <edge id="c24" src="e8" trg="a8" type="seg"/>
  <edge id="c25" src="e9" trg="a9" type="seg"/>
  <edge id="c26" src="e10" trg="a10" type="seg"/>
  <edge id="c27" src="e11" trg="a11" type="seg"/>
  <edge id="c28" src="e12" trg="a12" type="seg"/>
  <edge id="c29" src="e13" trg="a13" type="seg"/>
  <edge id="c30" src="e14" trg="a14" type="seg"/>
  <edge id="c31" src="e15" trg="a15" type="seg"/>
  <edge id="c32" src="e16" trg="a16" type="seg"/>
  <edge id="c33" src="e17" trg="a17" type="seg"/>
  <edge id="c34" src="e18" trg="a18" type="seg"/>
  <edge id="c35" src="e19" trg="a19" type="seg"/>
  <edge id="c36" src="e20" trg="a20" type="seg"/>
  <edge id="c37" src="e21" trg="a21" type="seg"/>
  <edge id="c38" src="e22" trg="a22" type="seg"/>
  <edge id="c1" src="a5" trg="a22" type="sup"/>
  <edge id="c2" src="a6" trg="a5" type="sup"/>
  <edge id="c3" src="a7" trg="a8" type="sup"/>
  <edge id="c4" src="a8" trg="a9" type="sup"/>
  <edge id="c5" src="a9" trg="a5" type="sup"/>
  <edge id="c6" src="a10" trg="a5" type="exa"/>
  <edge id="c7" src="a11" trg="a22" type="sup"/>
  <edge id="c8" src="a12" trg="a11" type="sup"/>
  <edge id="c9" src="a13" trg="a12" type="sup"/>
  <edge id="c10" src="a14" trg="a11" type="sup"/>
  <edge id="c11" src="a15" trg="a14" type="exa"/>
  <edge id="c12" src="a16" trg="a15" type="sup"/>
  <edge id="c13" src="a18" trg="a22" type="sup"/>
  <edge id="c14" src="a19" trg="a18" type="sup"/>
  <edge id="c15" src="a20" trg="a18" type="sup"/>
  <edge id="c16" src="a21" trg="a22" type="reb"/>
</arggraph>
