<?xml version='1.0' encoding='UTF-8'?>
<arggraph id="micro_e281" stance="pro" topic_id="Parents are the best teachers because they are more special than everybody else" topic_ru="Родители являются лучшими учителями, потому что они являются более особенными, чем все остальные">
  <edu id="e1" lang="en">I completely agree that parents are the best teacher.</edu>
  <edu id="e1" lang="ru" trans="google">Я полностью согласен, что родители являются лучшим учителем.</edu>
  <edu id="e2" lang="en">Children normally think that their parents are somehow special and that makes them the most important people in the children's lives.</edu>
  <edu id="e2" lang="ru" trans="google">Дети обычно считают, что их родители каким-то особенным, и что делает их наиболее важных людей в жизни детей.</edu>
  <edu id="e3" lang="en">Firstly, the things that parents say have great power to their child.</edu>
  <edu id="e3" lang="ru" trans="google">Во-первых, то, что говорят родители имеют большую силу для своего ребенка.</edu>
  <edu id="e4" lang="en">More power than any friend or other adult could have.</edu>
  <edu id="e4" lang="ru" trans="google">Больше мощности, чем любой друг или другой взрослый мог.</edu>
  <edu id="e5" lang="en">For example, if someone tells a kid that something is wrong and they shouldn't do it, but his father told him / her that it was right, the kid will listen to the father instead of the other person, even if his father is wrong.</edu>
  <edu id="e5" lang="ru" trans="google">Например, если кто-то говорит, что ребенку что-то не так, и они не должны делать это, но его отец сказал ему / ей, что он был прав, ребенок будет слушать отец вместо другого человека, даже если его отец неправильно.</edu>
  <edu id="e6" lang="en">Secondly, a child normally spends more time with their parents than with other people.</edu>
  <edu id="e6" lang="ru" trans="google">Во-вторых, ребенок обычно проводит больше времени со своими родителями, чем с другими людьми.</edu>
  <edu id="e7" lang="en">So their parents have more time to teach him / her than anybody else.</edu>
  <edu id="e7" lang="ru" trans="google">Так что их родители больше времени, чтобы научить его / ее, чем кто-либо другой.</edu>
  <edu id="e8" lang="en">They have more contact and more intimacy with their children.</edu>
  <edu id="e8" lang="ru" trans="google">Они имеют больше контактов и больше интимности со своими детьми.</edu>
  <edu id="e9" lang="en">Lastly, children usually mirror themselves on their parents.</edu>
  <edu id="e9" lang="ru" trans="google">И, наконец, дети, как правило, отражают себя на своих родителей.</edu>
  <edu id="e10" lang="en">That's as important thing because even if the parents don't intend to teach their children something, they are always observing and learning by themselves.</edu>
  <edu id="e10" lang="ru" trans="google">Это как важная вещь, потому что даже если родители не намерены учить своих детей что-то, что они всегда наблюдать и учиться сами.</edu>
  <edu id="e11" lang="en">So, if there is a man that beats his wife and treats her bad, his child probably is going to be rude and treat girls bad.</edu>
  <edu id="e11" lang="ru" trans="google">Так что, если есть человек, который бьет свою жену и лечит ее плохо, его ребенок, вероятно, будет грубо и лечить девочка плохо.</edu>
  <edu id="e12" lang="en">All in all, I agree that parents are the greatest teachers and I think that they should be very careful with what they say and do in front of their child, because it can define who he is going to be.</edu>
  <edu id="e12" lang="ru" trans="google">В целом, я согласен, что родители являются главными учителями, и я думаю, что они должны быть очень осторожны с тем, что они говорят и делают перед своим ребенком, потому что он может определить, кто он будет.</edu>
  <adu id="a1" type="mcl"/>
  <adu id="a2" type="pro"/>
  <adu id="a3" type="pro"/>
  <adu id="a4" type="pro"/>
  <adu id="a5" type="pro"/>
  <adu id="a6" type="pro"/>
  <adu id="a7" type="pro"/>
  <adu id="a8" type="pro"/>
  <adu id="a9" type="opp"/>
  <adu id="a10" type="opp"/>
  <adu id="a11" type="opp"/>
  <adu id="a12" type="mcl"/>
  <edge id="c15" src="e1" trg="a1" type="seg"/>
  <edge id="c16" src="e2" trg="a2" type="seg"/>
  <edge id="c17" src="e3" trg="a3" type="seg"/>
  <edge id="c18" src="e4" trg="a4" type="seg"/>
  <edge id="c19" src="e5" trg="a5" type="seg"/>
  <edge id="c20" src="e6" trg="a6" type="seg"/>
  <edge id="c21" src="e7" trg="a7" type="seg"/>
  <edge id="c22" src="e8" trg="a8" type="seg"/>
  <edge id="c23" src="e9" trg="a9" type="seg"/>
  <edge id="c24" src="e10" trg="a10" type="seg"/>
  <edge id="c25" src="e11" trg="a11" type="seg"/>
  <edge id="c26" src="e12" trg="a12" type="seg"/>
  <edge id="c1" src="a2" trg="a1" type="sup"/>
  <edge id="c2" src="a2" trg="a12" type="sup"/>
  <edge id="c3" src="a3" trg="a1" type="sup"/>
  <edge id="c4" src="a3" trg="a12" type="sup"/>
  <edge id="c5" src="a4" trg="a3" type="sup"/>
  <edge id="c6" src="a5" trg="a3" type="exa"/>
  <edge id="c7" src="a6" trg="a7" type="sup"/>
  <edge id="c8" src="a7" trg="a1" type="sup"/>
  <edge id="c9" src="a7" trg="a12" type="sup"/>
  <edge id="c10" src="a8" trg="a7" type="sup"/>
  <edge id="c11" src="a9" trg="a1" type="reb"/>
  <edge id="c12" src="a9" trg="a12" type="reb"/>
  <edge id="c13" src="a10" trg="a9" type="sup"/>
  <edge id="c14" src="a11" trg="a9" type="sup"/>
</arggraph>
