<?xml version='1.0' encoding='UTF-8'?>
<arggraph id="micro_e39" stance="pro" topic_id="Advertisements affects on consumer goods" topic_ru="Объявления влияния на потребительские товары">
  <edu id="e1" lang="en">Everyday, companies offer a huge number of different products to consumers.</edu>
  <edu id="e1" lang="ru" trans="google">Каждый день, компании предлагают огромное количество различных продуктов для потребителей.</edu>
  <edu id="e2" lang="en">The most effective way to convince consumers to purchase a product is through advertising.</edu>
  <edu id="e2" lang="ru" trans="google">Наиболее эффективный способ, чтобы убедить потребителей купить продукт за счет рекламы.</edu>
  <edu id="e3" lang="en">However, it is not sufficient in itself.</edu>
  <edu id="e3" lang="ru" trans="google">Тем не менее, сам по себе недостаточно.</edu>
  <edu id="e4" lang="en">The product also should satisfy the needs of the consumers.</edu>
  <edu id="e4" lang="ru" trans="google">Продукт также должен удовлетворять потребности потребителей.</edu>
  <edu id="e5" lang="en">In my opinion, advertising is the major reason for high sales of a product for several reasons.</edu>
  <edu id="e5" lang="ru" trans="google">На мой взгляд, реклама является основной причиной высоких продаж продукта по нескольким причинам.</edu>
  <edu id="e6" lang="en">We are mainly introduced to products through advertisements.</edu>
  <edu id="e6" lang="ru" trans="google">Мы в основном представлен продукцией за счет рекламы.</edu>
  <edu id="e7" lang="en">Therefore, advertisers push the limits of creativity to dispose the consumers to purchase the product.</edu>
  <edu id="e7" lang="ru" trans="google">Таким образом, рекламодатели раздвигать границы творчества распоряжаться потребителей приобрести продукт.</edu>
  <edu id="e8" lang="en">When the consumers are impressed by the way a product is advertised, they can be convinced to consider that the product is a need in some cases.</edu>
  <edu id="e8" lang="ru" trans="google">Когда потребители впечатлены образом продукт рекламируется, они могут быть убеждены, чтобы считать, что продукт необходимо в некоторых случаях.</edu>
  <edu id="e9" lang="en">Recently, there is a very creative advertisements of a soft drink product on TV.</edu>
  <edu id="e9" lang="ru" trans="google">В последнее время, есть очень творческие объявления о безалкогольного напитка продукта по телевизору.</edu>
  <edu id="e10" lang="en">The story delivers a desired call to drink that soft drink that people tend to drink when the weather is too hot.</edu>
  <edu id="e10" lang="ru" trans="google">История обеспечивает желаемый призыв пить, что безалкогольный напиток, что люди склонны пить, когда погода слишком жарко.</edu>
  <edu id="e11" lang="en">As a result of this, the number of that product being sold will increases.</edu>
  <edu id="e11" lang="ru" trans="google">В результате этого, количество этого продукта, проданный увеличивается.</edu>
  <edu id="e12" lang="en">Also, the more an advertisement of a product takes place in mass media, the more popular the product becomes.</edu>
  <edu id="e12" lang="ru" trans="google">Кроме того, чем больше реклама продукта происходит в средствах массовой информации, тем более популярный продукт становится.</edu>
  <edu id="e13" lang="en">Advertisement is the most effective way to create a well-known product.</edu>
  <edu id="e13" lang="ru" trans="google">Реклама является наиболее эффективным способом, чтобы создать хорошо известный продукт.</edu>
  <edu id="e14" lang="en">Consumers tend to purchase the most known product when it comes to picking one out of two different brands of the same product.</edu>
  <edu id="e14" lang="ru" trans="google">Потребители, как правило, приобрести самый известный продукт, когда дело доходит до выбора одного из двух разных марок одного и того же продукта.</edu>
  <edu id="e15" lang="en">When a product is commonly used, it becomes trustworthy for the society, no matter what quality it is.</edu>
  <edu id="e15" lang="ru" trans="google">Когда продукт обычно используется, он становится надежным для общества, независимо от того, какого качества это.</edu>
  <edu id="e16" lang="en">However, it also has to be affordable for the consumer.</edu>
  <edu id="e16" lang="ru" trans="google">Тем не менее, он также должен быть доступным для потребителя.</edu>
  <edu id="e17" lang="en">Considering this fact, advertisements have undeniable affects on the society about the product being advertised.</edu>
  <edu id="e17" lang="ru" trans="google">Учитывая этот факт, реклама имеет неоспоримо влияет на общество о продукте рекламируется.</edu>
  <edu id="e18" lang="en">They make the product preferable.</edu>
  <edu id="e18" lang="ru" trans="google">Они делают продукт более предпочтительным.</edu>
  <edu id="e19" lang="en">In conclusion, as I believe that consumers should consider major needs when they purchase goods, high sales are obviously a reflection of the powerful advertisements.</edu>
  <edu id="e19" lang="ru" trans="google">В заключении, как я считаю, что потребители должны учитывать основные потребности, когда они покупают товары, высокие продажи, очевидно, является отражением мощной рекламы.</edu>
  <adu id="a1" type="neut"/>
  <adu id="a2" type="pro"/>
  <adu id="a3" type="pro"/>
  <adu id="a4" type="pro"/>
  <adu id="a5" type="mcl"/>
  <adu id="a6" type="pro"/>
  <adu id="a7" type="pro"/>
  <adu id="a8" type="pro"/>
  <adu id="a9" type="pro"/>
  <adu id="a10" type="pro"/>
  <adu id="a11" type="pro"/>
  <adu id="a12" type="pro"/>
  <adu id="a13" type="pro"/>
  <adu id="a14" type="pro"/>
  <adu id="a15" type="pro"/>
  <adu id="a16" type="opp"/>
  <adu id="a17" type="pro"/>
  <adu id="a18" type="pro"/>
  <adu id="a19" type="mcl"/>
  <edge id="c21" src="e1" trg="a1" type="seg"/>
  <edge id="c22" src="e2" trg="a2" type="seg"/>
  <edge id="c23" src="e3" trg="a3" type="seg"/>
  <edge id="c24" src="e4" trg="a4" type="seg"/>
  <edge id="c25" src="e5" trg="a5" type="seg"/>
  <edge id="c26" src="e6" trg="a6" type="seg"/>
  <edge id="c27" src="e7" trg="a7" type="seg"/>
  <edge id="c28" src="e8" trg="a8" type="seg"/>
  <edge id="c29" src="e9" trg="a9" type="seg"/>
  <edge id="c30" src="e10" trg="a10" type="seg"/>
  <edge id="c31" src="e11" trg="a11" type="seg"/>
  <edge id="c32" src="e12" trg="a12" type="seg"/>
  <edge id="c33" src="e13" trg="a13" type="seg"/>
  <edge id="c34" src="e14" trg="a14" type="seg"/>
  <edge id="c35" src="e15" trg="a15" type="seg"/>
  <edge id="c36" src="e16" trg="a16" type="seg"/>
  <edge id="c37" src="e17" trg="a17" type="seg"/>
  <edge id="c38" src="e18" trg="a18" type="seg"/>
  <edge id="c39" src="e19" trg="a19" type="seg"/>
  <edge id="c1" src="a2" trg="a5" type="sup"/>
  <edge id="c2" src="a2" trg="a19" type="sup"/>
  <edge id="c3" src="a3" trg="a2" type="sup"/>
  <edge id="c4" src="a4" trg="a2" type="sup"/>
  <edge id="c5" src="a6" trg="a7" type="sup"/>
  <edge id="c6" src="a7" trg="a5" type="sup"/>
  <edge id="c7" src="a7" trg="a19" type="sup"/>
  <edge id="c8" src="a8" trg="a7" type="sup"/>
  <edge id="c9" src="a9" trg="a11" type="sup"/>
  <edge id="c10" src="a10" trg="a11" type="sup"/>
  <edge id="c11" src="a11" trg="a7" type="sup"/>
  <edge id="c12" src="a12" trg="a13" type="sup"/>
  <edge id="c13" src="a13" trg="a5" type="sup"/>
  <edge id="c14" src="a13" trg="a19" type="sup"/>
  <edge id="c15" src="a14" trg="a13" type="sup"/>
  <edge id="c16" src="a15" trg="a18" type="sup"/>
  <edge id="c17" src="a16" trg="a15" type="reb"/>
  <edge id="c18" src="a17" trg="a18" type="sup"/>
  <edge id="c19" src="a18" trg="a5" type="sup"/>
  <edge id="c20" src="a18" trg="a19" type="sup"/>
</arggraph>
