<?xml version='1.0' encoding='UTF-8'?>
<arggraph id="micro_e213" stance="pro" topic_id="People are now more conscious to gain more educational qualification" topic_ru="Люди сейчас более сознательные, чтобы получить более образовательный ценз">
  <edu id="e1" lang="en">The career itself became the motto of living since the beginning of industrialization in the late 19th century.</edu>
  <edu id="e1" lang="ru" trans="google">Сама карьера стала девизом жизни с начала индустриализации в конце 19-го века.</edu>
  <edu id="e2" lang="en">People usually tend to have a single career as a means of living.</edu>
  <edu id="e2" lang="ru" trans="google">Люди, как правило, как правило, имеют одну карьеру в качестве средств к существованию.</edu>
  <edu id="e3" lang="en">However, a modern trend reveals that new generations are more interested to perform several jobs and also would like to gain multiple higher educational certificates in order to earn more and to gain financial security.</edu>
  <edu id="e3" lang="ru" trans="google">Однако современная тенденция показывает, что новые поколения больше заинтересованы выполнить несколько заданий, а также хотела бы получить несколько высших учебные сертификаты для того, чтобы заработать больше и получить финансовую безопасность.</edu>
  <edu id="e4" lang="en">A full time job with a steady income was enough for a potential employee to support himself and his family.</edu>
  <edu id="e4" lang="ru" trans="google">Полный рабочий день с устойчивым доходом достаточно для потенциального сотрудника, чтобы поддержать себя и свою семью.</edu>
  <edu id="e5" lang="en">But with the recent recession, almost all the countries all over the world are seeing significant economic downfall.</edu>
  <edu id="e5" lang="ru" trans="google">Но с недавним спадом, почти во всех странах по всему миру видят значительный экономический спад.</edu>
  <edu id="e6" lang="en">This overwhelming crisis is prompting delayering and reduction of workers.</edu>
  <edu id="e6" lang="ru" trans="google">Это подавляющий кризис подталкивает упразднения и сокращение рабочих.</edu>
  <edu id="e7" lang="en">As a result, people are focusing on doing several jobs or gaining further qualification to secure their economic condition.</edu>
  <edu id="e7" lang="ru" trans="google">В результате, люди сосредоточены на выполнении нескольких заданий или получения дальнейшей квалификации для обеспечения их экономического положения.</edu>
  <edu id="e8" lang="en">Moreover, the arrival of technology has also been playing a major role promoting further unemployment.</edu>
  <edu id="e8" lang="ru" trans="google">Кроме того, приход технологии также играет важную роль способствуя дальнейшей безработицы.</edu>
  <edu id="e9" lang="en">The official term of it is named " Technological Unemployment ".</edu>
  <edu id="e9" lang="ru" trans="google">Официальный срок его называют «Технологическая безработица».</edu>
  <edu id="e10" lang="en">North American economists have published reports after scrutinizing the recent American economic situation that, technology is eliminating more jobs than creating one.</edu>
  <edu id="e10" lang="ru" trans="google">Северо-Американские экономисты опубликовали отчеты после тщательного исследования, в последнее время американской экономической ситуации, что технология ликвидирует больше рабочих мест, чем создание одного.</edu>
  <edu id="e11" lang="en">For example, robots, automation and softwares are taking over manual human workers professions such as clerks, interpreters, security services, retails and specially in manufacturing companies.</edu>
  <edu id="e11" lang="ru" trans="google">Например, роботы, автоматизация и программное обеспечение берут на работник ручных труда человека профессии, такие, как клерки, переводчики, службы безопасности, розничные продажи и особенно в производственных компаниях.</edu>
  <edu id="e12" lang="en">Thus many people's jobs are now at high stake.</edu>
  <edu id="e12" lang="ru" trans="google">Таким образом, работа многих людей сейчас находятся на высоком костре.</edu>
  <edu id="e13" lang="en">The best way to ensure a flexible earning is getting more jobs.</edu>
  <edu id="e13" lang="ru" trans="google">Лучший способ обеспечить гибкий заработок становится больше рабочих мест.</edu>
  <edu id="e14" lang="en">Last but not least, corporational policy to to pay less to inferiors is another reason that drives labours to work on different sectors.</edu>
  <edu id="e14" lang="ru" trans="google">И последнее, но не в последнюю очередь, corporational политика для оплаты меньше низшими является еще одной причиной того, что диски труды на работу по различным секторам.</edu>
  <edu id="e15" lang="en">For the reasons mentioned above, I believe that people are now more conscious to gain more educational qualification and also are more interested to work on various fields simultaneously to earn more and support themselves.</edu>
  <edu id="e15" lang="ru" trans="google">По указанным выше причинам, я считаю, что люди теперь более сознательно, чтобы получить больше уровень образования, а также в большей степени заинтересованы в работе на различных областях одновременно, чтобы заработать больше и поддерживать себя.</edu>
  <adu id="a1" type="neut"/>
  <adu id="a2" type="neut"/>
  <adu id="a3" type="neut"/>
  <adu id="a4" type="pro"/>
  <adu id="a5" type="pro"/>
  <adu id="a6" type="pro"/>
  <adu id="a7" type="pro"/>
  <adu id="a8" type="pro"/>
  <adu id="a9" type="neut"/>
  <adu id="a10" type="pro"/>
  <adu id="a11" type="pro"/>
  <adu id="a12" type="pro"/>
  <adu id="a13" type="pro"/>
  <adu id="a14" type="pro"/>
  <adu id="a15" type="mcl"/>
  <edge id="c11" src="e1" trg="a1" type="seg"/>
  <edge id="c12" src="e2" trg="a2" type="seg"/>
  <edge id="c13" src="e3" trg="a3" type="seg"/>
  <edge id="c14" src="e4" trg="a4" type="seg"/>
  <edge id="c15" src="e5" trg="a5" type="seg"/>
  <edge id="c16" src="e6" trg="a6" type="seg"/>
  <edge id="c17" src="e7" trg="a7" type="seg"/>
  <edge id="c18" src="e8" trg="a8" type="seg"/>
  <edge id="c19" src="e9" trg="a9" type="seg"/>
  <edge id="c20" src="e10" trg="a10" type="seg"/>
  <edge id="c21" src="e11" trg="a11" type="seg"/>
  <edge id="c22" src="e12" trg="a12" type="seg"/>
  <edge id="c23" src="e13" trg="a13" type="seg"/>
  <edge id="c24" src="e14" trg="a14" type="seg"/>
  <edge id="c25" src="e15" trg="a15" type="seg"/>
  <edge id="c1" src="a4" trg="a7" type="sup"/>
  <edge id="c2" src="a5" trg="a7" type="sup"/>
  <edge id="c3" src="a6" trg="a7" type="sup"/>
  <edge id="c4" src="a7" trg="a15" type="sup"/>
  <edge id="c5" src="a8" trg="a12" type="sup"/>
  <edge id="c6" src="a10" trg="a12" type="sup"/>
  <edge id="c7" src="a11" trg="a12" type="exa"/>
  <edge id="c8" src="a12" trg="a13" type="sup"/>
  <edge id="c9" src="a13" trg="a15" type="sup"/>
  <edge id="c10" src="a14" trg="a13" type="sup"/>
</arggraph>
