<?xml version='1.0' encoding='UTF-8'?>
<arggraph id="micro_e44" stance="pro" topic_id="Should all the advertisements be banned ?" topic_ru="Если все объявления будут запрещены?">
  <edu id="e1" lang="en">Never in history was advertising industry so developed as in modern society and it has led to some adverse sentiments in public because some deliver exaggerated and fake information.</edu>
  <edu id="e1" lang="ru" trans="google">Никогда в истории была рекламная индустрия настолько развита, как в современном обществе, и это привело к возникновению ряда негативных настроений в обществе, потому что некоторые доставить преувеличенную и поддельную информацию.</edu>
  <edu id="e2" lang="en">Hence whether we should ban all the advertisements or not has aroused much controversy of the public.</edu>
  <edu id="e2" lang="ru" trans="google">Следовательно, должны ли мы запретить все рекламные объявления или не вызвало много споров общественности.</edu>
  <edu id="e3" lang="en">My view is that while some of them are disturbing, we can not overlook other merits the advertisements bring.</edu>
  <edu id="e3" lang="ru" trans="google">На моем взгляде, в то время как некоторые из них тревожны, мы не можем упускать из вида других достоинств рекламных объявлений приносят.</edu>
  <edu id="e4" lang="en">First, it is unfair to restrict those public service advertisements which are creative and inspiring.</edu>
  <edu id="e4" lang="ru" trans="google">Во-первых, это несправедливо, чтобы ограничить эти объявления государственной службы, которые являются творческими и вдохновляя.</edu>
  <edu id="e5" lang="en">In fact, they are not in the purpose of making profits but taking a role of disseminating valued culture, good moral traits and calling for helps for the disabled and the poor.</edu>
  <edu id="e5" lang="ru" trans="google">На самом деле, они не в целях получения прибыли, но принимая роль распространения оцененных культур, хорошие моральных качеств и призывая помогает инвалидам и бедный.</edu>
  <edu id="e6" lang="en">Besides, it is obvious that publicizing brand image or a particular product of mass media could boost sales for companies.</edu>
  <edu id="e6" lang="ru" trans="google">Кроме того, очевидно, что Пропаганда имидж бренда или конкретный продукт массовой информации мог бы увеличить объем продаж для компаний.</edu>
  <edu id="e7" lang="en">In a larger sense, it could simulate household spending and therefore promote the economic development of the whole country.</edu>
  <edu id="e7" lang="ru" trans="google">В более широком смысле, он может имитировать расходы домашних хозяйств и, следовательно, способствовать экономическому развитию всей страны.</edu>
  <edu id="e8" lang="en">A recent study shows that after launching an advertising campaign, the sales revenue would increase by 40 %, which is the very fact to verify its positive influences on economic.</edu>
  <edu id="e8" lang="ru" trans="google">Недавнее исследование показывает, что после запуска рекламной кампании, доход от продаж увеличится на 40%, что сам факт того, чтобы проверить его положительное влияние на экономический.</edu>
  <edu id="e9" lang="en">That is not to say, however, that advertisements have no downsides.</edu>
  <edu id="e9" lang="ru" trans="google">То не сказать, однако, что реклама не имеет недостатков.</edu>
  <edu id="e10" lang="en">Of course, the advertising expenses lead to a higher product price and some of them express fake information, creating information asymmetry between consumers and companies.</edu>
  <edu id="e10" lang="ru" trans="google">Конечно, рекламные расходы приводят к более высокой цене продукции, а некоторые из них выражают поддельную информацию, создавая асимметрию информации между потребителями и компаниями.</edu>
  <edu id="e11" lang="en">Yet, its merits still outweigh these downsides.</edu>
  <edu id="e11" lang="ru" trans="google">Тем не менее, его достоинства по-прежнему перевешивают эти недостатки.</edu>
  <edu id="e12" lang="en">Taken all together, advertisements have its social responsibility and contribute to economic growth.</edu>
  <edu id="e12" lang="ru" trans="google">Взятые все вместе, рекламные объявления имеют свою социальную ответственность и внести свой вклад в экономический рост.</edu>
  <edu id="e13" lang="en">We can not deny all of them.</edu>
  <edu id="e13" lang="ru" trans="google">Мы не можем отрицать все из них.</edu>
  <edu id="e14" lang="en">However, if those with exaggerated and fake information could be banned, advertisements would be welcomed by more.</edu>
  <edu id="e14" lang="ru" trans="google">Однако, если те, с преувеличенной и поддельной информацией может быть запрещены, реклама будет приветствоваться больше.</edu>
  <adu id="a1" type="neut"/>
  <adu id="a2" type="neut"/>
  <adu id="a3" type="mcl"/>
  <adu id="a4" type="pro"/>
  <adu id="a5" type="pro"/>
  <adu id="a6" type="pro"/>
  <adu id="a7" type="pro"/>
  <adu id="a8" type="pro"/>
  <adu id="a9" type="neut"/>
  <adu id="a10" type="opp"/>
  <adu id="a11" type="pro"/>
  <adu id="a12" type="mcl"/>
  <adu id="a13" type="neut"/>
  <adu id="a14" type="neut"/>
  <edge id="c11" src="e1" trg="a1" type="seg"/>
  <edge id="c12" src="e2" trg="a2" type="seg"/>
  <edge id="c13" src="e3" trg="a3" type="seg"/>
  <edge id="c14" src="e4" trg="a4" type="seg"/>
  <edge id="c15" src="e5" trg="a5" type="seg"/>
  <edge id="c16" src="e6" trg="a6" type="seg"/>
  <edge id="c17" src="e7" trg="a7" type="seg"/>
  <edge id="c18" src="e8" trg="a8" type="seg"/>
  <edge id="c19" src="e9" trg="a9" type="seg"/>
  <edge id="c20" src="e10" trg="a10" type="seg"/>
  <edge id="c21" src="e11" trg="a11" type="seg"/>
  <edge id="c22" src="e12" trg="a12" type="seg"/>
  <edge id="c23" src="e13" trg="a13" type="seg"/>
  <edge id="c24" src="e14" trg="a14" type="seg"/>
  <edge id="c1" src="a4" trg="a3" type="sup"/>
  <edge id="c2" src="a4" trg="a12" type="sup"/>
  <edge id="c3" src="a5" trg="a4" type="sup"/>
  <edge id="c4" src="a6" trg="a3" type="sup"/>
  <edge id="c5" src="a6" trg="a12" type="sup"/>
  <edge id="c6" src="a7" trg="a6" type="sup"/>
  <edge id="c7" src="a8" trg="a6" type="sup"/>
  <edge id="c8" src="a10" trg="a3" type="reb"/>
  <edge id="c9" src="a10" trg="a12" type="reb"/>
  <edge id="c10" src="a11" trg="a10" type="reb"/>
</arggraph>
