<?xml version='1.0' encoding='UTF-8'?>
<arggraph id="micro_e242" stance="pro" topic_id="Computers have made it possible for office workers to do their work" topic_ru="Компьютеры позволили офисным работникам выполнять свою работу">
  <edu id="e1" lang="en">Some people think that working at home brings to workers and employees too much convenience, but i don't.</edu>
  <edu id="e1" lang="ru" trans="google">Некоторые люди думают, что работа на дому приносит рабочий и служащие слишком много удобства, но я этого не делаю.</edu>
  <edu id="e2" lang="en">Because the best conditions are sometimes not likely to be good as the expectation of people.</edu>
  <edu id="e2" lang="ru" trans="google">Поскольку лучшие условия иногда, вероятно, не будет хорошо, как ожидания людей.</edu>
  <edu id="e3" lang="en">Working without pressure and interaction are some examples for these disadvantages.</edu>
  <edu id="e3" lang="ru" trans="google">Работа без давления и взаимодействия некоторые примеры этих недостатков.</edu>
  <edu id="e4" lang="en">Pressure is motivation.</edu>
  <edu id="e4" lang="ru" trans="google">Давление мотивация.</edu>
  <edu id="e5" lang="en">Each office has its rules that keep workers do their job as effectively as possible.</edu>
  <edu id="e5" lang="ru" trans="google">Каждый офис имеет свои правила, которые держат работников выполнять свою работу как можно более эффективно.</edu>
  <edu id="e6" lang="en">The directors manage employers and give them the deadline of projects.</edu>
  <edu id="e6" lang="ru" trans="google">Руководители управления работодателями и дать им срок проектов.</edu>
  <edu id="e7" lang="en">Then again, the workers must try their best to finish the time limit.</edu>
  <edu id="e7" lang="ru" trans="google">С другой стороны, рабочие должны стараться изо всех сил, чтобы закончить срок.</edu>
  <edu id="e8" lang="en">Doing all jobs at home don't make employees attempt to work like this.</edu>
  <edu id="e8" lang="ru" trans="google">Выполнение всех заданий на дому не делают сотрудники пытаются работать, как это.</edu>
  <edu id="e9" lang="en">Computers and modems bring works to home but these still have many things distract their mind.</edu>
  <edu id="e9" lang="ru" trans="google">Компьютеры и модемы приносят работу домой, но они все еще есть много вещей, которые отвлекают их внимание.</edu>
  <edu id="e10" lang="en">Facebook or Yahoo have been the entertaining websites, however, they are the reasons why people cannot concentrate on their job.</edu>
  <edu id="e10" lang="ru" trans="google">Facebook или Yahoo были развлекательными сайтами, однако, они являются причиной, почему люди не могут сосредоточиться на свою работе.</edu>
  <edu id="e11" lang="en">The dos and don't at office play important role to prevent these things from workers.</edu>
  <edu id="e11" lang="ru" trans="google">ДОС и не в офисе играет важную роль, чтобы предотвратить эти вещи от работников.</edu>
  <edu id="e12" lang="en">In condition, doing all jobs alone makes employees fall asleep easily.</edu>
  <edu id="e12" lang="ru" trans="google">В условиях, делая все рабочие места в одиночку делаете сотрудники засыпают легко.</edu>
  <edu id="e13" lang="en">As a result, the project cannot being done.</edu>
  <edu id="e13" lang="ru" trans="google">В результате, проект не может быть сделано.</edu>
  <edu id="e14" lang="en">The best condition might not be good for people.</edu>
  <edu id="e14" lang="ru" trans="google">Лучшее условие не может быть хорошо для людей.</edu>
  <edu id="e15" lang="en">Interaction has been an advantage for workers at offices.</edu>
  <edu id="e15" lang="ru" trans="google">Взаимодействие было преимуществом для работников в офисах.</edu>
  <edu id="e16" lang="en">Discussing and debating Projects together increase working ability.</edu>
  <edu id="e16" lang="ru" trans="google">Обсуждение и обсуждение проектов совместно повысить работоспособность.</edu>
  <edu id="e17" lang="en">Because all we know that the target can be reached fast thanks to working of many people.</edu>
  <edu id="e17" lang="ru" trans="google">Потому что все мы знаем, что цель может быть достигнута быстро благодаря к работе многих людей.</edu>
  <edu id="e18" lang="en">Besides, interaction help employees improve their communicational skills.</edu>
  <edu id="e18" lang="ru" trans="google">Кроме того, помощь взаимодействия сотрудников улучшить свои коммуникативные навыки.</edu>
  <edu id="e19" lang="en">Therefore, they will have more and more friends and relationships.</edu>
  <edu id="e19" lang="ru" trans="google">Таким образом, они будут иметь все больше и больше друзей и отношения.</edu>
  <edu id="e20" lang="en">Interaction is a factor increasing working quality.</edu>
  <edu id="e20" lang="ru" trans="google">Взаимодействие является фактором, повышающим качество работы.</edu>
  <edu id="e21" lang="en">There will have many disadvantages if the workers work at home.</edu>
  <edu id="e21" lang="ru" trans="google">Там будет много недостатков, если работники работают на дому.</edu>
  <edu id="e22" lang="en">Mitigating process, no interaction and pressure are these things people should examine when they want to work at home.</edu>
  <edu id="e22" lang="ru" trans="google">процесс Смягчающие, никакого взаимодействия и давление не эти вещи, люди должны изучить, когда они хотят работать на дому.</edu>
  <adu id="a1" type="neut"/>
  <adu id="a2" type="neut"/>
  <adu id="a3" type="neut"/>
  <adu id="a4" type="pro"/>
  <adu id="a5" type="pro"/>
  <adu id="a6" type="pro"/>
  <adu id="a7" type="pro"/>
  <adu id="a8" type="pro"/>
  <adu id="a9" type="pro"/>
  <adu id="a10" type="pro"/>
  <adu id="a11" type="pro"/>
  <adu id="a12" type="pro"/>
  <adu id="a13" type="pro"/>
  <adu id="a14" type="pro"/>
  <adu id="a15" type="pro"/>
  <adu id="a16" type="pro"/>
  <adu id="a17" type="pro"/>
  <adu id="a18" type="pro"/>
  <adu id="a19" type="pro"/>
  <adu id="a20" type="pro"/>
  <adu id="a21" type="mcl"/>
  <adu id="a22" type="pro"/>
  <edge id="c19" src="e1" trg="a1" type="seg"/>
  <edge id="c20" src="e2" trg="a2" type="seg"/>
  <edge id="c21" src="e3" trg="a3" type="seg"/>
  <edge id="c22" src="e4" trg="a4" type="seg"/>
  <edge id="c23" src="e5" trg="a5" type="seg"/>
  <edge id="c24" src="e6" trg="a6" type="seg"/>
  <edge id="c25" src="e7" trg="a7" type="seg"/>
  <edge id="c26" src="e8" trg="a8" type="seg"/>
  <edge id="c27" src="e9" trg="a9" type="seg"/>
  <edge id="c28" src="e10" trg="a10" type="seg"/>
  <edge id="c29" src="e11" trg="a11" type="seg"/>
  <edge id="c30" src="e12" trg="a12" type="seg"/>
  <edge id="c31" src="e13" trg="a13" type="seg"/>
  <edge id="c32" src="e14" trg="a14" type="seg"/>
  <edge id="c33" src="e15" trg="a15" type="seg"/>
  <edge id="c34" src="e16" trg="a16" type="seg"/>
  <edge id="c35" src="e17" trg="a17" type="seg"/>
  <edge id="c36" src="e18" trg="a18" type="seg"/>
  <edge id="c37" src="e19" trg="a19" type="seg"/>
  <edge id="c38" src="e20" trg="a20" type="seg"/>
  <edge id="c39" src="e21" trg="a21" type="seg"/>
  <edge id="c40" src="e22" trg="a22" type="seg"/>
  <edge id="c1" src="a4" trg="a8" type="sup"/>
  <edge id="c2" src="a5" trg="a8" type="sup"/>
  <edge id="c3" src="a6" trg="a8" type="sup"/>
  <edge id="c4" src="a7" trg="a8" type="sup"/>
  <edge id="c5" src="a8" trg="a21" type="sup"/>
  <edge id="c6" src="a9" trg="a21" type="sup"/>
  <edge id="c7" src="a10" trg="a9" type="sup"/>
  <edge id="c8" src="a11" trg="a9" type="sup"/>
  <edge id="c9" src="a12" trg="a13" type="sup"/>
  <edge id="c10" src="a13" trg="a9" type="sup"/>
  <edge id="c11" src="a14" trg="a9" type="sup"/>
  <edge id="c12" src="a15" trg="a21" type="sup"/>
  <edge id="c13" src="a16" trg="a15" type="sup"/>
  <edge id="c14" src="a17" trg="a16" type="sup"/>
  <edge id="c15" src="a18" trg="a19" type="sup"/>
  <edge id="c16" src="a19" trg="a15" type="sup"/>
  <edge id="c17" src="a20" trg="a15" type="sup"/>
  <edge id="c18" src="a22" trg="a21" type="sup"/>
</arggraph>
