<?xml version='1.0' encoding='UTF-8'?>
<arggraph id="micro_e221" stance="pro" topic_id="Successful people do something new or take risks" topic_ru="Успешные люди делают что-то новое или рисковать">
  <edu id="e1" lang="en">There is a hotly debated issue over whether successful people usually take risk or try new things, and the topic can be approached from several different angles due to its complexity.</edu>
  <edu id="e1" lang="ru" trans="google">Существует горячо обсуждаемый вопрос в течение, как правило, является ли успешные люди принимают риск или попробовать что-то новое, и тему можно подходить с различных точек зрения из-за его сложности.</edu>
  <edu id="e2" lang="en">Some people tend to believe that to be successful, they should do something they are unfamiliar with, while others seem to stand on the opposite place.</edu>
  <edu id="e2" lang="ru" trans="google">Некоторые люди, как правило, считают, что, чтобы быть успешными, они должны делать то, что они не знакомы с, в то время как другие, кажется, стоят на противоположном месте.</edu>
  <edu id="e3" lang="en">After deeply pondering over this issue, I develop my own perspective as well.</edu>
  <edu id="e3" lang="ru" trans="google">После того, как глубоко размышлял над этим вопросом, я развиваю свою собственную перспективу, а также.</edu>
  <edu id="e4" lang="en">I favor the latter; that is, successful people still do things they already know.</edu>
  <edu id="e4" lang="ru" trans="google">Я предпочитаю последний; то есть, успешные люди до сих пор делают то, что они уже знают.</edu>
  <edu id="e5" lang="en">The first and foremost reason lies in an inevitable fact that to be successful, we all try to reduce the risk we might encounter.</edu>
  <edu id="e5" lang="ru" trans="google">В первую очередь причина заключается в неизбежном том, что, чтобы быть успешным, мы все стараемся, чтобы уменьшить риск, мы могли бы столкнуться.</edu>
  <edu id="e6" lang="en">The lower the factors making us fail we have, the higher probability to success we own.</edu>
  <edu id="e6" lang="ru" trans="google">Чем ниже факторы, что делает нас не в состоянии мы имеем, тем выше вероятность успеха мы имеем.</edu>
  <edu id="e7" lang="en">Consider a circumstance in which one person is rich because he knows a lot of knowledge of investment.</edu>
  <edu id="e7" lang="ru" trans="google">Рассмотрим обстоятельства, в которых один человек богат, потому что он знает много знаний инвестиций.</edu>
  <edu id="e8" lang="en">He can focus on certain companies which he thinks is worth it to invest, and then just waits for the not so high but constant income.</edu>
  <edu id="e8" lang="ru" trans="google">Он может сосредоточиться на некоторых компаниях, которые он думает, стоит вкладывать деньги, а потом просто ждет не столь большой, но постоянный доход.</edu>
  <edu id="e9" lang="en">He does not have to invest some dangerous companies to get higher profit which might lead him to bankrupt in a short time.</edu>
  <edu id="e9" lang="ru" trans="google">Он не должен вкладывать какие-то опасные компании, чтобы получить более высокую прибыль, которая могла бы привести его к банкротству в течение короткого времени.</edu>
  <edu id="e10" lang="en">Therefore, we can commence to agree that successful people do not have to try new things or take risks.</edu>
  <edu id="e10" lang="ru" trans="google">Таким образом, мы можем начать согласиться, что успешные люди не должны пробовать новые вещи или рисковать.</edu>
  <edu id="e11" lang="en">Moreover, another equally crucial aspect is that it depends on the capability of one to decide whether he can succeed or not.</edu>
  <edu id="e11" lang="ru" trans="google">Кроме того, еще один не менее важным аспектом является то, что она зависит от способности одного, чтобы решить, может ли он успешным или нет.</edu>
  <edu id="e12" lang="en">At least, a successful person should be able to dismantle the hurdles prohibiting him to success.</edu>
  <edu id="e12" lang="ru" trans="google">По крайней мере, успешный человек должен быть в состоянии разобрать препятствия, запрещающие его к успеху.</edu>
  <edu id="e13" lang="en">For instance, the sports stars do not have to take some drugs to win a game or show their extraordinary skills.</edu>
  <edu id="e13" lang="ru" trans="google">Например, звезды спорта не должны принимать наркотики, чтобы выиграть игру или показать свои необычайные способности.</edu>
  <edu id="e14" lang="en">The same reason why they succeed is that they all have the predominated abilities in sports realm.</edu>
  <edu id="e14" lang="ru" trans="google">По той же причине, почему они преуспевают в том, что все они имеют способности преобладали в спортивной сфере.</edu>
  <edu id="e15" lang="en">In contrast, those athletes try to have distinctive performance by taking risks of taking drugs are failed to succeed.</edu>
  <edu id="e15" lang="ru" trans="google">Напротив, эти спортсмены стараются иметь отличительные характеристики, принимая риски принимать лекарства не удалось добиться успеха.</edu>
  <edu id="e16" lang="en">Hence, from this case, we are capable of stating that it is not necessary for successful people to take risks.</edu>
  <edu id="e16" lang="ru" trans="google">Следовательно, из этого случая, мы способны о том, что это не является необходимым для успешных людей рисковать.</edu>
  <edu id="e17" lang="en">Admittedly, on the other hands, there might be some dissidents proclaiming that doing something new is necessary for people to success.</edu>
  <edu id="e17" lang="ru" trans="google">Правда, на другие руки, там могут быть некоторые диссиденты, провозглашающие, что делать что-то новое, необходимо для людей к успеху.</edu>
  <edu id="e18" lang="en">Because they can become different from others, which is also a widely accepted idea for success.</edu>
  <edu id="e18" lang="ru" trans="google">Потому что они могут стать отличными от других, что также является широко распространенной идеей успеха.</edu>
  <edu id="e19" lang="en">However, according to my limited understanding, I just doubt the credibility of that saying owing to its imprudence.</edu>
  <edu id="e19" lang="ru" trans="google">Однако, в соответствии с моим ограниченным пониманием, я просто сомневаюсь в достоверности того, что говорят из-за своей неосмотрительности.</edu>
  <edu id="e20" lang="en">Try something new can indeed make people become special.</edu>
  <edu id="e20" lang="ru" trans="google">Попробуйте что-то новое действительно может заставить людей стать особенным.</edu>
  <edu id="e21" lang="en">while it does not mean successful.</edu>
  <edu id="e21" lang="ru" trans="google">в то время как это не значит, успешным.</edu>
  <edu id="e22" lang="en">Based on the reasons demonstrated above, I believe that doing what we already known can still leads us to succeed.</edu>
  <edu id="e22" lang="ru" trans="google">Исходя из причин, продемонстрированных выше, я считаю, что делать то, что мы уже известно, может все еще ведет нас к успеху.</edu>
  <edu id="e23" lang="en">Because the advantages of this are relatively greater than that of the opposite.</edu>
  <edu id="e23" lang="ru" trans="google">Поскольку преимущества этого относительно больше, чем в обратном.</edu>
  <edu id="e24" lang="en">In other words, reducing risks and enhancing individual's capability is the most important path to success.</edu>
  <edu id="e24" lang="ru" trans="google">Другими словами, снижение рисков и улучшающих способность индивида наиболее важный путь к успеху.</edu>
  <edu id="e25" lang="en">It is not to say, of course, that other points of view are completely without merit.</edu>
  <edu id="e25" lang="ru" trans="google">Не сказать, конечно, что другие точки зрения совершенно безосновательны.</edu>
  <edu id="e26" lang="en">Still, I am firmly convinced that the reasons I have proposed in favor of my own sentiment are much more tenable and cogent.</edu>
  <edu id="e26" lang="ru" trans="google">Тем не менее, я твердо убежден, что причины я, предложенные в пользу моего собственного чувства гораздо более логичной и убедительной.</edu>
  <adu id="a1" type="neut"/>
  <adu id="a2" type="neut"/>
  <adu id="a3" type="neut"/>
  <adu id="a4" type="mcl"/>
  <adu id="a5" type="pro"/>
  <adu id="a6" type="pro"/>
  <adu id="a7" type="pro"/>
  <adu id="a8" type="pro"/>
  <adu id="a9" type="pro"/>
  <adu id="a10" type="pro"/>
  <adu id="a11" type="pro"/>
  <adu id="a12" type="pro"/>
  <adu id="a13" type="pro"/>
  <adu id="a14" type="pro"/>
  <adu id="a15" type="pro"/>
  <adu id="a16" type="pro"/>
  <adu id="a17" type="opp"/>
  <adu id="a18" type="opp"/>
  <adu id="a19" type="neut"/>
  <adu id="a20" type="opp"/>
  <adu id="a21" type="pro"/>
  <adu id="a22" type="mcl"/>
  <adu id="a23" type="pro"/>
  <adu id="a24" type="neut"/>
  <adu id="a25" type="neut"/>
  <adu id="a26" type="neut"/>
  <edge id="c22" src="e1" trg="a1" type="seg"/>
  <edge id="c23" src="e2" trg="a2" type="seg"/>
  <edge id="c24" src="e3" trg="a3" type="seg"/>
  <edge id="c25" src="e4" trg="a4" type="seg"/>
  <edge id="c26" src="e5" trg="a5" type="seg"/>
  <edge id="c27" src="e6" trg="a6" type="seg"/>
  <edge id="c28" src="e7" trg="a7" type="seg"/>
  <edge id="c29" src="e8" trg="a8" type="seg"/>
  <edge id="c30" src="e9" trg="a9" type="seg"/>
  <edge id="c31" src="e10" trg="a10" type="seg"/>
  <edge id="c32" src="e11" trg="a11" type="seg"/>
  <edge id="c33" src="e12" trg="a12" type="seg"/>
  <edge id="c34" src="e13" trg="a13" type="seg"/>
  <edge id="c35" src="e14" trg="a14" type="seg"/>
  <edge id="c36" src="e15" trg="a15" type="seg"/>
  <edge id="c37" src="e16" trg="a16" type="seg"/>
  <edge id="c38" src="e17" trg="a17" type="seg"/>
  <edge id="c39" src="e18" trg="a18" type="seg"/>
  <edge id="c40" src="e19" trg="a19" type="seg"/>
  <edge id="c41" src="e20" trg="a20" type="seg"/>
  <edge id="c42" src="e21" trg="a21" type="seg"/>
  <edge id="c43" src="e22" trg="a22" type="seg"/>
  <edge id="c44" src="e23" trg="a23" type="seg"/>
  <edge id="c45" src="e24" trg="a24" type="seg"/>
  <edge id="c46" src="e25" trg="a25" type="seg"/>
  <edge id="c47" src="e26" trg="a26" type="seg"/>
  <edge id="c1" src="a5" trg="a10" type="sup"/>
  <edge id="c2" src="a6" trg="a10" type="sup"/>
  <edge id="c3" src="a7" trg="a10" type="sup"/>
  <edge id="c4" src="a8" trg="a10" type="sup"/>
  <edge id="c5" src="a9" trg="a10" type="sup"/>
  <edge id="c6" src="a10" trg="a4" type="sup"/>
  <edge id="c7" src="a10" trg="a22" type="sup"/>
  <edge id="c8" src="a11" trg="a16" type="sup"/>
  <edge id="c9" src="a12" trg="a16" type="sup"/>
  <edge id="c10" src="a13" trg="a16" type="exa"/>
  <edge id="c11" src="a14" trg="a16" type="sup"/>
  <edge id="c12" src="a15" trg="a16" type="sup"/>
  <edge id="c13" src="a16" trg="a4" type="sup"/>
  <edge id="c14" src="a16" trg="a22" type="sup"/>
  <edge id="c15" src="a17" trg="a4" type="reb"/>
  <edge id="c16" src="a17" trg="a22" type="reb"/>
  <edge id="c17" src="a18" trg="a17" type="sup"/>
  <edge id="c18" src="a20" trg="a17" type="sup"/>
  <edge id="c19" src="a21" trg="a20" type="reb"/>
  <edge id="c20" src="a23" trg="a4" type="sup"/>
  <edge id="c21" src="a23" trg="a22" type="sup"/>
</arggraph>
