<?xml version='1.0' encoding='UTF-8'?>
<arggraph id="micro_e152" stance="pro" topic_id="Zoos should be built to protect rural animals" topic_ru="Зоопарки должны быть построены, чтобы защитить сельские животное">
  <edu id="e1" lang="en">Preserving wild animals in zoos is an issue which frequently generates a great deal of heated debate, with supporters maintaining that wild life would be taken good care from professionals, while opponents claim that the animals are deprived of freedom as a result of staying in zoos.</edu>
  <edu id="e1" lang="ru" trans="google">Сохранение диких животных в зоопарках является проблемой, которая часто порождает большую жарких споров, со сторонниками, утверждающих, что дикая жизнь будет принято хороший уход от профессионалов, в то время как противники утверждают, что животные лишены свободы в результате пребывания в зоопарках.</edu>
  <edu id="e2" lang="en">From my perspective, animals should live in natural habitats instead of zoos.</edu>
  <edu id="e2" lang="ru" trans="google">С моей точки зрения, животные должны жить в естественной среде обитания, а не зоопарки.</edu>
  <edu id="e3" lang="en">To begin with, it is the right of wild species to live in a environment away from human beings.</edu>
  <edu id="e3" lang="ru" trans="google">Начнем с того, что это право диких видов жить в среде вдали от людей.</edu>
  <edu id="e4" lang="en">Given the fact that human beings are responsible for the heavy pollution and severe damage to the natural habitats of many wild animals.</edu>
  <edu id="e4" lang="ru" trans="google">Учитывая тот факт, что люди несут ответственность за загрязнение тяжелого и серьезного ущерб естественной среды обитания многих видов диких животных.</edu>
  <edu id="e5" lang="en">it is our responsibility to create a natural and safe environment for animals to live in.</edu>
  <edu id="e5" lang="ru" trans="google">это наша обязанность, чтобы создать естественную и безопасную среду для животных, чтобы жить.</edu>
  <edu id="e6" lang="en">Apparently, the limited space and the artificial trees and lakes can not fully compensate the animals for their loss.</edu>
  <edu id="e6" lang="ru" trans="google">По-видимому, ограниченное пространство и искусственные деревья и озера не могут полностью компенсировать животных за их утрату.</edu>
  <edu id="e7" lang="en">Moreover, if rural animals are captured in the zoo for a long period, it would have negative influences on both the physical and psychological status of the creatures.</edu>
  <edu id="e7" lang="ru" trans="google">Кроме того, если сельские животные захвачены в зоопарке в течение длительного периода, это будет иметь негативное влияние как на физическое и психологическое состояние существ.</edu>
  <edu id="e8" lang="en">As a result, the wild species would suffer from isolation and depression.</edu>
  <edu id="e8" lang="ru" trans="google">В результате, дикие виды будут страдать от изоляции и депрессии.</edu>
  <edu id="e9" lang="en">It seems that zoos are more likely to be a killer rather than a protector in protecting wild lives.</edu>
  <edu id="e9" lang="ru" trans="google">Кажется, что зоопарки, скорее всего, будет убийцей, а не защитник в деле защиты дикой жизни.</edu>
  <edu id="e10" lang="en">Nevertheless, supporters would argue that zoos, which are equipped with modern facilities and professionals, would provide better care for the animals inside.</edu>
  <edu id="e10" lang="ru" trans="google">Тем не менее, сторонники утверждают, что зоопарки, которые оснащены современным оборудованием и специалистами, обеспечат лучший уход за животное внутри.</edu>
  <edu id="e11" lang="en">They further point out that the endangered species preserved in zoos would never die of illegal hunting.</edu>
  <edu id="e11" lang="ru" trans="google">Кроме того, они указывают на то, что исчезающие виды, сохранившиеся в зоопарках никогда бы не умереть от незаконной охоты.</edu>
  <edu id="e12" lang="en">However, I would contend that the strict laws prohibiting poaching would provide a shelter for various kinds of animals in natural habitat.</edu>
  <edu id="e12" lang="ru" trans="google">Тем не менее, я утверждаю, что строгие законы, запрещающие браконьерство бы обеспечить укрытие для различных видов животных в естественной среде обитания.</edu>
  <edu id="e13" lang="en">It seems that the growing number of natural habitat would be the ultimate solution of saving wild animals worldwide.</edu>
  <edu id="e13" lang="ru" trans="google">Кажется, что все большее количество естественной среды обитания будет окончательным решением спасения диких животных во всем мире.</edu>
  <edu id="e14" lang="en">By way of conclusion, it is my belief that wild animals should be set free from zoos.</edu>
  <edu id="e14" lang="ru" trans="google">В заключении, это мое убеждение, что дикие животные должны быть установлены из зоопарков бесплатно.</edu>
  <edu id="e15" lang="en">Not only because they have the right to enjoy freedom but they also escape from isolation and depression.</edu>
  <edu id="e15" lang="ru" trans="google">Не только потому, что они имеют право пользоваться свободой, но они также уйти от изоляции и депрессии.</edu>
  <adu id="a1" type="neut"/>
  <adu id="a2" type="mcl"/>
  <adu id="a3" type="pro"/>
  <adu id="a4" type="pro"/>
  <adu id="a5" type="pro"/>
  <adu id="a6" type="pro"/>
  <adu id="a7" type="pro"/>
  <adu id="a8" type="pro"/>
  <adu id="a9" type="pro"/>
  <adu id="a10" type="opp"/>
  <adu id="a11" type="opp"/>
  <adu id="a12" type="pro"/>
  <adu id="a13" type="pro"/>
  <adu id="a14" type="mcl"/>
  <adu id="a15" type="pro"/>
  <edge id="c17" src="e1" trg="a1" type="seg"/>
  <edge id="c18" src="e2" trg="a2" type="seg"/>
  <edge id="c19" src="e3" trg="a3" type="seg"/>
  <edge id="c20" src="e4" trg="a4" type="seg"/>
  <edge id="c21" src="e5" trg="a5" type="seg"/>
  <edge id="c22" src="e6" trg="a6" type="seg"/>
  <edge id="c23" src="e7" trg="a7" type="seg"/>
  <edge id="c24" src="e8" trg="a8" type="seg"/>
  <edge id="c25" src="e9" trg="a9" type="seg"/>
  <edge id="c26" src="e10" trg="a10" type="seg"/>
  <edge id="c27" src="e11" trg="a11" type="seg"/>
  <edge id="c28" src="e12" trg="a12" type="seg"/>
  <edge id="c29" src="e13" trg="a13" type="seg"/>
  <edge id="c30" src="e14" trg="a14" type="seg"/>
  <edge id="c31" src="e15" trg="a15" type="seg"/>
  <edge id="c1" src="a3" trg="a5" type="sup"/>
  <edge id="c2" src="a4" trg="a5" type="sup"/>
  <edge id="c3" src="a5" trg="a2" type="sup"/>
  <edge id="c4" src="a5" trg="a14" type="sup"/>
  <edge id="c5" src="a6" trg="a9" type="sup"/>
  <edge id="c6" src="a7" trg="a9" type="sup"/>
  <edge id="c7" src="a8" trg="a9" type="sup"/>
  <edge id="c8" src="a9" trg="a2" type="sup"/>
  <edge id="c9" src="a9" trg="a14" type="sup"/>
  <edge id="c10" src="a10" trg="a2" type="reb"/>
  <edge id="c11" src="a10" trg="a14" type="reb"/>
  <edge id="c12" src="a11" trg="a10" type="sup"/>
  <edge id="c13" src="a12" trg="a11" type="reb"/>
  <edge id="c14" src="a13" trg="a10" type="reb"/>
  <edge id="c15" src="a15" trg="a2" type="sup"/>
  <edge id="c16" src="a15" trg="a14" type="sup"/>
</arggraph>
