<?xml version='1.0' encoding='UTF-8'?>
<arggraph id="micro_e331" stance="pro" topic_id="Rush vs Slower Pace" topic_ru="Rush против медленных темпов">
  <edu id="e1" lang="en">Modern technologies and globalization have increased the speed of life in the past decades tremendously.</edu>
  <edu id="e1" lang="ru" trans="google">Современные технологии и глобализация увеличили скорость жизни в последние десятилетия чрезвычайно.</edu>
  <edu id="e2" lang="en">However, while the majority of people live on the fast lane, others decide to reduce the speed and take their time.</edu>
  <edu id="e2" lang="ru" trans="google">Тем не менее, в то время как большинство людей живет на скоростной трассе, другие решают снизить скорость и занять свое время.</edu>
  <edu id="e3" lang="en">To draw an entire picture, we have to consider both the advantages and disadvantages of this increased speed of life and ask our self which way of life is better.</edu>
  <edu id="e3" lang="ru" trans="google">Чтобы нарисовать полную картину, мы должны учитывать как преимущества, так и недостатки этого увеличения скорости жизни и спросить нашу себя какой образ жизни лучше.</edu>
  <edu id="e4" lang="en">In my opinion, it is very important to live life at a slower pace.</edu>
  <edu id="e4" lang="ru" trans="google">На мой взгляд, это очень важно, чтобы жить в более медленном темпе.</edu>
  <edu id="e5" lang="en">Because living in a hurry comes along with several disadvantages.</edu>
  <edu id="e5" lang="ru" trans="google">Потому что жить в спешке приходит вместе с несколькими недостатками.</edu>
  <edu id="e6" lang="en">First, living your life on the fast lane is very stressful and can affect your health.</edu>
  <edu id="e6" lang="ru" trans="google">Во-первых, жить своей жизнью на скоростную трассу очень напряженный и может повлиять на ваше здоровье.</edu>
  <edu id="e7" lang="en">If you are always hurried and you do not take a certain time off, your body will react to your stressful lifestyle.</edu>
  <edu id="e7" lang="ru" trans="google">Если вы всегда поторопился и не занять определенное свободное время, ваше тело будет реагировать на ваш напряженный образ жизни.</edu>
  <edu id="e8" lang="en">Many hardworking people have diseases, like the burn-out syndrome.</edu>
  <edu id="e8" lang="ru" trans="google">Многие трудолюбивые люди имеют заболевания, как выгорания синдром.</edu>
  <edu id="e9" lang="en">Because their bodies cannot hold the pace.</edu>
  <edu id="e9" lang="ru" trans="google">Потому что их тела не может держать темп.</edu>
  <edu id="e10" lang="en">For instance, my father had a a breakdown several years ago due to his stressful job.</edu>
  <edu id="e10" lang="ru" trans="google">Например, мой отец был разбивка несколько лет назад из-за его стрессовую работу.</edu>
  <edu id="e11" lang="en">After several weeks off his body was restored, now he has reduced the tempo of his lifestyle and is doing fine.</edu>
  <edu id="e11" lang="ru" trans="google">Через несколько недель от его тела было восстановлена, теперь он уменьшил темп его жизни и делает штраф.</edu>
  <edu id="e12" lang="en">In addition, living your life at a slower pace increases your happiness.</edu>
  <edu id="e12" lang="ru" trans="google">Кроме того, живёте в более медленном темпе увеличивает свое счастье.</edu>
  <edu id="e13" lang="en">If you are always facing excessive stress you cannot care for your beloved's.</edu>
  <edu id="e13" lang="ru" trans="google">Если вы всегда сталкиваетесь с чрезмерным напряжением вы не можете ухаживать за любимый.</edu>
  <edu id="e14" lang="en">If you do not hurry yourself you can take more time for your family and friends.</edu>
  <edu id="e14" lang="ru" trans="google">Если вы не спешите вы можете занять больше времени для своей семьи и друзей.</edu>
  <edu id="e15" lang="en">Caring for your social environment will increase your happiness and also reduce your stress level.</edu>
  <edu id="e15" lang="ru" trans="google">Забота о вашей социальной среде увеличит ваше счастье, а также снизить уровень стресса.</edu>
  <edu id="e16" lang="en">For example, a friend of mine lives at a slow pace and is really satisfied about it.</edu>
  <edu id="e16" lang="ru" trans="google">Например, моя подруга живет в медленном темпе, и действительно удовлетворены об этом.</edu>
  <edu id="e17" lang="en">Because he can enjoy his family and cultivate his friendships.</edu>
  <edu id="e17" lang="ru" trans="google">Потому что он может наслаждаться его семьей и вырастить его друг.</edu>
  <edu id="e18" lang="en">Finally, quality takes time.</edu>
  <edu id="e18" lang="ru" trans="google">И, наконец, качество занимает много времени.</edu>
  <edu id="e19" lang="en">When you are faced with difficult tasks and you do them in a rush, you are more likely to do avoidable errors or mistakes.</edu>
  <edu id="e19" lang="ru" trans="google">Если вы столкнулись с трудными задачами и вы их в спешке, вы, скорее всего, делать устранимые ошибки или ошибки.</edu>
  <edu id="e20" lang="en">Doing tasks in a hurry may end up in not considering all necessary aspects or opportunities.</edu>
  <edu id="e20" lang="ru" trans="google">Выполнение задач в спешке может оказаться в не принимая во внимание все необходимые аспекты или возможности.</edu>
  <edu id="e21" lang="en">As a result you might make mistakes, you would not have done with more patience.</edu>
  <edu id="e21" lang="ru" trans="google">В результате вы можете делать ошибки, вы не сделали бы с большим терпением.</edu>
  <edu id="e22" lang="en">To illustrate, I once wrote an essay in a hurry and got a bad grade.</edu>
  <edu id="e22" lang="ru" trans="google">Чтобы проиллюстрировать это, я когда-то написал эссе в спешке и получил плохую оценку.</edu>
  <edu id="e23" lang="en">Because I made few mistakes I could have avoided.</edu>
  <edu id="e23" lang="ru" trans="google">Потому что я сделал несколько ошибок, я мог бы избежать.</edu>
  <edu id="e24" lang="en">In conclusion, there is to say that, given the arguments above, living a slower life is advantageous for your health, your happiness and even the quality of your work.</edu>
  <edu id="e24" lang="ru" trans="google">В заключение отметим, что должен сказать, что, учитывая приведенные выше аргументы, живущих более медленную жизнь выгодно для вашего здоровья, счастья и даже качество вашей работы.</edu>
  <adu id="a1" type="neut"/>
  <adu id="a2" type="neut"/>
  <adu id="a3" type="neut"/>
  <adu id="a4" type="mcl"/>
  <adu id="a5" type="pro"/>
  <adu id="a6" type="pro"/>
  <adu id="a7" type="pro"/>
  <adu id="a8" type="pro"/>
  <adu id="a9" type="pro"/>
  <adu id="a10" type="pro"/>
  <adu id="a11" type="pro"/>
  <adu id="a12" type="pro"/>
  <adu id="a13" type="pro"/>
  <adu id="a14" type="pro"/>
  <adu id="a15" type="pro"/>
  <adu id="a16" type="pro"/>
  <adu id="a17" type="pro"/>
  <adu id="a18" type="pro"/>
  <adu id="a19" type="pro"/>
  <adu id="a20" type="pro"/>
  <adu id="a21" type="pro"/>
  <adu id="a22" type="pro"/>
  <adu id="a23" type="pro"/>
  <adu id="a24" type="mcl"/>
  <edge id="c24" src="e1" trg="a1" type="seg"/>
  <edge id="c25" src="e2" trg="a2" type="seg"/>
  <edge id="c26" src="e3" trg="a3" type="seg"/>
  <edge id="c27" src="e4" trg="a4" type="seg"/>
  <edge id="c28" src="e5" trg="a5" type="seg"/>
  <edge id="c29" src="e6" trg="a6" type="seg"/>
  <edge id="c30" src="e7" trg="a7" type="seg"/>
  <edge id="c31" src="e8" trg="a8" type="seg"/>
  <edge id="c32" src="e9" trg="a9" type="seg"/>
  <edge id="c33" src="e10" trg="a10" type="seg"/>
  <edge id="c34" src="e11" trg="a11" type="seg"/>
  <edge id="c35" src="e12" trg="a12" type="seg"/>
  <edge id="c36" src="e13" trg="a13" type="seg"/>
  <edge id="c37" src="e14" trg="a14" type="seg"/>
  <edge id="c38" src="e15" trg="a15" type="seg"/>
  <edge id="c39" src="e16" trg="a16" type="seg"/>
  <edge id="c40" src="e17" trg="a17" type="seg"/>
  <edge id="c41" src="e18" trg="a18" type="seg"/>
  <edge id="c42" src="e19" trg="a19" type="seg"/>
  <edge id="c43" src="e20" trg="a20" type="seg"/>
  <edge id="c44" src="e21" trg="a21" type="seg"/>
  <edge id="c45" src="e22" trg="a22" type="seg"/>
  <edge id="c46" src="e23" trg="a23" type="seg"/>
  <edge id="c47" src="e24" trg="a24" type="seg"/>
  <edge id="c1" src="a5" trg="a4" type="sup"/>
  <edge id="c2" src="a5" trg="a24" type="sup"/>
  <edge id="c3" src="a6" trg="a4" type="sup"/>
  <edge id="c4" src="a6" trg="a24" type="sup"/>
  <edge id="c5" src="a7" trg="a6" type="sup"/>
  <edge id="c6" src="a8" trg="a6" type="sup"/>
  <edge id="c7" src="a9" trg="a8" type="sup"/>
  <edge id="c8" src="a10" trg="a6" type="exa"/>
  <edge id="c9" src="a11" trg="a6" type="sup"/>
  <edge id="c10" src="a12" trg="a4" type="sup"/>
  <edge id="c11" src="a12" trg="a24" type="sup"/>
  <edge id="c12" src="a13" trg="a12" type="sup"/>
  <edge id="c13" src="a14" trg="a12" type="sup"/>
  <edge id="c14" src="a15" trg="a12" type="sup"/>
  <edge id="c15" src="a16" trg="a12" type="exa"/>
  <edge id="c16" src="a17" trg="a16" type="sup"/>
  <edge id="c17" src="a18" trg="a21" type="sup"/>
  <edge id="c18" src="a19" trg="a21" type="sup"/>
  <edge id="c19" src="a20" trg="a21" type="sup"/>
  <edge id="c20" src="a21" trg="a4" type="sup"/>
  <edge id="c21" src="a21" trg="a24" type="sup"/>
  <edge id="c22" src="a22" trg="a21" type="sup"/>
  <edge id="c23" src="a23" trg="a22" type="sup"/>
</arggraph>
