<?xml version='1.0' encoding='UTF-8'?>
<arggraph id="micro_e153" stance="pro" topic_id="distance-learning vs. attending school in person" topic_ru="дистанционное обучение против посещать школу в лице">
  <edu id="e1" lang="en">A matter of considerable controversy at present is the issue of whether distance-learning should be promoted as much as possible, or rather attending lectures in person should be allowed to take a predominant place in universities because this way of learning is superior than online degrees.</edu>
  <edu id="e1" lang="ru" trans="google">Дело значительных противоречий в настоящее время является вопросом о том дистанционном обучении следует поощрять как можно больше, или, вернее, посещать лекции в лице должно быть позволено занять преобладающее место в университетах, так как этот способом обучения является выше, чем онлайн градусы.</edu>
  <edu id="e2" lang="en">From my perspective, online-teaching should be widely used among colleges and universities in terms of convenience and optimizing cost for educational institutions.</edu>
  <edu id="e2" lang="ru" trans="google">С моей точки зрения, онлайн-обучения должны быть широко использованы среди колледжей и университетов с точки зрения удобства и оптимизации затрат для учебных заведений.</edu>
  <edu id="e3" lang="en">To begin with, distance-learning brings significant convenience for students in every corner of the world.</edu>
  <edu id="e3" lang="ru" trans="google">Начнем с того, дистанционное обучение приносит значительные удобства для студентов в каждом уголке мира.</edu>
  <edu id="e4" lang="en">In earlier times, students who were tired of commuting had to attend schools nearby, regardless of any differences in teaching facilities, teacher's qualifications or the school reputation.</edu>
  <edu id="e4" lang="ru" trans="google">В прежние времена студенты, которые устали от поездок на работу приходилось посещать школы поблизости, независимо от каких-либо различий в обучении объектов, квалификации учителя или репутацию школы.</edu>
  <edu id="e5" lang="en">Now, however, students are able to apply for online - courses provided by top-of-the-range universities and colleges worldwide.</edu>
  <edu id="e5" lang="ru" trans="google">Теперь, однако, студенты имеют возможность подать заявку на онлайн - курсы, предоставляемые топ-оф-диапазоне университетов и колледжей по всему миру.</edu>
  <edu id="e6" lang="en">Furthermore, the presence of video conferencing allows a teacher to teach a greater number of students.</edu>
  <edu id="e6" lang="ru" trans="google">Кроме того, наличие видеоконференций позволяет учителю научить большее количество студентов.</edu>
  <edu id="e7" lang="en">Consequently, educational institutions are able to optimize costs by increasing teacher - student ratios.</edu>
  <edu id="e7" lang="ru" trans="google">Следовательно, образовательные учреждения имеют возможность оптимизировать затраты за счет увеличения учитель - отношения студентов.</edu>
  <edu id="e8" lang="en">Thanks to the economical online-teaching, universities and colleges are able to offer grants for students who have outstanding academic achievements but are unable to attend schools because of financial constrains.</edu>
  <edu id="e8" lang="ru" trans="google">Благодаря экономичному онлайн-обучению, университеты и колледжи могут предложить гранты для студентов, которые имеют выдающиеся академические достижения, но не может посещать школу из-за финансовые ограничения.</edu>
  <edu id="e9" lang="en">Nevertheless, opponents of online - degrees would argue that attending lectures in person provides students an opportunity to communicate with teachers and other classmates.</edu>
  <edu id="e9" lang="ru" trans="google">Тем не менее, противники онлайн - градусов утверждают, что посещение лекций лично предоставляет студентам возможность общаться с преподавателями и другими одноклассниками.</edu>
  <edu id="e10" lang="en">They further point out that traditional teaching approaches involving discussion and cooperation among students play a significant role in campus life.</edu>
  <edu id="e10" lang="ru" trans="google">Кроме того, они указывают на то, что традиционное учение подходов с участием обсуждение и сотрудничество среди студентов играют значительную роль в университетской жизни.</edu>
  <edu id="e11" lang="en">It is the real interactions and communications in class make education much more attractive.</edu>
  <edu id="e11" lang="ru" trans="google">Это реальные взаимодействия и коммуникация в образовании макияжа класса гораздо более привлекательными.</edu>
  <edu id="e12" lang="en">By way of conclusion, it is my belief that distance-learning will become increasingly important in the future as the pace of life increases.</edu>
  <edu id="e12" lang="ru" trans="google">В заключение, это мое убеждение, что дистанционное обучение становится все более важным в будущем, так как темп жизни увеличивается.</edu>
  <edu id="e13" lang="en">However, discussions and interactions should be held via video conferencing frequently so that the joy of learning would not be diminished.</edu>
  <edu id="e13" lang="ru" trans="google">Тем не менее, обсуждение и взаимодействие должны быть проведены через видеоконференцию часто, так что радость познания, не уменьшалась.</edu>
  <adu id="a1" type="neut"/>
  <adu id="a2" type="mcl"/>
  <adu id="a3" type="pro"/>
  <adu id="a4" type="pro"/>
  <adu id="a5" type="pro"/>
  <adu id="a6" type="pro"/>
  <adu id="a7" type="pro"/>
  <adu id="a8" type="pro"/>
  <adu id="a9" type="opp"/>
  <adu id="a10" type="opp"/>
  <adu id="a11" type="opp"/>
  <adu id="a12" type="mcl"/>
  <adu id="a13" type="neut"/>
  <edge id="c13" src="e1" trg="a1" type="seg"/>
  <edge id="c14" src="e2" trg="a2" type="seg"/>
  <edge id="c15" src="e3" trg="a3" type="seg"/>
  <edge id="c16" src="e4" trg="a4" type="seg"/>
  <edge id="c17" src="e5" trg="a5" type="seg"/>
  <edge id="c18" src="e6" trg="a6" type="seg"/>
  <edge id="c19" src="e7" trg="a7" type="seg"/>
  <edge id="c20" src="e8" trg="a8" type="seg"/>
  <edge id="c21" src="e9" trg="a9" type="seg"/>
  <edge id="c22" src="e10" trg="a10" type="seg"/>
  <edge id="c23" src="e11" trg="a11" type="seg"/>
  <edge id="c24" src="e12" trg="a12" type="seg"/>
  <edge id="c25" src="e13" trg="a13" type="seg"/>
  <edge id="c1" src="a3" trg="a2" type="sup"/>
  <edge id="c2" src="a3" trg="a12" type="sup"/>
  <edge id="c3" src="a4" trg="a3" type="sup"/>
  <edge id="c4" src="a5" trg="a3" type="sup"/>
  <edge id="c5" src="a6" trg="a7" type="sup"/>
  <edge id="c6" src="a7" trg="a2" type="sup"/>
  <edge id="c7" src="a7" trg="a12" type="sup"/>
  <edge id="c8" src="a8" trg="a7" type="sup"/>
  <edge id="c9" src="a9" trg="a2" type="reb"/>
  <edge id="c10" src="a9" trg="a12" type="reb"/>
  <edge id="c11" src="a10" trg="a9" type="sup"/>
  <edge id="c12" src="a11" trg="a9" type="sup"/>
</arggraph>
