<?xml version='1.0' encoding='UTF-8'?>
<arggraph id="micro_e65" stance="pro" topic_id="A more convenient life in a city" topic_ru="Более удобная жизнь в городе">
  <edu id="e1" lang="en">There are undeniable advantages to both life in a big city and in a small town.</edu>
  <edu id="e1" lang="ru" trans="google">Есть неоспоримые преимущества как жизнь в большом городе и в маленьком городке.</edu>
  <edu id="e2" lang="en">The former offers more excitement and convenience while the latter offers a cleaner, quieter and often friendlier place to live.</edu>
  <edu id="e2" lang="ru" trans="google">Прежние предложения больше азарта и удобство в то время как последние предложения чисты, тише и часто дружелюбное место для жизни.</edu>
  <edu id="e3" lang="en">However, despite the advantages of small town life, I prefer to live in a big city for several reasons.</edu>
  <edu id="e3" lang="ru" trans="google">Однако, несмотря на преимущества малой жизни города, я предпочитаю жить в большом городе, по нескольким причинам.</edu>
  <edu id="e4" lang="en">On the one hand, I have always wanted to find a job in a big company which locates in a prosperous city area.</edu>
  <edu id="e4" lang="ru" trans="google">С одной стороны, я всегда хотел, чтобы найти работу в крупной компании, которая находит в благополучном районе города.</edu>
  <edu id="e5" lang="en">To make it convenient, I will absolutely choose a place to live that is not too far from my workplace.</edu>
  <edu id="e5" lang="ru" trans="google">Для того, чтобы сделать его удобным, я абсолютно выбрать место, чтобы жить, что не слишком далеко от моего рабочего места.</edu>
  <edu id="e6" lang="en">What's more I can save plenty of money on transportation if I choose to live in the city.</edu>
  <edu id="e6" lang="ru" trans="google">Более того, я могу сэкономить много денег на транспорт, если я хочу жить в городе.</edu>
  <edu id="e7" lang="en">On the other hand, life in a big city will not be so dull as in a small town.</edu>
  <edu id="e7" lang="ru" trans="google">С другой стороны, жизнь в большом городе не будет так скучно, как в маленьком городке.</edu>
  <edu id="e8" lang="en">You can enjoy modern life and have more access to the advanced facilities.</edu>
  <edu id="e8" lang="ru" trans="google">Вы можете наслаждаться современной жизнью и имеете более широкий доступ к современному оборудованию.</edu>
  <edu id="e9" lang="en">For instance, you can visit museums to learn history, and go to a more equipped library to enjoy reading, or you can go to a sports center for exercising.</edu>
  <edu id="e9" lang="ru" trans="google">Например, вы можете посетить музеи, чтобы узнать историю, и перейти к более оборудованной библиотеке наслаждаться чтением, или вы можете пойти в спортивный центр для осуществления.</edu>
  <edu id="e10" lang="en">But a small town may be less developed to satisfy all these kinds of needs.</edu>
  <edu id="e10" lang="ru" trans="google">Но маленький городок может быть менее развит, чтобы удовлетворить все эти виды потребностей.</edu>
  <edu id="e11" lang="en">Furthermore living in big cities means more exposure to stimulation, like all kinds of information.</edu>
  <edu id="e11" lang="ru" trans="google">Кроме того, живущие в больших городах, тем больше воздействия стимуляции, как и все виды информации.</edu>
  <edu id="e12" lang="en">If one can efficiently acquire the information, then, there might come along more opportunities for him to achieve his goals.</edu>
  <edu id="e12" lang="ru" trans="google">Если можно эффективно получить информацию, то, что может прийти больше возможностей для него, чтобы достичь своих целей.</edu>
  <edu id="e13" lang="en">For example, there are various advertisements here an there, whether on the leaflets or on the big screen showing things of all sorts in commercial zones.</edu>
  <edu id="e13" lang="ru" trans="google">Например, существуют различные рекламные объявления здесь там, будь то на листовках или на большом экране, показывая вещи всех видов в коммерческих зонах.</edu>
  <edu id="e14" lang="en">If one is seeking a job right in the city or planing somewhere to travel, or just wants to buy a product in a dependable store, he might refer to what he has seen or heard from the advertisements to make a relatively wise choice.</edu>
  <edu id="e14" lang="ru" trans="google">Если один ищет работу правильно в городе или где-нибудь строгания путешествовать, или просто хочет купить продукт в надежном магазине, он мог бы сослаться на то, что он видел или слышал от рекламы, чтобы сделать правильный выбор относительно.</edu>
  <edu id="e15" lang="en">There is also another obvious advantage of living in a big city considering the chance of receiving better education of our offspring.</edu>
  <edu id="e15" lang="ru" trans="google">Существует также еще очевидное преимущество жизни в большом городе, учитывая возможность получения лучшего образования нашего потомства.</edu>
  <edu id="e16" lang="en">Schools in big cities may receive more funds from whether the local comities or the government, which may make them more equipped with advanced teaching facilities and attract more excellent teachers.</edu>
  <edu id="e16" lang="ru" trans="google">Школы в крупных городах могут получить больше средств от ли местных comities или правительства, которые могут сделать их более оснащены современными средствами обучения и привлечение более прекрасными учителей.</edu>
  <edu id="e17" lang="en">Our children thus will have a better chance of pursuing high-quality education which is very important for their future development.</edu>
  <edu id="e17" lang="ru" trans="google">Наши дети, таким образом, будут иметь больше шансов проводят качественное образование, которое очень важно для их будущего развития.</edu>
  <edu id="e18" lang="en">In conclusion, if I want to live a more convenient life with more access to modern facilities as well as with more exposure to various opportunities, and have my children receive a better education, a big city is the place to live in.</edu>
  <edu id="e18" lang="ru" trans="google">В заключении, хочу ли я жить более удобной жизнь более широкий доступом к современному оборудованию, а также с большим воздействием различных возможностей, и есть мои дети получают лучшее образование, большой городом является место для проживания.</edu>
  <adu id="a1" type="neut"/>
  <adu id="a2" type="neut"/>
  <adu id="a3" type="mcl"/>
  <adu id="a4" type="pro"/>
  <adu id="a5" type="pro"/>
  <adu id="a6" type="pro"/>
  <adu id="a7" type="pro"/>
  <adu id="a8" type="pro"/>
  <adu id="a9" type="pro"/>
  <adu id="a10" type="pro"/>
  <adu id="a11" type="pro"/>
  <adu id="a12" type="pro"/>
  <adu id="a13" type="pro"/>
  <adu id="a14" type="pro"/>
  <adu id="a15" type="pro"/>
  <adu id="a16" type="pro"/>
  <adu id="a17" type="pro"/>
  <adu id="a18" type="mcl"/>
  <edge id="c19" src="e1" trg="a1" type="seg"/>
  <edge id="c20" src="e2" trg="a2" type="seg"/>
  <edge id="c21" src="e3" trg="a3" type="seg"/>
  <edge id="c22" src="e4" trg="a4" type="seg"/>
  <edge id="c23" src="e5" trg="a5" type="seg"/>
  <edge id="c24" src="e6" trg="a6" type="seg"/>
  <edge id="c25" src="e7" trg="a7" type="seg"/>
  <edge id="c26" src="e8" trg="a8" type="seg"/>
  <edge id="c27" src="e9" trg="a9" type="seg"/>
  <edge id="c28" src="e10" trg="a10" type="seg"/>
  <edge id="c29" src="e11" trg="a11" type="seg"/>
  <edge id="c30" src="e12" trg="a12" type="seg"/>
  <edge id="c31" src="e13" trg="a13" type="seg"/>
  <edge id="c32" src="e14" trg="a14" type="seg"/>
  <edge id="c33" src="e15" trg="a15" type="seg"/>
  <edge id="c34" src="e16" trg="a16" type="seg"/>
  <edge id="c35" src="e17" trg="a17" type="seg"/>
  <edge id="c36" src="e18" trg="a18" type="seg"/>
  <edge id="c1" src="a4" trg="a3" type="sup"/>
  <edge id="c2" src="a4" trg="a18" type="sup"/>
  <edge id="c3" src="a5" trg="a4" type="sup"/>
  <edge id="c4" src="a6" trg="a4" type="sup"/>
  <edge id="c5" src="a7" trg="a3" type="sup"/>
  <edge id="c6" src="a7" trg="a18" type="sup"/>
  <edge id="c7" src="a8" trg="a7" type="sup"/>
  <edge id="c8" src="a9" trg="a7" type="exa"/>
  <edge id="c9" src="a10" trg="a7" type="sup"/>
  <edge id="c10" src="a11" trg="a3" type="sup"/>
  <edge id="c11" src="a11" trg="a18" type="sup"/>
  <edge id="c12" src="a12" trg="a11" type="sup"/>
  <edge id="c13" src="a13" trg="a11" type="exa"/>
  <edge id="c14" src="a14" trg="a11" type="sup"/>
  <edge id="c15" src="a15" trg="a3" type="sup"/>
  <edge id="c16" src="a15" trg="a18" type="sup"/>
  <edge id="c17" src="a16" trg="a17" type="sup"/>
  <edge id="c18" src="a17" trg="a15" type="sup"/>
</arggraph>
