<?xml version='1.0' encoding='UTF-8'?>
<arggraph id="micro_e343" stance="pro" topic_id="The part-time job can let students experience the real adult life and know more about it" topic_ru="Подработка может позволить студентам испытать реальную взрослую жизнь и узнать о нем больше">
  <edu id="e1" lang="en">Nowadays, the difference between school and society is bigger and bigger.</edu>
  <edu id="e1" lang="ru" trans="google">В настоящее время разница между школой и обществом все больше и больше.</edu>
  <edu id="e2" lang="en">If students want to get used to the society quickly, it is better for parents to encourage them to take part-time jobs.</edu>
  <edu id="e2" lang="ru" trans="google">Если студенты хотят, чтобы привыкнуть к обществу быстро, то лучше для родителей, чтобы побудить их принять неполный рабочий день.</edu>
  <edu id="e3" lang="en">There are some reasons can support my view.</edu>
  <edu id="e3" lang="ru" trans="google">Есть несколько причин, может поддержать мою точку зрения.</edu>
  <edu id="e4" lang="en">First, there are a few opportunities for students to know how to live adult life in the university.</edu>
  <edu id="e4" lang="ru" trans="google">Во-первых, есть несколько возможностей для студентов, чтобы знать, как жить взрослой жизни в университете.</edu>
  <edu id="e5" lang="en">Because most people they contact with are also students.</edu>
  <edu id="e5" lang="ru" trans="google">Поскольку большинство людей, они входят в контакт с также студенты.</edu>
  <edu id="e6" lang="en">However, when students do part-time jobs, they can work with many kinds of people, and most of whom are adults.</edu>
  <edu id="e6" lang="ru" trans="google">Тем не менее, когда студенты работают неполный рабочий день, они могут работать со многими видами людей, и большинство из которых взрослые.</edu>
  <edu id="e7" lang="en">So, they can teach students many things about adult life.</edu>
  <edu id="e7" lang="ru" trans="google">Таким образом, они могут научить студентов много о взрослой жизни.</edu>
  <edu id="e8" lang="en">My friend Lisa, who is doing part-time job now, tells me that it is fabulous to take it.</edu>
  <edu id="e8" lang="ru" trans="google">Мой друг Лиза, которая делает неполный рабочий день сейчас, говорит мне, что он невероятен, чтобы принять его.</edu>
  <edu id="e9" lang="en">Through part-time job, she makes friends with different kinds of people and they let her know the different aspects of adult life.</edu>
  <edu id="e9" lang="ru" trans="google">Через неполный рабочий день, она дружит с разными людьми, и они позволяют ей знать различные аспекты взрослой жизни.</edu>
  <edu id="e10" lang="en">For example, Lisa thought in adult life, work is the core; but after she knows these friends, she changes her mind that the true core for the adult life is responsibility but not work.</edu>
  <edu id="e10" lang="ru" trans="google">Например, Лиза думала, во взрослой жизни, работа является основным; но после того, как она знает, что эти друзья, она меняет свое мнение о том, что истинное ядро ​​для взрослой жизни несет ответственность, но не работают.</edu>
  <edu id="e11" lang="en">Hence, thanks to the information her new friends has provided; now she is more confidence about her future adult life.</edu>
  <edu id="e11" lang="ru" trans="google">Таким образом, благодаря информации своим новым друзьям предоставившего; теперь она больше уверенности о ее будущей взрослой жизни.</edu>
  <edu id="e12" lang="en">Second, parents always tell students that the adult life is much tenser than school life.</edu>
  <edu id="e12" lang="ru" trans="google">Во-вторых, родители всегда говорят студентам, что взрослая жизнь намного напряженнее, чем школьная жизнь.</edu>
  <edu id="e13" lang="en">However, because we do not experience it.</edu>
  <edu id="e13" lang="ru" trans="google">Однако, поскольку мы не испытаем его.</edu>
  <edu id="e14" lang="en">it is very difficult for us to really know how tense the adult life can be.</edu>
  <edu id="e14" lang="ru" trans="google">это очень трудно для нас, чтобы действительно знать, какой напряженной взрослой жизни может быть.</edu>
  <edu id="e15" lang="en">Therefore, we need part-time job to teach us how hard the real adult life can be.</edu>
  <edu id="e15" lang="ru" trans="google">Поэтому нам нужно полставки, чтобы научить нас, как трудно реальной взрослой жизни может быть.</edu>
  <edu id="e16" lang="en">Actually, some questionnaires indicate that if students have taken part-time jobs, they will make the best use of their time to prepare their future and more importantly; they will not expect too much for their future than students who have not taken the part-time job.</edu>
  <edu id="e16" lang="ru" trans="google">На самом деле, некоторые анкеты показывают, что если студенты приняли неполный рабочий день, они будут делать наилучшим образом использовать свое время, чтобы подготовить свое будущее и что более важно; они не будут ожидать слишком много для их будущего, чем студенты, которые не приняли на неполный рабочий день.</edu>
  <edu id="e17" lang="en">Therefore, the part-time job can make people understand future life better.</edu>
  <edu id="e17" lang="ru" trans="google">Таким образом, временная работа может заставить людей понять жизнь в будущем лучше.</edu>
  <edu id="e18" lang="en">Third, some parents are afraid that the part-time job will effect student's study.</edu>
  <edu id="e18" lang="ru" trans="google">В-третьих, некоторые родители опасаются, что временная работа будет влиять на студентов исследования.</edu>
  <edu id="e19" lang="en">Actually, most students will do the part-time job in their holiday.</edu>
  <edu id="e19" lang="ru" trans="google">На самом деле, большинство студентов будет делать неполный рабочий день в их праздник.</edu>
  <edu id="e20" lang="en">So it will not effect on their study.</edu>
  <edu id="e20" lang="ru" trans="google">Так что это не повлияет на их изучение.</edu>
  <edu id="e21" lang="en">Compared with playing computers every day, doing part-time jobs is the best choice for students to spend their holiday.</edu>
  <edu id="e21" lang="ru" trans="google">По сравнению с игрой компьютеров каждый день, делая работу на неполный рабочий день является лучшим выбором для студентов, чтобы провести свой отпуск.</edu>
  <edu id="e22" lang="en">In conclusion, taking the part-time job can let students experience the real adult life and know more about it.</edu>
  <edu id="e22" lang="ru" trans="google">В заключении, принимая часть времени работы может позволить студентам испытать реальную взрослую жизнь и узнать о нем больше.</edu>
  <edu id="e23" lang="en">Therefore, parents should encourage students to take the part-time job.</edu>
  <edu id="e23" lang="ru" trans="google">Таким образом, родители должны поощрять студентов взять полставки.</edu>
  <adu id="a1" type="neut"/>
  <adu id="a2" type="mcl"/>
  <adu id="a3" type="neut"/>
  <adu id="a4" type="pro"/>
  <adu id="a5" type="pro"/>
  <adu id="a6" type="pro"/>
  <adu id="a7" type="pro"/>
  <adu id="a8" type="pro"/>
  <adu id="a9" type="pro"/>
  <adu id="a10" type="pro"/>
  <adu id="a11" type="pro"/>
  <adu id="a12" type="pro"/>
  <adu id="a13" type="pro"/>
  <adu id="a14" type="pro"/>
  <adu id="a15" type="pro"/>
  <adu id="a16" type="pro"/>
  <adu id="a17" type="pro"/>
  <adu id="a18" type="opp"/>
  <adu id="a19" type="pro"/>
  <adu id="a20" type="pro"/>
  <adu id="a21" type="pro"/>
  <adu id="a22" type="pro"/>
  <adu id="a23" type="mcl"/>
  <edge id="c25" src="e1" trg="a1" type="seg"/>
  <edge id="c26" src="e2" trg="a2" type="seg"/>
  <edge id="c27" src="e3" trg="a3" type="seg"/>
  <edge id="c28" src="e4" trg="a4" type="seg"/>
  <edge id="c29" src="e5" trg="a5" type="seg"/>
  <edge id="c30" src="e6" trg="a6" type="seg"/>
  <edge id="c31" src="e7" trg="a7" type="seg"/>
  <edge id="c32" src="e8" trg="a8" type="seg"/>
  <edge id="c33" src="e9" trg="a9" type="seg"/>
  <edge id="c34" src="e10" trg="a10" type="seg"/>
  <edge id="c35" src="e11" trg="a11" type="seg"/>
  <edge id="c36" src="e12" trg="a12" type="seg"/>
  <edge id="c37" src="e13" trg="a13" type="seg"/>
  <edge id="c38" src="e14" trg="a14" type="seg"/>
  <edge id="c39" src="e15" trg="a15" type="seg"/>
  <edge id="c40" src="e16" trg="a16" type="seg"/>
  <edge id="c41" src="e17" trg="a17" type="seg"/>
  <edge id="c42" src="e18" trg="a18" type="seg"/>
  <edge id="c43" src="e19" trg="a19" type="seg"/>
  <edge id="c44" src="e20" trg="a20" type="seg"/>
  <edge id="c45" src="e21" trg="a21" type="seg"/>
  <edge id="c46" src="e22" trg="a22" type="seg"/>
  <edge id="c47" src="e23" trg="a23" type="seg"/>
  <edge id="c1" src="a4" trg="a7" type="sup"/>
  <edge id="c2" src="a5" trg="a4" type="sup"/>
  <edge id="c3" src="a6" trg="a7" type="sup"/>
  <edge id="c4" src="a7" trg="a2" type="sup"/>
  <edge id="c5" src="a7" trg="a23" type="sup"/>
  <edge id="c6" src="a8" trg="a7" type="sup"/>
  <edge id="c7" src="a9" trg="a7" type="sup"/>
  <edge id="c8" src="a10" trg="a11" type="exa"/>
  <edge id="c9" src="a11" trg="a7" type="sup"/>
  <edge id="c10" src="a12" trg="a15" type="sup"/>
  <edge id="c11" src="a13" trg="a14" type="sup"/>
  <edge id="c12" src="a14" trg="a15" type="sup"/>
  <edge id="c13" src="a15" trg="a2" type="sup"/>
  <edge id="c14" src="a15" trg="a23" type="sup"/>
  <edge id="c15" src="a16" trg="a17" type="sup"/>
  <edge id="c16" src="a17" trg="a2" type="sup"/>
  <edge id="c17" src="a17" trg="a23" type="sup"/>
  <edge id="c18" src="a18" trg="a2" type="reb"/>
  <edge id="c19" src="a18" trg="a23" type="reb"/>
  <edge id="c20" src="a19" trg="a20" type="sup"/>
  <edge id="c21" src="a20" trg="a18" type="reb"/>
  <edge id="c22" src="a21" trg="a20" type="sup"/>
  <edge id="c23" src="a22" trg="a2" type="sup"/>
  <edge id="c24" src="a22" trg="a23" type="sup"/>
</arggraph>
