<?xml version='1.0' encoding='UTF-8'?>
<arggraph id="micro_e260" stance="pro" topic_id="Cheap air travel should be encouraged ?" topic_ru="Дешевые авиаперелеты следует поощрять?">
  <edu id="e1" lang="en">In recent years, many airlines offer to their customers more and more number of cheap flights.</edu>
  <edu id="e1" lang="ru" trans="google">В последние годы многие авиакомпании предлагают своим клиентам все больше и больше количество дешевых рейсов.</edu>
  <edu id="e2" lang="en">People have various different views about cheap air travel.</edu>
  <edu id="e2" lang="ru" trans="google">Люди имеют различные различные представления о дешевых авиаперелет.</edu>
  <edu id="e3" lang="en">Although there are good arguments in favour of this trend should be encouraged,.</edu>
  <edu id="e3" lang="ru" trans="google">Хотя есть хорошие аргументы в пользу этой тенденции следует поощрять ,.</edu>
  <edu id="e4" lang="en">I personally think that cheap flight can make many serious problem.</edu>
  <edu id="e4" lang="ru" trans="google">Я лично считаю, что дешевый полет может сделать много серьезной проблемы.</edu>
  <edu id="e5" lang="en">It is undeniable that cheap air fares have broadened travel possibilities for many people, particularly for the lower income group.</edu>
  <edu id="e5" lang="ru" trans="google">Нельзя отрицать, что дешевые воздушные тарифы расширили возможности поездок для многих людей, особенно для группы с низким уровнем дохода.</edu>
  <edu id="e6" lang="en">These days, millions of people can travel around the world for work or pleasure.</edu>
  <edu id="e6" lang="ru" trans="google">В эти дни миллионы людей могут путешествовать по всему миру для работы или для удовольствия.</edu>
  <edu id="e7" lang="en">They can develop their careers, broad their knowledge, and interact with many other people from varied cultural backgrounds.</edu>
  <edu id="e7" lang="ru" trans="google">Они могут развивать свою карьеру, широкоплечий свои знания и взаимодействовать со многими другими людьми из различных культурных традиций.</edu>
  <edu id="e8" lang="en">Moreover, travels also help to promote the tourist industry development, boost the economy and job markets of many countries.</edu>
  <edu id="e8" lang="ru" trans="google">Кроме того, путешествует также способствовать развитию туристической индустрии, стимулированию экономики и рынков труда многих стран.</edu>
  <edu id="e9" lang="en">On the other hand, growing of cheap flights really have negative impact on environment.</edu>
  <edu id="e9" lang="ru" trans="google">С другой стороны, рост дешевых рейсов действительно оказывают негативное влияние на окружающую среду.</edu>
  <edu id="e10" lang="en">Apparently, more flights could mean bigger and busier airport that may be grown the air pollution for people who live and work close to it.</edu>
  <edu id="e10" lang="ru" trans="google">По-видимому, больше рейсов могут означать больше и занят аэропорт, который может быть выращен загрязнением воздуха для людей, которые живут и работают рядом с ним.</edu>
  <edu id="e11" lang="en">However, the biggest concern is the effect on global warming.</edu>
  <edu id="e11" lang="ru" trans="google">Тем не менее, самое большое беспокойство вызывает влияние на глобальное потепление.</edu>
  <edu id="e12" lang="en">Burning plane fuel can releases carbon dioxide into environment that cause the Earth to heat up.</edu>
  <edu id="e12" lang="ru" trans="google">Сжигание топлива самолета может Диоксид углерода выбросов в окружающую среду, которые вызывают Землю нагреваться.</edu>
  <edu id="e13" lang="en">In fact, while many efforts are being made to reduce CO2 emissions from cars and factories, nothing is being done to reins the airlines.</edu>
  <edu id="e13" lang="ru" trans="google">В самом деле, в то время как многие усилия, направленные на уменьшение выбросов СО2 от автомобилей и заводов, ничего не делается, чтобы бразды авиакомпаний.</edu>
  <edu id="e14" lang="en">In conclusion, I would argue that the drawbacks of cheap air fares outweigh the benefits.</edu>
  <edu id="e14" lang="ru" trans="google">В заключение я хотел бы утверждать, что недостатки дешевых авиабилетов перевешивают выгоды.</edu>
  <edu id="e15" lang="en">However, it does not mean that air travel should be more expensive.</edu>
  <edu id="e15" lang="ru" trans="google">Однако, это не означает, что воздушное путешествие должно быть более дорогим.</edu>
  <edu id="e16" lang="en">Instead, people should be aware of their responsibility to reduce the emissions caused by their lifestyle choices.</edu>
  <edu id="e16" lang="ru" trans="google">Вместо этого, люди должны осознавать свою ответственность по сокращению выбросов, вызванных их образа жизни.</edu>
  <adu id="a1" type="neut"/>
  <adu id="a2" type="neut"/>
  <adu id="a3" type="opp"/>
  <adu id="a4" type="mcl"/>
  <adu id="a5" type="pro"/>
  <adu id="a6" type="pro"/>
  <adu id="a7" type="pro"/>
  <adu id="a8" type="pro"/>
  <adu id="a9" type="opp"/>
  <adu id="a10" type="opp"/>
  <adu id="a11" type="opp"/>
  <adu id="a12" type="opp"/>
  <adu id="a13" type="opp"/>
  <adu id="a14" type="mcl"/>
  <adu id="a15" type="neut"/>
  <adu id="a16" type="neut"/>
  <edge id="c15" src="e1" trg="a1" type="seg"/>
  <edge id="c16" src="e2" trg="a2" type="seg"/>
  <edge id="c17" src="e3" trg="a3" type="seg"/>
  <edge id="c18" src="e4" trg="a4" type="seg"/>
  <edge id="c19" src="e5" trg="a5" type="seg"/>
  <edge id="c20" src="e6" trg="a6" type="seg"/>
  <edge id="c21" src="e7" trg="a7" type="seg"/>
  <edge id="c22" src="e8" trg="a8" type="seg"/>
  <edge id="c23" src="e9" trg="a9" type="seg"/>
  <edge id="c24" src="e10" trg="a10" type="seg"/>
  <edge id="c25" src="e11" trg="a11" type="seg"/>
  <edge id="c26" src="e12" trg="a12" type="seg"/>
  <edge id="c27" src="e13" trg="a13" type="seg"/>
  <edge id="c28" src="e14" trg="a14" type="seg"/>
  <edge id="c29" src="e15" trg="a15" type="seg"/>
  <edge id="c30" src="e16" trg="a16" type="seg"/>
  <edge id="c1" src="a3" trg="a4" type="reb"/>
  <edge id="c2" src="a3" trg="a14" type="reb"/>
  <edge id="c3" src="a5" trg="a4" type="sup"/>
  <edge id="c4" src="a5" trg="a14" type="sup"/>
  <edge id="c5" src="a6" trg="a5" type="sup"/>
  <edge id="c6" src="a7" trg="a5" type="sup"/>
  <edge id="c7" src="a8" trg="a4" type="sup"/>
  <edge id="c8" src="a8" trg="a14" type="sup"/>
  <edge id="c9" src="a9" trg="a4" type="reb"/>
  <edge id="c10" src="a9" trg="a14" type="reb"/>
  <edge id="c11" src="a10" trg="a9" type="sup"/>
  <edge id="c12" src="a11" trg="a9" type="sup"/>
  <edge id="c13" src="a12" trg="a11" type="sup"/>
  <edge id="c14" src="a13" trg="a11" type="sup"/>
</arggraph>
