<?xml version='1.0' encoding='UTF-8'?>
<arggraph id="micro_e388" stance="pro" topic_id="Do guns can really increase the level of violence ?" topic_ru="Есть ли оружие действительно может повысить уровень насилия?">
  <edu id="e1" lang="en">The number of criminality is increase rapidly throughout the world.</edu>
  <edu id="e1" lang="ru" trans="google">Число преступности быстро возрастать по всему миру.</edu>
  <edu id="e2" lang="en">Some inhabitants argue that this case appears because the guns are always used by a police to solve a criminal act.</edu>
  <edu id="e2" lang="ru" trans="google">Некоторые жители утверждают, что в этом случае возникает потому, что оружие всегда используются в полиции для решения преступного деяния.</edu>
  <edu id="e3" lang="en">Personally, I tend to disagree with this statement, while I believe that other factors contribute a slight incline level of violence.</edu>
  <edu id="e3" lang="ru" trans="google">Лично я склонен согласиться с этим утверждением, в то время как я считаю, что другие факторы способствуют небольшой уровень наклона насилия.</edu>
  <edu id="e4" lang="en">On the one hand, I agree that a police holds a responsibility to tackle of violence in the urban or suburban areas using a gun.</edu>
  <edu id="e4" lang="ru" trans="google">С одной стороны, я согласен, что полиция держит ответственность для решения насилия в городских и пригородных районах с помощью пистолета.</edu>
  <edu id="e5" lang="en">An obvious example of this happens in The United State, a man killed more than ten people in the cinema using a weapon, while a police shot in the foot to paralyze him.</edu>
  <edu id="e5" lang="ru" trans="google">Очевидный пример этого происходит в Соединенном государстве, человек убил более десяти людей в кино с использованием оружия, в то время как полицейский выстрелил в ноге, чтобы парализовать его.</edu>
  <edu id="e6" lang="en">Obviously, police officers can force a criminal to surrender.</edu>
  <edu id="e6" lang="ru" trans="google">Очевидно, что сотрудники полиции могут заставить преступника сдаться.</edu>
  <edu id="e7" lang="en">Because they have a weapon which will prevent an escaping criminal who poses a serious danger to the public.</edu>
  <edu id="e7" lang="ru" trans="google">Потому что у них есть оружие, которое позволит предотвратить ускользающий преступник, который представляет серьезную опасность для общества.</edu>
  <edu id="e8" lang="en">As a result, some military weapons need encouraging for police officers to protect the public and minimize the rate of violence.</edu>
  <edu id="e8" lang="ru" trans="google">В результате, некоторые военные оружию нужно обнадеживающее для сотрудников полиции, чтобы защитить население и минимизировать уровень насилия.</edu>
  <edu id="e9" lang="en">On the other hand, there are some reason why the level of bloody increases significantly in the communities.</edu>
  <edu id="e9" lang="ru" trans="google">С другой стороны, есть какая-то причина, почему уровень кровавых значительно возрастает в сообществах.</edu>
  <edu id="e10" lang="en">Firstly, the number of unemployment rate has risen to 15 percent in several globalized and non-globalized countries.</edu>
  <edu id="e10" lang="ru" trans="google">Во-первых, число уровень безработицы вырос до 15 процентов в нескольких глобализованных и не глобализированные стран.</edu>
  <edu id="e11" lang="en">Many well-qualified and well-educated person cannot earn some money to live comfortably.</edu>
  <edu id="e11" lang="ru" trans="google">Многие хорошо квалифицированный и хорошо образованный человек не может заработать немного денег, чтобы жить комфортно.</edu>
  <edu id="e12" lang="en">Secondly, cost of living in the big city is extremely expensive, so this problem impresses some people who live under the poverty line to do anything to pay their basic needs.</edu>
  <edu id="e12" lang="ru" trans="google">Во-вторых, стоимость жизни в большом городе очень дорого, так что эта проблема поражает некоторых людей, которые живут за чертой бедности, чтобы сделать что-нибудь, чтобы оплатить свои основные потребности.</edu>
  <edu id="e13" lang="en">Many baggers chose to be a pickpocket in the public transport, for instance.</edu>
  <edu id="e13" lang="ru" trans="google">Многие упаковщики выбрали быть карманник в общественном транспорте, например.</edu>
  <edu id="e14" lang="en">In conclusion, it seems to me that the guns which are used by police have not been a trigger of higher level of violence.</edu>
  <edu id="e14" lang="ru" trans="google">В заключении, мне кажется, что оружие, которые используются полиция не было триггером более высокого уровня насилия.</edu>
  <edu id="e15" lang="en">However, some cases occupy a crucial reason to do a criminality in society such unemployment.</edu>
  <edu id="e15" lang="ru" trans="google">Тем не менее, в некоторых случаях занимают важную причину, чтобы сделать криминал в обществе такой безработицы.</edu>
  <edu id="e16" lang="en">In my view, the main focus is decreasing a level of unemployment to avoid a criminal act.</edu>
  <edu id="e16" lang="ru" trans="google">На мой взгляд, основное внимание снижается уровень безработицы, чтобы избежать преступного деяния.</edu>
  <adu id="a1" type="neut"/>
  <adu id="a2" type="neut"/>
  <adu id="a3" type="neut"/>
  <adu id="a4" type="opp"/>
  <adu id="a5" type="opp"/>
  <adu id="a6" type="opp"/>
  <adu id="a7" type="opp"/>
  <adu id="a8" type="opp"/>
  <adu id="a9" type="pro"/>
  <adu id="a10" type="pro"/>
  <adu id="a11" type="pro"/>
  <adu id="a12" type="pro"/>
  <adu id="a13" type="pro"/>
  <adu id="a14" type="mcl"/>
  <adu id="a15" type="neut"/>
  <adu id="a16" type="neut"/>
  <edge id="c11" src="e1" trg="a1" type="seg"/>
  <edge id="c12" src="e2" trg="a2" type="seg"/>
  <edge id="c13" src="e3" trg="a3" type="seg"/>
  <edge id="c14" src="e4" trg="a4" type="seg"/>
  <edge id="c15" src="e5" trg="a5" type="seg"/>
  <edge id="c16" src="e6" trg="a6" type="seg"/>
  <edge id="c17" src="e7" trg="a7" type="seg"/>
  <edge id="c18" src="e8" trg="a8" type="seg"/>
  <edge id="c19" src="e9" trg="a9" type="seg"/>
  <edge id="c20" src="e10" trg="a10" type="seg"/>
  <edge id="c21" src="e11" trg="a11" type="seg"/>
  <edge id="c22" src="e12" trg="a12" type="seg"/>
  <edge id="c23" src="e13" trg="a13" type="seg"/>
  <edge id="c24" src="e14" trg="a14" type="seg"/>
  <edge id="c25" src="e15" trg="a15" type="seg"/>
  <edge id="c26" src="e16" trg="a16" type="seg"/>
  <edge id="c1" src="a4" trg="a8" type="sup"/>
  <edge id="c2" src="a5" trg="a8" type="exa"/>
  <edge id="c3" src="a6" trg="a8" type="sup"/>
  <edge id="c4" src="a7" trg="a6" type="sup"/>
  <edge id="c5" src="a8" trg="a14" type="reb"/>
  <edge id="c6" src="a9" trg="a14" type="sup"/>
  <edge id="c7" src="a10" trg="a9" type="sup"/>
  <edge id="c8" src="a11" trg="a10" type="sup"/>
  <edge id="c9" src="a12" trg="a9" type="sup"/>
  <edge id="c10" src="a13" trg="a12" type="sup"/>
</arggraph>
