<?xml version='1.0' encoding='UTF-8'?>
<arggraph id="micro_e108" stance="pro" topic_id="Foreign language instruction should begin in kindergarten" topic_ru="инструкция на иностранном языке должна начинаться в детском саду">
  <edu id="e1" lang="en">Educational institutions have different systems when it comes to introducing foreign languages to children.</edu>
  <edu id="e1" lang="ru" trans="google">Учебные заведения имеют разные системы, когда речь идет о введении иностранных языков для детей.</edu>
  <edu id="e2" lang="en">Some people believe that foreign language instruction should start in pre-school.</edu>
  <edu id="e2" lang="ru" trans="google">Некоторые люди считают, что обучение иностранного языка должно начинаться в дошкольном.</edu>
  <edu id="e3" lang="en">However, those who disagree contend that this should be taught in later years.</edu>
  <edu id="e3" lang="ru" trans="google">Тем не менее, те, кто не согласен утверждать, что это должно преподаваться в более поздние годы.</edu>
  <edu id="e4" lang="en">This issue has garnered some attention in the academe as it has an impact on the children's learning.</edu>
  <edu id="e4" lang="ru" trans="google">Эта проблема получила некоторое внимание в научных кругах, как это имеет влияние на обучении детей.</edu>
  <edu id="e5" lang="en">I personally believe that it is important for children to be taught with a secondary language as early as kindergarten.</edu>
  <edu id="e5" lang="ru" trans="google">Я лично считаю, что это важно для детей, чтобы научить с вторичным языком как уже в детском саду.</edu>
  <edu id="e6" lang="en">To begin with, children might not be really comfortable with the use of a language other than their native tongue when they are in their kindergarten years.</edu>
  <edu id="e6" lang="ru" trans="google">Начнем с того, дети не могут быть очень комфортно с использованием языка, кроме своего родного языка, когда они находятся в своих детских садах лет.</edu>
  <edu id="e7" lang="en">Learning at school must be convenient for them if they speak in a way that they are used to.</edu>
  <edu id="e7" lang="ru" trans="google">Обучение в школе должно быть удобно для них, если они говорят таким образом, что они привыкли.</edu>
  <edu id="e8" lang="en">Moreover, teachers think that foreign language most likely leads to confusion for children who are yet to start learning.</edu>
  <edu id="e8" lang="ru" trans="google">Кроме того, учителя считают, что иностранный язык, скорее всего, приводит к путанице для детей, которые еще не приступили к обучению.</edu>
  <edu id="e9" lang="en">Another important thing to consider is that the teacher should be well-trained in the use of this specific language, so quality education will be delivered.</edu>
  <edu id="e9" lang="ru" trans="google">Другая важная вещь, чтобы рассмотреть, что учитель должен быть хорошо обучен в использовании этого конкретного языка, так что качество образования будет доставлено.</edu>
  <edu id="e10" lang="en">Nevertheless, it is undeniable that kids are amazing learners, and the best time to hone them is in their younger years.</edu>
  <edu id="e10" lang="ru" trans="google">Тем не менее, нельзя отрицать, что дети удивительные ученики, и самое лучшее время, чтобы заточить их в свои молодые годы.</edu>
  <edu id="e11" lang="en">The introduction of foreign language will be new to them.</edu>
  <edu id="e11" lang="ru" trans="google">Введение иностранного языка будет новым для них.</edu>
  <edu id="e12" lang="en">However, their curiosity will drive them to learn and comprehend.</edu>
  <edu id="e12" lang="ru" trans="google">Тем не менее, их любопытство будет стимулировать их изучать и постигать.</edu>
  <edu id="e13" lang="en">In this way, grasping a new language will be natural to them.</edu>
  <edu id="e13" lang="ru" trans="google">Таким образом, захватывая новый язык будет естественным для них.</edu>
  <edu id="e14" lang="en">In addition, the positive impact of this strategy is beneficial to both learners and teachers.</edu>
  <edu id="e14" lang="ru" trans="google">Кроме того, положительное влияние этой стратегии является полезным для обоих учеников и учителей.</edu>
  <edu id="e15" lang="en">Teachers will not find it difficult to make students learn such new concept in their teenage years.</edu>
  <edu id="e15" lang="ru" trans="google">Учителя не будет трудно сделать студенты изучают такие новые концепции в подростковом возрасте.</edu>
  <edu id="e16" lang="en">It is certainly clear that the advantages of early introduction of foreign language outweigh its disadvantages.</edu>
  <edu id="e16" lang="ru" trans="google">Это, конечно, понятно, что преимущества раннего введения иностранного языка перевешивают его недостатки.</edu>
  <edu id="e17" lang="en">In conclusion, the use of foreign language instruction as early as kindergarten is supported by some people; however, there are those who disagree.</edu>
  <edu id="e17" lang="ru" trans="google">В заключение отметим, что использование инструкции иностранного языка уже в детском саду поддерживается некоторыми людьми; Однако, есть те, кто не согласен.</edu>
  <edu id="e18" lang="en">I am totally convinced that if this endeavour is properly implemented by schools, this will most likely lead to improvement of learning ability among children.</edu>
  <edu id="e18" lang="ru" trans="google">Я абсолютно убежден, что, если это стремление должным образом реализуются в школах, это, скорее всего, приведет к улучшению способности к обучению у детей.</edu>
  <adu id="a1" type="neut"/>
  <adu id="a2" type="neut"/>
  <adu id="a3" type="neut"/>
  <adu id="a4" type="neut"/>
  <adu id="a5" type="mcl"/>
  <adu id="a6" type="opp"/>
  <adu id="a7" type="opp"/>
  <adu id="a8" type="opp"/>
  <adu id="a9" type="opp"/>
  <adu id="a10" type="pro"/>
  <adu id="a11" type="opp"/>
  <adu id="a12" type="pro"/>
  <adu id="a13" type="pro"/>
  <adu id="a14" type="pro"/>
  <adu id="a15" type="pro"/>
  <adu id="a16" type="pro"/>
  <adu id="a17" type="neut"/>
  <adu id="a18" type="mcl"/>
  <edge id="c14" src="e1" trg="a1" type="seg"/>
  <edge id="c15" src="e2" trg="a2" type="seg"/>
  <edge id="c16" src="e3" trg="a3" type="seg"/>
  <edge id="c17" src="e4" trg="a4" type="seg"/>
  <edge id="c18" src="e5" trg="a5" type="seg"/>
  <edge id="c19" src="e6" trg="a6" type="seg"/>
  <edge id="c20" src="e7" trg="a7" type="seg"/>
  <edge id="c21" src="e8" trg="a8" type="seg"/>
  <edge id="c22" src="e9" trg="a9" type="seg"/>
  <edge id="c23" src="e10" trg="a10" type="seg"/>
  <edge id="c24" src="e11" trg="a11" type="seg"/>
  <edge id="c25" src="e12" trg="a12" type="seg"/>
  <edge id="c26" src="e13" trg="a13" type="seg"/>
  <edge id="c27" src="e14" trg="a14" type="seg"/>
  <edge id="c28" src="e15" trg="a15" type="seg"/>
  <edge id="c29" src="e16" trg="a16" type="seg"/>
  <edge id="c30" src="e17" trg="a17" type="seg"/>
  <edge id="c31" src="e18" trg="a18" type="seg"/>
  <edge id="c1" src="a6" trg="a5" type="reb"/>
  <edge id="c2" src="a6" trg="a18" type="reb"/>
  <edge id="c3" src="a7" trg="a6" type="sup"/>
  <edge id="c4" src="a8" trg="a6" type="sup"/>
  <edge id="c5" src="a9" trg="a6" type="sup"/>
  <edge id="c6" src="a10" trg="a16" type="sup"/>
  <edge id="c7" src="a11" trg="a16" type="reb"/>
  <edge id="c8" src="a12" trg="a11" type="reb"/>
  <edge id="c9" src="a13" trg="a11" type="reb"/>
  <edge id="c10" src="a14" trg="a16" type="sup"/>
  <edge id="c11" src="a15" trg="a16" type="sup"/>
  <edge id="c12" src="a16" trg="a5" type="sup"/>
  <edge id="c13" src="a16" trg="a18" type="sup"/>
</arggraph>
