<?xml version='1.0' encoding='UTF-8'?>
<arggraph id="micro_e389" stance="pro" topic_id="Life in Big Cities Vs People's health" topic_ru="Жизнь в здоровье Крупных городов Vs народного">
  <edu id="e1" lang="en">Today, more and more people are moving to big cities to live.</edu>
  <edu id="e1" lang="ru" trans="google">Сегодня все больше и больше людей переезжают в большие города, чтобы жить.</edu>
  <edu id="e2" lang="en">However, while life in those cities is good in some ways,.</edu>
  <edu id="e2" lang="ru" trans="google">Тем не менее, в то время как жизнь в этих городах хорошо в некотором смысле ,.</edu>
  <edu id="e3" lang="en">I completely argue that people's health would therefore be affected negatively.</edu>
  <edu id="e3" lang="ru" trans="google">Я полностью утверждать, что здоровье людей будет поэтому повлиять отрицательно.</edu>
  <edu id="e4" lang="en">Environment pollution one of the primary reasons why life in cities is becoming worse than ever before.</edu>
  <edu id="e4" lang="ru" trans="google">Загрязнение окружающей среды одна из основных причин, почему жизнь в городах становится все хуже, чем когда-либо прежде.</edu>
  <edu id="e5" lang="en">Exhaust from transportation, especially cars, and factories' tosix fumes can lead people to face with various respiratory deseases.</edu>
  <edu id="e5" lang="ru" trans="google">Выхлопная от транспорта, особенно автомобилей, а также токсичные газы заводов может привести людей к лицу с различными заболеваниями органов дыхания.</edu>
  <edu id="e6" lang="en">Besides, water pollution makes people's health become more critical.</edu>
  <edu id="e6" lang="ru" trans="google">Кроме того, загрязнение воды делает здоровье людей становится все более важным.</edu>
  <edu id="e7" lang="en">The fact is that dangerous bacterias and germs in polluted water can go indirectly into people's bodies and create severe problems, which may result in death if the patients are not treated in time.</edu>
  <edu id="e7" lang="ru" trans="google">Дело в том, что опасные бактерии и микробы в загрязненной воде могут идти косвенно в тело людей и создают серьезные проблемы, которые могут привести к смерти, если пациенты не лечить вовремя.</edu>
  <edu id="e8" lang="en">Moreover, it is likely that many foods in big cities are not safe for people to eat or drink.</edu>
  <edu id="e8" lang="ru" trans="google">Кроме того, вполне вероятно, что многие продукты в больших городах, не являются безопасными для людей, чтобы есть или пить.</edu>
  <edu id="e9" lang="en">Recent investigations reveal that toxic foods are sold pervasively in today's market.</edu>
  <edu id="e9" lang="ru" trans="google">Последние исследования показывают, что токсические продукты продаются pervasively на современном рынке.</edu>
  <edu id="e10" lang="en">Also, overpopulation may make people suffer from infectious deseases, especially cough, sneezing and illness.</edu>
  <edu id="e10" lang="ru" trans="google">Кроме того, перенаселенность может заставить человек страдают от инфекционных заболеваний, особенно кашля, чихания и болезни.</edu>
  <edu id="e11" lang="en">Furthermore, living in such cities also means living in high crime rate areas.</edu>
  <edu id="e11" lang="ru" trans="google">Кроме того, жить в таких городах, также означает, проживающим в районах, высокий уровень преступности.</edu>
  <edu id="e12" lang="en">Unemployed workers or school dropouts can easily commit crime from petty offence to felony such as burglary, pickpocketing, trickery, vandalism, smuggling or even murder.</edu>
  <edu id="e12" lang="ru" trans="google">Безработные или школьные уволенные могут легко совершить преступление из мелкого преступления в уголовное преступление, такие как кража со взломом, карманные, обман, вандализм, контрабанда или даже убийства.</edu>
  <edu id="e13" lang="en">Earning money for living becomes more difficult, living healthy in such places is getting harder also.</edu>
  <edu id="e13" lang="ru" trans="google">Зарабатывать деньги для жизни становится все более трудным, здоровым образом жизни в таких местах становятся все труднее и.</edu>
  <edu id="e14" lang="en">In conclusion, I believe that life in big cities can have negative effects on people's health.</edu>
  <edu id="e14" lang="ru" trans="google">В заключении, я считаю, что жизнь в больших городах может оказать негативное воздействие на здоровье людей.</edu>
  <edu id="e15" lang="en">Thus, both government and individual should take steps to diminish the consequences involved.</edu>
  <edu id="e15" lang="ru" trans="google">Таким образом, как государственные, так и человек должен принять меры, чтобы уменьшить последствия, связанные.</edu>
  <adu id="a1" type="neut"/>
  <adu id="a2" type="opp"/>
  <adu id="a3" type="mcl"/>
  <adu id="a4" type="pro"/>
  <adu id="a5" type="pro"/>
  <adu id="a6" type="pro"/>
  <adu id="a7" type="pro"/>
  <adu id="a8" type="pro"/>
  <adu id="a9" type="pro"/>
  <adu id="a10" type="pro"/>
  <adu id="a11" type="pro"/>
  <adu id="a12" type="pro"/>
  <adu id="a13" type="pro"/>
  <adu id="a14" type="mcl"/>
  <adu id="a15" type="neut"/>
  <edge id="c17" src="e1" trg="a1" type="seg"/>
  <edge id="c18" src="e2" trg="a2" type="seg"/>
  <edge id="c19" src="e3" trg="a3" type="seg"/>
  <edge id="c20" src="e4" trg="a4" type="seg"/>
  <edge id="c21" src="e5" trg="a5" type="seg"/>
  <edge id="c22" src="e6" trg="a6" type="seg"/>
  <edge id="c23" src="e7" trg="a7" type="seg"/>
  <edge id="c24" src="e8" trg="a8" type="seg"/>
  <edge id="c25" src="e9" trg="a9" type="seg"/>
  <edge id="c26" src="e10" trg="a10" type="seg"/>
  <edge id="c27" src="e11" trg="a11" type="seg"/>
  <edge id="c28" src="e12" trg="a12" type="seg"/>
  <edge id="c29" src="e13" trg="a13" type="seg"/>
  <edge id="c30" src="e14" trg="a14" type="seg"/>
  <edge id="c31" src="e15" trg="a15" type="seg"/>
  <edge id="c1" src="a2" trg="a3" type="reb"/>
  <edge id="c2" src="a2" trg="a14" type="reb"/>
  <edge id="c3" src="a4" trg="a3" type="sup"/>
  <edge id="c4" src="a4" trg="a14" type="sup"/>
  <edge id="c5" src="a5" trg="a4" type="sup"/>
  <edge id="c6" src="a6" trg="a4" type="sup"/>
  <edge id="c7" src="a7" trg="a6" type="sup"/>
  <edge id="c8" src="a8" trg="a3" type="sup"/>
  <edge id="c9" src="a8" trg="a14" type="sup"/>
  <edge id="c10" src="a9" trg="a8" type="sup"/>
  <edge id="c11" src="a10" trg="a8" type="sup"/>
  <edge id="c12" src="a11" trg="a3" type="sup"/>
  <edge id="c13" src="a11" trg="a14" type="sup"/>
  <edge id="c14" src="a12" trg="a11" type="sup"/>
  <edge id="c15" src="a13" trg="a3" type="sup"/>
  <edge id="c16" src="a13" trg="a14" type="sup"/>
</arggraph>
