<?xml version='1.0' encoding='UTF-8'?>
<arggraph id="micro_e384" stance="pro" topic_id="Salary is the most important consideration when choosing a job" topic_ru="Заработная плата является наиболее важным фактором при выборе работы">
  <edu id="e1" lang="en">Along with the increasing physical demands of human life, salary has become the most influential consideration in defining careers of everyone.</edu>
  <edu id="e1" lang="ru" trans="google">Наряду с увеличением физических нагрузок человеческой жизни, заработная плата стала самым влиятельным фактором в определении карьеры каждого.</edu>
  <edu id="e2" lang="en">I personally suppose that there are still many other aspects which should be seen as important as income when people choose a job.</edu>
  <edu id="e2" lang="ru" trans="google">Я лично полагаю, что есть еще много других аспектов, которые следует рассматривать, как важно, как доход, когда люди выбирают работу.</edu>
  <edu id="e3" lang="en">In the following paragraphs, some of my viewpoints would be given and analyzed respectively.</edu>
  <edu id="e3" lang="ru" trans="google">В следующих пунктах, некоторые из моих точек зрения будут даны и проанализированы соответственно.</edu>
  <edu id="e4" lang="en">On one hand, i agree that money is very essential in order to meet human's basic needs.</edu>
  <edu id="e4" lang="ru" trans="google">С одной стороны, я согласен, что деньги очень важно для того, чтобы основные потребности удовлетворяют требованиям человека.</edu>
  <edu id="e5" lang="en">More specifically, people tend to choose high salary jobs so as to not only help themselves but also support partially or wholly their family's living needs such as food, clothes, accommodation, education, medication.</edu>
  <edu id="e5" lang="ru" trans="google">Более конкретно, люди склонны выбирать высокие рабочие зарплаты, чтобы не только помочь себе, но и поддерживать частично или полностью доживают семьи потребности, такие как еда, одежда, жилье, образование, лечение.</edu>
  <edu id="e6" lang="en">It is obvious that people who are woking in art or painting industries, for example, will find it quite difficult to live comfortably and enjoyably.</edu>
  <edu id="e6" lang="ru" trans="google">Очевидно, что люди, которые WOKING в искусстве или живописи промышленности, например, найти его довольно трудно жить комфортно и приятно.</edu>
  <edu id="e7" lang="en">This is because they are doing what they love, their income however seems to be quite low compared to many other career paths.</edu>
  <edu id="e7" lang="ru" trans="google">Это происходит потому, что они делают то, что они любят, их доход, однако, кажется, довольно низкий по сравнению со многими другими путями карьеры.</edu>
  <edu id="e8" lang="en">On the other hand, i believe that if we are passionate about what we are working, we are likely to achieve success easily in that field.</edu>
  <edu id="e8" lang="ru" trans="google">С другой стороны, я считаю, что если мы увлечены тем, что мы работаем, мы, скорее всего, достичь успеха легко в этой области.</edu>
  <edu id="e9" lang="en">There are plenty of people, who are now really successful, have started working in challenging as well as competitive fields as singers, dancers and painters.</edu>
  <edu id="e9" lang="ru" trans="google">Есть много людей, которые сейчас очень успешно, начали работать в сложной, а также конкурентные поля как певцов, танцоров и художников.</edu>
  <edu id="e10" lang="en">Besides, important factors in choosing a job such as level of happiness, satisfaction of jobs, personal relationships, professional skills, working environment, managers and colleagues should not be underestimated.</edu>
  <edu id="e10" lang="ru" trans="google">Кроме того, важными факторами при выборе работы, такие как уровень счастья, удовлетворенности рабочих мест, личных отношений, профессиональных навыков, рабочей среды, менеджеров и коллег не следует недооценивать.</edu>
  <edu id="e11" lang="en">Finally, some people choose a career due to their desire to help others and contribute positively to their countries and societies.</edu>
  <edu id="e11" lang="ru" trans="google">Наконец, некоторые люди выбирают карьеру из-за их желание помочь другим и внести позитивный вклад в их странах и обществах.</edu>
  <edu id="e12" lang="en">In conclusion, it is undeniable that income is still a vital determination impacting us on choices of careers.</edu>
  <edu id="e12" lang="ru" trans="google">В заключение, нельзя отрицать, что доход по-прежнему жизненно важное определение влияния на нас на выборе карьеры.</edu>
  <edu id="e13" lang="en">Nonetheless, passion on jobs, in my opinion, can bring actual happiness and help us get promoted in working to earn even more money later on.</edu>
  <edu id="e13" lang="ru" trans="google">Тем не менее, страсть на работу, на мой взгляд, может принести фактическое счастье и помочь нам получить содействие в работе, чтобы заработать еще больше денег позже.</edu>
  <adu id="a1" type="neut"/>
  <adu id="a2" type="mcl"/>
  <adu id="a3" type="neut"/>
  <adu id="a4" type="opp"/>
  <adu id="a5" type="opp"/>
  <adu id="a6" type="opp"/>
  <adu id="a7" type="opp"/>
  <adu id="a8" type="pro"/>
  <adu id="a9" type="pro"/>
  <adu id="a10" type="pro"/>
  <adu id="a11" type="pro"/>
  <adu id="a12" type="opp"/>
  <adu id="a13" type="mcl"/>
  <edge id="c13" src="e1" trg="a1" type="seg"/>
  <edge id="c14" src="e2" trg="a2" type="seg"/>
  <edge id="c15" src="e3" trg="a3" type="seg"/>
  <edge id="c16" src="e4" trg="a4" type="seg"/>
  <edge id="c17" src="e5" trg="a5" type="seg"/>
  <edge id="c18" src="e6" trg="a6" type="seg"/>
  <edge id="c19" src="e7" trg="a7" type="seg"/>
  <edge id="c20" src="e8" trg="a8" type="seg"/>
  <edge id="c21" src="e9" trg="a9" type="seg"/>
  <edge id="c22" src="e10" trg="a10" type="seg"/>
  <edge id="c23" src="e11" trg="a11" type="seg"/>
  <edge id="c24" src="e12" trg="a12" type="seg"/>
  <edge id="c25" src="e13" trg="a13" type="seg"/>
  <edge id="c1" src="a4" trg="a5" type="sup"/>
  <edge id="c2" src="a5" trg="a2" type="reb"/>
  <edge id="c3" src="a5" trg="a13" type="reb"/>
  <edge id="c4" src="a6" trg="a5" type="sup"/>
  <edge id="c5" src="a7" trg="a6" type="sup"/>
  <edge id="c6" src="a8" trg="a2" type="sup"/>
  <edge id="c7" src="a8" trg="a13" type="sup"/>
  <edge id="c8" src="a9" trg="a8" type="sup"/>
  <edge id="c9" src="a10" trg="a8" type="sup"/>
  <edge id="c10" src="a11" trg="a8" type="sup"/>
  <edge id="c11" src="a12" trg="a2" type="reb"/>
  <edge id="c12" src="a12" trg="a13" type="reb"/>
</arggraph>
