<?xml version='1.0' encoding='UTF-8'?>
<arggraph id="micro_e11" stance="pro" topic_id="A greater proportion of the budget should be allotted to education and prevention issues" topic_ru="Большая часть бюджета должна быть отведено вопросам образования и профилактики">
  <edu id="e1" lang="en">In today's world, the concept of the welfare state requires governments to provide sustainable healthcare and health education to their citizens.</edu>
  <edu id="e1" lang="ru" trans="google">В современном мире, концепция социального государства требует, чтобы правительства обеспечить устойчивое здравоохранение и медицинское образование для своих граждан.</edu>
  <edu id="e2" lang="en">I completely agree with the idea that governments should devote a greater portion of their health budgets to health education and means for precautions.</edu>
  <edu id="e2" lang="ru" trans="google">Я полностью согласен с идеей, что правительства должны уделять большую часть своих бюджетов здравоохранения на образование здоровья и средство предосторожности.</edu>
  <edu id="e3" lang="en">The first reason why education and preventative measures should receive a greater budget is the potential improvements in health system.</edu>
  <edu id="e3" lang="ru" trans="google">Первая причина, почему образование и предупредительные меры должны получить больший бюджет является потенциальное улучшение системы здравоохранения.</edu>
  <edu id="e4" lang="en">I believe that decreasing the number of patients in the health system can lead hospitals and healthcare centers to be managed effectively which will result in better treatments for current patients.</edu>
  <edu id="e4" lang="ru" trans="google">Я считаю, что уменьшение числа пациентов в системе здравоохранения может привести больницы и центры здравоохранения, чтобы эффективно управлять, что приведут к улучшению лечения для текущих пациентов.</edu>
  <edu id="e5" lang="en">Therefore, society should be educated and became aware of health issues.</edu>
  <edu id="e5" lang="ru" trans="google">Таким образом, общество должно быть образованным и стало известно о проблемах здравоохранения.</edu>
  <edu id="e6" lang="en">So that the potential precautions on the way of illnesses can be taken instead of trying to provide treatment for the increasing number of patients.</edu>
  <edu id="e6" lang="ru" trans="google">Так что потенциальные меры на пути болезней могут быть приняты вместо того, чтобы обеспечить лечение для большего числа пациентов.</edu>
  <edu id="e7" lang="en">The second reason why governments should allocate more budget on prevention from illness and providing health education is the welfare of the society.</edu>
  <edu id="e7" lang="ru" trans="google">Вторая причина, почему правительства должны выделять больше бюджета на профилактику от болезней и обеспечения санитарного просвещения является благополучие общества.</edu>
  <edu id="e8" lang="en">In my opinion, there is nothing more important than health in a human's life and the happiness and welfare come with health.</edu>
  <edu id="e8" lang="ru" trans="google">На мой взгляд, нет ничего важнее здоровья в жизни человека, и счастье и благополучие приходят со здоровьем.</edu>
  <edu id="e9" lang="en">Therefore, a government's role should be providing means that lead its citizens to learn how to prevent from potential illness that can cause misery in people's lives.</edu>
  <edu id="e9" lang="ru" trans="google">Таким образом, роль правительства, должны быть предусмотрены средства, которые приводят своих граждан, чтобы узнать, как предотвратить от потенциальной болезни, которые могут вызвать страдания в жизни людей.</edu>
  <edu id="e10" lang="en">For example, the marketing campaign of Ministry of Health in Turkey which aimed smoking problem among the youth increased the well-being of those who quit smoking and adapted a better lifestyle after the campaign.</edu>
  <edu id="e10" lang="ru" trans="google">Например, маркетинговая кампания Министерства здравоохранения в Турции, которая направлена ​​проблема курения среди молодежи увеличилась благосостоянием тех, кто бросил курить и адаптировал лучший образ жизни после кампании.</edu>
  <edu id="e11" lang="en">In conclusion, a greater proportion of the budget should be allotted to education and prevention issues in comparison with treatment due to achieve more effective health system and greater level of well-being.</edu>
  <edu id="e11" lang="ru" trans="google">В заключении, большая часть бюджета должна быть отведены вопросами образования и профилактик по сравнению с лечением за счет достижения более эффективную системы здравоохранения и более высокого уровня благосостояния.</edu>
  <adu id="a1" type="neut"/>
  <adu id="a2" type="mcl"/>
  <adu id="a3" type="neut"/>
  <adu id="a4" type="pro"/>
  <adu id="a5" type="pro"/>
  <adu id="a6" type="pro"/>
  <adu id="a7" type="neut"/>
  <adu id="a8" type="pro"/>
  <adu id="a9" type="pro"/>
  <adu id="a10" type="pro"/>
  <adu id="a11" type="mcl"/>
  <edge id="c9" src="e1" trg="a1" type="seg"/>
  <edge id="c10" src="e2" trg="a2" type="seg"/>
  <edge id="c11" src="e3" trg="a3" type="seg"/>
  <edge id="c12" src="e4" trg="a4" type="seg"/>
  <edge id="c13" src="e5" trg="a5" type="seg"/>
  <edge id="c14" src="e6" trg="a6" type="seg"/>
  <edge id="c15" src="e7" trg="a7" type="seg"/>
  <edge id="c16" src="e8" trg="a8" type="seg"/>
  <edge id="c17" src="e9" trg="a9" type="seg"/>
  <edge id="c18" src="e10" trg="a10" type="seg"/>
  <edge id="c19" src="e11" trg="a11" type="seg"/>
  <edge id="c1" src="a4" trg="a5" type="sup"/>
  <edge id="c2" src="a5" trg="a2" type="sup"/>
  <edge id="c3" src="a5" trg="a11" type="sup"/>
  <edge id="c4" src="a6" trg="a5" type="sup"/>
  <edge id="c5" src="a8" trg="a9" type="sup"/>
  <edge id="c6" src="a9" trg="a2" type="sup"/>
  <edge id="c7" src="a9" trg="a11" type="sup"/>
  <edge id="c8" src="a10" trg="a9" type="exa"/>
</arggraph>
