<?xml version='1.0' encoding='UTF-8'?>
<arggraph id="micro_e304" stance="pro" topic_id="Whether it is better to have broad knowledge or not" topic_ru="Является ли это лучше иметь широкие знания или нет">
  <edu id="e1" lang="en">Views differ considerably when it comes to the issue of whether having broad knowledge of many academic subjects is better than specializing in one specific subject.</edu>
  <edu id="e1" lang="ru" trans="google">Просмотров значительно отличаются, когда речь идет о вопросе о том, имеющих широкое знание многих учебных предметов лучше, чем специализирующихся в одной конкретной теме.</edu>
  <edu id="e2" lang="en">Some people believe that having a broad knowledge can give you a higher chance to success, while others think that professional in a specific subject is the key to enroll a success.</edu>
  <edu id="e2" lang="ru" trans="google">Некоторые люди считают, что наличие широкого знания может дать вам больше шансов на успех, в то время как другие считают, что профессионал в конкретной теме, является ключом зарегистрировать успех.</edu>
  <edu id="e3" lang="en">Both of the opposite arguments appear to be somewhat convincing and stand to reason.</edu>
  <edu id="e3" lang="ru" trans="google">Оба аргументов противоположных по всей видимости, несколько убедительных и стоять причину.</edu>
  <edu id="e4" lang="en">As far as I am concerned, having a large scale of different knowledge is the key to success.</edu>
  <edu id="e4" lang="ru" trans="google">Насколько я обеспокоен, имея большой масштаб разных знаний является ключом к успеху.</edu>
  <edu id="e5" lang="en">The following will present my points.</edu>
  <edu id="e5" lang="ru" trans="google">Ниже будут представлены мои очки.</edu>
  <edu id="e6" lang="en">First of all, when one knows different region's works, it will help one to get a friend much easier.</edu>
  <edu id="e6" lang="ru" trans="google">Прежде всего, когда один знает работу другого региона, это поможет один, чтобы получить друг гораздо проще.</edu>
  <edu id="e7" lang="en">For example, I worked in a large company, which has many different departments.</edu>
  <edu id="e7" lang="ru" trans="google">Например, я работал в крупной компании, которая имеет много различных отделов.</edu>
  <edu id="e8" lang="en">I was in the Management Information System department.</edu>
  <edu id="e8" lang="ru" trans="google">Я был в отделе системы управленческой информации.</edu>
  <edu id="e9" lang="en">What we do every day is to solve the problem that our clients asked in the phone.</edu>
  <edu id="e9" lang="ru" trans="google">То, что мы делаем каждый день, чтобы решить эту проблему, что наши клиенты просили в телефоне.</edu>
  <edu id="e10" lang="en">While some of the problems are the Engineering department's part, I went there and discussed with the colleagues there.</edu>
  <edu id="e10" lang="ru" trans="google">В то время как некоторые из проблем являются частью технического отдела, я пошел туда и обсудил с коллегами там.</edu>
  <edu id="e11" lang="en">Since I have studied some of the engineering courses.</edu>
  <edu id="e11" lang="ru" trans="google">Поскольку я изучал некоторые инженерные курсы.</edu>
  <edu id="e12" lang="en">It is much easier for us to contact than any other person in my department, which made me popular there, and much easier to get the help that I need.</edu>
  <edu id="e12" lang="ru" trans="google">Это гораздо проще для нас контакт, чем любой другой человек в моем отделе, который сделал меня популярным там, и гораздо проще, чтобы получить помощь, что мне нужно.</edu>
  <edu id="e13" lang="en">Second, when you want to translate your major, it is important to know some of the things about different fields.</edu>
  <edu id="e13" lang="ru" trans="google">Во-вторых, когда вы хотите перевести ваш основной, важно знать некоторые вещи о различных областях.</edu>
  <edu id="e14" lang="en">Take my cousin Jeff and his friend as an example.</edu>
  <edu id="e14" lang="ru" trans="google">Возьмите мой двоюродный брат Джефф и его друга в качестве примера.</edu>
  <edu id="e15" lang="en">They majored in financing when they were in college.</edu>
  <edu id="e15" lang="ru" trans="google">Они специализировались в финансировании, когда они были в колледже.</edu>
  <edu id="e16" lang="en">But, they decided to enroll in the art system after graduated.</edu>
  <edu id="e16" lang="ru" trans="google">Но, они решили поступить в художественной системе после того, как закончил.</edu>
  <edu id="e17" lang="en">Thanks to Jeff's hard working during his leisure time, he learned a lot about the history of art.</edu>
  <edu id="e17" lang="ru" trans="google">Благодаря трудолюбивому Джеффа во время его свободного времени он многое узнал об истории искусства.</edu>
  <edu id="e18" lang="en">Things ended up that he joined in a great team, while his friend who only knew financing issues can do nothing but worked in a bank.</edu>
  <edu id="e18" lang="ru" trans="google">Вещи, в конечном итоге, что он присоединился к большой команде, в то время как его друг, который только знал, финансируя проблемы не может сделать ничего, но работал в банке.</edu>
  <edu id="e19" lang="en">Although I agree with the idea that knowing different fields is important.</edu>
  <edu id="e19" lang="ru" trans="google">Хотя я согласен с идеей, что знание различных областей имеет важное значение.</edu>
  <edu id="e20" lang="en">I think I still have to point out that there are some different points of view.</edu>
  <edu id="e20" lang="ru" trans="google">Я думаю, что я до сих пор указывают на то, что существует несколько различных точек зрения.</edu>
  <edu id="e21" lang="en">People who hold different opinion may argue that if one can't success one's own major, what else things he can do in different filed.</edu>
  <edu id="e21" lang="ru" trans="google">Люди, которые придерживаются иного мнения могут возразить, что если один не могут успех один собственный майор, что еще вещи, которые он может делать в разных заявлениях.</edu>
  <edu id="e22" lang="en">Of course, it may be true when talking about this topic.</edu>
  <edu id="e22" lang="ru" trans="google">Конечно, это может быть правдой, когда речь идет об этой теме.</edu>
  <edu id="e23" lang="en">However, what if one finally find out him or her has the talent in other filed.</edu>
  <edu id="e23" lang="ru" trans="google">Однако, что если один, наконец, узнать его или ее есть талант в других поданном.</edu>
  <edu id="e24" lang="en">In this way, it won't be a problem at all.</edu>
  <edu id="e24" lang="ru" trans="google">Таким образом, это не будет проблемой.</edu>
  <edu id="e25" lang="en">In conclusion, given the reasons described above, when the advantages and disadvantages of whether having the knowledge in different fields is better or not are carefully compared.</edu>
  <edu id="e25" lang="ru" trans="google">В заключение, данные по причинам, описанным выше, когда преимущества и недостатки, имеющие ли знания в различных областях лучше или нет тщательно сравнивать.</edu>
  <edu id="e26" lang="en">The best choice is obviously stand on my side, which is that a broad knowledge of different subjects is really important.</edu>
  <edu id="e26" lang="ru" trans="google">Лучший выбор, очевидно, стоит на моей стороне, которая является то, что широкое знание различных предметов очень важно.</edu>
  <adu id="a1" type="neut"/>
  <adu id="a2" type="neut"/>
  <adu id="a3" type="neut"/>
  <adu id="a4" type="mcl"/>
  <adu id="a5" type="neut"/>
  <adu id="a6" type="pro"/>
  <adu id="a7" type="neut"/>
  <adu id="a8" type="neut"/>
  <adu id="a9" type="neut"/>
  <adu id="a10" type="pro"/>
  <adu id="a11" type="pro"/>
  <adu id="a12" type="pro"/>
  <adu id="a13" type="pro"/>
  <adu id="a14" type="neut"/>
  <adu id="a15" type="neut"/>
  <adu id="a16" type="neut"/>
  <adu id="a17" type="pro"/>
  <adu id="a18" type="pro"/>
  <adu id="a19" type="neut"/>
  <adu id="a20" type="neut"/>
  <adu id="a21" type="opp"/>
  <adu id="a22" type="neut"/>
  <adu id="a23" type="pro"/>
  <adu id="a24" type="neut"/>
  <adu id="a25" type="neut"/>
  <adu id="a26" type="mcl"/>
  <edge id="c13" src="e1" trg="a1" type="seg"/>
  <edge id="c14" src="e2" trg="a2" type="seg"/>
  <edge id="c15" src="e3" trg="a3" type="seg"/>
  <edge id="c16" src="e4" trg="a4" type="seg"/>
  <edge id="c17" src="e5" trg="a5" type="seg"/>
  <edge id="c18" src="e6" trg="a6" type="seg"/>
  <edge id="c19" src="e7" trg="a7" type="seg"/>
  <edge id="c20" src="e8" trg="a8" type="seg"/>
  <edge id="c21" src="e9" trg="a9" type="seg"/>
  <edge id="c22" src="e10" trg="a10" type="seg"/>
  <edge id="c23" src="e11" trg="a11" type="seg"/>
  <edge id="c24" src="e12" trg="a12" type="seg"/>
  <edge id="c25" src="e13" trg="a13" type="seg"/>
  <edge id="c26" src="e14" trg="a14" type="seg"/>
  <edge id="c27" src="e15" trg="a15" type="seg"/>
  <edge id="c28" src="e16" trg="a16" type="seg"/>
  <edge id="c29" src="e17" trg="a17" type="seg"/>
  <edge id="c30" src="e18" trg="a18" type="seg"/>
  <edge id="c31" src="e19" trg="a19" type="seg"/>
  <edge id="c32" src="e20" trg="a20" type="seg"/>
  <edge id="c33" src="e21" trg="a21" type="seg"/>
  <edge id="c34" src="e22" trg="a22" type="seg"/>
  <edge id="c35" src="e23" trg="a23" type="seg"/>
  <edge id="c36" src="e24" trg="a24" type="seg"/>
  <edge id="c37" src="e25" trg="a25" type="seg"/>
  <edge id="c38" src="e26" trg="a26" type="seg"/>
  <edge id="c1" src="a6" trg="a4" type="sup"/>
  <edge id="c2" src="a6" trg="a26" type="sup"/>
  <edge id="c3" src="a10" trg="a6" type="sup"/>
  <edge id="c4" src="a11" trg="a10" type="sup"/>
  <edge id="c5" src="a12" trg="a6" type="sup"/>
  <edge id="c6" src="a13" trg="a4" type="sup"/>
  <edge id="c7" src="a13" trg="a26" type="sup"/>
  <edge id="c8" src="a17" trg="a13" type="sup"/>
  <edge id="c9" src="a18" trg="a13" type="sup"/>
  <edge id="c10" src="a21" trg="a4" type="reb"/>
  <edge id="c11" src="a21" trg="a26" type="reb"/>
  <edge id="c12" src="a23" trg="a21" type="reb"/>
</arggraph>
