<?xml version='1.0' encoding='UTF-8'?>
<arggraph id="micro_e175" stance="pro" topic_id="Economic development vs environment" topic_ru="Экономическое развитие против окружающей среды">
  <edu id="e1" lang="en">Currently, a great number of countries have pushed forward their economies by developing national industries.</edu>
  <edu id="e1" lang="ru" trans="google">В настоящее время большое число стран выдвинули вперед свою экономику за счет развития национальной промышленности.</edu>
  <edu id="e2" lang="en">However, some people are worried that the economic targets in industrialized countries may be attained at the expense of the ecosystems.</edu>
  <edu id="e2" lang="ru" trans="google">Тем не менее, некоторые люди обеспокоены тем, что экономические цели в промышленно развитых странах могут быть достигнуты за счет экосистем.</edu>
  <edu id="e3" lang="en">From my perspective, I think flourishing economies can go hand in hand with environmental preservation.</edu>
  <edu id="e3" lang="ru" trans="google">С моей точки зрения, я думаю, процветающие экономики может идти рука об руку с сохранением окружающей среды.</edu>
  <edu id="e4" lang="en">Admittedly, some countries may place economic developments ahead of environmental protection, thus ruining the local environments.</edu>
  <edu id="e4" lang="ru" trans="google">Следует признать, что некоторые страны могут поставить экономические события впереди окружающей среды, тем самым разрушая местную среду.</edu>
  <edu id="e5" lang="en">As these needy countries lack adequate financial and human resources, advanced technologies and experience.</edu>
  <edu id="e5" lang="ru" trans="google">Поскольку эти нуждающиеся страны не имеют достаточные финансовые и людские ресурсы, передовые технологии и опыт.</edu>
  <edu id="e6" lang="en">they have to rely on natural resources to maintain their living standards.</edu>
  <edu id="e6" lang="ru" trans="google">они должны полагаться на природные ресурсы для поддержания их уровня жизни.</edu>
  <edu id="e7" lang="en">Besides, people in the poverty-stricken areas are not likely to be equipped with knowledge to preserve the ecosystems.</edu>
  <edu id="e7" lang="ru" trans="google">Кроме того, люди в бедных районах, вероятно, не будет обладать знаниями для сохранения экосистем.</edu>
  <edu id="e8" lang="en">As a result, unchecked and reckless uses of the local raw materials may happen, which can put a strain on the natural resources.</edu>
  <edu id="e8" lang="ru" trans="google">В результате, непроверенные и неосторожные использование местного сырья может случиться, что может поставить нагрузку на природные ресурсы.</edu>
  <edu id="e9" lang="en">In this view, the economic development and environmental protection can be conflicting.</edu>
  <edu id="e9" lang="ru" trans="google">С этой точки зрения, экономическое развитие и охрана окружающей среды могут быть противоречивыми.</edu>
  <edu id="e10" lang="en">However, I believe the booming economy can be closely linked to the preservation of the environment.</edu>
  <edu id="e10" lang="ru" trans="google">Тем не менее, я считаю, что растущая экономика может быть тесно связана с сохранением окружающей среды.</edu>
  <edu id="e11" lang="en">With people raising their awareness of the green economy, the products free of pollutants are increasingly prevalent among clients, which means eco-friendly businesses can make a favorable impression on customers today, triggering sales.</edu>
  <edu id="e11" lang="ru" trans="google">С людьми, повышение их осведомленности о зеленой экономике, продукты свободно загрязняющих веществ во все большей степени распространены среди клиентов, которые экологически чистые средства предприятия могут произвести благоприятное впечатление на клиентов сегодня, запуск продаж.</edu>
  <edu id="e12" lang="en">For example, electronic bicycles powered by clean energy resources have been well received among people in recent years.</edu>
  <edu id="e12" lang="ru" trans="google">Например, электронные велосипеды, работающие на экологически чистые энергетические ресурсы были хорошо приняты среди людей в последние годы.</edu>
  <edu id="e13" lang="en">Furthermore, taking environmental consequences seriously can enhance working efficiencies.</edu>
  <edu id="e13" lang="ru" trans="google">Кроме того, принимая экологические последствия могут серьезно повысить эффективность работы.</edu>
  <edu id="e14" lang="en">If a firm is environmentally conscious, it may have to make optimal use of its resources to improve its production lines and equipment, which can boost productivity.</edu>
  <edu id="e14" lang="ru" trans="google">Если фирма является экологически сознательной, то, возможно, придется использовать оптимальную свои ресурсы для улучшения своих производственных линий и оборудования, которые могут повысить производительность.</edu>
  <edu id="e15" lang="en">Therefore, it may spur its economic development.</edu>
  <edu id="e15" lang="ru" trans="google">Таким образом, он может стимулировать ее экономическое развитие.</edu>
  <edu id="e16" lang="en">On the other hand, without the requirement of environmental preservation, the firm would still consume a vast amount of energy which constitutes a large part of its operational costs, being a hurdle to the economic development.</edu>
  <edu id="e16" lang="ru" trans="google">С другой стороны, без требования охраны окружающей среды, фирма будет по-прежнему потребляет огромное количество энергии, которая составляет большую часть операционных затрат, являясь препятствием для экономического развития.</edu>
  <edu id="e17" lang="en">Therefore, I would conclude that thriving economies and the preservation of ecosystems can be promoted simultaneously.</edu>
  <edu id="e17" lang="ru" trans="google">Поэтому я хотел бы сделать вывод, что процветающие экономики и сохранение экосистем может способствовать одновременно.</edu>
  <edu id="e18" lang="en">On the other hand, I suppose the developed countries should support the underdeveloped areas by providing financial resources, technologies and experience so that the environmental problems can be effectively alleviated in these areas.</edu>
  <edu id="e18" lang="ru" trans="google">С другой стороны, я полагаю, что развитые страны должны поддерживать слаборазвитые районы, предоставляя финансовые ресурсы, технологии и опыт, с тем, что экологические проблемы могут быть эффективно решены в этих областях.</edu>
  <adu id="a1" type="neut"/>
  <adu id="a2" type="neut"/>
  <adu id="a3" type="mcl"/>
  <adu id="a4" type="opp"/>
  <adu id="a5" type="opp"/>
  <adu id="a6" type="opp"/>
  <adu id="a7" type="opp"/>
  <adu id="a8" type="opp"/>
  <adu id="a9" type="opp"/>
  <adu id="a10" type="pro"/>
  <adu id="a11" type="pro"/>
  <adu id="a12" type="pro"/>
  <adu id="a13" type="pro"/>
  <adu id="a14" type="pro"/>
  <adu id="a15" type="pro"/>
  <adu id="a16" type="pro"/>
  <adu id="a17" type="mcl"/>
  <adu id="a18" type="neut"/>
  <edge id="c17" src="e1" trg="a1" type="seg"/>
  <edge id="c18" src="e2" trg="a2" type="seg"/>
  <edge id="c19" src="e3" trg="a3" type="seg"/>
  <edge id="c20" src="e4" trg="a4" type="seg"/>
  <edge id="c21" src="e5" trg="a5" type="seg"/>
  <edge id="c22" src="e6" trg="a6" type="seg"/>
  <edge id="c23" src="e7" trg="a7" type="seg"/>
  <edge id="c24" src="e8" trg="a8" type="seg"/>
  <edge id="c25" src="e9" trg="a9" type="seg"/>
  <edge id="c26" src="e10" trg="a10" type="seg"/>
  <edge id="c27" src="e11" trg="a11" type="seg"/>
  <edge id="c28" src="e12" trg="a12" type="seg"/>
  <edge id="c29" src="e13" trg="a13" type="seg"/>
  <edge id="c30" src="e14" trg="a14" type="seg"/>
  <edge id="c31" src="e15" trg="a15" type="seg"/>
  <edge id="c32" src="e16" trg="a16" type="seg"/>
  <edge id="c33" src="e17" trg="a17" type="seg"/>
  <edge id="c34" src="e18" trg="a18" type="seg"/>
  <edge id="c1" src="a4" trg="a9" type="sup"/>
  <edge id="c2" src="a5" trg="a6" type="sup"/>
  <edge id="c3" src="a6" trg="a9" type="sup"/>
  <edge id="c4" src="a7" trg="a8" type="sup"/>
  <edge id="c5" src="a8" trg="a9" type="sup"/>
  <edge id="c6" src="a9" trg="a3" type="reb"/>
  <edge id="c7" src="a9" trg="a17" type="reb"/>
  <edge id="c8" src="a10" trg="a3" type="sup"/>
  <edge id="c9" src="a10" trg="a17" type="sup"/>
  <edge id="c10" src="a11" trg="a10" type="sup"/>
  <edge id="c11" src="a12" trg="a10" type="exa"/>
  <edge id="c12" src="a13" trg="a3" type="sup"/>
  <edge id="c13" src="a13" trg="a17" type="sup"/>
  <edge id="c14" src="a14" trg="a15" type="sup"/>
  <edge id="c15" src="a15" trg="a13" type="sup"/>
  <edge id="c16" src="a16" trg="a13" type="sup"/>
</arggraph>
