<?xml version='1.0' encoding='UTF-8'?>
<arggraph id="micro_e40" stance="pro" topic_id="Paying more money is the only motivation to make employees work harder" topic_ru="Платежный больше денег является единственной мотивацией, чтобы сделать сотрудников работать">
  <edu id="e1" lang="en">The purpose of this essay is to discuss whether or not the only way to motivate employees to be more hard-working and productive is by raising their salaries.</edu>
  <edu id="e1" lang="ru" trans="google">Целью данной статьи является обсуждение того или не единственный способ мотивировать сотрудников, чтобы быть более трудолюбивым и продуктивным является повышение их зарплаты.</edu>
  <edu id="e2" lang="en">In this essay, I would start by analyzing the factors for higher yields and finish by stating my position on this.</edu>
  <edu id="e2" lang="ru" trans="google">В этой статье я хотел бы начать с анализом факторов для более высоких урожаев и отделок, высказав свою позицию по этому вопросу.</edu>
  <edu id="e3" lang="en">A raise or a promotion can no doubt increase the morale in the working places.</edu>
  <edu id="e3" lang="ru" trans="google">Рейз или продвижение по службе, несомненно, повысить моральный дух в рабочих местах.</edu>
  <edu id="e4" lang="en">Workers understand they have to work harder to meet the boss' expectations and to make themselves worthwhile.</edu>
  <edu id="e4" lang="ru" trans="google">Работники понимают, что они должны работать, чтобы удовлетворить босс ожидание и сделать себя стоящим.</edu>
  <edu id="e5" lang="en">For instance, junior high school teachers have great responsibility not only for students' private lives as they are going through adolescence but also their school work due.</edu>
  <edu id="e5" lang="ru" trans="google">Например, младшие преподаватели средней школы имеют большую ответственность не только за личную жизнь студентов, как они собираются в подростковом возрасте, но и в их школе работает из-за.</edu>
  <edu id="e6" lang="en">To the fact that it is an important phase for them to study hard and get into the high school they want.</edu>
  <edu id="e6" lang="ru" trans="google">Для того, что она является важным этапом для них учиться и получить в среднюю школу они хотят.</edu>
  <edu id="e7" lang="en">If the teachers receive higher salaries, they will be willing to spend more extra time mentoring the youngsters rather than hoping they learn in cram schools and so forth, as this is what is happening in Taiwan.</edu>
  <edu id="e7" lang="ru" trans="google">Если учители получают более высокую зарплату, они будут готовы тратить больше дополнительное время наставничества молодежи, а не надеясь, что они учатся в школах втиснуть и так далее, так как это то, что происходит в Тайване.</edu>
  <edu id="e8" lang="en">Nevertheless, I believe that creating an enjoyable working environment is more realistic and essential if one wishes an increase in productivity and better employee performances.</edu>
  <edu id="e8" lang="ru" trans="google">Тем не менее, я считаю, что создание приятной рабочей среды является более реалистичным и важно, если кто-то хочет увеличение производительности и улучшение сотрудников характеристик.</edu>
  <edu id="e9" lang="en">Take Google for example, the company offers recreation rooms and extra personal leaves for their workers to develop a more relaxing and supportive workforce.</edu>
  <edu id="e9" lang="ru" trans="google">Возьмите Google, например, компания предлагает комнату отдыха и дополнительные личные листы для своих работников, чтобы разработать более расслабляющую и благоприятную рабочую силу.</edu>
  <edu id="e10" lang="en">By doing this, the employers can make sure the employees can actually focus and concentrate on their projects instead of thinking about their children or feeling pressured.</edu>
  <edu id="e10" lang="ru" trans="google">Делая это, работодатели могут убедиться, что сотрудники могут на самом деле сосредоточиться и сконцентрироваться на своих проектах вместо того, чтобы думать о своих детях или чувстве давления.</edu>
  <edu id="e11" lang="en">To sum up, I believe that a higher pay can be one of the incentive if were to encourage harder-working employees.</edu>
  <edu id="e11" lang="ru" trans="google">Подводя итог, я считаю, что более высокая заработная плата может быть одним из стимулов, если было поощрять труднее работающих сотрудников.</edu>
  <edu id="e12" lang="en">Alternatively, providing a more secured and relaxing environment for workers can fundamentally boost their productivity.</edu>
  <edu id="e12" lang="ru" trans="google">С другой стороны, обеспечивая более обеспеченную и расслабляющую обстановку для работников могут существенно повысить их производительность.</edu>
  <edu id="e13" lang="en">Since they will be feeling more cared for and therefore do their best for their bosses.</edu>
  <edu id="e13" lang="ru" trans="google">Так как они будут чувствовать себя более заботятся и поэтому делают все возможное для своих боссов.</edu>
  <adu id="a1" type="neut"/>
  <adu id="a2" type="neut"/>
  <adu id="a3" type="pro"/>
  <adu id="a4" type="pro"/>
  <adu id="a5" type="pro"/>
  <adu id="a6" type="pro"/>
  <adu id="a7" type="pro"/>
  <adu id="a8" type="opp"/>
  <adu id="a9" type="opp"/>
  <adu id="a10" type="opp"/>
  <adu id="a11" type="mcl"/>
  <adu id="a12" type="mcl"/>
  <adu id="a13" type="pro"/>
  <edge id="c13" src="e1" trg="a1" type="seg"/>
  <edge id="c14" src="e2" trg="a2" type="seg"/>
  <edge id="c15" src="e3" trg="a3" type="seg"/>
  <edge id="c16" src="e4" trg="a4" type="seg"/>
  <edge id="c17" src="e5" trg="a5" type="seg"/>
  <edge id="c18" src="e6" trg="a6" type="seg"/>
  <edge id="c19" src="e7" trg="a7" type="seg"/>
  <edge id="c20" src="e8" trg="a8" type="seg"/>
  <edge id="c21" src="e9" trg="a9" type="seg"/>
  <edge id="c22" src="e10" trg="a10" type="seg"/>
  <edge id="c23" src="e11" trg="a11" type="seg"/>
  <edge id="c24" src="e12" trg="a12" type="seg"/>
  <edge id="c25" src="e13" trg="a13" type="seg"/>
  <edge id="c1" src="a3" trg="a11" type="sup"/>
  <edge id="c2" src="a3" trg="a12" type="sup"/>
  <edge id="c3" src="a4" trg="a3" type="sup"/>
  <edge id="c4" src="a5" trg="a3" type="exa"/>
  <edge id="c5" src="a6" trg="a5" type="sup"/>
  <edge id="c6" src="a7" trg="a5" type="sup"/>
  <edge id="c7" src="a8" trg="a11" type="reb"/>
  <edge id="c8" src="a8" trg="a12" type="reb"/>
  <edge id="c9" src="a9" trg="a8" type="exa"/>
  <edge id="c10" src="a10" trg="a8" type="sup"/>
  <edge id="c11" src="a13" trg="a11" type="sup"/>
  <edge id="c12" src="a13" trg="a12" type="sup"/>
</arggraph>
