<?xml version='1.0' encoding='UTF-8'?>
<arggraph id="micro_e325" stance="pro" topic_id="Learning with a teacher is more efficient than by myself." topic_ru="Обучение с учителем является более эффективным, чем сам.">
  <edu id="e1" lang="en">Every person learn in their own manner which they think that is most expedient to them.</edu>
  <edu id="e1" lang="ru" trans="google">Каждый человек учится по-своему, который они считают, что наиболее целесообразно для них.</edu>
  <edu id="e2" lang="en">As for the learning by yourself, it has some certain profit.</edu>
  <edu id="e2" lang="ru" trans="google">Что касается обучения по себе, оно имеет некоторую определенную прибыль.</edu>
  <edu id="e3" lang="en">It gives you a chance to concentrate on what you learn cause there is no one who distracts your attention in presence of you, and your learning becomes more profound.</edu>
  <edu id="e3" lang="ru" trans="google">Это дает вам возможность сконцентрироваться на том, что вы узнаете, потому что там нет никого, кто отвлекает ваше внимание в присутствии вас, и ваше обучение становится более глубоким.</edu>
  <edu id="e4" lang="en">In addition, the learning with a teacher makes us bear more burdens of studies cause they assign us homework, Nevertheless, I prefer to learn with a teacher rather than learn by myself.</edu>
  <edu id="e4" lang="ru" trans="google">Кроме того, обучение с учителем делает нас нести больше бремени исследований, потому что они приписывать нам домашнее задание, тем не менее, я предпочитаю учиться с учителем, а не учиться сам.</edu>
  <edu id="e5" lang="en">Firstly, The distinguishing fact of the learning with a teacher is that you can ask about problems related your studies.</edu>
  <edu id="e5" lang="ru" trans="google">Во-первых, Отличительная факт обучения с учителем, что вы можете спросить о проблемах, связанных с учебы.</edu>
  <edu id="e6" lang="en">In other words, when we encounter difficulty in our study which we can not make out, that asking the difficulty from our teacher is propitious way for us to solve it instantly.</edu>
  <edu id="e6" lang="ru" trans="google">Другими словами, когда мы сталкиваемся с трудностями в нашем исследовании, которое мы не можем разобрать, что задавая трудности с нашего учителя благоприятен для нас путь, чтобы решить эту проблему мгновенно.</edu>
  <edu id="e7" lang="en">In addition, professors and teachers have much experience and knowledge, and are so dextrous with letting students understand their study.</edu>
  <edu id="e7" lang="ru" trans="google">Кроме того, профессора и преподаватели имеют большой опыт и знания, и так ловки с позволяя студентам понять их исследование.</edu>
  <edu id="e8" lang="en">They know something which are not incorporated in such materials as books and webpages.</edu>
  <edu id="e8" lang="ru" trans="google">Они знают то, что не включены в таких материалах, как книги и веб-страниц.</edu>
  <edu id="e9" lang="en">Hence I, in my class, often communicate with my teacher to find a coordinated answer to a my faced problem, and my classmates are so accustomed to communicating with the teacher.</edu>
  <edu id="e9" lang="ru" trans="google">Поэтому я, в моем классе, часто общаюсь с моим учителем, чтобы найти скоординированный ответ на мой гранной проблемы, и мои одноклассники так привыкли к общению с учителем.</edu>
  <edu id="e10" lang="en">Secondly, in my mind, the learning with a teacher is more efficient than by myself.</edu>
  <edu id="e10" lang="ru" trans="google">Во-вторых, на мой взгляд, обучение с учителем является более эффективным, чем сам.</edu>
  <edu id="e11" lang="en">We can accomplish our assignments with little help of a teacher within less time than do it by ourself.</edu>
  <edu id="e11" lang="ru" trans="google">Мы можем выполнить наши задания с небольшой помощью учителя за меньшее время, чем делать это на себя.</edu>
  <edu id="e12" lang="en">Furthermore, the teachers play important role in leading us to right direction.</edu>
  <edu id="e12" lang="ru" trans="google">Кроме того, преподаватели играют важную роль в ведущих нас правильное направление.</edu>
  <edu id="e13" lang="en">Moreover, This gives us opportunity to rise our educational level to an exited degree.</edu>
  <edu id="e13" lang="ru" trans="google">Кроме того, это дает нам возможность подняться наш уровень образования в возбужденном степени.</edu>
  <edu id="e14" lang="en">knowledge may be thereby better improved and strengthened.</edu>
  <edu id="e14" lang="ru" trans="google">знание может быть, таким образом, лучше улучшить и укрепить.</edu>
  <edu id="e15" lang="en">Finally, of course, being without a teacher has shortcomings.</edu>
  <edu id="e15" lang="ru" trans="google">Наконец, конечно, быть без учителя имеет свои недостатки.</edu>
  <edu id="e16" lang="en">Notable one of the shortcomings is that if someone faced so complicated confusion in his study and his many endeavors on making out it were miscarried, this might be ended in disappointment.</edu>
  <edu id="e16" lang="ru" trans="google">Примечательные один из недостатков является то, что если кто-то сталкивались с тем сложной путаницей в его исследовании и его многочисленных усилиях по оформляя это были выкидышами, это может закончиться разочарованием.</edu>
  <edu id="e17" lang="en">I think that for one who depends on only himself in learning, his improvement of ability, with regard to cooperation and express his opinion, is unpromising.</edu>
  <edu id="e17" lang="ru" trans="google">Я думаю, что для тех, кто зависит от только самого себя в процессе обучения, его улучшение способности в отношении сотрудничества и выразить свое мнение, является бесперспективным.</edu>
  <edu id="e18" lang="en">Hence I support this point that the learning with a teacher is better.</edu>
  <edu id="e18" lang="ru" trans="google">Поэтому я поддерживаю эту точку зрения, что обучение с учителем лучше.</edu>
  <adu id="a1" type="neut"/>
  <adu id="a2" type="neut"/>
  <adu id="a3" type="neut"/>
  <adu id="a4" type="mcl"/>
  <adu id="a5" type="pro"/>
  <adu id="a6" type="pro"/>
  <adu id="a7" type="pro"/>
  <adu id="a8" type="pro"/>
  <adu id="a9" type="pro"/>
  <adu id="a10" type="pro"/>
  <adu id="a11" type="pro"/>
  <adu id="a12" type="pro"/>
  <adu id="a13" type="pro"/>
  <adu id="a14" type="pro"/>
  <adu id="a15" type="pro"/>
  <adu id="a16" type="pro"/>
  <adu id="a17" type="pro"/>
  <adu id="a18" type="mcl"/>
  <edge id="c17" src="e1" trg="a1" type="seg"/>
  <edge id="c18" src="e2" trg="a2" type="seg"/>
  <edge id="c19" src="e3" trg="a3" type="seg"/>
  <edge id="c20" src="e4" trg="a4" type="seg"/>
  <edge id="c21" src="e5" trg="a5" type="seg"/>
  <edge id="c22" src="e6" trg="a6" type="seg"/>
  <edge id="c23" src="e7" trg="a7" type="seg"/>
  <edge id="c24" src="e8" trg="a8" type="seg"/>
  <edge id="c25" src="e9" trg="a9" type="seg"/>
  <edge id="c26" src="e10" trg="a10" type="seg"/>
  <edge id="c27" src="e11" trg="a11" type="seg"/>
  <edge id="c28" src="e12" trg="a12" type="seg"/>
  <edge id="c29" src="e13" trg="a13" type="seg"/>
  <edge id="c30" src="e14" trg="a14" type="seg"/>
  <edge id="c31" src="e15" trg="a15" type="seg"/>
  <edge id="c32" src="e16" trg="a16" type="seg"/>
  <edge id="c33" src="e17" trg="a17" type="seg"/>
  <edge id="c34" src="e18" trg="a18" type="seg"/>
  <edge id="c1" src="a5" trg="a4" type="sup"/>
  <edge id="c2" src="a5" trg="a18" type="sup"/>
  <edge id="c3" src="a6" trg="a5" type="sup"/>
  <edge id="c4" src="a7" trg="a5" type="sup"/>
  <edge id="c5" src="a8" trg="a5" type="sup"/>
  <edge id="c6" src="a9" trg="a5" type="sup"/>
  <edge id="c7" src="a10" trg="a4" type="sup"/>
  <edge id="c8" src="a10" trg="a18" type="sup"/>
  <edge id="c9" src="a11" trg="a10" type="sup"/>
  <edge id="c10" src="a12" trg="a10" type="sup"/>
  <edge id="c11" src="a13" trg="a10" type="sup"/>
  <edge id="c12" src="a14" trg="a10" type="sup"/>
  <edge id="c13" src="a15" trg="a4" type="sup"/>
  <edge id="c14" src="a15" trg="a18" type="sup"/>
  <edge id="c15" src="a16" trg="a15" type="sup"/>
  <edge id="c16" src="a17" trg="a15" type="sup"/>
</arggraph>
