<?xml version='1.0' encoding='UTF-8'?>
<arggraph id="micro_e353" stance="pro" topic_id="Advantages and disadvantages of machines instead of human to do the work" topic_ru="Преимущества и недостатки машин, а не человек, чтобы сделать работу">
  <edu id="e1" lang="en">The issue of whether using of machine are bring many advantages to society is of great concern to many people.</edu>
  <edu id="e1" lang="ru" trans="google">Вопрос о том, использование машины приносит много преимуществ для общества представляет большой интерес для многих людей.</edu>
  <edu id="e2" lang="en">In my opinion, although using machines have many benefits.</edu>
  <edu id="e2" lang="ru" trans="google">На мой взгляд, несмотря на то, используя машины имеют много преимуществ.</edu>
  <edu id="e3" lang="en">we cannot ignore its negative effects.</edu>
  <edu id="e3" lang="ru" trans="google">мы не можем игнорировать ее негативные последствия.</edu>
  <edu id="e4" lang="en">It is undoubted that machines can bring many benefits.</edu>
  <edu id="e4" lang="ru" trans="google">Это несомненно, что машины могут принести много пользы.</edu>
  <edu id="e5" lang="en">For one thing, machines are more effective than human.</edu>
  <edu id="e5" lang="ru" trans="google">С одной стороны, машины являются более эффективными, чем человек.</edu>
  <edu id="e6" lang="en">Not like human, machines do not need rest, which means they can work as long as employers want and consistently produce high quality products without any mistakes.</edu>
  <edu id="e6" lang="ru" trans="google">Не так, как человек, машины не нуждаются в отдыхе, а это означает, что они могут работать до тех пор, как работодатели хотят и стабильно производить продукцию высокого качества без каких-либо ошибок.</edu>
  <edu id="e7" lang="en">For another, using machines can save company's money.</edu>
  <edu id="e7" lang="ru" trans="google">С другой стороны, с помощью машины могут сэкономить деньги компании.</edu>
  <edu id="e8" lang="en">Because machines never ask for salary, over-time pay or pension.</edu>
  <edu id="e8" lang="ru" trans="google">Потому что машины никогда не просят зарплаты, по времени оплаты или пенсии.</edu>
  <edu id="e9" lang="en">So employers do not need to spend money on employee's welfare.</edu>
  <edu id="e9" lang="ru" trans="google">Таким образом, работодатели не нужно тратить деньги на благополучие работника.</edu>
  <edu id="e10" lang="en">The company only needs some technicians to make sure machines are working on the right track or replace some part when machines are not working.</edu>
  <edu id="e10" lang="ru" trans="google">Компания нуждается только некоторые техники, чтобы убедиться, что машины работают на правильном пути или заменить какую-то часть, когда машины не работают.</edu>
  <edu id="e11" lang="en">However, the disadvantages of machines that bring to us should not be neglected by people.</edu>
  <edu id="e11" lang="ru" trans="google">Однако недостатки машин, которые приносят нам не следует пренебрегать людьми.</edu>
  <edu id="e12" lang="en">To start with, because of extensive of using machines, many people loss their job.</edu>
  <edu id="e12" lang="ru" trans="google">Начнут с того, из-за обширное использование машин, многие люди Потерю своей работы.</edu>
  <edu id="e13" lang="en">Especially in large population countries, high unemployment rate may cause crime and social instability.</edu>
  <edu id="e13" lang="ru" trans="google">Особенно в крупных странах населения, высокий уровень безработицы может привести к преступности и социальной нестабильности.</edu>
  <edu id="e14" lang="en">Apart from this, using of machines are also pose serious pollution and energy dissipation.</edu>
  <edu id="e14" lang="ru" trans="google">Помимо этого, использование машин также создают серьезные загрязнения и энергии диссипации.</edu>
  <edu id="e15" lang="en">For example, nowadays people prefer to use dish-washing machine to wash dishes and plates rather than hand washing.</edu>
  <edu id="e15" lang="ru" trans="google">Например, в настоящее время люди предпочитают использовать посудомоечную машину для мытья посуды и тарелок, а не мыть руки.</edu>
  <edu id="e16" lang="en">But they did not know that compared with hand washing dish-washing machine consume at least 2 times water and electricity to wash these tableware.</edu>
  <edu id="e16" lang="ru" trans="google">Но они не знали, что по сравнению с ручной стиркой посудомоечных машинами потребляют по меньшей мере 2 раза в воду и электричество для мытья посуды этой.</edu>
  <edu id="e17" lang="en">As you can imagine, if thousands of families use dish-washing machines, how many water and how much electricity will be wasted !</edu>
  <edu id="e17" lang="ru" trans="google">Как вы можете себе представить, если тысячи семей используют посудомоечные машины, сколько воды и сколько электроэнергии будут потрачены впустую!</edu>
  <edu id="e18" lang="en">In conclusion, although we cannot deny machines are play a vital role in people living and working.</edu>
  <edu id="e18" lang="ru" trans="google">В заключении, хотя мы не можем отрицать машины играют жизненно важную роль в людях, живущих и работающих.</edu>
  <edu id="e19" lang="en">problems posed by machines should draws more attentions as well.</edu>
  <edu id="e19" lang="ru" trans="google">Проблемы, связанные с машинами должны привлекает больше внимания, а также.</edu>
  <adu id="a1" type="neut"/>
  <adu id="a2" type="opp"/>
  <adu id="a3" type="mcl"/>
  <adu id="a4" type="opp"/>
  <adu id="a5" type="opp"/>
  <adu id="a6" type="opp"/>
  <adu id="a7" type="opp"/>
  <adu id="a8" type="opp"/>
  <adu id="a9" type="opp"/>
  <adu id="a10" type="opp"/>
  <adu id="a11" type="pro"/>
  <adu id="a12" type="pro"/>
  <adu id="a13" type="pro"/>
  <adu id="a14" type="pro"/>
  <adu id="a15" type="pro"/>
  <adu id="a16" type="pro"/>
  <adu id="a17" type="pro"/>
  <adu id="a18" type="opp"/>
  <adu id="a19" type="mcl"/>
  <edge id="c21" src="e1" trg="a1" type="seg"/>
  <edge id="c22" src="e2" trg="a2" type="seg"/>
  <edge id="c23" src="e3" trg="a3" type="seg"/>
  <edge id="c24" src="e4" trg="a4" type="seg"/>
  <edge id="c25" src="e5" trg="a5" type="seg"/>
  <edge id="c26" src="e6" trg="a6" type="seg"/>
  <edge id="c27" src="e7" trg="a7" type="seg"/>
  <edge id="c28" src="e8" trg="a8" type="seg"/>
  <edge id="c29" src="e9" trg="a9" type="seg"/>
  <edge id="c30" src="e10" trg="a10" type="seg"/>
  <edge id="c31" src="e11" trg="a11" type="seg"/>
  <edge id="c32" src="e12" trg="a12" type="seg"/>
  <edge id="c33" src="e13" trg="a13" type="seg"/>
  <edge id="c34" src="e14" trg="a14" type="seg"/>
  <edge id="c35" src="e15" trg="a15" type="seg"/>
  <edge id="c36" src="e16" trg="a16" type="seg"/>
  <edge id="c37" src="e17" trg="a17" type="seg"/>
  <edge id="c38" src="e18" trg="a18" type="seg"/>
  <edge id="c39" src="e19" trg="a19" type="seg"/>
  <edge id="c1" src="a2" trg="a3" type="reb"/>
  <edge id="c2" src="a2" trg="a19" type="reb"/>
  <edge id="c3" src="a4" trg="a3" type="reb"/>
  <edge id="c4" src="a4" trg="a19" type="reb"/>
  <edge id="c5" src="a5" trg="a4" type="sup"/>
  <edge id="c6" src="a6" trg="a5" type="sup"/>
  <edge id="c7" src="a7" trg="a4" type="sup"/>
  <edge id="c8" src="a8" trg="a9" type="sup"/>
  <edge id="c9" src="a9" trg="a7" type="sup"/>
  <edge id="c10" src="a10" trg="a7" type="sup"/>
  <edge id="c11" src="a11" trg="a3" type="sup"/>
  <edge id="c12" src="a11" trg="a19" type="sup"/>
  <edge id="c13" src="a12" trg="a11" type="sup"/>
  <edge id="c14" src="a13" trg="a12" type="sup"/>
  <edge id="c15" src="a14" trg="a11" type="sup"/>
  <edge id="c16" src="a15" trg="a14" type="exa"/>
  <edge id="c17" src="a16" trg="a15" type="sup"/>
  <edge id="c18" src="a17" trg="a15" type="sup"/>
  <edge id="c19" src="a18" trg="a3" type="reb"/>
  <edge id="c20" src="a18" trg="a19" type="reb"/>
</arggraph>
