<?xml version='1.0' encoding='UTF-8'?>
<arggraph id="micro_e231" stance="pro" topic_id="Smoking should not be permitted in restaurants" topic_ru="Курение не должно быть разрешено в ресторанах">
  <edu id="e1" lang="en">Generally speaking, smoking is never been good for human's body.</edu>
  <edu id="e1" lang="ru" trans="google">Вообще говоря, курение никогда не было хорошо для тела человека.</edu>
  <edu id="e2" lang="en">There are so many researches done to prove that a cigar contains harmful ingredients for human's body.</edu>
  <edu id="e2" lang="ru" trans="google">Есть так много исследований сделано, чтобы доказать, что сигара содержит вредные ингредиенты для тела человека.</edu>
  <edu id="e3" lang="en">Although many smokers claim that they need to smoke in order to work more effectively or to think more creatively, those reasons never proves that smoking has any benefits for human's body.</edu>
  <edu id="e3" lang="ru" trans="google">Несмотря на то, что многие курильщики утверждают, что им нужно более эффективно курить для того, чтобы работать или мыслить более творчески, эти причины никогда не доказывает, что курение имеет какие-либо преимущества для тела человека.</edu>
  <edu id="e4" lang="en">In my opinion, smoking should not be permitted, especially in public places like restaurants.</edu>
  <edu id="e4" lang="ru" trans="google">На мой взгляд, курение не должно быть разрешено, особенно в общественных местах, таких как рестораны.</edu>
  <edu id="e5" lang="en">Because it will make the non-smokers breathe uncomfortably.</edu>
  <edu id="e5" lang="ru" trans="google">Потому что это заставит некурящие дышать неуютно.</edu>
  <edu id="e6" lang="en">First of all, restaurants are places where people come and pay some money to enjoy their meals.</edu>
  <edu id="e6" lang="ru" trans="google">Прежде всего, рестораны места, где люди приходят и платят деньги, чтобы насладиться едой.</edu>
  <edu id="e7" lang="en">Smoking in restaurants will absolutely disturb other people in enjoying their meals.</edu>
  <edu id="e7" lang="ru" trans="google">Курение в ресторанах будут просто мешать другим людям наслаждаться трапезой.</edu>
  <edu id="e8" lang="en">They will not be able to enjoy their meals while breathing in smoke around them.</edu>
  <edu id="e8" lang="ru" trans="google">Они не смогут насладиться блюдами, вдыхая дым вокруг них.</edu>
  <edu id="e9" lang="en">Secondly, restaurants are places that people usually come with their families.</edu>
  <edu id="e9" lang="ru" trans="google">Во-вторых, рестораны мест, которые люди обычно приходят со своими семьями.</edu>
  <edu id="e10" lang="en">This means, there will be children, grandparents, as well as pregnant women inside the restaurants.</edu>
  <edu id="e10" lang="ru" trans="google">Это означает, что там будут дети, бабушки и дедушки, а также беременных женщин внутри ресторанов.</edu>
  <edu id="e11" lang="en">Smoking in restaurants can give a bad example to the children.</edu>
  <edu id="e11" lang="ru" trans="google">Курение в ресторанах может дать плохой пример для детей.</edu>
  <edu id="e12" lang="en">Children have a high potential to imitate what adults do.</edu>
  <edu id="e12" lang="ru" trans="google">Дети имеют высокий потенциал для имитации того, что делают взрослые.</edu>
  <edu id="e13" lang="en">Because they have really high curiosity towards something.</edu>
  <edu id="e13" lang="ru" trans="google">Потому что они имеют очень высокое любопытство к чему-то.</edu>
  <edu id="e14" lang="en">Smoking in restaurants also can affect the elders' health, especially if they have problems with their hearts and lungs.</edu>
  <edu id="e14" lang="ru" trans="google">Курение в ресторанах также может повлиять на здоровье старейшин, особенно если у них есть проблемы с сердцем и легкими.</edu>
  <edu id="e15" lang="en">The most dangerous people that would be affected by smoke are the pregnant women.</edu>
  <edu id="e15" lang="ru" trans="google">Самые опасные люди, которые будут затронуты дымом являются беременными женщинами.</edu>
  <edu id="e16" lang="en">Because they will breathe in the contaminated air and it will disrupt the growth of the babies.</edu>
  <edu id="e16" lang="ru" trans="google">Потому что они будут вдыхать загрязненный воздух, и он будет нарушать рост детей.</edu>
  <edu id="e17" lang="en">Last but not least, passive smokers will have a lot of health risks.</edu>
  <edu id="e17" lang="ru" trans="google">И последнее, но не в последнюю очереди, пассивные курильщики будут иметь много рисков для здоровья.</edu>
  <edu id="e18" lang="en">When they are around the active smokers, they will inhale hazardous smoke.</edu>
  <edu id="e18" lang="ru" trans="google">Когда они вокруг активных курильщиков, они будут вдыхать опасный дым.</edu>
  <edu id="e19" lang="en">Stroke, heart disorders, hearing loss, and cancers are some diseases that can attack passive smokers.</edu>
  <edu id="e19" lang="ru" trans="google">Инсульт, заболевания сердца, потеря слуха, и раки некоторые заболевания, которые могут атаковать пассивных курильщиков.</edu>
  <edu id="e20" lang="en">Personally speaking, it is unfair for passive smokers.</edu>
  <edu id="e20" lang="ru" trans="google">Собственно говоря, это несправедливо для пассивных курильщиков.</edu>
  <edu id="e21" lang="en">Because they do not smoke but they have same health risks as the active one.</edu>
  <edu id="e21" lang="ru" trans="google">Потому что они не курят, но они имеют те же риски для здоровья, как активный.</edu>
  <edu id="e22" lang="en">In conclusion, smoking should not be permitted in restaurants.</edu>
  <edu id="e22" lang="ru" trans="google">В заключении, курение должно быть запрещено в ресторанах.</edu>
  <edu id="e23" lang="en">Because there will be a lot of people get disadvantaged.</edu>
  <edu id="e23" lang="ru" trans="google">Потому что там будет много людей получают в невыгодном положении.</edu>
  <edu id="e24" lang="en">State laws that prohibit it should be upheld so the restaurant's management can make a clear rule in their restaurants because everyone has a right to enjoy their meals.</edu>
  <edu id="e24" lang="ru" trans="google">Государственные законы, которые запрещают это должны быть поддержаны поэтому руководство ресторана может провести четкое правило в своих ресторанах, потому что каждый человек имеет право пользоваться их питанием.</edu>
  <adu id="a1" type="neut"/>
  <adu id="a2" type="neut"/>
  <adu id="a3" type="neut"/>
  <adu id="a4" type="mcl"/>
  <adu id="a5" type="pro"/>
  <adu id="a6" type="pro"/>
  <adu id="a7" type="pro"/>
  <adu id="a8" type="pro"/>
  <adu id="a9" type="pro"/>
  <adu id="a10" type="pro"/>
  <adu id="a11" type="pro"/>
  <adu id="a12" type="pro"/>
  <adu id="a13" type="pro"/>
  <adu id="a14" type="pro"/>
  <adu id="a15" type="pro"/>
  <adu id="a16" type="pro"/>
  <adu id="a17" type="pro"/>
  <adu id="a18" type="pro"/>
  <adu id="a19" type="pro"/>
  <adu id="a20" type="pro"/>
  <adu id="a21" type="pro"/>
  <adu id="a22" type="mcl"/>
  <adu id="a23" type="pro"/>
  <adu id="a24" type="neut"/>
  <edge id="c25" src="e1" trg="a1" type="seg"/>
  <edge id="c26" src="e2" trg="a2" type="seg"/>
  <edge id="c27" src="e3" trg="a3" type="seg"/>
  <edge id="c28" src="e4" trg="a4" type="seg"/>
  <edge id="c29" src="e5" trg="a5" type="seg"/>
  <edge id="c30" src="e6" trg="a6" type="seg"/>
  <edge id="c31" src="e7" trg="a7" type="seg"/>
  <edge id="c32" src="e8" trg="a8" type="seg"/>
  <edge id="c33" src="e9" trg="a9" type="seg"/>
  <edge id="c34" src="e10" trg="a10" type="seg"/>
  <edge id="c35" src="e11" trg="a11" type="seg"/>
  <edge id="c36" src="e12" trg="a12" type="seg"/>
  <edge id="c37" src="e13" trg="a13" type="seg"/>
  <edge id="c38" src="e14" trg="a14" type="seg"/>
  <edge id="c39" src="e15" trg="a15" type="seg"/>
  <edge id="c40" src="e16" trg="a16" type="seg"/>
  <edge id="c41" src="e17" trg="a17" type="seg"/>
  <edge id="c42" src="e18" trg="a18" type="seg"/>
  <edge id="c43" src="e19" trg="a19" type="seg"/>
  <edge id="c44" src="e20" trg="a20" type="seg"/>
  <edge id="c45" src="e21" trg="a21" type="seg"/>
  <edge id="c46" src="e22" trg="a22" type="seg"/>
  <edge id="c47" src="e23" trg="a23" type="seg"/>
  <edge id="c48" src="e24" trg="a24" type="seg"/>
  <edge id="c1" src="a5" trg="a4" type="sup"/>
  <edge id="c2" src="a5" trg="a22" type="sup"/>
  <edge id="c3" src="a6" trg="a7" type="sup"/>
  <edge id="c4" src="a7" trg="a4" type="sup"/>
  <edge id="c5" src="a7" trg="a22" type="sup"/>
  <edge id="c6" src="a8" trg="a7" type="sup"/>
  <edge id="c7" src="a9" trg="a11" type="sup"/>
  <edge id="c8" src="a10" trg="a11" type="sup"/>
  <edge id="c9" src="a11" trg="a4" type="sup"/>
  <edge id="c10" src="a11" trg="a22" type="sup"/>
  <edge id="c11" src="a12" trg="a11" type="sup"/>
  <edge id="c12" src="a13" trg="a12" type="sup"/>
  <edge id="c13" src="a14" trg="a4" type="sup"/>
  <edge id="c14" src="a14" trg="a22" type="sup"/>
  <edge id="c15" src="a15" trg="a14" type="sup"/>
  <edge id="c16" src="a16" trg="a15" type="sup"/>
  <edge id="c17" src="a17" trg="a20" type="sup"/>
  <edge id="c18" src="a18" trg="a20" type="sup"/>
  <edge id="c19" src="a19" trg="a20" type="sup"/>
  <edge id="c20" src="a20" trg="a4" type="sup"/>
  <edge id="c21" src="a20" trg="a22" type="sup"/>
  <edge id="c22" src="a21" trg="a20" type="sup"/>
  <edge id="c23" src="a23" trg="a4" type="sup"/>
  <edge id="c24" src="a23" trg="a22" type="sup"/>
</arggraph>
