<?xml version='1.0' encoding='UTF-8'?>
<arggraph id="micro_e70" stance="pro" topic_id="Where to learn a new language ?" topic_ru="Где выучить новый язык?">
  <edu id="e1" lang="en">Although there are some advantages to learning a foreign language in its original country, I firmly believe that people who learn a foreign language in the country in which it is spoken have a deeper understanding of different language skills than those who learn the same languages in their own countries.</edu>
  <edu id="e1" lang="ru" trans="google">Хотя есть некоторые преимущества изучения иностранного языка в своей оригинальной стране, я твердо верю, что люди, которые изучают иностранный язык в стране, в которой говорится имеют более глубокое понимание различных языковых навыков, чем те, которые изучают те же языки в их собственные страны.</edu>
  <edu id="e2" lang="en">Person ' A ' who learns a non-native language in his country may receive benefit from a step-by-step teaching method.</edu>
  <edu id="e2" lang="ru" trans="google">Человек «A», который усваивает неродной язык в своей стране, может получить выгоду от шаг за шагом метод обучения.</edu>
  <edu id="e3" lang="en">In other words, he is not jumping into the foreign country.</edu>
  <edu id="e3" lang="ru" trans="google">Другими словами, он не прыгает в чужой стране.</edu>
  <edu id="e4" lang="en">Therefore he can set aside enough time and energy dedicated to learning the language.</edu>
  <edu id="e4" lang="ru" trans="google">Поэтому он может выделить достаточно времени и энергии, посвященной изучению языка.</edu>
  <edu id="e5" lang="en">Besides, all the learners are probably from the same country.</edu>
  <edu id="e5" lang="ru" trans="google">Кроме того, все ученики, вероятно, из той же страны.</edu>
  <edu id="e6" lang="en">So all these people most likely have learned the language, more or less, in the same way.</edu>
  <edu id="e6" lang="ru" trans="google">Так что все эти люди, скорее всего, выучили язык, более или менее, таким же образом.</edu>
  <edu id="e7" lang="en">On the other hand, when a new learner wants to learn a new language in the country in which it is spoken, he has the opportunity to communicate with natives.</edu>
  <edu id="e7" lang="ru" trans="google">С другой стороны, когда новый ученик хочет выучить новый язык в стране, в которой говорится, что он имеет возможность общаться с туземцами.</edu>
  <edu id="e8" lang="en">He may find native friends and may participate in groups where members are people from the foreign country.</edu>
  <edu id="e8" lang="ru" trans="google">Он может найти родные друг и может участвовать в группах, где члены являются людьми из иностранного государства.</edu>
  <edu id="e9" lang="en">No doubt, it leads to better understanding of language essential skills.</edu>
  <edu id="e9" lang="ru" trans="google">Без сомнения, это приводит к более глубокому пониманию языка основных навыков.</edu>
  <edu id="e10" lang="en">He also has access to the most up-to-date language.</edu>
  <edu id="e10" lang="ru" trans="google">Он также имеет доступ к наиболее уточненному языку.</edu>
  <edu id="e11" lang="en">Thus he can learn most useful idioms, proverbs and so many other things which the former person, person ' A ', does not have access to.</edu>
  <edu id="e11" lang="ru" trans="google">Таким образом, он может узнать самые полезные идиомы, пословицы и так много других вещей, которые бывший человек, человек «А», не имеют доступа.</edu>
  <edu id="e12" lang="en">On the whole, if I wanted to learn a new language and had enough money to afford the travel, I would definitely make the second choice.</edu>
  <edu id="e12" lang="ru" trans="google">В целом, если бы я хотел, чтобы выучить новый язык и имел достаточно денег, чтобы позволить себе ход, я бы определенно сделать второй выбор.</edu>
  <edu id="e13" lang="en">There are lots of evidences show that communication is the most important factor in learning a new language.</edu>
  <edu id="e13" lang="ru" trans="google">Есть много свидетельств показывают, что связь является наиболее важным фактором в изучении нового языка.</edu>
  <edu id="e14" lang="en">When you are exposed to an environment where everybody talks to you in the new language you want to learn and expects you express words from the same language, you are forced to learn it as soon and good as possible.</edu>
  <edu id="e14" lang="ru" trans="google">Когда вы подвергаетесь воздействию окружающей среды, где каждый говорит с вами в новом языке, который вы хотите узнать, и ожидает Вас выразить слова из того же языка, вы вынуждены изучать его как можно быстрее и как можно лучше.</edu>
  <edu id="e15" lang="en">In a word, although each of these methods have their pros and cons, I am pretty sure that advantages of learning language in the country in which is spoken outweigh the advantages of the other way of learning of a new language.</edu>
  <edu id="e15" lang="ru" trans="google">Одним словом, хотя каждый из этих методов имеет свои плюсы и минусы, я уверен, что преимущества изучения языка в стране, в которой говорят перевешивают преимущества другой способ обучения нового языка.</edu>
  <adu id="a1" type="mcl"/>
  <adu id="a2" type="opp"/>
  <adu id="a3" type="opp"/>
  <adu id="a4" type="opp"/>
  <adu id="a5" type="opp"/>
  <adu id="a6" type="opp"/>
  <adu id="a7" type="pro"/>
  <adu id="a8" type="pro"/>
  <adu id="a9" type="pro"/>
  <adu id="a10" type="pro"/>
  <adu id="a11" type="pro"/>
  <adu id="a12" type="pro"/>
  <adu id="a13" type="pro"/>
  <adu id="a14" type="pro"/>
  <adu id="a15" type="mcl"/>
  <edge id="c17" src="e1" trg="a1" type="seg"/>
  <edge id="c18" src="e2" trg="a2" type="seg"/>
  <edge id="c19" src="e3" trg="a3" type="seg"/>
  <edge id="c20" src="e4" trg="a4" type="seg"/>
  <edge id="c21" src="e5" trg="a5" type="seg"/>
  <edge id="c22" src="e6" trg="a6" type="seg"/>
  <edge id="c23" src="e7" trg="a7" type="seg"/>
  <edge id="c24" src="e8" trg="a8" type="seg"/>
  <edge id="c25" src="e9" trg="a9" type="seg"/>
  <edge id="c26" src="e10" trg="a10" type="seg"/>
  <edge id="c27" src="e11" trg="a11" type="seg"/>
  <edge id="c28" src="e12" trg="a12" type="seg"/>
  <edge id="c29" src="e13" trg="a13" type="seg"/>
  <edge id="c30" src="e14" trg="a14" type="seg"/>
  <edge id="c31" src="e15" trg="a15" type="seg"/>
  <edge id="c1" src="a2" trg="a1" type="reb"/>
  <edge id="c2" src="a2" trg="a15" type="reb"/>
  <edge id="c3" src="a3" trg="a4" type="sup"/>
  <edge id="c4" src="a4" trg="a2" type="sup"/>
  <edge id="c5" src="a5" trg="a6" type="sup"/>
  <edge id="c6" src="a6" trg="a2" type="sup"/>
  <edge id="c7" src="a7" trg="a11" type="sup"/>
  <edge id="c8" src="a8" trg="a11" type="sup"/>
  <edge id="c9" src="a9" trg="a11" type="sup"/>
  <edge id="c10" src="a10" trg="a11" type="sup"/>
  <edge id="c11" src="a11" trg="a1" type="sup"/>
  <edge id="c12" src="a11" trg="a15" type="sup"/>
  <edge id="c13" src="a12" trg="a14" type="sup"/>
  <edge id="c14" src="a13" trg="a14" type="sup"/>
  <edge id="c15" src="a14" trg="a1" type="sup"/>
  <edge id="c16" src="a14" trg="a15" type="sup"/>
</arggraph>
