<?xml version='1.0' encoding='UTF-8'?>
<arggraph id="micro_e252" stance="pro" topic_id="Live football game at a stadium" topic_ru="Живая игра в футбол на стадионе">
  <edu id="e1" lang="en">Have you ever traveled along to support your home football team during tournaments ?</edu>
  <edu id="e1" lang="ru" trans="google">Вы когда-нибудь путешествовали вместе, чтобы поддержать свою домашнюю футбольную команду во время турниров?</edu>
  <edu id="e2" lang="en">Have you attended at a stadium to watch your team's match, yell or even cry with the team and their thousands of fans there ?</edu>
  <edu id="e2" lang="ru" trans="google">Вы присутствовали на стадионе, чтобы посмотреть матч своей команды, кричать или даже плакать с командой и тысячами поклонников там?</edu>
  <edu id="e3" lang="en">If you have a great love with football and your home team, it is much more gratifying to stay side by side and cheer up the team at the stadium rather than just to stay at home and watch the match alone.</edu>
  <edu id="e3" lang="ru" trans="google">Если у вас есть большая любовь с футболом и вашу команду, он гораздо более отрадно сторону пребывания рядом и взбодрить команду на стадионе, а не просто сидеть дома и смотреть матч в одиночку.</edu>
  <edu id="e4" lang="en">First, attending a live football match is very fulfilling.</edu>
  <edu id="e4" lang="ru" trans="google">Во-первых, участие в прямом эфире футбольный матч является очень чувственно.</edu>
  <edu id="e5" lang="en">Before the match starts, thousands of fans gathering outside of the stadium with team flags, colorful outfits, sound of trumpets and rattles ... everywhere.</edu>
  <edu id="e5" lang="ru" trans="google">Перед началом матча, тысячи поклонников собрать за пределами стадиона с флагами команды, красочные костюмы, звук фанфар и погремушки ... везде.</edu>
  <edu id="e6" lang="en">As the game kicks off, the atmosphere inside the stadium is even more exciting.</edu>
  <edu id="e6" lang="ru" trans="google">Как игра стартует, атмосфера внутри стадиона еще более захватывающим.</edu>
  <edu id="e7" lang="en">You are watching football stars play the game with your own eyes and sharing your feelings with about 40, 000 people at the stadium, such an excitement you can never have when you are watching it at home.</edu>
  <edu id="e7" lang="ru" trans="google">Вы смотрите футбольные звезды играют в игру со своими собственными глазами и делиться своими чувствами с около 40 000 людей на стадионе, такое волнение, вы никогда не можете иметь, когда вы смотрите его дом.</edu>
  <edu id="e8" lang="en">Everybody yells and sings together, the stadium is like bursted out whenever a goal is scored.</edu>
  <edu id="e8" lang="ru" trans="google">Каждый кричит и поет вместе, стадион, как лопались всякий раз, когда был забит гол.</edu>
  <edu id="e9" lang="en">See, you will be bored if you are watching it alone.</edu>
  <edu id="e9" lang="ru" trans="google">Видите, вам будет скучно, если вы смотрите его в одиночку.</edu>
  <edu id="e10" lang="en">Second, watching a live football game is an exceptional experience.</edu>
  <edu id="e10" lang="ru" trans="google">Во-вторых, смотреть футбольный матч живой исключительный опыт.</edu>
  <edu id="e11" lang="en">You can watch it at home, but " easy come, easy go ", you will quickly forget it, like a movie.</edu>
  <edu id="e11" lang="ru" trans="google">Вы можете посмотреть его дома, но «нажито, легко идти», вы быстро забыли, как в кино.</edu>
  <edu id="e12" lang="en">The tickets to get in the stadium may be a little expensive.</edu>
  <edu id="e12" lang="ru" trans="google">Билеты попасть на стадион может быть немного дороже.</edu>
  <edu id="e13" lang="en">But you will gain much more entertainment value from the game.</edu>
  <edu id="e13" lang="ru" trans="google">Но вы получите гораздо больше развлекательную ценность из игры.</edu>
  <edu id="e14" lang="en">You can cherish your experience for a long time.</edu>
  <edu id="e14" lang="ru" trans="google">Вы можете хранить свой опыт в течение длительного времени.</edu>
  <edu id="e15" lang="en">Furthermore, it can be an exclusive experience.</edu>
  <edu id="e15" lang="ru" trans="google">Кроме того, это может быть эксклюзивным опытом.</edu>
  <edu id="e16" lang="en">If it is a crucial win to acclaim a trophy, you will be " on site " to witness and celebrate the victory.</edu>
  <edu id="e16" lang="ru" trans="google">Если это важно, чтобы выиграть трофей приветствует, вы будете «на месте», чтобы свидетель и праздновать победу.</edu>
  <edu id="e17" lang="en">In conclusion, watch a football match on television it is comfortable and pleasing.</edu>
  <edu id="e17" lang="ru" trans="google">В заключении, посмотреть футбольный матч по телевизору, это удобно и приятно.</edu>
  <edu id="e18" lang="en">But watching the match live at the stadium is more enjoyable.</edu>
  <edu id="e18" lang="ru" trans="google">Но наблюдая матч в прямом эфире на стадионе более приятным.</edu>
  <edu id="e19" lang="en">It can be unforgettable moments in your life.</edu>
  <edu id="e19" lang="ru" trans="google">Это может быть незабываемые моменты в вашей жизни.</edu>
  <adu id="a1" type="neut"/>
  <adu id="a2" type="neut"/>
  <adu id="a3" type="mcl"/>
  <adu id="a4" type="pro"/>
  <adu id="a5" type="pro"/>
  <adu id="a6" type="pro"/>
  <adu id="a7" type="pro"/>
  <adu id="a8" type="pro"/>
  <adu id="a9" type="pro"/>
  <adu id="a10" type="pro"/>
  <adu id="a11" type="pro"/>
  <adu id="a12" type="opp"/>
  <adu id="a13" type="pro"/>
  <adu id="a14" type="pro"/>
  <adu id="a15" type="pro"/>
  <adu id="a16" type="pro"/>
  <adu id="a17" type="opp"/>
  <adu id="a18" type="mcl"/>
  <adu id="a19" type="pro"/>
  <edge id="c20" src="e1" trg="a1" type="seg"/>
  <edge id="c21" src="e2" trg="a2" type="seg"/>
  <edge id="c22" src="e3" trg="a3" type="seg"/>
  <edge id="c23" src="e4" trg="a4" type="seg"/>
  <edge id="c24" src="e5" trg="a5" type="seg"/>
  <edge id="c25" src="e6" trg="a6" type="seg"/>
  <edge id="c26" src="e7" trg="a7" type="seg"/>
  <edge id="c27" src="e8" trg="a8" type="seg"/>
  <edge id="c28" src="e9" trg="a9" type="seg"/>
  <edge id="c29" src="e10" trg="a10" type="seg"/>
  <edge id="c30" src="e11" trg="a11" type="seg"/>
  <edge id="c31" src="e12" trg="a12" type="seg"/>
  <edge id="c32" src="e13" trg="a13" type="seg"/>
  <edge id="c33" src="e14" trg="a14" type="seg"/>
  <edge id="c34" src="e15" trg="a15" type="seg"/>
  <edge id="c35" src="e16" trg="a16" type="seg"/>
  <edge id="c36" src="e17" trg="a17" type="seg"/>
  <edge id="c37" src="e18" trg="a18" type="seg"/>
  <edge id="c38" src="e19" trg="a19" type="seg"/>
  <edge id="c1" src="a4" trg="a3" type="sup"/>
  <edge id="c2" src="a4" trg="a18" type="sup"/>
  <edge id="c3" src="a5" trg="a4" type="sup"/>
  <edge id="c4" src="a6" trg="a4" type="sup"/>
  <edge id="c5" src="a7" trg="a4" type="sup"/>
  <edge id="c6" src="a8" trg="a4" type="sup"/>
  <edge id="c7" src="a9" trg="a4" type="sup"/>
  <edge id="c8" src="a10" trg="a3" type="sup"/>
  <edge id="c9" src="a10" trg="a18" type="sup"/>
  <edge id="c10" src="a11" trg="a10" type="sup"/>
  <edge id="c11" src="a12" trg="a10" type="reb"/>
  <edge id="c12" src="a13" trg="a12" type="reb"/>
  <edge id="c13" src="a14" trg="a10" type="sup"/>
  <edge id="c14" src="a15" trg="a10" type="sup"/>
  <edge id="c15" src="a16" trg="a10" type="sup"/>
  <edge id="c16" src="a17" trg="a3" type="reb"/>
  <edge id="c17" src="a17" trg="a18" type="reb"/>
  <edge id="c18" src="a19" trg="a3" type="sup"/>
  <edge id="c19" src="a19" trg="a18" type="sup"/>
</arggraph>
