<?xml version='1.0' encoding='UTF-8'?>
<arggraph id="micro_e249" stance="pro" topic_id="What is a very important skill a person should learn" topic_ru="Что очень важный навык, человек должен научиться">
  <edu id="e1" lang="en">Some people think that life is a struggle, which means we may encounter numerous difficulties during our lives.</edu>
  <edu id="e1" lang="ru" trans="google">Некоторые люди думают, что жизнь есть борьба, которая означает, что мы можем столкнуться с многочисленными трудностями во время нашей жизни.</edu>
  <edu id="e2" lang="en">Accordingly, stress management, how to survive our unbearable stress, is the most important skill that we should have.</edu>
  <edu id="e2" lang="ru" trans="google">Соответственно, управление стрессом, как пережить наше невыносимое напряжение, это самый важный навык, который мы должны иметь.</edu>
  <edu id="e3" lang="en">Here are my reasons.</edu>
  <edu id="e3" lang="ru" trans="google">Вот мои причины.</edu>
  <edu id="e4" lang="en">Stress, our body's way of responding to any kind of demand, can be caused by both good and bad experiences.</edu>
  <edu id="e4" lang="ru" trans="google">Стресс, способ нашего организма реагировать на любой вид спроса, может быть вызван как хорошим и плохим опытом.</edu>
  <edu id="e5" lang="en">Stress may be a positive mobilization to drive for success.</edu>
  <edu id="e5" lang="ru" trans="google">Стресс может быть положительной мобилизацией на стремление к успеху.</edu>
  <edu id="e6" lang="en">However, it is widely thought that we experience stress any time, which comes across unexpectedly that frustrates our goals.</edu>
  <edu id="e6" lang="ru" trans="google">Тем не менее, широко распространено мнение, что мы испытываем стресс в любое время, которое попадается неожиданно, что расстраивает наши цели.</edu>
  <edu id="e7" lang="en">As a result, if we don't have a good stress management skill, it may lead to some critical problems.</edu>
  <edu id="e7" lang="ru" trans="google">В результате, если мы не будем иметь навык управления хороший стресс, это может привести к некоторым критическим проблемам.</edu>
  <edu id="e8" lang="en">In the frenetic, fast-paced world, it is a very common predicament that all of us, from the young to the senior, feel depressed caused by stress, such as financial problems, exam stress, relationship difficulties and work overload.</edu>
  <edu id="e8" lang="ru" trans="google">В лихорадочном, быстро меняющемся мире, это очень распространенные затруднительное положение, что все мы, от молодых к старшим, чувствовать себя подавленным, вызванный стрессом, такие как финансовые проблемы, экзаменационный стресс, отношения трудности и перегрузка работы.</edu>
  <edu id="e9" lang="en">Some people regard stress as a power, which overcomes the obstacles to motivate themselves to do their best.</edu>
  <edu id="e9" lang="ru" trans="google">Некоторые люди считают стресс как сила, которая преодолевает препятствия, чтобы мотивировать себя, чтобы сделать их лучше.</edu>
  <edu id="e10" lang="en">other people cannot charge of their thoughts, emotions, and the way they deal with problems.</edu>
  <edu id="e10" lang="ru" trans="google">другие люди не могут зарядить свои мысли, эмоции, и как они имеют дело с проблемами.</edu>
  <edu id="e11" lang="en">Therefore, stress management recently becomes a more significant issue in our realization.</edu>
  <edu id="e11" lang="ru" trans="google">Таким образом, управление стрессом в последнее время становится все более серьезной проблемой в нашей реализации.</edu>
  <edu id="e12" lang="en">Furthermore, stress takes a toll on our health.</edu>
  <edu id="e12" lang="ru" trans="google">Кроме того, стресс берет потери на нашем здоровье.</edu>
  <edu id="e13" lang="en">It is known that the modern life is frequently full of hassles, frustrations, and demands.</edu>
  <edu id="e13" lang="ru" trans="google">Известно, что современная жизнь часто полна неприятностей, разочарований и требований.</edu>
  <edu id="e14" lang="en">This is one of the reasons why people were overwhelmed by constant stress.</edu>
  <edu id="e14" lang="ru" trans="google">Это одна из причин, почему люди были перегружены постоянным стрессом.</edu>
  <edu id="e15" lang="en">Thus, some people have physical problems, such as insomnia and headaches.</edu>
  <edu id="e15" lang="ru" trans="google">Таким образом, некоторые люди имеют физические проблемы, такие как бессонница и головные боли.</edu>
  <edu id="e16" lang="en">Melancholia, the most fatal problem, even leads some people to commit suicide.</edu>
  <edu id="e16" lang="ru" trans="google">Меланхолия, самая фатальная проблема, даже приводит некоторых людей к самоубийству.</edu>
  <edu id="e17" lang="en">Consequently, it is necessary that we should reduce and cope with our stress in the goal of balancing our mind and body.</edu>
  <edu id="e17" lang="ru" trans="google">Следовательно, необходимо, чтобы мы должны сократить и справиться с нашим стрессом в цели сбалансировать наш разум и тело.</edu>
  <edu id="e18" lang="en">To avoid being a pessimist, we may try to conquer our distress by sharing our worry with friends or families, doing exercise regularly, and trying to see our troubles in a different way.</edu>
  <edu id="e18" lang="ru" trans="google">Чтобы избежать пессимиста, мы можем попытаться завоевать наше бедственное положение, разделяя наше беспокойство с друзьями или семьями, делая упражнения регулярно, и пытаясь увидеть наши проблемы по-другому.</edu>
  <edu id="e19" lang="en">For the above reasons, I believe that stress management is an essential skill for everyone to learn and find their own way to solve their stress.</edu>
  <edu id="e19" lang="ru" trans="google">По указанным выше причинам, я считаю, что управление стрессом является важным навыком для всех, чтобы узнать и найти свой собственный путь, чтобы решить их стресс.</edu>
  <adu id="a1" type="neut"/>
  <adu id="a2" type="mcl"/>
  <adu id="a3" type="neut"/>
  <adu id="a4" type="pro"/>
  <adu id="a5" type="pro"/>
  <adu id="a6" type="pro"/>
  <adu id="a7" type="pro"/>
  <adu id="a8" type="pro"/>
  <adu id="a9" type="pro"/>
  <adu id="a10" type="pro"/>
  <adu id="a11" type="pro"/>
  <adu id="a12" type="pro"/>
  <adu id="a13" type="pro"/>
  <adu id="a14" type="pro"/>
  <adu id="a15" type="pro"/>
  <adu id="a16" type="pro"/>
  <adu id="a17" type="pro"/>
  <adu id="a18" type="neut"/>
  <adu id="a19" type="mcl"/>
  <edge id="c18" src="e1" trg="a1" type="seg"/>
  <edge id="c19" src="e2" trg="a2" type="seg"/>
  <edge id="c20" src="e3" trg="a3" type="seg"/>
  <edge id="c21" src="e4" trg="a4" type="seg"/>
  <edge id="c22" src="e5" trg="a5" type="seg"/>
  <edge id="c23" src="e6" trg="a6" type="seg"/>
  <edge id="c24" src="e7" trg="a7" type="seg"/>
  <edge id="c25" src="e8" trg="a8" type="seg"/>
  <edge id="c26" src="e9" trg="a9" type="seg"/>
  <edge id="c27" src="e10" trg="a10" type="seg"/>
  <edge id="c28" src="e11" trg="a11" type="seg"/>
  <edge id="c29" src="e12" trg="a12" type="seg"/>
  <edge id="c30" src="e13" trg="a13" type="seg"/>
  <edge id="c31" src="e14" trg="a14" type="seg"/>
  <edge id="c32" src="e15" trg="a15" type="seg"/>
  <edge id="c33" src="e16" trg="a16" type="seg"/>
  <edge id="c34" src="e17" trg="a17" type="seg"/>
  <edge id="c35" src="e18" trg="a18" type="seg"/>
  <edge id="c36" src="e19" trg="a19" type="seg"/>
  <edge id="c1" src="a4" trg="a7" type="sup"/>
  <edge id="c2" src="a5" trg="a7" type="sup"/>
  <edge id="c3" src="a6" trg="a7" type="sup"/>
  <edge id="c4" src="a7" trg="a2" type="sup"/>
  <edge id="c5" src="a7" trg="a19" type="sup"/>
  <edge id="c6" src="a8" trg="a11" type="sup"/>
  <edge id="c7" src="a9" trg="a11" type="sup"/>
  <edge id="c8" src="a10" trg="a11" type="sup"/>
  <edge id="c9" src="a11" trg="a2" type="sup"/>
  <edge id="c10" src="a11" trg="a19" type="sup"/>
  <edge id="c11" src="a12" trg="a17" type="sup"/>
  <edge id="c12" src="a13" trg="a15" type="sup"/>
  <edge id="c13" src="a14" trg="a15" type="sup"/>
  <edge id="c14" src="a15" trg="a17" type="sup"/>
  <edge id="c15" src="a16" trg="a17" type="sup"/>
  <edge id="c16" src="a17" trg="a2" type="sup"/>
  <edge id="c17" src="a17" trg="a19" type="sup"/>
</arggraph>
