<?xml version='1.0' encoding='UTF-8'?>
<arggraph id="micro_e295" stance="pro" topic_id="People who can't accept others' criticism can't succeed in group working" topic_ru="Люди, которые не могут принять критику чужой не могут добиться успеха в группе рабочих">
  <edu id="e1" lang="en">In everyday life we encounter different people, and we receive different opinions about us or our works, no matter positive or negative.</edu>
  <edu id="e1" lang="ru" trans="google">В повседневной жизни мы сталкиваемся с разными людьми, и мы получаем разные мнения о нас или наших работах, независимо от того, положительного или отрицательного.</edu>
  <edu id="e2" lang="en">It might be easy to take praises but hard to accept criticism.</edu>
  <edu id="e2" lang="ru" trans="google">Это может быть легко взять дифирамбы, но трудно принять критику.</edu>
  <edu id="e3" lang="en">Therefore, here goes the point that people who can't accept others' criticism can't succeed in group working.</edu>
  <edu id="e3" lang="ru" trans="google">Таким образом, здесь идет дело, что люди, которые не могут принять критику чужой не могут добиться успеха в группе рабочих.</edu>
  <edu id="e4" lang="en">Personally, I agree with this statement.</edu>
  <edu id="e4" lang="ru" trans="google">Лично я согласен с этим утверждением.</edu>
  <edu id="e5" lang="en">First, the core of group working is " consensus ".</edu>
  <edu id="e5" lang="ru" trans="google">Во-первых, ядро ​​группы рабочих является «консенсуса».</edu>
  <edu id="e6" lang="en">It's the idea that everyone's opinion accounts.</edu>
  <edu id="e6" lang="ru" trans="google">Это идея, что мнение каждого счета.</edu>
  <edu id="e7" lang="en">In group works, group members gather together to have brain-storming discussion, think over every possible solutions and then finally reach an agreement.</edu>
  <edu id="e7" lang="ru" trans="google">В группе работ, члены группы собираются вместе, чтобы иметь мозговой штурм обсуждение, продумайте все возможные решения, а затем, наконец, достичь соглашения.</edu>
  <edu id="e8" lang="en">In this long process of discussion, there must be different opinions sparkling out.</edu>
  <edu id="e8" lang="ru" trans="google">В этом длительном процессе обсуждения, должны быть разные мнения игристых вне.</edu>
  <edu id="e9" lang="en">It doesn't work if one member solely insists on his / her idea and doesn't take other member's criticism.</edu>
  <edu id="e9" lang="ru" trans="google">Она не работает, если один член только настаивает на его / ее идеи и не принимает критику другого члена.</edu>
  <edu id="e10" lang="en">Because the work belongs to every member, not a personal show for specific one member.</edu>
  <edu id="e10" lang="ru" trans="google">Поскольку работа принадлежит каждому члену, а не персональная выставка для конкретного одного члена.</edu>
  <edu id="e11" lang="en">It's every member's duty to respect other's opinion.</edu>
  <edu id="e11" lang="ru" trans="google">Это обязанность каждого члена уважать другое мнение.</edu>
  <edu id="e12" lang="en">Second, taking criticism is a virtue as you take someone's opinion that is against you.</edu>
  <edu id="e12" lang="ru" trans="google">Во-вторых, принимая критику есть добродетель, как вы принимаете чье-то мнение, что против вас.</edu>
  <edu id="e13" lang="en">Even if you are not working in a group, you still need to take others' criticism.</edu>
  <edu id="e13" lang="ru" trans="google">Даже если вы не работаете в группе, вы все равно должны принимать критику других.</edu>
  <edu id="e14" lang="en">Criticism definitely hurts.</edu>
  <edu id="e14" lang="ru" trans="google">Критика, безусловно, вредит.</edu>
  <edu id="e15" lang="en">Because it points out your drawbacks and forces you to confront them.</edu>
  <edu id="e15" lang="ru" trans="google">Потому что это указывает на ваши недостатки и заставляет вас противостоять им.</edu>
  <edu id="e16" lang="en">However, criticism can help you detect those drawbacks and fix them if you are willing to take it.</edu>
  <edu id="e16" lang="ru" trans="google">Тем не менее, критика может помочь вам обнаружить эти недостатки и исправить их, если вы готовы принять его.</edu>
  <edu id="e17" lang="en">Those who don't even take a word of criticism will eventually lose chances to get improved.</edu>
  <edu id="e17" lang="ru" trans="google">Те, кто даже не взять слово критики в конечном счете потеряют шансы получить улучшились.</edu>
  <edu id="e18" lang="en">In other words, if you can't take any criticism, not only will you fail in cooperating with other people, but also get defeated in personal works.</edu>
  <edu id="e18" lang="ru" trans="google">Другими словами, если вы не можете принимать никакой критики, не только вы не в сотрудничестве с другими людьми, но и получить поражение в личных работ.</edu>
  <edu id="e19" lang="en">As one Chinese idiom goes: " The good medicine tastes bitter “.</edu>
  <edu id="e19" lang="ru" trans="google">Как один китайский говор идет: "Хорошая медицина имеет горький вкус«.</edu>
  <edu id="e20" lang="en">Criticism might be the most powerful solution to heal.</edu>
  <edu id="e20" lang="ru" trans="google">Критика может быть самым мощным решением для исцеления.</edu>
  <edu id="e21" lang="en">However, some people might ask: what if the criticism proves to be wrong ?</edu>
  <edu id="e21" lang="ru" trans="google">Тем не менее, некоторые люди могут спросить: а что, если критика оказывается не так?</edu>
  <edu id="e22" lang="en">What if that I was at first right but the seemingly reasonable criticism led me to the wrong direction ?</edu>
  <edu id="e22" lang="ru" trans="google">Что делать, если я был в первом повороте направо, но, казалось бы разумная критика привела меня в неправильное направление?</edu>
  <edu id="e23" lang="en">Doesn't insistence also a good character ?</edu>
  <edu id="e23" lang="ru" trans="google">Не имеет настойчивые и хороший характер?</edu>
  <edu id="e24" lang="en">In my point of view, even if you are right, criticism is still helpful.</edu>
  <edu id="e24" lang="ru" trans="google">С моей точки зрения, даже если вы правы, критика по-прежнему полезно.</edu>
  <edu id="e25" lang="en">Because in this case it not only is a fixer, but it also serves as a practice to test you how much you know about your work.</edu>
  <edu id="e25" lang="ru" trans="google">Потому что в данном случае это не только закрепитель, но она также служит в качестве практики, чтобы проверить, как много вы знаете о вашей работе.</edu>
  <edu id="e26" lang="en">Taking criticism doesn't necessary mean that you have to take it all.</edu>
  <edu id="e26" lang="ru" trans="google">Принимая критику не обязательно означает, что вы должны принять все это.</edu>
  <edu id="e27" lang="en">You should have your own judgments too !</edu>
  <edu id="e27" lang="ru" trans="google">Вы должны иметь свои собственные суждения тоже!</edu>
  <edu id="e28" lang="en">And it's kind of art to make the best use of criticism.</edu>
  <edu id="e28" lang="ru" trans="google">И это своего рода искусство, чтобы наилучшим образом использовать критики.</edu>
  <edu id="e29" lang="en">In conclusion, criticism is essential especially in group working but in other occasions we still need criticism.</edu>
  <edu id="e29" lang="ru" trans="google">В заключении, критика имеет важное значение, особенно в группе рабочих, но и в других случаях, мы все еще нуждаются критика.</edu>
  <edu id="e30" lang="en">It's just like a picky mirror through which we can see the bad side of us and thus try to become more beautiful and confident.</edu>
  <edu id="e30" lang="ru" trans="google">Это так же, как придирчивый зеркало, через которое мы можем видеть плохую сторону нас, и таким образом пытаются стать более красивыми и уверенными.</edu>
  <adu id="a1" type="neut"/>
  <adu id="a2" type="neut"/>
  <adu id="a3" type="mcl"/>
  <adu id="a4" type="neut"/>
  <adu id="a5" type="pro"/>
  <adu id="a6" type="pro"/>
  <adu id="a7" type="pro"/>
  <adu id="a8" type="neut"/>
  <adu id="a9" type="pro"/>
  <adu id="a10" type="pro"/>
  <adu id="a11" type="pro"/>
  <adu id="a12" type="pro"/>
  <adu id="a13" type="pro"/>
  <adu id="a14" type="opp"/>
  <adu id="a15" type="opp"/>
  <adu id="a16" type="pro"/>
  <adu id="a17" type="pro"/>
  <adu id="a18" type="pro"/>
  <adu id="a19" type="pro"/>
  <adu id="a20" type="pro"/>
  <adu id="a21" type="neut"/>
  <adu id="a22" type="neut"/>
  <adu id="a23" type="neut"/>
  <adu id="a24" type="pro"/>
  <adu id="a25" type="pro"/>
  <adu id="a26" type="pro"/>
  <adu id="a27" type="pro"/>
  <adu id="a28" type="pro"/>
  <adu id="a29" type="mcl"/>
  <adu id="a30" type="neut"/>
  <edge id="c24" src="e1" trg="a1" type="seg"/>
  <edge id="c25" src="e2" trg="a2" type="seg"/>
  <edge id="c26" src="e3" trg="a3" type="seg"/>
  <edge id="c27" src="e4" trg="a4" type="seg"/>
  <edge id="c28" src="e5" trg="a5" type="seg"/>
  <edge id="c29" src="e6" trg="a6" type="seg"/>
  <edge id="c30" src="e7" trg="a7" type="seg"/>
  <edge id="c31" src="e8" trg="a8" type="seg"/>
  <edge id="c32" src="e9" trg="a9" type="seg"/>
  <edge id="c33" src="e10" trg="a10" type="seg"/>
  <edge id="c34" src="e11" trg="a11" type="seg"/>
  <edge id="c35" src="e12" trg="a12" type="seg"/>
  <edge id="c36" src="e13" trg="a13" type="seg"/>
  <edge id="c37" src="e14" trg="a14" type="seg"/>
  <edge id="c38" src="e15" trg="a15" type="seg"/>
  <edge id="c39" src="e16" trg="a16" type="seg"/>
  <edge id="c40" src="e17" trg="a17" type="seg"/>
  <edge id="c41" src="e18" trg="a18" type="seg"/>
  <edge id="c42" src="e19" trg="a19" type="seg"/>
  <edge id="c43" src="e20" trg="a20" type="seg"/>
  <edge id="c44" src="e21" trg="a21" type="seg"/>
  <edge id="c45" src="e22" trg="a22" type="seg"/>
  <edge id="c46" src="e23" trg="a23" type="seg"/>
  <edge id="c47" src="e24" trg="a24" type="seg"/>
  <edge id="c48" src="e25" trg="a25" type="seg"/>
  <edge id="c49" src="e26" trg="a26" type="seg"/>
  <edge id="c50" src="e27" trg="a27" type="seg"/>
  <edge id="c51" src="e28" trg="a28" type="seg"/>
  <edge id="c52" src="e29" trg="a29" type="seg"/>
  <edge id="c53" src="e30" trg="a30" type="seg"/>
  <edge id="c1" src="a5" trg="a3" type="sup"/>
  <edge id="c2" src="a5" trg="a29" type="sup"/>
  <edge id="c3" src="a6" trg="a5" type="sup"/>
  <edge id="c4" src="a7" trg="a5" type="sup"/>
  <edge id="c5" src="a9" trg="a5" type="sup"/>
  <edge id="c6" src="a10" trg="a9" type="sup"/>
  <edge id="c7" src="a11" trg="a5" type="sup"/>
  <edge id="c8" src="a12" trg="a13" type="sup"/>
  <edge id="c9" src="a13" trg="a3" type="sup"/>
  <edge id="c10" src="a13" trg="a29" type="sup"/>
  <edge id="c11" src="a14" trg="a13" type="reb"/>
  <edge id="c12" src="a15" trg="a14" type="sup"/>
  <edge id="c13" src="a16" trg="a14" type="reb"/>
  <edge id="c14" src="a17" trg="a13" type="sup"/>
  <edge id="c15" src="a18" trg="a13" type="sup"/>
  <edge id="c16" src="a19" trg="a13" type="sup"/>
  <edge id="c17" src="a20" trg="a13" type="sup"/>
  <edge id="c18" src="a24" trg="a3" type="sup"/>
  <edge id="c19" src="a24" trg="a29" type="sup"/>
  <edge id="c20" src="a25" trg="a24" type="sup"/>
  <edge id="c21" src="a26" trg="a24" type="sup"/>
  <edge id="c22" src="a27" trg="a24" type="sup"/>
  <edge id="c23" src="a28" trg="a24" type="sup"/>
</arggraph>
