<?xml version='1.0' encoding='UTF-8'?>
<arggraph id="micro_e53" stance="pro" topic_id="The Internet is an adequate source of academic information" topic_ru="Интернет является адекватным источником академической информации">
  <edu id="e1" lang="en">Over the past few decades, the world has witnessed a long stride in technological modernization, especially in field of education.</edu>
  <edu id="e1" lang="ru" trans="google">За последние несколько десятилетий, мир стал свидетелем большого шага в технологической модернизации, особенно в области образования.</edu>
  <edu id="e2" lang="en">This has enabled university lecturers to post their lessons on the web for the sake of students.</edu>
  <edu id="e2" lang="ru" trans="google">Это позволило университетским преподавателям размещать свои уроки в Интернете ради студентов.</edu>
  <edu id="e3" lang="en">Consequently, direct interactions between teachers and learners have been deemphasized.</edu>
  <edu id="e3" lang="ru" trans="google">Следовательно, прямое взаимодействие между преподавателями и учащимися было deemphasized.</edu>
  <edu id="e4" lang="en">However, the impact of the Internet on schooling is still an intriguing issue which has sparked a heated debate among educationists.</edu>
  <edu id="e4" lang="ru" trans="google">Тем не менее, влияние Интернета на школьное образование по-прежнему является интригующим вопросом, который вызвал бурные дебаты среди педагогов.</edu>
  <edu id="e5" lang="en">Personally, I believe that the Internet will pave way for a more accessible and convenient learning.</edu>
  <edu id="e5" lang="ru" trans="google">Лично я считаю, что Интернет будет проложить путь к более доступному и удобному обучению.</edu>
  <edu id="e6" lang="en">First and foremost, the Internet is an adequate source of academic information, which will potentially fulfill the needs of university pupils.</edu>
  <edu id="e6" lang="ru" trans="google">В первую очередь, Интернет является адекватным источником академической информации, которая потенциально удовлетворить потребности университетских учеников.</edu>
  <edu id="e7" lang="en">Nowadays, not only are lectures available online, it is also applicable to find reference e-books as well as multi-aspect documents on the cyberspace.</edu>
  <edu id="e7" lang="ru" trans="google">В настоящее время, не только лекция, доступная в Интернете, это также применимо к быстро найти электронные книги, а также многоаспектные документы на виртуальном пространстве.</edu>
  <edu id="e8" lang="en">As such, the Internet has grown to become the largest virtual library ever.</edu>
  <edu id="e8" lang="ru" trans="google">Таким образом, Интернет вырос, чтобы стать крупнейшей виртуальной библиотекой когда-либо.</edu>
  <edu id="e9" lang="en">Moreover, with the use of the Internet, distance and time seem to be no more a hindrance.</edu>
  <edu id="e9" lang="ru" trans="google">Кроме того, с использованием Интернета, расстояние и время, кажется, не быть больше помехой.</edu>
  <edu id="e10" lang="en">College students can save their time browsing for necessary information through the web instead of spending hours wandering in bookstores or libraries.</edu>
  <edu id="e10" lang="ru" trans="google">Студенты могут сэкономить свое время на просмотр необходимой информации через Интернет, вместо того, чтобы тратить часы, блуждая в книжных магазинах или библиотеках.</edu>
  <edu id="e11" lang="en">Last but not least, the Internet offers a more effective and practical method of studying.</edu>
  <edu id="e11" lang="ru" trans="google">И последнее, но не в последнюю очередь, Интернет предлагает более эффективный и практичный метод изучения.</edu>
  <edu id="e12" lang="en">While virtual flowcharts and animations may simplify complicated scientific processes, Google and Wikipedia are always accessible for detailed responses to every query.</edu>
  <edu id="e12" lang="ru" trans="google">В то время как виртуальные блок-схемы и анимации могут упростить сложный научные процессы, Google и Wikipedia всегда доступны для подробных ответов на каждый запрос.</edu>
  <edu id="e13" lang="en">In the near future, the Internet will become an indispensable part in academic training, for the enormous benefits that it brings about.</edu>
  <edu id="e13" lang="ru" trans="google">В ближайшем будущем, Интернет станет неотъемлемой частью академической подготовки, для огромных преимуществ, которые она приносит.</edu>
  <edu id="e14" lang="en">Have you ever imagined what it would be like to stay at home and attend a lecture by a famous speaker in Finland simultaneously ?</edu>
  <edu id="e14" lang="ru" trans="google">Вы когда-нибудь представить себе, что было бы, чтобы остаться дома и посещать лекции известного оратора в Финляндии одновременно?</edu>
  <edu id="e15" lang="en">This fairy tale turns out to be true thanks to technical and internet advances.</edu>
  <edu id="e15" lang="ru" trans="google">Эта сказка оказывается истинным благодаря техническим и интернет-достижений.</edu>
  <edu id="e16" lang="en">Critics may argue that the Internet have several drawbacks which can affect the education system negatively, for instance internet abuse and black webs.</edu>
  <edu id="e16" lang="ru" trans="google">Критики могут возразить, что Интернету есть несколько недостатков, которые могут повлиять на систему образования отрицательно, для злоупотреблений экземпляра Интернета и черных полотен.</edu>
  <edu id="e17" lang="en">However, we should bear in mind that these problems are mainly triggered by students' wrong approach towards the Internet not the Internet itself.</edu>
  <edu id="e17" lang="ru" trans="google">Тем не менее, мы должны иметь в виду, что эти проблемы в основном вызваны неправильным подходом студентов к Интернету не сам Интернет.</edu>
  <edu id="e18" lang="en">Thus, what we are to do is a change in learners' attitude not an elimination of the Internet from academic study.</edu>
  <edu id="e18" lang="ru" trans="google">Таким образом, что мы должны сделать, это изменение обучаемых отношений не элиминации Интернета из академических исследований.</edu>
  <edu id="e19" lang="en">After analyzing both points of view, I would like to reiterate the necessity of the Internet in learning process.</edu>
  <edu id="e19" lang="ru" trans="google">Проанализировав обе точки зрения, я хотел бы еще раз подчеркнуть необходимость Интернета в процессе обучения.</edu>
  <edu id="e20" lang="en">It is obvious that the benefits of the Internet undoubtedly outweigh its disadvantages.</edu>
  <edu id="e20" lang="ru" trans="google">Очевидно, что преимущества Интернета, несомненно, перевешивают его недостатки.</edu>
  <edu id="e21" lang="en">However, it is not just the matter of help or hindrance, it is the way you use the cyberspace.</edu>
  <edu id="e21" lang="ru" trans="google">Однако, это не просто вопрос о помощи или помех, это способ использования киберпространства.</edu>
  <edu id="e22" lang="en">Be wise and conscious.</edu>
  <edu id="e22" lang="ru" trans="google">Будь мудрым и сознательным.</edu>
  <adu id="a1" type="neut"/>
  <adu id="a2" type="neut"/>
  <adu id="a3" type="neut"/>
  <adu id="a4" type="neut"/>
  <adu id="a5" type="mcl"/>
  <adu id="a6" type="pro"/>
  <adu id="a7" type="pro"/>
  <adu id="a8" type="pro"/>
  <adu id="a9" type="pro"/>
  <adu id="a10" type="pro"/>
  <adu id="a11" type="pro"/>
  <adu id="a12" type="pro"/>
  <adu id="a13" type="pro"/>
  <adu id="a14" type="pro"/>
  <adu id="a15" type="pro"/>
  <adu id="a16" type="opp"/>
  <adu id="a17" type="pro"/>
  <adu id="a18" type="pro"/>
  <adu id="a19" type="mcl"/>
  <adu id="a20" type="neut"/>
  <adu id="a21" type="neut"/>
  <adu id="a22" type="neut"/>
  <edge id="c17" src="e1" trg="a1" type="seg"/>
  <edge id="c18" src="e2" trg="a2" type="seg"/>
  <edge id="c19" src="e3" trg="a3" type="seg"/>
  <edge id="c20" src="e4" trg="a4" type="seg"/>
  <edge id="c21" src="e5" trg="a5" type="seg"/>
  <edge id="c22" src="e6" trg="a6" type="seg"/>
  <edge id="c23" src="e7" trg="a7" type="seg"/>
  <edge id="c24" src="e8" trg="a8" type="seg"/>
  <edge id="c25" src="e9" trg="a9" type="seg"/>
  <edge id="c26" src="e10" trg="a10" type="seg"/>
  <edge id="c27" src="e11" trg="a11" type="seg"/>
  <edge id="c28" src="e12" trg="a12" type="seg"/>
  <edge id="c29" src="e13" trg="a13" type="seg"/>
  <edge id="c30" src="e14" trg="a14" type="seg"/>
  <edge id="c31" src="e15" trg="a15" type="seg"/>
  <edge id="c32" src="e16" trg="a16" type="seg"/>
  <edge id="c33" src="e17" trg="a17" type="seg"/>
  <edge id="c34" src="e18" trg="a18" type="seg"/>
  <edge id="c35" src="e19" trg="a19" type="seg"/>
  <edge id="c36" src="e20" trg="a20" type="seg"/>
  <edge id="c37" src="e21" trg="a21" type="seg"/>
  <edge id="c38" src="e22" trg="a22" type="seg"/>
  <edge id="c1" src="a6" trg="a5" type="sup"/>
  <edge id="c2" src="a6" trg="a19" type="sup"/>
  <edge id="c3" src="a7" trg="a8" type="sup"/>
  <edge id="c4" src="a8" trg="a6" type="sup"/>
  <edge id="c5" src="a9" trg="a6" type="sup"/>
  <edge id="c6" src="a10" trg="a9" type="sup"/>
  <edge id="c7" src="a11" trg="a6" type="sup"/>
  <edge id="c8" src="a12" trg="a11" type="sup"/>
  <edge id="c9" src="a13" trg="a5" type="sup"/>
  <edge id="c10" src="a13" trg="a19" type="sup"/>
  <edge id="c11" src="a14" trg="a13" type="sup"/>
  <edge id="c12" src="a15" trg="a13" type="sup"/>
  <edge id="c13" src="a16" trg="a5" type="reb"/>
  <edge id="c14" src="a16" trg="a19" type="reb"/>
  <edge id="c15" src="a17" trg="a18" type="sup"/>
  <edge id="c16" src="a18" trg="a16" type="reb"/>
</arggraph>
