<?xml version='1.0' encoding='UTF-8'?>
<arggraph id="micro_e169" stance="pro" topic_id="Nowadays there are more opportunities for women than there were in the past" topic_ru="В настоящее время существует больше возможностей для женщин, чем было в прошлом">
  <edu id="e1" lang="en">The modern times have witnessed profound changes in most aspects of life, including the revolution of feminism.</edu>
  <edu id="e1" lang="ru" trans="google">Современные раз стали свидетелями глубоких изменений в большинстве аспектов жизни, в том числе революции феминизма.</edu>
  <edu id="e2" lang="en">Women have been opened up to more chances than ever.</edu>
  <edu id="e2" lang="ru" trans="google">Женщины были открыты для больше шансов, чем когда-либо.</edu>
  <edu id="e3" lang="en">This, contrary to some ideas, is a positive progress in human society from my point of view.</edu>
  <edu id="e3" lang="ru" trans="google">Это, в отличие от некоторых идей, является позитивным прогрессом в человеческом обществе, с моей точки зрения.</edu>
  <edu id="e4" lang="en">To start with, the fairness between males and females is inevitable in such a developed society.</edu>
  <edu id="e4" lang="ru" trans="google">Начнем с того, справедливость между мужчинами и женщинами является неизбежным в таком развитом обществе.</edu>
  <edu id="e5" lang="en">Gone are the days when women could do nothing rather than stick to boring house work and take care of children.</edu>
  <edu id="e5" lang="ru" trans="google">Прошли те времена, когда женщины не могли сделать ничего, а не клюшку расточных работ дома и уход за тека детей.</edu>
  <edu id="e6" lang="en">Women nowadays are much more active, they may be successful businessmen, they join the political world, they become scientists and so on.</edu>
  <edu id="e6" lang="ru" trans="google">Женщины в настоящее время гораздо более активны, они могут быть успешными бизнесменами, они присоединяются к политическому миру, они становятся учеными и так далее.</edu>
  <edu id="e7" lang="en">This is to say, the " weaker " gender as often be thought has enough right as well as ability to contribute to the development of human beings just like any other men, not to mention they even perform better in some fields.</edu>
  <edu id="e7" lang="ru" trans="google">Это, так сказать, «слабый» пол, как часто может быть мысль имеет достаточно права, а также возможность внести свой вклад в развитие человека, как и любые другие люди, не говоря уже о чем они даже лучше работать в некоторых областях.</edu>
  <edu id="e8" lang="en">In the second place, the revolution in females' right has brought about many benefits not only to themselves but society as well.</edu>
  <edu id="e8" lang="ru" trans="google">Во-вторых, революция в правом самок привело многих преимуществ не только для них самих, но и общества, а также.</edu>
  <edu id="e9" lang="en">The financial burden of families, for instance, has decreased significantly with both the wives and the husbands working to earn money.</edu>
  <edu id="e9" lang="ru" trans="google">Финансовое бремя семей, например, значительно уменьшилось с обеих жен и мужей, работающих, чтобы заработать деньги.</edu>
  <edu id="e10" lang="en">What is more, women have the outstanding instinct to take up some careers like healthcare or human resource management due to their patience and elaboration.</edu>
  <edu id="e10" lang="ru" trans="google">Более того, женщины имеют выдающийся инстинкт, чтобы взять некоторые карьеры, как здравоохранение или управление человеческими ресурсами из-за их терпение и разработки.</edu>
  <edu id="e11" lang="en">Admittedly, such changes do lead to some negative results like an upward trend in divorce rate or,.</edu>
  <edu id="e11" lang="ru" trans="google">Следует признать, что такие изменения приводят к некоторым результатам отрицательных, как восходящий тренд в скорости развода или ,.</edu>
  <edu id="e12" lang="en">Under many circumstances, women find it difficult to balance their work and their traditional role as the wives.</edu>
  <edu id="e12" lang="ru" trans="google">Во многих ситуациях, женщины трудно сбалансировать свою работу и свою традиционную роль в качестве жен.</edu>
  <edu id="e13" lang="en">Also, children might enjoy less care from parents as they are both busy with their work.</edu>
  <edu id="e13" lang="ru" trans="google">Кроме того, дети могут наслаждаться меньше ухода от родителей, как они оба заняты своей работой.</edu>
  <edu id="e14" lang="en">Yet everything has it upside and downside, women should find the best way to overcome such challenges.</edu>
  <edu id="e14" lang="ru" trans="google">Тем не менее, все, что имеет его с ногами и нижней стороны, женщины должны найти лучший способ для преодоления таких проблем.</edu>
  <edu id="e15" lang="en">All things considered, in a society where females are given equal opportunities compared with males would obviously enjoy lots of benefits far outweighing its obstacles.</edu>
  <edu id="e15" lang="ru" trans="google">Учитывая все обстоятельства, в обществе, где женщины имеют равные возможности по сравнению с мужчинами, очевидно, пользуется множеством преимуществ далеко перевешивают свои препятствия.</edu>
  <adu id="a1" type="neut"/>
  <adu id="a2" type="neut"/>
  <adu id="a3" type="mcl"/>
  <adu id="a4" type="pro"/>
  <adu id="a5" type="pro"/>
  <adu id="a6" type="pro"/>
  <adu id="a7" type="pro"/>
  <adu id="a8" type="pro"/>
  <adu id="a9" type="pro"/>
  <adu id="a10" type="pro"/>
  <adu id="a11" type="opp"/>
  <adu id="a12" type="opp"/>
  <adu id="a13" type="opp"/>
  <adu id="a14" type="neut"/>
  <adu id="a15" type="mcl"/>
  <edge id="c14" src="e1" trg="a1" type="seg"/>
  <edge id="c15" src="e2" trg="a2" type="seg"/>
  <edge id="c16" src="e3" trg="a3" type="seg"/>
  <edge id="c17" src="e4" trg="a4" type="seg"/>
  <edge id="c18" src="e5" trg="a5" type="seg"/>
  <edge id="c19" src="e6" trg="a6" type="seg"/>
  <edge id="c20" src="e7" trg="a7" type="seg"/>
  <edge id="c21" src="e8" trg="a8" type="seg"/>
  <edge id="c22" src="e9" trg="a9" type="seg"/>
  <edge id="c23" src="e10" trg="a10" type="seg"/>
  <edge id="c24" src="e11" trg="a11" type="seg"/>
  <edge id="c25" src="e12" trg="a12" type="seg"/>
  <edge id="c26" src="e13" trg="a13" type="seg"/>
  <edge id="c27" src="e14" trg="a14" type="seg"/>
  <edge id="c28" src="e15" trg="a15" type="seg"/>
  <edge id="c1" src="a4" trg="a6" type="sup"/>
  <edge id="c2" src="a5" trg="a6" type="sup"/>
  <edge id="c3" src="a6" trg="a3" type="sup"/>
  <edge id="c4" src="a6" trg="a15" type="sup"/>
  <edge id="c5" src="a7" trg="a6" type="sup"/>
  <edge id="c6" src="a8" trg="a3" type="sup"/>
  <edge id="c7" src="a8" trg="a15" type="sup"/>
  <edge id="c8" src="a9" trg="a8" type="exa"/>
  <edge id="c9" src="a10" trg="a8" type="sup"/>
  <edge id="c10" src="a11" trg="a3" type="reb"/>
  <edge id="c11" src="a11" trg="a15" type="reb"/>
  <edge id="c12" src="a12" trg="a11" type="sup"/>
  <edge id="c13" src="a13" trg="a11" type="sup"/>
</arggraph>
