<?xml version='1.0' encoding='UTF-8'?>
<arggraph id="micro_e368" stance="pro" topic_id="How to learn children more efficiently" topic_ru="Как более эффективно учить детей">
  <edu id="e1" lang="en">Education is undeniably pivotal for an individual.</edu>
  <edu id="e1" lang="ru" trans="google">Образование, несомненно, ключевое для человека.</edu>
  <edu id="e2" lang="en">Although, it is agreed that learning by watching TV is more effective to some children, I find it difficult not to oppose against the idea of having students spend more time on TVs.</edu>
  <edu id="e2" lang="ru" trans="google">Хотя, она решила, что обучение на просмотр телевизора является более эффективным для некоторых детей, я считаю, что трудно не противопоставить идею иметь студент проводят больше времени на экранах телевизоров.</edu>
  <edu id="e3" lang="en">The reason for this is traditional education has its stand for most appropriate method.</edu>
  <edu id="e3" lang="ru" trans="google">Причина этого является традиционным образование имеет свой стенд для наиболее подходящего метода.</edu>
  <edu id="e4" lang="en">Thus, physical inactivity should not be encouraged for the aim of bettering youngsters' skills.</edu>
  <edu id="e4" lang="ru" trans="google">Таким образом, отсутствие физической активности не следует поощрять целью улучшение навыков молодых людей.</edu>
  <edu id="e5" lang="en">To begin with, classic teaching methods has been scientifically proven and utilized as the best mode of educate a child.</edu>
  <edu id="e5" lang="ru" trans="google">Начнем с того, классическими методами обучения было научно доказано, и использовать в качестве лучшего способа воспитать ребенок.</edu>
  <edu id="e6" lang="en">Technology and its advance, to some degrees, have influenced the educational industry positively.</edu>
  <edu id="e6" lang="ru" trans="google">Технология и ее продвижение, на несколько градусов, оказали влияние на образовательную отрасль положительно.</edu>
  <edu id="e7" lang="en">Nevertheless, it has not changed the importance of teachers' role in classes.</edu>
  <edu id="e7" lang="ru" trans="google">Тем не менее, он не изменил значение роли учителей в классах.</edu>
  <edu id="e8" lang="en">The fact that students nowadays do their homework or researches on computers rather than go to libraries is an illustration for this.</edu>
  <edu id="e8" lang="ru" trans="google">Тот факт, что студенты в настоящее время делать домашние задания или исследования на компьютерах, а не идти в библиотеки является иллюстрацией для этого.</edu>
  <edu id="e9" lang="en">Yet, monitors are unable to replace the appearance of educators.</edu>
  <edu id="e9" lang="ru" trans="google">Тем не менее, наблюдатели не могут заменить появление педагогов.</edu>
  <edu id="e10" lang="en">Since their knowledge and adaptability is priceless.</edu>
  <edu id="e10" lang="ru" trans="google">Так как их знания и адаптивность бесценны.</edu>
  <edu id="e11" lang="en">Therefore, teacher cannot be switched with some unconscious screens.</edu>
  <edu id="e11" lang="ru" trans="google">Поэтому учитель не может быть переключен с некоторыми бессознательными экранами.</edu>
  <edu id="e12" lang="en">Secondly, watching television is a very passive action and should not be promoted by increasing periods spent on it.</edu>
  <edu id="e12" lang="ru" trans="google">Во-вторых, смотреть телевизор является очень пассивным действием и не следует поощрять за счет увеличения периодов времени, затраченного на него.</edu>
  <edu id="e13" lang="en">On the other hand, children who have had such activities that interrelate to creativity, cooperation, competition tend to perform significantly better in general terms.</edu>
  <edu id="e13" lang="ru" trans="google">С другой стороны, дети, у которых были такие мероприятия, которые взаимодействуют с творчеством, сотрудничество, конкуренция, как правило, значительно лучше выполнять в общих чертах.</edu>
  <edu id="e14" lang="en">For instance, a conducted experiment indicates out-performance in skills like differentiate types of plants or animals of a child that experienced various activities in nature to a child spent most of his time watching documentaries.</edu>
  <edu id="e14" lang="ru" trans="google">Например, Проведённый эксперимент показывает, из-производительность в таких навыков, как дифференциации типов растений или животных ребенка, испытавших различные мероприятия в природе ребенка провел большую часть своего времени, наблюдая документальные фильмы.</edu>
  <edu id="e15" lang="en">As a result, such activities can equip a child necessary skill that is useful for his future career.</edu>
  <edu id="e15" lang="ru" trans="google">В результате, такая деятельность может оборудовать детскую необходимый навык, который является полезным для его будущей карьеры.</edu>
  <edu id="e16" lang="en">In conclusion, despite the fact that learning by watching TV suits some children.</edu>
  <edu id="e16" lang="ru" trans="google">В заключении, несмотря на то, что обучение, смотря телевизор устраивает некоторые ребенок.</edu>
  <edu id="e17" lang="en">kids should never be encourage to engage in such passive activity.</edu>
  <edu id="e17" lang="ru" trans="google">Дети никогда не должны поощрять к участию в такой пассивной деятельности.</edu>
  <edu id="e18" lang="en">School has been applying traditional teaching procedure since for ages.</edu>
  <edu id="e18" lang="ru" trans="google">Школа применяет традиционную процедуру преподавания, так как в течение веков.</edu>
  <edu id="e19" lang="en">Additionally, it still performs at its best to equip a child with essential skills.</edu>
  <edu id="e19" lang="ru" trans="google">Кроме того, он по-прежнему выполняет в лучшем виде, чтобы оборудовать ребенок необходимых навыков.</edu>
  <adu id="a1" type="neut"/>
  <adu id="a2" type="neut"/>
  <adu id="a3" type="pro"/>
  <adu id="a4" type="mcl"/>
  <adu id="a5" type="pro"/>
  <adu id="a6" type="opp"/>
  <adu id="a7" type="pro"/>
  <adu id="a8" type="opp"/>
  <adu id="a9" type="pro"/>
  <adu id="a10" type="pro"/>
  <adu id="a11" type="pro"/>
  <adu id="a12" type="pro"/>
  <adu id="a13" type="pro"/>
  <adu id="a14" type="pro"/>
  <adu id="a15" type="pro"/>
  <adu id="a16" type="opp"/>
  <adu id="a17" type="mcl"/>
  <adu id="a18" type="pro"/>
  <adu id="a19" type="pro"/>
  <edge id="c22" src="e1" trg="a1" type="seg"/>
  <edge id="c23" src="e2" trg="a2" type="seg"/>
  <edge id="c24" src="e3" trg="a3" type="seg"/>
  <edge id="c25" src="e4" trg="a4" type="seg"/>
  <edge id="c26" src="e5" trg="a5" type="seg"/>
  <edge id="c27" src="e6" trg="a6" type="seg"/>
  <edge id="c28" src="e7" trg="a7" type="seg"/>
  <edge id="c29" src="e8" trg="a8" type="seg"/>
  <edge id="c30" src="e9" trg="a9" type="seg"/>
  <edge id="c31" src="e10" trg="a10" type="seg"/>
  <edge id="c32" src="e11" trg="a11" type="seg"/>
  <edge id="c33" src="e12" trg="a12" type="seg"/>
  <edge id="c34" src="e13" trg="a13" type="seg"/>
  <edge id="c35" src="e14" trg="a14" type="seg"/>
  <edge id="c36" src="e15" trg="a15" type="seg"/>
  <edge id="c37" src="e16" trg="a16" type="seg"/>
  <edge id="c38" src="e17" trg="a17" type="seg"/>
  <edge id="c39" src="e18" trg="a18" type="seg"/>
  <edge id="c40" src="e19" trg="a19" type="seg"/>
  <edge id="c1" src="a3" trg="a4" type="sup"/>
  <edge id="c2" src="a3" trg="a17" type="sup"/>
  <edge id="c3" src="a5" trg="a11" type="sup"/>
  <edge id="c4" src="a6" trg="a11" type="reb"/>
  <edge id="c5" src="a7" trg="a6" type="reb"/>
  <edge id="c6" src="a8" trg="a6" type="sup"/>
  <edge id="c7" src="a9" trg="a11" type="sup"/>
  <edge id="c8" src="a10" trg="a9" type="sup"/>
  <edge id="c9" src="a11" trg="a4" type="sup"/>
  <edge id="c10" src="a11" trg="a17" type="sup"/>
  <edge id="c11" src="a12" trg="a4" type="sup"/>
  <edge id="c12" src="a12" trg="a17" type="sup"/>
  <edge id="c13" src="a13" trg="a12" type="sup"/>
  <edge id="c14" src="a14" trg="a15" type="exa"/>
  <edge id="c15" src="a15" trg="a13" type="sup"/>
  <edge id="c16" src="a16" trg="a4" type="reb"/>
  <edge id="c17" src="a16" trg="a17" type="reb"/>
  <edge id="c18" src="a18" trg="a4" type="sup"/>
  <edge id="c19" src="a18" trg="a17" type="sup"/>
  <edge id="c20" src="a19" trg="a4" type="sup"/>
  <edge id="c21" src="a19" trg="a17" type="sup"/>
</arggraph>
