<?xml version='1.0' encoding='UTF-8'?>
<arggraph id="micro_e215" stance="pro" topic_id="Qualification is still the fundamental determinant of an employee's competency of their jobs" topic_ru="Квалификация по-прежнему является основным фактором, определяющим компетенцию работника их работы">
  <edu id="e1" lang="en">With the increased educational level of workforce, there are growing number of employers seeking criteria other than qualifications such as social skills in their employee selection process.</edu>
  <edu id="e1" lang="ru" trans="google">С повышением уровня образования рабочей силы, есть все большее число работодателей, ищущих, кроме квалификации таких критериев, как социальные навыки в процессе их отбора сотрудников.</edu>
  <edu id="e2" lang="en">However, some employers still believe that qualifications should be the most paramount criterion.</edu>
  <edu id="e2" lang="ru" trans="google">Тем не менее, некоторые работодатели по-прежнему считают, что квалификация должна быть самым первостепенным критерием.</edu>
  <edu id="e3" lang="en">The essay intends to explore both sides of arguments and also present my own opinion.</edu>
  <edu id="e3" lang="ru" trans="google">Эссе намерено изучить обе стороны аргументов, а также представить свое мнение.</edu>
  <edu id="e4" lang="en">Firstly, some people suggest that qualification should be the foremost measurement to determine the value of a employer.</edu>
  <edu id="e4" lang="ru" trans="google">Во-первых, некоторые люди полагают, что квалификация должна быть в первую очередь измерения, чтобы определить значение работодателя.</edu>
  <edu id="e5" lang="en">It is of importance that workers should be well educated and trained to perform duties of their job.</edu>
  <edu id="e5" lang="ru" trans="google">При этом важно, что работники должны быть хорошо обучены и подготовлены для выполнения обязанностей их работы.</edu>
  <edu id="e6" lang="en">Specifically, people who work in professional fields such as medicals are required to have a university degree and years of experience.</edu>
  <edu id="e6" lang="ru" trans="google">В частности, люди, которые работают в профессиональных областях, такие как медикаменты, должны иметь высшее образование и многолетний опыт работы.</edu>
  <edu id="e7" lang="en">Social skills seem to be less important as they cannot contribute to the success of a surgery.</edu>
  <edu id="e7" lang="ru" trans="google">Социальные навыки кажутся менее важными, поскольку они не могут внести свой вклад в успех операции.</edu>
  <edu id="e8" lang="en">On the other hand, it is no doubt that the importance of social skills have been recognized by increasing number of employers.</edu>
  <edu id="e8" lang="ru" trans="google">С другой стороны, нет сомнений в том, что важность социальных навыков, была признана путем увеличения числа работодателей.</edu>
  <edu id="e9" lang="en">It is because people nowadays are required to work as a team in their jobs frequently.</edu>
  <edu id="e9" lang="ru" trans="google">Это происходит потому, что люди в настоящее время требуется для работы в команде в своей работе часто.</edu>
  <edu id="e10" lang="en">Interpersonal skill plays an essential role in helping colleagues to cooperate with each other, especially when conflicts arise.</edu>
  <edu id="e10" lang="ru" trans="google">Межличностные умение играет существенную роль в оказании помощи коллегам сотрудничать друг с другом, особенно, когда возникают конфликты.</edu>
  <edu id="e11" lang="en">Better social skills allow them to resolve disagreements in a much more harmony way.</edu>
  <edu id="e11" lang="ru" trans="google">Лучше социальные навыки позволяют им разрешать разногласия в гораздо большей гармонии пути.</edu>
  <edu id="e12" lang="en">Besides, organization have been transformed to customers oriented.</edu>
  <edu id="e12" lang="ru" trans="google">Кроме того, организация была преобразована для клиентов, ориентированных.</edu>
  <edu id="e13" lang="en">Excellent social skills can help employees maintain strong relationship with their clients which thus lead to a better customer satisfaction.</edu>
  <edu id="e13" lang="ru" trans="google">Отличные социальные навыки могут помочь сотрудникам поддерживать прочные отношения со своими клиентами, которые, таким образом, привести к улучшению удовлетворенности клиентов.</edu>
  <edu id="e14" lang="en">To my view, I incline to believe qualification is still the fundamental determinant of an employee's competency of their jobs.</edu>
  <edu id="e14" lang="ru" trans="google">На мой взгляд, я склонен полагать, квалификация по-прежнему является основным фактором, определяющим компетенцию работника их работы.</edu>
  <edu id="e15" lang="en">Yet, the importance of social skills should not be neglected as those skills can help one to perform their job effectiveness and efficiency by facilitating interaction and communication with others.</edu>
  <edu id="e15" lang="ru" trans="google">Тем не менее, важность социальных навыков не следует пренебрегать, как эти навыки могут помочь человеку выполнять свою эффективность работы и эффективность путем облегчения взаимодействия и общения с другими людьми.</edu>
  <adu id="a1" type="neut"/>
  <adu id="a2" type="neut"/>
  <adu id="a3" type="neut"/>
  <adu id="a4" type="pro"/>
  <adu id="a5" type="pro"/>
  <adu id="a6" type="pro"/>
  <adu id="a7" type="pro"/>
  <adu id="a8" type="opp"/>
  <adu id="a9" type="opp"/>
  <adu id="a10" type="opp"/>
  <adu id="a11" type="opp"/>
  <adu id="a12" type="opp"/>
  <adu id="a13" type="opp"/>
  <adu id="a14" type="mcl"/>
  <adu id="a15" type="opp"/>
  <edge id="c12" src="e1" trg="a1" type="seg"/>
  <edge id="c13" src="e2" trg="a2" type="seg"/>
  <edge id="c14" src="e3" trg="a3" type="seg"/>
  <edge id="c15" src="e4" trg="a4" type="seg"/>
  <edge id="c16" src="e5" trg="a5" type="seg"/>
  <edge id="c17" src="e6" trg="a6" type="seg"/>
  <edge id="c18" src="e7" trg="a7" type="seg"/>
  <edge id="c19" src="e8" trg="a8" type="seg"/>
  <edge id="c20" src="e9" trg="a9" type="seg"/>
  <edge id="c21" src="e10" trg="a10" type="seg"/>
  <edge id="c22" src="e11" trg="a11" type="seg"/>
  <edge id="c23" src="e12" trg="a12" type="seg"/>
  <edge id="c24" src="e13" trg="a13" type="seg"/>
  <edge id="c25" src="e14" trg="a14" type="seg"/>
  <edge id="c26" src="e15" trg="a15" type="seg"/>
  <edge id="c1" src="a4" trg="a14" type="sup"/>
  <edge id="c2" src="a5" trg="a4" type="sup"/>
  <edge id="c3" src="a6" trg="a4" type="sup"/>
  <edge id="c4" src="a7" trg="a4" type="sup"/>
  <edge id="c5" src="a8" trg="a14" type="reb"/>
  <edge id="c6" src="a9" trg="a8" type="sup"/>
  <edge id="c7" src="a10" trg="a8" type="sup"/>
  <edge id="c8" src="a11" trg="a8" type="sup"/>
  <edge id="c9" src="a12" trg="a13" type="sup"/>
  <edge id="c10" src="a13" trg="a8" type="sup"/>
  <edge id="c11" src="a15" trg="a14" type="reb"/>
</arggraph>
