<?xml version='1.0' encoding='UTF-8'?>
<arggraph id="micro_e72" stance="pro" topic_id="Public transportation keeps society from the depletion of natural resources" topic_ru="Общественный транспорт удерживает общество от истощения природных ресурсов">
  <edu id="e1" lang="en">The development of public transportation is the most essential thing for a developed society.</edu>
  <edu id="e1" lang="ru" trans="google">Развитие общественного транспорта является наиболее важным, что для развитого общества.</edu>
  <edu id="e2" lang="en">Public transportation keeps society from the depletion of natural resources, the air pollution, the loss of a sense of community.</edu>
  <edu id="e2" lang="ru" trans="google">Общественный транспорт удерживает общество от истощения природных ресурсов, загрязнения воздуха, потери чувства общности.</edu>
  <edu id="e3" lang="en">So, I think the government have to spend more money on improving it.</edu>
  <edu id="e3" lang="ru" trans="google">Так что, я думаю, что правительство придется тратить больше денег на улучшение его.</edu>
  <edu id="e4" lang="en">The use of public transportation is the best way to conserve natural resources gradually run out.</edu>
  <edu id="e4" lang="ru" trans="google">Использование общественного транспорта является лучшим способом сохранить природные ресурсы постепенно исчерпает.</edu>
  <edu id="e5" lang="en">Cars depend on oil and gasoline to move.</edu>
  <edu id="e5" lang="ru" trans="google">Автомобили в зависимости от нефти и бензина, чтобы двигаться.</edu>
  <edu id="e6" lang="en">If people use too many private cars, the oil and gasoline nonrenewable will run out quickly.</edu>
  <edu id="e6" lang="ru" trans="google">Если люди используют слишком много частных автомобилей, нефть и бензин невозобновляемых быстро разряжается.</edu>
  <edu id="e7" lang="en">Instead of using many private cars, people can use public transportation, such as bus, train, subway, each one can get far more people and less oil and gasoline are used up per person.</edu>
  <edu id="e7" lang="ru" trans="google">Вместо того чтобы использовать много частных автомобилей, люди могут пользоваться общественным транспортом, например, автобус, поезд, метро, ​​каждый из них может получить гораздо больше людей и меньше нефти и бензина израсходуется на человека.</edu>
  <edu id="e8" lang="en">The use of public transportation helps in reducing the air pollution.</edu>
  <edu id="e8" lang="ru" trans="google">Использование общественного транспорта помогает в снижении загрязнения воздуха.</edu>
  <edu id="e9" lang="en">Cars use oil and gasoline and send out gas such as carbon dioxide, heat and so on.</edu>
  <edu id="e9" lang="ru" trans="google">Автомобили используют масло и бензин и разослать газ, такие как диоксид углерода, тепло и так далее.</edu>
  <edu id="e10" lang="en">They cause pollution and make the Earth warmer.</edu>
  <edu id="e10" lang="ru" trans="google">Они вызывают загрязнение окружающей среды и сделать теплую землю.</edu>
  <edu id="e11" lang="en">The more cars are driven, the more pollution will be put into air.</edu>
  <edu id="e11" lang="ru" trans="google">Чем больше машин приводятся в движение, тем больше загрязнение окружающей среды будет введен в воздух.</edu>
  <edu id="e12" lang="en">If we use the public transportation, less cars will be used and less pollution will be emitted.</edu>
  <edu id="e12" lang="ru" trans="google">Если мы будем использовать общественный транспорт, меньше машин будет использоваться и меньше загрязнения, будет выделяться.</edu>
  <edu id="e13" lang="en">The atmosphere, surrounding us, will be protected and help us more healthy.</edu>
  <edu id="e13" lang="ru" trans="google">Атмосфера, окружающая нас, будет защищать и помогать нам более здоровым.</edu>
  <edu id="e14" lang="en">The use of public transportation make us live more sociable.</edu>
  <edu id="e14" lang="ru" trans="google">Использование общественного транспорта заставляет нас жить более общительными.</edu>
  <edu id="e15" lang="en">When we drive a private car, we are alone or only our family members that we already know and lost the opportunity to make friends with others or to see that we are a part of this society.</edu>
  <edu id="e15" lang="ru" trans="google">Когда мы ездим частный автомобиль, мы один или только члены нашей семьи, что мы уже знаем, и потеряли возможность подружиться с другими или, чтобы увидеть, что мы являемся частью этого общества.</edu>
  <edu id="e16" lang="en">When using public transportation, we have a chance to meet more people and more chances to discovery new aspects of life.</edu>
  <edu id="e16" lang="ru" trans="google">При использовании общественного транспорта, у нас есть шанс встретить больше людей и больше шансов на открытия новых аспекты жизни.</edu>
  <edu id="e17" lang="en">Using public transportation has a lot of advantages for the modern society facing a lot of problems: the environmental population, the isolation in life, the depletion of natural resources.</edu>
  <edu id="e17" lang="ru" trans="google">Используя общественный транспорт имеет много преимуществ для современного общества сталкивается много проблем: экологическое население, изоляция в жизни, истощение природных ресурсов.</edu>
  <edu id="e18" lang="en">So, the government have to invest more for it and encourage people to use.</edu>
  <edu id="e18" lang="ru" trans="google">Таким образом, правительству придется вкладывать больше за него и поощрять людей к использованию.</edu>
  <adu id="a1" type="mcl"/>
  <adu id="a2" type="pro"/>
  <adu id="a3" type="neut"/>
  <adu id="a4" type="pro"/>
  <adu id="a5" type="pro"/>
  <adu id="a6" type="pro"/>
  <adu id="a7" type="pro"/>
  <adu id="a8" type="pro"/>
  <adu id="a9" type="pro"/>
  <adu id="a10" type="pro"/>
  <adu id="a11" type="pro"/>
  <adu id="a12" type="pro"/>
  <adu id="a13" type="pro"/>
  <adu id="a14" type="pro"/>
  <adu id="a15" type="pro"/>
  <adu id="a16" type="pro"/>
  <adu id="a17" type="mcl"/>
  <adu id="a18" type="neut"/>
  <edge id="c19" src="e1" trg="a1" type="seg"/>
  <edge id="c20" src="e2" trg="a2" type="seg"/>
  <edge id="c21" src="e3" trg="a3" type="seg"/>
  <edge id="c22" src="e4" trg="a4" type="seg"/>
  <edge id="c23" src="e5" trg="a5" type="seg"/>
  <edge id="c24" src="e6" trg="a6" type="seg"/>
  <edge id="c25" src="e7" trg="a7" type="seg"/>
  <edge id="c26" src="e8" trg="a8" type="seg"/>
  <edge id="c27" src="e9" trg="a9" type="seg"/>
  <edge id="c28" src="e10" trg="a10" type="seg"/>
  <edge id="c29" src="e11" trg="a11" type="seg"/>
  <edge id="c30" src="e12" trg="a12" type="seg"/>
  <edge id="c31" src="e13" trg="a13" type="seg"/>
  <edge id="c32" src="e14" trg="a14" type="seg"/>
  <edge id="c33" src="e15" trg="a15" type="seg"/>
  <edge id="c34" src="e16" trg="a16" type="seg"/>
  <edge id="c35" src="e17" trg="a17" type="seg"/>
  <edge id="c36" src="e18" trg="a18" type="seg"/>
  <edge id="c1" src="a2" trg="a1" type="sup"/>
  <edge id="c2" src="a2" trg="a17" type="sup"/>
  <edge id="c3" src="a4" trg="a1" type="sup"/>
  <edge id="c4" src="a4" trg="a17" type="sup"/>
  <edge id="c5" src="a5" trg="a4" type="sup"/>
  <edge id="c6" src="a6" trg="a4" type="sup"/>
  <edge id="c7" src="a7" trg="a4" type="sup"/>
  <edge id="c8" src="a8" trg="a1" type="sup"/>
  <edge id="c9" src="a8" trg="a17" type="sup"/>
  <edge id="c10" src="a9" trg="a8" type="sup"/>
  <edge id="c11" src="a10" trg="a8" type="sup"/>
  <edge id="c12" src="a11" trg="a8" type="sup"/>
  <edge id="c13" src="a12" trg="a8" type="sup"/>
  <edge id="c14" src="a13" trg="a8" type="sup"/>
  <edge id="c15" src="a14" trg="a1" type="sup"/>
  <edge id="c16" src="a14" trg="a17" type="sup"/>
  <edge id="c17" src="a15" trg="a14" type="sup"/>
  <edge id="c18" src="a16" trg="a14" type="sup"/>
</arggraph>
