<?xml version='1.0' encoding='UTF-8'?>
<arggraph id="micro_e284" stance="pro" topic_id="Should professors doing more research or educating students more ?" topic_ru="Если преподаватели делают больше исследований или обучения студентов больше?">
  <edu id="e1" lang="en">Although professors in a university are basically teachers who do the most important thing, teaching, we cannot ignore one more influential aspect that they are always busy with, doing research.</edu>
  <edu id="e1" lang="ru" trans="google">Хотя профессора в университете, в основном преподаватели, которые делают самое главное, учение, мы не можем игнорировать еще один влиятельный аспект, что они всегда заняты, делая исследование.</edu>
  <edu id="e2" lang="en">In my opinion, a professor should spend more time doing research rather than educating students for a few reasons following.</edu>
  <edu id="e2" lang="ru" trans="google">На мой взгляд, профессор должен тратить больше времени проводить исследования, а не обучение студентов по нескольким причинам следующие.</edu>
  <edu id="e3" lang="en">A professor means a researcher or an expert of a specific science subject.</edu>
  <edu id="e3" lang="ru" trans="google">Профессор означает исследователь или специалист конкретной науки субъекта.</edu>
  <edu id="e4" lang="en">He or she should always keep the passion in her field.</edu>
  <edu id="e4" lang="ru" trans="google">Он или она всегда должна сохранять страсть в своей области.</edu>
  <edu id="e5" lang="en">So that he or she could push him / herself forward all the time.</edu>
  <edu id="e5" lang="ru" trans="google">Так что он или она может подтолкнуть его / ее вперед все время.</edu>
  <edu id="e6" lang="en">And then he or she can do better in teaching works.</edu>
  <edu id="e6" lang="ru" trans="google">И тогда он или она может сделать лучше в учебных работах.</edu>
  <edu id="e7" lang="en">For instance, the most impressive professor during my studying in university is Mr.</edu>
  <edu id="e7" lang="ru" trans="google">Например, самый впечатляющий профессор во время моего обучения в университете г-н</edu>
  <edu id="e8" lang="en">Yang who keeps in researching and reading.</edu>
  <edu id="e8" lang="ru" trans="google">Ян, который держит в исследовании и чтения.</edu>
  <edu id="e9" lang="en">He is also the one who gave us inspiration and taught us the way to study more efficient by ourselves.</edu>
  <edu id="e9" lang="ru" trans="google">Он также является тот, кто дал нам вдохновение и научил нас способ изучить более эффективным сами.</edu>
  <edu id="e10" lang="en">All of my classmates gave him a rank of AAA, the excellent teacher.</edu>
  <edu id="e10" lang="ru" trans="google">Все мои одноклассники дали ему звание ААА, отличный учитель.</edu>
  <edu id="e11" lang="en">As for students, we can get what we want to know from textbooks, webs or teachers.</edu>
  <edu id="e11" lang="ru" trans="google">Что касается студентов, то мы можем получить то, что мы хотим знать, из учебников, рулонных или учителей.</edu>
  <edu id="e12" lang="en">But we can only turn to our professors when we want to take part in a research and to get ourselves promoted.</edu>
  <edu id="e12" lang="ru" trans="google">Но мы можем только обратиться к нашим профессорам, когда мы хотим, чтобы принять участие в исследовании и получить сам способствовал.</edu>
  <edu id="e13" lang="en">If a professor doesn't get any researching works, he cannot give us the opportunity.</edu>
  <edu id="e13" lang="ru" trans="google">Если профессор не получает каких-либо исследовательских работ, он не может дать нам возможность.</edu>
  <edu id="e14" lang="en">In addition, a professor who is concentrate in his or her research is thinking and creating new ideas all the time.</edu>
  <edu id="e14" lang="ru" trans="google">Кроме того, профессор, который является концентратом в его или ее исследовании мышления и создание новых идей все времени.</edu>
  <edu id="e15" lang="en">He or she may stimulate us students to come up with some creative sugesstions.</edu>
  <edu id="e15" lang="ru" trans="google">Он или она может стимулировать нас студентов прийти с некоторыми творческими предложениями.</edu>
  <edu id="e16" lang="en">That is good for both of the professor and students.</edu>
  <edu id="e16" lang="ru" trans="google">Это хорошо для обоего профессоров и студентов.</edu>
  <edu id="e17" lang="en">Finally, all professors in the university are fortune of the society.</edu>
  <edu id="e17" lang="ru" trans="google">Наконец, все профессора в университете являются состоянием общества.</edu>
  <edu id="e18" lang="en">They are the leaders almost in every fields of science, arts, culture and so on.</edu>
  <edu id="e18" lang="ru" trans="google">Они являются лидерами практически во всех областях науки, искусства, культуры и так далее.</edu>
  <edu id="e19" lang="en">Without their research, there will be no new technologies come out quickly.</edu>
  <edu id="e19" lang="ru" trans="google">Без их исследования, не будет никаких новых технологий не приходят быстро.</edu>
  <edu id="e20" lang="en">Without their research, there will be more artcrafts being ruined by nothing.</edu>
  <edu id="e20" lang="ru" trans="google">Без их исследования, будет больше Artcrafts разоряются ничем.</edu>
  <edu id="e21" lang="en">Without their research, there will be less information of our ancestors to be known on the earth.</edu>
  <edu id="e21" lang="ru" trans="google">Без их исследований, будет меньше информации о наших предках, чтобы быть известной на земле.</edu>
  <edu id="e22" lang="en">In conclusion, a professor should do their research all the time during their careers as a teacher in university.</edu>
  <edu id="e22" lang="ru" trans="google">В заключении профессор должен делать свои исследовательский все время во время своей карьеры в качестве преподавателя в университете.</edu>
  <edu id="e23" lang="en">And it's worth to spend more time on it than on teaching.</edu>
  <edu id="e23" lang="ru" trans="google">И это стоит того, чтобы тратить больше времени на это, чем на обучение.</edu>
  <adu id="a1" type="neut"/>
  <adu id="a2" type="mcl"/>
  <adu id="a3" type="pro"/>
  <adu id="a4" type="pro"/>
  <adu id="a5" type="pro"/>
  <adu id="a6" type="pro"/>
  <adu id="a7" type="pro"/>
  <adu id="a8" type="neut"/>
  <adu id="a9" type="pro"/>
  <adu id="a10" type="pro"/>
  <adu id="a11" type="pro"/>
  <adu id="a12" type="pro"/>
  <adu id="a13" type="pro"/>
  <adu id="a14" type="pro"/>
  <adu id="a15" type="pro"/>
  <adu id="a16" type="pro"/>
  <adu id="a17" type="pro"/>
  <adu id="a18" type="pro"/>
  <adu id="a19" type="pro"/>
  <adu id="a20" type="pro"/>
  <adu id="a21" type="pro"/>
  <adu id="a22" type="mcl"/>
  <adu id="a23" type="neut"/>
  <edge id="c23" src="e1" trg="a1" type="seg"/>
  <edge id="c24" src="e2" trg="a2" type="seg"/>
  <edge id="c25" src="e3" trg="a3" type="seg"/>
  <edge id="c26" src="e4" trg="a4" type="seg"/>
  <edge id="c27" src="e5" trg="a5" type="seg"/>
  <edge id="c28" src="e6" trg="a6" type="seg"/>
  <edge id="c29" src="e7" trg="a7" type="seg"/>
  <edge id="c30" src="e8" trg="a8" type="seg"/>
  <edge id="c31" src="e9" trg="a9" type="seg"/>
  <edge id="c32" src="e10" trg="a10" type="seg"/>
  <edge id="c33" src="e11" trg="a11" type="seg"/>
  <edge id="c34" src="e12" trg="a12" type="seg"/>
  <edge id="c35" src="e13" trg="a13" type="seg"/>
  <edge id="c36" src="e14" trg="a14" type="seg"/>
  <edge id="c37" src="e15" trg="a15" type="seg"/>
  <edge id="c38" src="e16" trg="a16" type="seg"/>
  <edge id="c39" src="e17" trg="a17" type="seg"/>
  <edge id="c40" src="e18" trg="a18" type="seg"/>
  <edge id="c41" src="e19" trg="a19" type="seg"/>
  <edge id="c42" src="e20" trg="a20" type="seg"/>
  <edge id="c43" src="e21" trg="a21" type="seg"/>
  <edge id="c44" src="e22" trg="a22" type="seg"/>
  <edge id="c45" src="e23" trg="a23" type="seg"/>
  <edge id="c1" src="a3" trg="a5" type="sup"/>
  <edge id="c2" src="a4" trg="a5" type="sup"/>
  <edge id="c3" src="a5" trg="a2" type="sup"/>
  <edge id="c4" src="a5" trg="a22" type="sup"/>
  <edge id="c5" src="a6" trg="a5" type="sup"/>
  <edge id="c6" src="a7" trg="a5" type="exa"/>
  <edge id="c7" src="a9" trg="a5" type="sup"/>
  <edge id="c8" src="a10" trg="a5" type="sup"/>
  <edge id="c9" src="a11" trg="a13" type="sup"/>
  <edge id="c10" src="a12" trg="a13" type="sup"/>
  <edge id="c11" src="a13" trg="a2" type="sup"/>
  <edge id="c12" src="a13" trg="a22" type="sup"/>
  <edge id="c13" src="a14" trg="a2" type="sup"/>
  <edge id="c14" src="a14" trg="a22" type="sup"/>
  <edge id="c15" src="a15" trg="a14" type="sup"/>
  <edge id="c16" src="a16" trg="a14" type="sup"/>
  <edge id="c17" src="a17" trg="a19" type="sup"/>
  <edge id="c18" src="a18" trg="a19" type="sup"/>
  <edge id="c19" src="a19" trg="a2" type="sup"/>
  <edge id="c20" src="a19" trg="a22" type="sup"/>
  <edge id="c21" src="a20" trg="a19" type="sup"/>
  <edge id="c22" src="a21" trg="a19" type="sup"/>
</arggraph>
