<?xml version='1.0' encoding='UTF-8'?>
<arggraph id="micro_e365" stance="pro" topic_id="Children from poorer families are more successful in the future life." topic_ru="Дети из бедных семей более успешны в жизни будущего.">
  <edu id="e1" lang="en">According to some people, child who is brought up in less well-off family is more quick-witted and can tackle with an adult life problems better than who is from affluent ones.</edu>
  <edu id="e1" lang="ru" trans="google">По мнению некоторых людей, ребенок, который воспитывается в менее зажиточные семьи более сообразительные и может справиться с проблемами взрослой жизни лучше, чем кто из богатых из них.</edu>
  <edu id="e2" lang="en">However, I completely disagree with this position.</edu>
  <edu id="e2" lang="ru" trans="google">Тем не менее, я совершенно не согласен с этой позицией.</edu>
  <edu id="e3" lang="en">To begin with, children from poorer families are prone to have bad habits such as: crime, thievery and thuggery.</edu>
  <edu id="e3" lang="ru" trans="google">Начнем с того, дети из бедных семей склонны иметь вредные привычки, такие как: преступность, воровство и бандитизм.</edu>
  <edu id="e4" lang="en">Moreover, these people will not have an access to a good education.</edu>
  <edu id="e4" lang="ru" trans="google">Кроме того, эти люди не будут иметь доступ к хорошему образованию.</edu>
  <edu id="e5" lang="en">As a result, they can be proselytized into bad isms.</edu>
  <edu id="e5" lang="ru" trans="google">В результате, они могут быть взывают в плохие измы.</edu>
  <edu id="e6" lang="en">For example, most of the terroristic groups try to attract uneducated people.</edu>
  <edu id="e6" lang="ru" trans="google">Например, большинство террористических групп пытается привлечь необразованные человек.</edu>
  <edu id="e7" lang="en">Because the person with better education has a wider outlook, which will allow no brainwash.</edu>
  <edu id="e7" lang="ru" trans="google">Потому что человек с лучшим образованием имеет более широкий кругозор, который не позволит не Brainwash.</edu>
  <edu id="e8" lang="en">In this sense, people with lower level of education have more proneness to be attracted in such isms.</edu>
  <edu id="e8" lang="ru" trans="google">В этом смысле, люди с низким уровнем образования имеют более Склонность быть привлечена в таких измах.</edu>
  <edu id="e9" lang="en">Nevertheless, people who are born in well-off families have access to good education, which will have a positive impact on their later life.</edu>
  <edu id="e9" lang="ru" trans="google">Тем не менее, люди, которые родились в благополучных семьях имеют доступ к хорошему образованию, которое будет иметь положительное влияние на их дальнейшей жизни.</edu>
  <edu id="e10" lang="en">Secondly, children from rich families have better skills on how to use money.</edu>
  <edu id="e10" lang="ru" trans="google">Во-вторых, дети из богатых семей имеют лучшие навыки о том, как использовать деньги.</edu>
  <edu id="e11" lang="en">Because they use it a lot of times.</edu>
  <edu id="e11" lang="ru" trans="google">Потому что они используют его много раз.</edu>
  <edu id="e12" lang="en">Finally, wealthy families can afford better health services and costly medicines, which will be very beneficial for the health of a child.</edu>
  <edu id="e12" lang="ru" trans="google">Наконец, богатые семьи могут позволить себе более качественные услуги здравоохранения и дорогостоящие лекарства, которые будут очень полезны для здоровья ребенка.</edu>
  <edu id="e13" lang="en">For instance, many good medicines cost vast amounts of money, which cannot be afforded by poorer families.</edu>
  <edu id="e13" lang="ru" trans="google">Например, многие хорошие лекарства стоят огромных сумм денег, которые не могут себе позволить более бедным семьями.</edu>
  <edu id="e14" lang="en">In conclusion, I disagree with the opinion that children who are brought up in less well-of families are, likely, more successful in the future life due to aforementioned reasons.</edu>
  <edu id="e14" lang="ru" trans="google">В заключение, я не согласен с мнением, что дети, воспитывающиеся в менее обеспеченной семьи, вероятно, более успешными в жизни в будущем из-за указанных выше причин.</edu>
  <adu id="a1" type="neut"/>
  <adu id="a2" type="neut"/>
  <adu id="a3" type="pro"/>
  <adu id="a4" type="pro"/>
  <adu id="a5" type="pro"/>
  <adu id="a6" type="pro"/>
  <adu id="a7" type="pro"/>
  <adu id="a8" type="pro"/>
  <adu id="a9" type="pro"/>
  <adu id="a10" type="pro"/>
  <adu id="a11" type="pro"/>
  <adu id="a12" type="pro"/>
  <adu id="a13" type="pro"/>
  <adu id="a14" type="mcl"/>
  <edge id="c12" src="e1" trg="a1" type="seg"/>
  <edge id="c13" src="e2" trg="a2" type="seg"/>
  <edge id="c14" src="e3" trg="a3" type="seg"/>
  <edge id="c15" src="e4" trg="a4" type="seg"/>
  <edge id="c16" src="e5" trg="a5" type="seg"/>
  <edge id="c17" src="e6" trg="a6" type="seg"/>
  <edge id="c18" src="e7" trg="a7" type="seg"/>
  <edge id="c19" src="e8" trg="a8" type="seg"/>
  <edge id="c20" src="e9" trg="a9" type="seg"/>
  <edge id="c21" src="e10" trg="a10" type="seg"/>
  <edge id="c22" src="e11" trg="a11" type="seg"/>
  <edge id="c23" src="e12" trg="a12" type="seg"/>
  <edge id="c24" src="e13" trg="a13" type="seg"/>
  <edge id="c25" src="e14" trg="a14" type="seg"/>
  <edge id="c1" src="a3" trg="a14" type="sup"/>
  <edge id="c2" src="a4" trg="a5" type="sup"/>
  <edge id="c3" src="a5" trg="a3" type="sup"/>
  <edge id="c4" src="a6" trg="a3" type="exa"/>
  <edge id="c5" src="a7" trg="a6" type="sup"/>
  <edge id="c6" src="a8" trg="a3" type="sup"/>
  <edge id="c7" src="a9" trg="a14" type="sup"/>
  <edge id="c8" src="a10" trg="a14" type="sup"/>
  <edge id="c9" src="a11" trg="a10" type="sup"/>
  <edge id="c10" src="a12" trg="a14" type="sup"/>
  <edge id="c11" src="a13" trg="a12" type="exa"/>
</arggraph>
