<?xml version='1.0' encoding='UTF-8'?>
<arggraph id="micro_e37" stance="pro" topic_id="Living and studying overseas" topic_ru="Жизнь и изучение за рубежом">
  <edu id="e1" lang="en">It is every student's desire to study at a good university and experience a new environment.</edu>
  <edu id="e1" lang="ru" trans="google">Это желание каждого студента учиться в хорошем университете и испытать новую среду.</edu>
  <edu id="e2" lang="en">While some students study and live overseas to achieve this, some prefer to study home because of the difficulties of living and studying overseas.</edu>
  <edu id="e2" lang="ru" trans="google">В то время как некоторые студенты учатся и живут за границей, чтобы достичь этого, некоторые предпочитают исследование дома из-за трудностей жизни и учебы за рубежом.</edu>
  <edu id="e3" lang="en">In my opinion, one who studies overseas will gain many skills throughout this experience for several reasons.</edu>
  <edu id="e3" lang="ru" trans="google">На мой взгляд, тот, кто учится за границей будет получить много навыков на протяжении всего этого опыта по нескольким причинам.</edu>
  <edu id="e4" lang="en">First, studying at an overseas university gives individuals the opportunity to improve social skills by interacting and communicating with students from different origins and cultures.</edu>
  <edu id="e4" lang="ru" trans="google">Во-первых, обучение в зарубежных университетов дает людям возможность улучшить социальные навыки взаимодействия и общения со студентами из различных источников и культур.</edu>
  <edu id="e5" lang="en">Compared to the peers studying in the home country, it will be more likely for the one who is living overseas to be successful in adapting himself / herself into new environments and situations in life.</edu>
  <edu id="e5" lang="ru" trans="google">По сравнению с аналогами, обучающихся в родной стране, он будет более вероятно, для тех, кто живет за границей, чтобы быть успешными в приспосабливаясь / себя в новые условия и ситуации в жизни.</edu>
  <edu id="e6" lang="en">Second, living and studying overseas is an irreplaceable experience when it comes to learn standing on your own feet.</edu>
  <edu id="e6" lang="ru" trans="google">Во-вторых, жить и учиться за рубежом является незаменимым опытом, когда речь идет учиться стоять на своих собственных ногах.</edu>
  <edu id="e7" lang="en">One who is living overseas will of course struggle with loneliness, living away from family and friends.</edu>
  <edu id="e7" lang="ru" trans="google">Тот, кто живет за границей, конечно, борьбы с одиночеством, живущий вдали от семьи и друзей.</edu>
  <edu id="e8" lang="en">But those difficulties will turn into valuable experiences in the following steps of life.</edu>
  <edu id="e8" lang="ru" trans="google">Но эти трудности превратятся в ценный опыт в следующих этапах жизни.</edu>
  <edu id="e9" lang="en">Moreover, the one will learn living without depending on anyone else.</edu>
  <edu id="e9" lang="ru" trans="google">Кроме того, один будет учиться жить без зависимости от кого-либо еще.</edu>
  <edu id="e10" lang="en">Also, employers are mostly looking for people who have international and language skills.</edu>
  <edu id="e10" lang="ru" trans="google">Кроме того, работодатели в основном ищут людей, которые имеют международные и языковые навыки.</edu>
  <edu id="e11" lang="en">Becoming successful in this study will give the student an edge in job market.</edu>
  <edu id="e11" lang="ru" trans="google">Стать успешным в этом исследовании, даст студенту преимущество на рынке труда.</edu>
  <edu id="e12" lang="en">Therefore, one who has studied and lived overseas will become more eligible for the job than his / her peers.</edu>
  <edu id="e12" lang="ru" trans="google">Таким образом, тот, кто учился и жил за границей станет более прав на работу, чем его / ее сверстники.</edu>
  <edu id="e13" lang="en">In conclusion, there are many difficulties a student might face when studying and living overseas.</edu>
  <edu id="e13" lang="ru" trans="google">В заключение отметим, что многие трудности, с которыми студент может столкнуться при изучении и живущих за рубежом.</edu>
  <edu id="e14" lang="en">However, living and studying overseas gives the individual a new perspective on the subject that is studied or in general life.</edu>
  <edu id="e14" lang="ru" trans="google">Тем не менее, жить и учиться за границей дает человеку новый взгляд на предмет, который изучается или в общей жизни.</edu>
  <adu id="a1" type="neut"/>
  <adu id="a2" type="neut"/>
  <adu id="a3" type="mcl"/>
  <adu id="a4" type="pro"/>
  <adu id="a5" type="pro"/>
  <adu id="a6" type="pro"/>
  <adu id="a7" type="opp"/>
  <adu id="a8" type="pro"/>
  <adu id="a9" type="pro"/>
  <adu id="a10" type="pro"/>
  <adu id="a11" type="pro"/>
  <adu id="a12" type="pro"/>
  <adu id="a13" type="opp"/>
  <adu id="a14" type="mcl"/>
  <edge id="c15" src="e1" trg="a1" type="seg"/>
  <edge id="c16" src="e2" trg="a2" type="seg"/>
  <edge id="c17" src="e3" trg="a3" type="seg"/>
  <edge id="c18" src="e4" trg="a4" type="seg"/>
  <edge id="c19" src="e5" trg="a5" type="seg"/>
  <edge id="c20" src="e6" trg="a6" type="seg"/>
  <edge id="c21" src="e7" trg="a7" type="seg"/>
  <edge id="c22" src="e8" trg="a8" type="seg"/>
  <edge id="c23" src="e9" trg="a9" type="seg"/>
  <edge id="c24" src="e10" trg="a10" type="seg"/>
  <edge id="c25" src="e11" trg="a11" type="seg"/>
  <edge id="c26" src="e12" trg="a12" type="seg"/>
  <edge id="c27" src="e13" trg="a13" type="seg"/>
  <edge id="c28" src="e14" trg="a14" type="seg"/>
  <edge id="c1" src="a4" trg="a3" type="sup"/>
  <edge id="c2" src="a4" trg="a14" type="sup"/>
  <edge id="c3" src="a5" trg="a4" type="sup"/>
  <edge id="c4" src="a6" trg="a3" type="sup"/>
  <edge id="c5" src="a6" trg="a14" type="sup"/>
  <edge id="c6" src="a7" trg="a6" type="reb"/>
  <edge id="c7" src="a8" trg="a7" type="reb"/>
  <edge id="c8" src="a9" trg="a6" type="sup"/>
  <edge id="c9" src="a10" trg="a12" type="sup"/>
  <edge id="c10" src="a11" trg="a12" type="sup"/>
  <edge id="c11" src="a12" trg="a3" type="sup"/>
  <edge id="c12" src="a12" trg="a14" type="sup"/>
  <edge id="c13" src="a13" trg="a3" type="reb"/>
  <edge id="c14" src="a13" trg="a14" type="reb"/>
</arggraph>
