<?xml version='1.0' encoding='UTF-8'?>
<arggraph id="micro_e327" stance="pro" topic_id="Part time job for teenage students" topic_ru="Неполная Работа для студентов-подростков">
  <edu id="e1" lang="en">When we talk about student, we generally mean a boy or a girl who study in school or college.</edu>
  <edu id="e1" lang="ru" trans="google">Когда мы говорим о студента, мы обычно означает, мальчик или девочка, которые учатся в школе или колледже.</edu>
  <edu id="e2" lang="en">In some country, teenage students have the opportunity to do some part time job beside their study.</edu>
  <edu id="e2" lang="ru" trans="google">В какой-то стране, студенты-подростки имеют возможность сделать какую-то часть времени работы рядом с их изучением.</edu>
  <edu id="e3" lang="en">However, some people do not support the concept of teenagers doing job beside study.</edu>
  <edu id="e3" lang="ru" trans="google">Тем не менее, некоторые люди не поддерживают концепцию подростков делают работу рядом исследования.</edu>
  <edu id="e4" lang="en">In my view, it is good for a teenager to do a part time job while he / she is still a student and this is for two reasons.</edu>
  <edu id="e4" lang="ru" trans="google">На мой взгляд, это хорошо для подростка, чтобы сделать работу с частичной занятостью в то время как он / она все еще студент, и это по двум причинам.</edu>
  <edu id="e5" lang="en">The main reason is that students can learn lots of things from part time job, before starting their real job.</edu>
  <edu id="e5" lang="ru" trans="google">Основная причина заключается в том, что студенты могут узнать много вещей из неполных рабочих, прежде чем начать свою реальную работу.</edu>
  <edu id="e6" lang="en">Students can learn about time management, money management and convince people by their words.</edu>
  <edu id="e6" lang="ru" trans="google">Студенты могут узнать об управлении временем, управления капиталом и убедить людей, по их словам.</edu>
  <edu id="e7" lang="en">For example, when I was in my high school I worked as a sales-man in a shop for a year.</edu>
  <edu id="e7" lang="ru" trans="google">Например, когда я был в моей школе я работал в качестве продаж-мужчин в магазине в течение года.</edu>
  <edu id="e8" lang="en">As i had to spend some of my time in my job.</edu>
  <edu id="e8" lang="ru" trans="google">Как я должен был провести часть моего времени в моей работе.</edu>
  <edu id="e9" lang="en">Therefore, i had to manage my time efficiently.</edu>
  <edu id="e9" lang="ru" trans="google">Поэтому я должен был эффективно управлять своим временем.</edu>
  <edu id="e10" lang="en">I had to manage my boss as well as had to prepare my homework.</edu>
  <edu id="e10" lang="ru" trans="google">Я должен был управлять своим боссом, а также должен был подготовить свою домашнюю работу.</edu>
  <edu id="e11" lang="en">This taught me how to manage time efficiently and do any job quickly and effectively.</edu>
  <edu id="e11" lang="ru" trans="google">Это научил меня, как эффективно управлять временем и делать любую работу быстро и эффективно.</edu>
  <edu id="e12" lang="en">Moreover, I learn money management.</edu>
  <edu id="e12" lang="ru" trans="google">Кроме того, я узнал, управление деньгами.</edu>
  <edu id="e13" lang="en">When my boss was out of the shop, i had to manage the accounts section of the shop.</edu>
  <edu id="e13" lang="ru" trans="google">Когда мой босс из магазина, я должен был управлять раздел магазина счетов.</edu>
  <edu id="e14" lang="en">From this i learned, how to manage money correctly.</edu>
  <edu id="e14" lang="ru" trans="google">Из этого я узнал, как правильно управлять деньгами.</edu>
  <edu id="e15" lang="en">This experience taught me, doing part time job can help students to learn many things.</edu>
  <edu id="e15" lang="ru" trans="google">Этот опыт научил меня, делая работу с частичной занятостью может помочь студентам научиться многому.</edu>
  <edu id="e16" lang="en">Another reason is that from part time jobs students can earn money, which can help their parents.</edu>
  <edu id="e16" lang="ru" trans="google">Другая причина заключается в том, что рабочие места из части времени студенты могут заработать деньги, которые могут помочь своим родителям.</edu>
  <edu id="e17" lang="en">For instance, when i was in high school I worked as a home tutor.</edu>
  <edu id="e17" lang="ru" trans="google">Например, когда я учился в средней школе, я работал в качестве домашнего воспитателя.</edu>
  <edu id="e18" lang="en">I taught math to two kids of my neighbor.</edu>
  <edu id="e18" lang="ru" trans="google">Я преподавал математику двух детей моего соседа.</edu>
  <edu id="e19" lang="en">I helped them to understand the difficult topics of the books.</edu>
  <edu id="e19" lang="ru" trans="google">Я помог им понять сложные темы книг.</edu>
  <edu id="e20" lang="en">By tutoring them, i earned some money and bought me books with it.</edu>
  <edu id="e20" lang="ru" trans="google">По тьюторству, я заработал определенную сумму денег и купил мне книги с ним.</edu>
  <edu id="e21" lang="en">Moreover, after taking that part time job i stopped taking my pocket money form my parents.</edu>
  <edu id="e21" lang="ru" trans="google">Кроме того, после того, что часть времени работы я перестал принимать мои карманные деньги формы моих родителей.</edu>
  <edu id="e22" lang="en">As you can see, part time job can help students earn money and which can help their parents financially.</edu>
  <edu id="e22" lang="ru" trans="google">Как вы можете видеть, неполный рабочий день студентов работа может помочь заработать деньги, и которые могут помочь своим родителям в финансовом отношении.</edu>
  <edu id="e23" lang="en">In sum, I am sure; some people will oppose the idea of part time job for students.</edu>
  <edu id="e23" lang="ru" trans="google">В общем, я уверен; некоторые люди выступают против идеи части времени работы для студентов.</edu>
  <edu id="e24" lang="en">They will argue, it can destruct students from their study.</edu>
  <edu id="e24" lang="ru" trans="google">Они утверждают, что может уничтожить студент из их изучения.</edu>
  <edu id="e25" lang="en">However, as i did part time job in my high school and it did not hurt my academic result;.</edu>
  <edu id="e25" lang="ru" trans="google">Однако, как я сделал работу с частичной занятостью в моей средней школе, и это не больно, мой академический результат ;.</edu>
  <edu id="e26" lang="en">Therefore, i believe part time job will be good for students.</edu>
  <edu id="e26" lang="ru" trans="google">Поэтому, я считаю, неполный рабочий день работа будет хорошо для студентов.</edu>
  <edu id="e27" lang="en">Every Student should do part time job beside their study if they want to prepare more efficiently for their future.</edu>
  <edu id="e27" lang="ru" trans="google">Каждый студент должен сделать часть времени работы рядом с их исследованиями, если они хотят, чтобы более эффективно подготовиться к будущему.</edu>
  <adu id="a1" type="neut"/>
  <adu id="a2" type="neut"/>
  <adu id="a3" type="neut"/>
  <adu id="a4" type="mcl"/>
  <adu id="a5" type="pro"/>
  <adu id="a6" type="pro"/>
  <adu id="a7" type="pro"/>
  <adu id="a8" type="pro"/>
  <adu id="a9" type="pro"/>
  <adu id="a10" type="pro"/>
  <adu id="a11" type="pro"/>
  <adu id="a12" type="pro"/>
  <adu id="a13" type="pro"/>
  <adu id="a14" type="pro"/>
  <adu id="a15" type="pro"/>
  <adu id="a16" type="pro"/>
  <adu id="a17" type="neut"/>
  <adu id="a18" type="neut"/>
  <adu id="a19" type="neut"/>
  <adu id="a20" type="pro"/>
  <adu id="a21" type="pro"/>
  <adu id="a22" type="pro"/>
  <adu id="a23" type="neut"/>
  <adu id="a24" type="opp"/>
  <adu id="a25" type="pro"/>
  <adu id="a26" type="mcl"/>
  <adu id="a27" type="neut"/>
  <edge id="c21" src="e1" trg="a1" type="seg"/>
  <edge id="c22" src="e2" trg="a2" type="seg"/>
  <edge id="c23" src="e3" trg="a3" type="seg"/>
  <edge id="c24" src="e4" trg="a4" type="seg"/>
  <edge id="c25" src="e5" trg="a5" type="seg"/>
  <edge id="c26" src="e6" trg="a6" type="seg"/>
  <edge id="c27" src="e7" trg="a7" type="seg"/>
  <edge id="c28" src="e8" trg="a8" type="seg"/>
  <edge id="c29" src="e9" trg="a9" type="seg"/>
  <edge id="c30" src="e10" trg="a10" type="seg"/>
  <edge id="c31" src="e11" trg="a11" type="seg"/>
  <edge id="c32" src="e12" trg="a12" type="seg"/>
  <edge id="c33" src="e13" trg="a13" type="seg"/>
  <edge id="c34" src="e14" trg="a14" type="seg"/>
  <edge id="c35" src="e15" trg="a15" type="seg"/>
  <edge id="c36" src="e16" trg="a16" type="seg"/>
  <edge id="c37" src="e17" trg="a17" type="seg"/>
  <edge id="c38" src="e18" trg="a18" type="seg"/>
  <edge id="c39" src="e19" trg="a19" type="seg"/>
  <edge id="c40" src="e20" trg="a20" type="seg"/>
  <edge id="c41" src="e21" trg="a21" type="seg"/>
  <edge id="c42" src="e22" trg="a22" type="seg"/>
  <edge id="c43" src="e23" trg="a23" type="seg"/>
  <edge id="c44" src="e24" trg="a24" type="seg"/>
  <edge id="c45" src="e25" trg="a25" type="seg"/>
  <edge id="c46" src="e26" trg="a26" type="seg"/>
  <edge id="c47" src="e27" trg="a27" type="seg"/>
  <edge id="c1" src="a5" trg="a4" type="sup"/>
  <edge id="c2" src="a5" trg="a26" type="sup"/>
  <edge id="c3" src="a6" trg="a5" type="sup"/>
  <edge id="c4" src="a7" trg="a5" type="exa"/>
  <edge id="c5" src="a8" trg="a9" type="sup"/>
  <edge id="c6" src="a9" trg="a7" type="sup"/>
  <edge id="c7" src="a10" trg="a7" type="sup"/>
  <edge id="c8" src="a11" trg="a9" type="sup"/>
  <edge id="c9" src="a12" trg="a7" type="sup"/>
  <edge id="c10" src="a13" trg="a12" type="sup"/>
  <edge id="c11" src="a14" trg="a7" type="sup"/>
  <edge id="c12" src="a15" trg="a7" type="sup"/>
  <edge id="c13" src="a16" trg="a4" type="sup"/>
  <edge id="c14" src="a16" trg="a26" type="sup"/>
  <edge id="c15" src="a20" trg="a16" type="sup"/>
  <edge id="c16" src="a21" trg="a16" type="sup"/>
  <edge id="c17" src="a22" trg="a16" type="sup"/>
  <edge id="c18" src="a24" trg="a4" type="reb"/>
  <edge id="c19" src="a24" trg="a26" type="reb"/>
  <edge id="c20" src="a25" trg="a24" type="reb"/>
</arggraph>
