<?xml version='1.0' encoding='UTF-8'?>
<arggraph id="micro_e292" stance="pro" topic_id="Choosing the job that is similar to parents' jobs could benefit to one's career" topic_ru="Выбирая работу, которая похожа на работу родителей могли бы принести пользу своей карьеры">
  <edu id="e1" lang="en">When choosing a job, one need to consider it thoroughly.</edu>
  <edu id="e1" lang="ru" trans="google">При выборе работы, один нужно рассмотреть его тщательно.</edu>
  <edu id="e2" lang="en">Whether to choose a job which is similar to parents' job or not, different people may hold different opinions.</edu>
  <edu id="e2" lang="ru" trans="google">Независимо от того, чтобы выбрать работу, которая похожа на работу родителей или нет, разные люди могут занимать разные мнения.</edu>
  <edu id="e3" lang="en">As far as I am concerned, I think choosing the job that is similar to parents' jobs could benefit to one's career.</edu>
  <edu id="e3" lang="ru" trans="google">Насколько я обеспокоен, я думаю, выбирая работу, которая похожа на работу родителей могли бы принести пользу своей карьеры.</edu>
  <edu id="e4" lang="en">First of all, as parents are involved in the same environment.</edu>
  <edu id="e4" lang="ru" trans="google">Прежде всего, как и родители участвуют в одной и той же среде.</edu>
  <edu id="e5" lang="en">They could thus support much more to their children, such as domain knowledge and industry-related information.</edu>
  <edu id="e5" lang="ru" trans="google">Таким образом, они могли бы поддержать гораздо больше своих детей, таких как области знаний и отраслевой информации, связанной с.</edu>
  <edu id="e6" lang="en">For example, my father is a software programmer, and he indeed teaches me a lot in programming and some computer knowledge.</edu>
  <edu id="e6" lang="ru" trans="google">Например, мой отец программист, и он на самом деле учит меня много в программировании и некоторых компьютерных знаний.</edu>
  <edu id="e7" lang="en">Whenever I met a difficulty, I would reach him for consulting.</edu>
  <edu id="e7" lang="ru" trans="google">Всякий раз, когда я встретил трудности, я бы связаться с ним для проведения консультаций.</edu>
  <edu id="e8" lang="en">Because he has many experiences.</edu>
  <edu id="e8" lang="ru" trans="google">Потому что он имеет много опыта.</edu>
  <edu id="e9" lang="en">I could save enormous time in finding solution.</edu>
  <edu id="e9" lang="ru" trans="google">Я мог бы сэкономить огромное количество времени в поиске решения.</edu>
  <edu id="e10" lang="en">This truly makes me more competitive than my colleagues.</edu>
  <edu id="e10" lang="ru" trans="google">Это действительно делает меня более конкурентоспособны, чем мои коллеги.</edu>
  <edu id="e11" lang="en">If I worked in the different field from my father, I would have faced much difficulty than I do now.</edu>
  <edu id="e11" lang="ru" trans="google">Если бы я работал в другой области от моего отца, я бы столкнулся с большими трудностями, чем я сейчас.</edu>
  <edu id="e12" lang="en">Nevertheless, since parents have worked in tens of years.</edu>
  <edu id="e12" lang="ru" trans="google">Тем не менее, так как родители работали в десятках лет.</edu>
  <edu id="e13" lang="en">they have accumulated a rich network in a certain industry.</edu>
  <edu id="e13" lang="ru" trans="google">они накопили богатую сеть в определенной отрасли.</edu>
  <edu id="e14" lang="en">They have a deep insight in it and could provide much support to their children.</edu>
  <edu id="e14" lang="ru" trans="google">Они имеют глубокое понимание в нем и могут обеспечить большую поддержку своих детей.</edu>
  <edu id="e15" lang="en">For instance, they know which company has better welfare or provides better education.</edu>
  <edu id="e15" lang="ru" trans="google">Например, они знают, какая компания имеет более благосостояния или обеспечивает более высокий уровень образования.</edu>
  <edu id="e16" lang="en">Moreover, their friends in the same industry can even help to write recommendation letters to some certain companies.</edu>
  <edu id="e16" lang="ru" trans="google">Кроме того, их друзья в той же отрасли могут даже помочь рекомендательным писать письма некоторых определенным компаний.</edu>
  <edu id="e17" lang="en">It is undoubted that a good recommendation letter is extraordinary important in this competitive society.</edu>
  <edu id="e17" lang="ru" trans="google">Это не вызывает сомнения, что хорошая рекомендация письмо необычайно важно в этом конкурентном обществе.</edu>
  <edu id="e18" lang="en">When others are still struggling in preparing their resume, one with a good recommendation letter has already passed the first stage in the interviewing process.</edu>
  <edu id="e18" lang="ru" trans="google">Когда другие все еще борются в подготовке их резюме, один с хорошим рекомендательным письмом уже прошел первый этап в процессе интервьюирования.</edu>
  <edu id="e19" lang="en">Some may argue that as time is different, the condition of job market is completely different.</edu>
  <edu id="e19" lang="ru" trans="google">Некоторые могут возразить, что, как раз отличается, состояние рынка труда совершенно иная.</edu>
  <edu id="e20" lang="en">Therefore, choosing a job similar to one's parents' is not always a correct decision.</edu>
  <edu id="e20" lang="ru" trans="google">Поэтому, выбирая работу, аналогичную своих родителей, не всегда является правильным решением.</edu>
  <edu id="e21" lang="en">I agree with this opinion to some extent, but when it comes to the trend, no one can predict it correctly.</edu>
  <edu id="e21" lang="ru" trans="google">Я согласен с этим мнением в какой-то степени, но когда речь идет о тенденции, никто не может предсказать его правильно.</edu>
  <edu id="e22" lang="en">The condition of job market changes enormously fast like a flash.</edu>
  <edu id="e22" lang="ru" trans="google">Состояние рынка труда меняется чрезвычайно быстро, как вспышка.</edu>
  <edu id="e23" lang="en">So that there is no way to predict any job can be popular for 30 years or more.</edu>
  <edu id="e23" lang="ru" trans="google">Так что нет никакого способа предсказать любую работу может быть популярными в течение 30 лет или больше.</edu>
  <edu id="e24" lang="en">In considering whether one should choose a job similar to his or her parents', I have mentioned a few reasons that one can get more support from his or her parents if they are in the same industry.</edu>
  <edu id="e24" lang="ru" trans="google">При рассмотрении вопроса о том, следует ли один выбрать работу, аналогичную его или ее родителей, я упомянул несколько причин, по которым можно получить дополнительную поддержку от своих родителей, если они находятся в одной и той же отрасли.</edu>
  <edu id="e25" lang="en">I believe parents can lead their children to a more smooth career path.</edu>
  <edu id="e25" lang="ru" trans="google">Я считаю, что родители могут привести своих детей к более гладкой карьере.</edu>
  <adu id="a1" type="neut"/>
  <adu id="a2" type="neut"/>
  <adu id="a3" type="mcl"/>
  <adu id="a4" type="pro"/>
  <adu id="a5" type="pro"/>
  <adu id="a6" type="pro"/>
  <adu id="a7" type="pro"/>
  <adu id="a8" type="pro"/>
  <adu id="a9" type="pro"/>
  <adu id="a10" type="pro"/>
  <adu id="a11" type="pro"/>
  <adu id="a12" type="pro"/>
  <adu id="a13" type="pro"/>
  <adu id="a14" type="pro"/>
  <adu id="a15" type="pro"/>
  <adu id="a16" type="pro"/>
  <adu id="a17" type="pro"/>
  <adu id="a18" type="pro"/>
  <adu id="a19" type="opp"/>
  <adu id="a20" type="opp"/>
  <adu id="a21" type="pro"/>
  <adu id="a22" type="opp"/>
  <adu id="a23" type="opp"/>
  <adu id="a24" type="pro"/>
  <adu id="a25" type="mcl"/>
  <edge id="c26" src="e1" trg="a1" type="seg"/>
  <edge id="c27" src="e2" trg="a2" type="seg"/>
  <edge id="c28" src="e3" trg="a3" type="seg"/>
  <edge id="c29" src="e4" trg="a4" type="seg"/>
  <edge id="c30" src="e5" trg="a5" type="seg"/>
  <edge id="c31" src="e6" trg="a6" type="seg"/>
  <edge id="c32" src="e7" trg="a7" type="seg"/>
  <edge id="c33" src="e8" trg="a8" type="seg"/>
  <edge id="c34" src="e9" trg="a9" type="seg"/>
  <edge id="c35" src="e10" trg="a10" type="seg"/>
  <edge id="c36" src="e11" trg="a11" type="seg"/>
  <edge id="c37" src="e12" trg="a12" type="seg"/>
  <edge id="c38" src="e13" trg="a13" type="seg"/>
  <edge id="c39" src="e14" trg="a14" type="seg"/>
  <edge id="c40" src="e15" trg="a15" type="seg"/>
  <edge id="c41" src="e16" trg="a16" type="seg"/>
  <edge id="c42" src="e17" trg="a17" type="seg"/>
  <edge id="c43" src="e18" trg="a18" type="seg"/>
  <edge id="c44" src="e19" trg="a19" type="seg"/>
  <edge id="c45" src="e20" trg="a20" type="seg"/>
  <edge id="c46" src="e21" trg="a21" type="seg"/>
  <edge id="c47" src="e22" trg="a22" type="seg"/>
  <edge id="c48" src="e23" trg="a23" type="seg"/>
  <edge id="c49" src="e24" trg="a24" type="seg"/>
  <edge id="c50" src="e25" trg="a25" type="seg"/>
  <edge id="c1" src="a4" trg="a5" type="sup"/>
  <edge id="c2" src="a5" trg="a3" type="sup"/>
  <edge id="c3" src="a5" trg="a25" type="sup"/>
  <edge id="c4" src="a6" trg="a5" type="exa"/>
  <edge id="c5" src="a7" trg="a5" type="sup"/>
  <edge id="c6" src="a8" trg="a9" type="sup"/>
  <edge id="c7" src="a9" trg="a5" type="sup"/>
  <edge id="c8" src="a10" trg="a5" type="sup"/>
  <edge id="c9" src="a11" trg="a5" type="sup"/>
  <edge id="c10" src="a12" trg="a13" type="sup"/>
  <edge id="c11" src="a13" trg="a14" type="sup"/>
  <edge id="c12" src="a14" trg="a3" type="sup"/>
  <edge id="c13" src="a14" trg="a25" type="sup"/>
  <edge id="c14" src="a15" trg="a14" type="exa"/>
  <edge id="c15" src="a16" trg="a14" type="sup"/>
  <edge id="c16" src="a17" trg="a16" type="sup"/>
  <edge id="c17" src="a18" trg="a16" type="sup"/>
  <edge id="c18" src="a19" trg="a20" type="sup"/>
  <edge id="c19" src="a20" trg="a3" type="reb"/>
  <edge id="c20" src="a20" trg="a25" type="reb"/>
  <edge id="c21" src="a21" trg="a20" type="reb"/>
  <edge id="c22" src="a22" trg="a23" type="sup"/>
  <edge id="c23" src="a23" trg="a20" type="sup"/>
  <edge id="c24" src="a24" trg="a3" type="sup"/>
  <edge id="c25" src="a24" trg="a25" type="sup"/>
</arggraph>
