<?xml version='1.0' encoding='UTF-8'?>
<arggraph id="micro_e297" stance="pro" topic_id="Environmental protection vs Economic developments" topic_ru="Защита окружающей среды против экономических событий">
  <edu id="e1" lang="en">Environmental protection and economic developments might be the biggest issues in the 21st century.</edu>
  <edu id="e1" lang="ru" trans="google">Охрана окружающей среды и экономическое развитие может быть большие проблемы в 21-м веке.</edu>
  <edu id="e2" lang="en">They are both important because they are vital to human's future and welfare.</edu>
  <edu id="e2" lang="ru" trans="google">Они являются важными, поскольку они имеют жизненно важное значение для будущего и благополучия человека.</edu>
  <edu id="e3" lang="en">However, since the budget and the recourse are limited, governments must choose between these two issues.</edu>
  <edu id="e3" lang="ru" trans="google">Однако, поскольку бюджет и регресс ограничены, правительства должны выбирать между этими двумя вопросами.</edu>
  <edu id="e4" lang="en">In my opinion, I believe that tackling down environmental problems is of the first priority rather than economic developments.</edu>
  <edu id="e4" lang="ru" trans="google">По-моему, я считаю, что решение экологических проблем вниз имеет первый приоритет, а не экономического развития.</edu>
  <edu id="e5" lang="en">The following are reasons why.</edu>
  <edu id="e5" lang="ru" trans="google">Ниже приведены причины.</edu>
  <edu id="e6" lang="en">First, environmental protection is far more urgent than economic developments.</edu>
  <edu id="e6" lang="ru" trans="google">Во-первых, охрана окружающей среды является гораздо более актуальной, чем экономическое развитие.</edu>
  <edu id="e7" lang="en">All the living creatures live together on our mother Earth and she is the only one.</edu>
  <edu id="e7" lang="ru" trans="google">Все живые существа живут вместе на нашей матери Земли, и она является единственной.</edu>
  <edu id="e8" lang="en">Without Earth, whatever great civil constructions and economic achievements will end up in vain.</edu>
  <edu id="e8" lang="ru" trans="google">Без Земли, независимо большие гражданские сооружения и экономические достижения в конечном итоге напрасно.</edu>
  <edu id="e9" lang="en">Because we will all perish as she's gone.</edu>
  <edu id="e9" lang="ru" trans="google">Потому что мы все погибнем, как она ушла.</edu>
  <edu id="e10" lang="en">Just like a man that needs a healthy body, all the living creatures as a whole needs a strong planet as well.</edu>
  <edu id="e10" lang="ru" trans="google">Так же, как человек, который нуждается в здоровом теле, все живые существа в целом нуждается сильная планета, а также.</edu>
  <edu id="e11" lang="en">Second, the influence on environmental problems are boarder and more profound than economic issues.</edu>
  <edu id="e11" lang="ru" trans="google">Во-вторых, влияние на экологические проблемы являются жилец и более глубоким, чем экономическим вопросам.</edu>
  <edu id="e12" lang="en">Environmental problems are global rather than local, which means that no countries can be spared from these problems.</edu>
  <edu id="e12" lang="ru" trans="google">Экологические проблемы носят глобальный характер, а не локальный, а это значит, что ни одна страна не может быть избавлен от этих проблем.</edu>
  <edu id="e13" lang="en">Take global warming for example, when the temperature increases, the whole globe is affected, suffering the hotter weather together.</edu>
  <edu id="e13" lang="ru" trans="google">Возьмите глобальное потепление, например, при повышении температуры, весь земной шар влияет, страдающую погоду жарче вместе.</edu>
  <edu id="e14" lang="en">The melting ice mountain not only jeopardizes habitats of animals living in the polar region, but its effects of the rising sea level also endangers the residents living in the small island near the equator.</edu>
  <edu id="e14" lang="ru" trans="google">Гора таяния льда не только ставит под угрозу среду обитания животных, обитающих в полярной области, однако его влияние на повышение уровня моря также ставит под угрозу жителей, проживающих в небольшом острове недалеко от экватора.</edu>
  <edu id="e15" lang="en">Since the rising sea water could drown them.</edu>
  <edu id="e15" lang="ru" trans="google">Так как восходящая морская вода может утопить их.</edu>
  <edu id="e16" lang="en">Environmental issues can not be divided by nationality.</edu>
  <edu id="e16" lang="ru" trans="google">Экологические проблемы не могут быть разделены по национальности.</edu>
  <edu id="e17" lang="en">Because all humans are simply entwined together by our only home - Earth.</edu>
  <edu id="e17" lang="ru" trans="google">Потому что все люди просто переплетены между собой нашим единственным домом - Земля.</edu>
  <edu id="e18" lang="en">Some people might argue that economic issues are global and critical as well thus can not be put aside.</edu>
  <edu id="e18" lang="ru" trans="google">Некоторые люди могли бы утверждать, что экономические проблемы являются глобальными и критически, а, следовательно, не может быть отложен.</edu>
  <edu id="e19" lang="en">They may say that if the economic is in a very bad situation, people would revolt instantly, while environmental problems seem to be more like chronic diseases that would not burst out right away.</edu>
  <edu id="e19" lang="ru" trans="google">Они могут сказать, что если экономическая находится в очень плохом состоянии, люди восстанут мгновенно, в то время как экологические проблемы, как представляется, более, как хронические заболевания, которые не лопаются сразу же.</edu>
  <edu id="e20" lang="en">However, the truth is that we've been encountering so many sighs and warnings of global climate anomalies and other environmental crisis right now.</edu>
  <edu id="e20" lang="ru" trans="google">Однако, правда заключается в том, что мы были встречая столько вздохов и предупреждения о глобальных климатических аномалий и других экологического кризиса прямо сейчас.</edu>
  <edu id="e21" lang="en">It would be unwise to still deny the truth and keep focusing on economic developments and unfortunately, usually the economic developments are even the causes of environmental damages.</edu>
  <edu id="e21" lang="ru" trans="google">Было бы неразумно еще отрицать истину и фокусируясь на экономическом развитии и, к сожалению, как правило, экономические события, даже причины экологического ущерба.</edu>
  <edu id="e22" lang="en">In conclusion, environmental conservation is more essential than economic developments in the aspects of urgency and ranges of influence.</edu>
  <edu id="e22" lang="ru" trans="google">В заключении, охрана окружающей среды является более существенной, чем экономическое развитие в аспектах срочности и диапазоны влияния.</edu>
  <edu id="e23" lang="en">As mentioned in the second paragraph, how can a man live happily if he is unhealthy ?</edu>
  <edu id="e23" lang="ru" trans="google">Как уже упоминалось во втором абзаце, как человек может жить счастливо, если он нездоров?</edu>
  <edu id="e24" lang="en">Similarly, how can we live safely and joyfully when our home is devastated by, ironically, by ourselves ?</edu>
  <edu id="e24" lang="ru" trans="google">Точно так же, как мы можем жить спокойно и радостно, когда наш дом опустошен, как ни странно, сами по себе?</edu>
  <adu id="a1" type="neut"/>
  <adu id="a2" type="neut"/>
  <adu id="a3" type="neut"/>
  <adu id="a4" type="mcl"/>
  <adu id="a5" type="neut"/>
  <adu id="a6" type="pro"/>
  <adu id="a7" type="pro"/>
  <adu id="a8" type="pro"/>
  <adu id="a9" type="pro"/>
  <adu id="a10" type="pro"/>
  <adu id="a11" type="pro"/>
  <adu id="a12" type="pro"/>
  <adu id="a13" type="pro"/>
  <adu id="a14" type="pro"/>
  <adu id="a15" type="pro"/>
  <adu id="a16" type="pro"/>
  <adu id="a17" type="pro"/>
  <adu id="a18" type="opp"/>
  <adu id="a19" type="opp"/>
  <adu id="a20" type="pro"/>
  <adu id="a21" type="pro"/>
  <adu id="a22" type="mcl"/>
  <adu id="a23" type="neut"/>
  <adu id="a24" type="neut"/>
  <edge id="c20" src="e1" trg="a1" type="seg"/>
  <edge id="c21" src="e2" trg="a2" type="seg"/>
  <edge id="c22" src="e3" trg="a3" type="seg"/>
  <edge id="c23" src="e4" trg="a4" type="seg"/>
  <edge id="c24" src="e5" trg="a5" type="seg"/>
  <edge id="c25" src="e6" trg="a6" type="seg"/>
  <edge id="c26" src="e7" trg="a7" type="seg"/>
  <edge id="c27" src="e8" trg="a8" type="seg"/>
  <edge id="c28" src="e9" trg="a9" type="seg"/>
  <edge id="c29" src="e10" trg="a10" type="seg"/>
  <edge id="c30" src="e11" trg="a11" type="seg"/>
  <edge id="c31" src="e12" trg="a12" type="seg"/>
  <edge id="c32" src="e13" trg="a13" type="seg"/>
  <edge id="c33" src="e14" trg="a14" type="seg"/>
  <edge id="c34" src="e15" trg="a15" type="seg"/>
  <edge id="c35" src="e16" trg="a16" type="seg"/>
  <edge id="c36" src="e17" trg="a17" type="seg"/>
  <edge id="c37" src="e18" trg="a18" type="seg"/>
  <edge id="c38" src="e19" trg="a19" type="seg"/>
  <edge id="c39" src="e20" trg="a20" type="seg"/>
  <edge id="c40" src="e21" trg="a21" type="seg"/>
  <edge id="c41" src="e22" trg="a22" type="seg"/>
  <edge id="c42" src="e23" trg="a23" type="seg"/>
  <edge id="c43" src="e24" trg="a24" type="seg"/>
  <edge id="c1" src="a6" trg="a4" type="sup"/>
  <edge id="c2" src="a6" trg="a22" type="sup"/>
  <edge id="c3" src="a7" trg="a6" type="sup"/>
  <edge id="c4" src="a8" trg="a6" type="sup"/>
  <edge id="c5" src="a9" trg="a8" type="sup"/>
  <edge id="c6" src="a10" trg="a6" type="sup"/>
  <edge id="c7" src="a11" trg="a4" type="sup"/>
  <edge id="c8" src="a11" trg="a22" type="sup"/>
  <edge id="c9" src="a12" trg="a11" type="sup"/>
  <edge id="c10" src="a13" trg="a11" type="exa"/>
  <edge id="c11" src="a14" trg="a11" type="sup"/>
  <edge id="c12" src="a15" trg="a14" type="sup"/>
  <edge id="c13" src="a16" trg="a11" type="sup"/>
  <edge id="c14" src="a17" trg="a16" type="sup"/>
  <edge id="c15" src="a18" trg="a4" type="reb"/>
  <edge id="c16" src="a18" trg="a22" type="reb"/>
  <edge id="c17" src="a19" trg="a18" type="sup"/>
  <edge id="c18" src="a20" trg="a18" type="reb"/>
  <edge id="c19" src="a21" trg="a18" type="reb"/>
</arggraph>
