<?xml version='1.0' encoding='UTF-8'?>
<arggraph id="micro_e45" stance="pro" topic_id="The best way to relax is by exercises" topic_ru="Лучший способ расслабиться является упражнениями">
  <edu id="e1" lang="en">In modern society, people often face many difficulties under great stress.</edu>
  <edu id="e1" lang="ru" trans="google">В современном обществе, люди часто сталкиваются с множеством трудностей, под большим стрессом.</edu>
  <edu id="e2" lang="en">Therefore, it is necessary for many to find ways to relax.</edu>
  <edu id="e2" lang="ru" trans="google">Поэтому, необходимо для многих, чтобы найти способы расслабиться.</edu>
  <edu id="e3" lang="en">Although miscellaneous people may apply diverse strategies, such as reading, watching movies, or working in their gardens, I argue that the most suitable method of reducing stress for modern people is by different kinds of exercise, which can not only improve health conditions but also bring positive emotions.</edu>
  <edu id="e3" lang="ru" trans="google">Хотя разные люди могут применять различные стратегии, такие как чтение, просмотр фильмов, или работать в своих садах, я считаю, что наиболее подходящим метод снижения стресса для современных людей различных видов упражнений, которые могут не только улучшить состояние здоровья, но и приносят положительные эмоции.</edu>
  <edu id="e4" lang="en">It is not surprised that exercise play a crucial role in ameliorating physical health.</edu>
  <edu id="e4" lang="ru" trans="google">Это не удивляет, что физические упражнения играют важную роль в улучшении физического здоровья.</edu>
  <edu id="e5" lang="en">Any kinds of sports, such as jogging, swimming, or playing basketball, can effectively facilitate human respiration and circulation system.</edu>
  <edu id="e5" lang="ru" trans="google">Любые виды спорта, такие как бег, плавание, или эффективно играть в баскетбол, может облегчить человеческое дыхание и систему циркуляции.</edu>
  <edu id="e6" lang="en">Moreover, these sports can also strengthen muscles and lessen surplus adipose tissues in human body.</edu>
  <edu id="e6" lang="ru" trans="google">Кроме того, эти виды спорта могут также укрепить мышцы и уменьшить излишек жировой ткани в организме человека.</edu>
  <edu id="e7" lang="en">The latter one is of particular importance because nowadays more and more people are suffer from obesity.</edu>
  <edu id="e7" lang="ru" trans="google">Последнее один имеет особое значение, поскольку в настоящее время все больше и больше людей страдают от ожирения.</edu>
  <edu id="e8" lang="en">Many studies has points out that numbers of overweight people have increased in developed countries in recent years, which mainly results from insufficient exercises.</edu>
  <edu id="e8" lang="ru" trans="google">Во многих исследованиях есть указывает, что числа людей с избыточным весом увеличилось в развитых странах в последние годы, что в основном связано с недостатком упражнений.</edu>
  <edu id="e9" lang="en">Sports activities can improve mental health as well.</edu>
  <edu id="e9" lang="ru" trans="google">Спортивные мероприятия могут улучшить психическое здоровье.</edu>
  <edu id="e10" lang="en">When people exercise, the neuron cells in the brain release a chemical compound named Dopamine.</edu>
  <edu id="e10" lang="ru" trans="google">Когда люди реализуют нейрон клетки в мозге выпустить химическое соединение под названием допамин.</edu>
  <edu id="e11" lang="en">This hormone can delight one's mind, creating positive feelings.</edu>
  <edu id="e11" lang="ru" trans="google">Этот гормон может радовать свой ум, создавая положительные чувства.</edu>
  <edu id="e12" lang="en">Thus good exercises can often successfully alleviating one's heavy burdens.</edu>
  <edu id="e12" lang="ru" trans="google">Таким образом, хорошие упражнения часто могут успешно облегчить свою тяжелое бремя.</edu>
  <edu id="e13" lang="en">Moreover, rigorous exercise can also hone one's will, which enable people to be able to tackle stringent problems and arduous tasks.</edu>
  <edu id="e13" lang="ru" trans="google">Кроме того, строгое упражнение можно также будут оттачивать свое, которые позволяют людям быть в состоянии решать проблемы жестких и трудных задач.</edu>
  <edu id="e14" lang="en">In a nutshell, many activities can let humans relax.</edu>
  <edu id="e14" lang="ru" trans="google">В двух словах, многие мероприятия могут позволить людям расслабиться.</edu>
  <edu id="e15" lang="en">Nevertheless, I assert that the best way of diminishing stress is by exercises, which can benefit everyone not only physically but also mentally.</edu>
  <edu id="e15" lang="ru" trans="google">Тем не менее, я утверждаю, что лучший способ уменьшения стресса является упражнениями, которые могут принести пользу всем не только физически, но и психически.</edu>
  <adu id="a1" type="neut"/>
  <adu id="a2" type="neut"/>
  <adu id="a3" type="mcl"/>
  <adu id="a4" type="pro"/>
  <adu id="a5" type="pro"/>
  <adu id="a6" type="pro"/>
  <adu id="a7" type="pro"/>
  <adu id="a8" type="pro"/>
  <adu id="a9" type="pro"/>
  <adu id="a10" type="pro"/>
  <adu id="a11" type="pro"/>
  <adu id="a12" type="pro"/>
  <adu id="a13" type="pro"/>
  <adu id="a14" type="opp"/>
  <adu id="a15" type="mcl"/>
  <edge id="c16" src="e1" trg="a1" type="seg"/>
  <edge id="c17" src="e2" trg="a2" type="seg"/>
  <edge id="c18" src="e3" trg="a3" type="seg"/>
  <edge id="c19" src="e4" trg="a4" type="seg"/>
  <edge id="c20" src="e5" trg="a5" type="seg"/>
  <edge id="c21" src="e6" trg="a6" type="seg"/>
  <edge id="c22" src="e7" trg="a7" type="seg"/>
  <edge id="c23" src="e8" trg="a8" type="seg"/>
  <edge id="c24" src="e9" trg="a9" type="seg"/>
  <edge id="c25" src="e10" trg="a10" type="seg"/>
  <edge id="c26" src="e11" trg="a11" type="seg"/>
  <edge id="c27" src="e12" trg="a12" type="seg"/>
  <edge id="c28" src="e13" trg="a13" type="seg"/>
  <edge id="c29" src="e14" trg="a14" type="seg"/>
  <edge id="c30" src="e15" trg="a15" type="seg"/>
  <edge id="c1" src="a4" trg="a3" type="sup"/>
  <edge id="c2" src="a4" trg="a15" type="sup"/>
  <edge id="c3" src="a5" trg="a4" type="sup"/>
  <edge id="c4" src="a6" trg="a4" type="sup"/>
  <edge id="c5" src="a7" trg="a4" type="sup"/>
  <edge id="c6" src="a8" trg="a4" type="sup"/>
  <edge id="c7" src="a9" trg="a3" type="sup"/>
  <edge id="c8" src="a9" trg="a15" type="sup"/>
  <edge id="c9" src="a10" trg="a9" type="sup"/>
  <edge id="c10" src="a11" trg="a12" type="sup"/>
  <edge id="c11" src="a12" trg="a9" type="sup"/>
  <edge id="c12" src="a13" trg="a3" type="sup"/>
  <edge id="c13" src="a13" trg="a15" type="sup"/>
  <edge id="c14" src="a14" trg="a3" type="reb"/>
  <edge id="c15" src="a14" trg="a15" type="reb"/>
</arggraph>
