<?xml version='1.0' encoding='UTF-8'?>
<arggraph id="micro_e66" stance="pro" topic_id="The precondition of doing research by professors" topic_ru="Предпосылкой проведения исследований профессора">
  <edu id="e1" lang="en">Nowadays, many professors conduct research while teaching in colleges or universities.</edu>
  <edu id="e1" lang="ru" trans="google">В настоящее время многие преподаватели проводят исследования в процессе обучения в колледжах или университетах.</edu>
  <edu id="e2" lang="en">Although research could bring funding and latest achievements in the field.</edu>
  <edu id="e2" lang="ru" trans="google">Хотя исследование может принести финансирование и последние достижения в этой области.</edu>
  <edu id="e3" lang="en">the research takes up too much teaching time.</edu>
  <edu id="e3" lang="ru" trans="google">исследование занимает слишком много времени обучения.</edu>
  <edu id="e4" lang="en">As far as I am concerned, professors should spend more time on preparing courses than research.</edu>
  <edu id="e4" lang="ru" trans="google">Насколько я обеспокоен, профессора должны тратить больше времени на подготовку курсов, чем исследования.</edu>
  <edu id="e5" lang="en">To begin with, it is vital that professors should assist students to acquire knowledge.</edu>
  <edu id="e5" lang="ru" trans="google">Начнем с того, жизненно важно, чтобы преподаватели должны помочь студентам приобрести знания.</edu>
  <edu id="e6" lang="en">The professors' duty is to nurture students, and prepare excellent courses.</edu>
  <edu id="e6" lang="ru" trans="google">обязанность профессоров является студентами лелеять и готовить отличные курсы.</edu>
  <edu id="e7" lang="en">If professors spend a lot of time on research, he will cut the time on preparing courses is reduced, which may decrease the quality of classes.</edu>
  <edu id="e7" lang="ru" trans="google">Если преподаватели проводят много времени на исследования, он сократит время на подготовку курсов снижается, что может снизить качество классов.</edu>
  <edu id="e8" lang="en">The reason why people enter a university is that they want to learn cutting-edged technologies.</edu>
  <edu id="e8" lang="ru" trans="google">Причина, почему люди вступают в университет, что они хотят, чтобы узнать передовые технологии.</edu>
  <edu id="e9" lang="en">In this way, professors should provide well-preparation courses to convey the state-of-art knowledge for college and university students.</edu>
  <edu id="e9" lang="ru" trans="google">Таким образом, преподаватели должны обеспечивать курсы подготовки хорошо, чтобы передать знания о состоянии из-искусств для студентов колледжей и университетов.</edu>
  <edu id="e10" lang="en">Therefore, professors should pay more attention on how to teach students rather than conduct research.</edu>
  <edu id="e10" lang="ru" trans="google">Таким образом, преподаватели должны обращать больше внимания на то, как научить студентов, а не проводят исследования.</edu>
  <edu id="e11" lang="en">On the other hand, if professors are busy in doing research, ignoring preparing appropriate courses for students, it would ruin the reputation of universities.</edu>
  <edu id="e11" lang="ru" trans="google">С другой стороны, если преподаватели заняты в проведении исследований, не обращая внимания подготовки соответствующих курсов для студентов, это разрушило бы репутацию университетов.</edu>
  <edu id="e12" lang="en">Students are unsatisfied with the unprepared course, and the enrollment of universities may decline.</edu>
  <edu id="e12" lang="ru" trans="google">Студенты недовольны неподготовленным конечно, и зачисление университетов может снизиться.</edu>
  <edu id="e13" lang="en">Many students would not choose these kinds of universities to study.</edu>
  <edu id="e13" lang="ru" trans="google">Многие студенты не выбирают эти виды университетов для изучения.</edu>
  <edu id="e14" lang="en">In this way, hardly can professors find assistants to help with projects.</edu>
  <edu id="e14" lang="ru" trans="google">Таким образом, вряд ли можно найти профессора помощников, чтобы помочь с проектами.</edu>
  <edu id="e15" lang="en">It is adverse to the whole academic field.</edu>
  <edu id="e15" lang="ru" trans="google">Это неблагоприятное для всей академической сферы.</edu>
  <edu id="e16" lang="en">Accordingly, spending more time to nurture excellent students is more consequential to professors, rather than research.</edu>
  <edu id="e16" lang="ru" trans="google">Соответственно, тратить больше времени, чтобы лелеять студентов-отличников более косвенные профессорам, а не исследования.</edu>
  <edu id="e17" lang="en">Nevertheless, professors could teach students through research and projects.</edu>
  <edu id="e17" lang="ru" trans="google">Тем не менее, преподаватели могли бы научить студентов на основе исследований и проектов.</edu>
  <edu id="e18" lang="en">Some students enjoy taking part in some research.</edu>
  <edu id="e18" lang="ru" trans="google">Некоторые студенты пользуются принимают участие в некоторых исследованиях.</edu>
  <edu id="e19" lang="en">Through to use the equipment and invent their own work, they may get more experience in the process of research.</edu>
  <edu id="e19" lang="ru" trans="google">Через использовать оборудование и изобрести свою собственную работу, они могут получить больше опыта в процессе исследования.</edu>
  <edu id="e20" lang="en">For instance, electronic students always invent new machines such as robots, MP3 and remote control car.</edu>
  <edu id="e20" lang="ru" trans="google">Например, электронные студенты всегда изобретать новые машины, такие как роботы, MP3 и дистанционное управление автомобилем.</edu>
  <edu id="e21" lang="en">They can manage the electric theory in practical skills.</edu>
  <edu id="e21" lang="ru" trans="google">Они могут управлять электрической теорией в практических навыках.</edu>
  <edu id="e22" lang="en">And some students will be rewarded by investing new inventions.</edu>
  <edu id="e22" lang="ru" trans="google">А некоторые студенты будут вознаграждены, вкладывая новые изобретения.</edu>
  <edu id="e23" lang="en">However, only under specific circumstance, when students master all of the systematic knowledge, can they accomplish research.</edu>
  <edu id="e23" lang="ru" trans="google">Однако, только при определенных обстоятельствах, когда студенты осваивают все систематизированные знания, они могут выполнять исследования.</edu>
  <edu id="e24" lang="en">This is requires professors provide high quality courses.</edu>
  <edu id="e24" lang="ru" trans="google">Это требует профессор обеспечивает высокие курсы качества.</edu>
  <edu id="e25" lang="en">In other word, professor should concern about preparing class.</edu>
  <edu id="e25" lang="ru" trans="google">Другими словами, профессор должен относиться к подготовке класса.</edu>
  <edu id="e26" lang="en">Consequently, conducting research is helpful for professors and students to some extent.</edu>
  <edu id="e26" lang="ru" trans="google">Следовательно, проведение исследований полезно для преподавателей и студентов в той или иной степени.</edu>
  <edu id="e27" lang="en">However, the precondition of doing research is growing students' solid theory fundamental.</edu>
  <edu id="e27" lang="ru" trans="google">Однако, предпосылкой проведения исследований растет теории твердого тела студентов фундаментальным.</edu>
  <edu id="e28" lang="en">Only by developing students, can we have a better academic field.</edu>
  <edu id="e28" lang="ru" trans="google">Только за счет развития студентов, мы можем иметь более академическое поле.</edu>
  <edu id="e29" lang="en">Professors could combine doing research and preparing good courses in a dynamic way.</edu>
  <edu id="e29" lang="ru" trans="google">Профессора могли бы объединить проводить исследования и подготовку хороших курсов в динамике.</edu>
  <adu id="a1" type="neut"/>
  <adu id="a2" type="opp"/>
  <adu id="a3" type="pro"/>
  <adu id="a4" type="mcl"/>
  <adu id="a5" type="pro"/>
  <adu id="a6" type="pro"/>
  <adu id="a7" type="pro"/>
  <adu id="a8" type="pro"/>
  <adu id="a9" type="pro"/>
  <adu id="a10" type="pro"/>
  <adu id="a11" type="pro"/>
  <adu id="a12" type="pro"/>
  <adu id="a13" type="pro"/>
  <adu id="a14" type="pro"/>
  <adu id="a15" type="pro"/>
  <adu id="a16" type="pro"/>
  <adu id="a17" type="opp"/>
  <adu id="a18" type="opp"/>
  <adu id="a19" type="opp"/>
  <adu id="a20" type="opp"/>
  <adu id="a21" type="opp"/>
  <adu id="a22" type="opp"/>
  <adu id="a23" type="pro"/>
  <adu id="a24" type="pro"/>
  <adu id="a25" type="pro"/>
  <adu id="a26" type="opp"/>
  <adu id="a27" type="pro"/>
  <adu id="a28" type="pro"/>
  <adu id="a29" type="mcl"/>
  <edge id="c33" src="e1" trg="a1" type="seg"/>
  <edge id="c34" src="e2" trg="a2" type="seg"/>
  <edge id="c35" src="e3" trg="a3" type="seg"/>
  <edge id="c36" src="e4" trg="a4" type="seg"/>
  <edge id="c37" src="e5" trg="a5" type="seg"/>
  <edge id="c38" src="e6" trg="a6" type="seg"/>
  <edge id="c39" src="e7" trg="a7" type="seg"/>
  <edge id="c40" src="e8" trg="a8" type="seg"/>
  <edge id="c41" src="e9" trg="a9" type="seg"/>
  <edge id="c42" src="e10" trg="a10" type="seg"/>
  <edge id="c43" src="e11" trg="a11" type="seg"/>
  <edge id="c44" src="e12" trg="a12" type="seg"/>
  <edge id="c45" src="e13" trg="a13" type="seg"/>
  <edge id="c46" src="e14" trg="a14" type="seg"/>
  <edge id="c47" src="e15" trg="a15" type="seg"/>
  <edge id="c48" src="e16" trg="a16" type="seg"/>
  <edge id="c49" src="e17" trg="a17" type="seg"/>
  <edge id="c50" src="e18" trg="a18" type="seg"/>
  <edge id="c51" src="e19" trg="a19" type="seg"/>
  <edge id="c52" src="e20" trg="a20" type="seg"/>
  <edge id="c53" src="e21" trg="a21" type="seg"/>
  <edge id="c54" src="e22" trg="a22" type="seg"/>
  <edge id="c55" src="e23" trg="a23" type="seg"/>
  <edge id="c56" src="e24" trg="a24" type="seg"/>
  <edge id="c57" src="e25" trg="a25" type="seg"/>
  <edge id="c58" src="e26" trg="a26" type="seg"/>
  <edge id="c59" src="e27" trg="a27" type="seg"/>
  <edge id="c60" src="e28" trg="a28" type="seg"/>
  <edge id="c61" src="e29" trg="a29" type="seg"/>
  <edge id="c1" src="a2" trg="a3" type="reb"/>
  <edge id="c2" src="a3" trg="a4" type="sup"/>
  <edge id="c3" src="a3" trg="a29" type="sup"/>
  <edge id="c4" src="a5" trg="a10" type="sup"/>
  <edge id="c5" src="a6" trg="a10" type="sup"/>
  <edge id="c6" src="a7" trg="a10" type="sup"/>
  <edge id="c7" src="a8" trg="a10" type="sup"/>
  <edge id="c8" src="a9" trg="a10" type="sup"/>
  <edge id="c9" src="a10" trg="a4" type="sup"/>
  <edge id="c10" src="a10" trg="a29" type="sup"/>
  <edge id="c11" src="a11" trg="a16" type="sup"/>
  <edge id="c12" src="a12" trg="a16" type="sup"/>
  <edge id="c13" src="a13" trg="a16" type="sup"/>
  <edge id="c14" src="a14" trg="a15" type="sup"/>
  <edge id="c15" src="a15" trg="a16" type="sup"/>
  <edge id="c16" src="a16" trg="a4" type="sup"/>
  <edge id="c17" src="a16" trg="a29" type="sup"/>
  <edge id="c18" src="a17" trg="a4" type="reb"/>
  <edge id="c19" src="a17" trg="a29" type="reb"/>
  <edge id="c20" src="a18" trg="a17" type="sup"/>
  <edge id="c21" src="a19" trg="a17" type="sup"/>
  <edge id="c22" src="a20" trg="a19" type="exa"/>
  <edge id="c23" src="a21" trg="a19" type="sup"/>
  <edge id="c24" src="a22" trg="a19" type="sup"/>
  <edge id="c25" src="a23" trg="a25" type="sup"/>
  <edge id="c26" src="a24" trg="a25" type="sup"/>
  <edge id="c27" src="a25" trg="a4" type="sup"/>
  <edge id="c28" src="a25" trg="a29" type="sup"/>
  <edge id="c29" src="a26" trg="a28" type="reb"/>
  <edge id="c30" src="a27" trg="a26" type="reb"/>
  <edge id="c31" src="a28" trg="a4" type="sup"/>
  <edge id="c32" src="a28" trg="a29" type="sup"/>
</arggraph>
