<?xml version='1.0' encoding='UTF-8'?>
<arggraph id="micro_e116" stance="pro" topic_id="More people are migrating to other countries than ever before" topic_ru="Другие люди мигрируют в другие страны, чем когда-либо прежде">
  <edu id="e1" lang="en">The last 50 years have seen an increasing number of immigrants to other countries.</edu>
  <edu id="e1" lang="ru" trans="google">Последние 50 лет наблюдается все большее число иммигрантов в другие страны.</edu>
  <edu id="e2" lang="en">People moved due to a number of reasons, namely better educations or higher salary jobs.</edu>
  <edu id="e2" lang="ru" trans="google">Люди переехали из-за целого ряда причин, а именно лучше образований или более высоких рабочих мест зарплаты.</edu>
  <edu id="e3" lang="en">Some people thought that they should follow the local customs in order to integrate into their adopted countries' cultures.</edu>
  <edu id="e3" lang="ru" trans="google">Некоторые люди думали, что они должны соблюдать местные обычаи, чтобы интегрироваться в принявших их культуры стран.</edu>
  <edu id="e4" lang="en">However I strongly believe that they are able to sustain their cultural identities and doing so help they keep their origin values.</edu>
  <edu id="e4" lang="ru" trans="google">Однако я твердо убежден, что они способны поддерживать свою культурную идентичность и делают это помощью, которую они сохраняют свои значения происхождения.</edu>
  <edu id="e5" lang="en">Firstly, maintaining one's cultural identity is a key important rule to help individuals emerge in the new multicultural environments.</edu>
  <edu id="e5" lang="ru" trans="google">Во-первых, сохранение собственной культурной идентичности является ключевым важным правилом, чтобы помочь людям выйти в новых условиях мультикультурной среды.</edu>
  <edu id="e6" lang="en">Take Australia for example, immigrants from varieties of nations have a day called multicultural day where people from each country prepare their food and traditional activities for displaying in the public venues.</edu>
  <edu id="e6" lang="ru" trans="google">Возьмем в Австралии, например, иммигранты из разновидностей народов есть день, называемый мультикультурный день, когда люди из каждой страны подготовить свою пищу и традиционные виды деятельности для отображения в общественных местах.</edu>
  <edu id="e7" lang="en">Many Australians come this day to enjoy the shows, learn about the cultures and admire the diverse values.</edu>
  <edu id="e7" lang="ru" trans="google">Многие австралийцы приходят в этот день, чтобы насладиться шоу, узнать о культуре и полюбуйтесь разнообразными значениями.</edu>
  <edu id="e8" lang="en">These feedbacks, in turn, help raise one's pride of their cultures and help people understand each other more.</edu>
  <edu id="e8" lang="ru" trans="google">Эти обратные связи, в свою очередь, поможет поднять самолюбие их культуры и помогают людям понимать друг друга.</edu>
  <edu id="e9" lang="en">Thus this makes it clear that sustaining the cultural values of immigrants is paramount essential.</edu>
  <edu id="e9" lang="ru" trans="google">Таким образом, это дает понять, что для сохранения культурных ценностей иммигрантов имеет первостепенное значение.</edu>
  <edu id="e10" lang="en">Secondly, it is crucial to keep one's identity.</edu>
  <edu id="e10" lang="ru" trans="google">Во-вторых, важно сохранить свою идентичность.</edu>
  <edu id="e11" lang="en">For they need a connection back to their country as well as teach their children their value of origin.</edu>
  <edu id="e11" lang="ru" trans="google">Для них требуется подключение назад к своей стране, а также обучать своих детей их ценность происхождения.</edu>
  <edu id="e12" lang="en">For instance, children immigrated to a new country will face social troubles in school with new friends.</edu>
  <edu id="e12" lang="ru" trans="google">Например, дети иммигрировали в новой стране будет решать социальные проблемы в школе с новыми друзьями.</edu>
  <edu id="e13" lang="en">In this new environment, parent should find friends coming from their same country so that they can socialize in a very familiar manner as feeling being home.</edu>
  <edu id="e13" lang="ru" trans="google">В этой новой среде, родитель должен найти друзей, приходящие из их же страны, с тем чтобы они могли общаться в очень известным образом, как ощущение, что дома.</edu>
  <edu id="e14" lang="en">Fail to create this familiarity makes them felt isolated, in the extreme can lead to social disorder like autism.</edu>
  <edu id="e14" lang="ru" trans="google">Не удалось создать это знакомство делает их чувствовали себя изолированными, в крайности, может привести к социальной неустроенности, как аутизм.</edu>
  <edu id="e15" lang="en">Hence, it is clear that keeping the cultural traditions in the destination countries is tremendous important.</edu>
  <edu id="e15" lang="ru" trans="google">Таким образом, очевидно, что сохранение культурных традиций в странах назначения огромно важно.</edu>
  <edu id="e16" lang="en">To conclude, although there are opposing ideas of neglecting one's cultural values to adapt in the new cultures.</edu>
  <edu id="e16" lang="ru" trans="google">В заключении, хотя есть и противоположные идеи пренебрегая культурные ценности своих адаптироваться в новых культурах.</edu>
  <edu id="e17" lang="en">As far as I am concerned, sustaining the traditions will make the immigrated people keep their cultural identity and give them confident among the many culture society.</edu>
  <edu id="e17" lang="ru" trans="google">Насколько я обеспокоен, поддерживая традиции сделает иммигрировал люди сохраняют свою культурную самобытность и дать им ощущение уверенности среди многих культуры общества.</edu>
  <adu id="a1" type="neut"/>
  <adu id="a2" type="neut"/>
  <adu id="a3" type="neut"/>
  <adu id="a4" type="mcl"/>
  <adu id="a5" type="pro"/>
  <adu id="a6" type="pro"/>
  <adu id="a7" type="pro"/>
  <adu id="a8" type="pro"/>
  <adu id="a9" type="pro"/>
  <adu id="a10" type="pro"/>
  <adu id="a11" type="pro"/>
  <adu id="a12" type="pro"/>
  <adu id="a13" type="pro"/>
  <adu id="a14" type="pro"/>
  <adu id="a15" type="pro"/>
  <adu id="a16" type="opp"/>
  <adu id="a17" type="mcl"/>
  <edge id="c16" src="e1" trg="a1" type="seg"/>
  <edge id="c17" src="e2" trg="a2" type="seg"/>
  <edge id="c18" src="e3" trg="a3" type="seg"/>
  <edge id="c19" src="e4" trg="a4" type="seg"/>
  <edge id="c20" src="e5" trg="a5" type="seg"/>
  <edge id="c21" src="e6" trg="a6" type="seg"/>
  <edge id="c22" src="e7" trg="a7" type="seg"/>
  <edge id="c23" src="e8" trg="a8" type="seg"/>
  <edge id="c24" src="e9" trg="a9" type="seg"/>
  <edge id="c25" src="e10" trg="a10" type="seg"/>
  <edge id="c26" src="e11" trg="a11" type="seg"/>
  <edge id="c27" src="e12" trg="a12" type="seg"/>
  <edge id="c28" src="e13" trg="a13" type="seg"/>
  <edge id="c29" src="e14" trg="a14" type="seg"/>
  <edge id="c30" src="e15" trg="a15" type="seg"/>
  <edge id="c31" src="e16" trg="a16" type="seg"/>
  <edge id="c32" src="e17" trg="a17" type="seg"/>
  <edge id="c1" src="a5" trg="a9" type="sup"/>
  <edge id="c2" src="a6" trg="a9" type="exa"/>
  <edge id="c3" src="a7" trg="a9" type="sup"/>
  <edge id="c4" src="a8" trg="a9" type="sup"/>
  <edge id="c5" src="a9" trg="a4" type="sup"/>
  <edge id="c6" src="a9" trg="a17" type="sup"/>
  <edge id="c7" src="a10" trg="a15" type="sup"/>
  <edge id="c8" src="a11" trg="a10" type="sup"/>
  <edge id="c9" src="a12" trg="a15" type="exa"/>
  <edge id="c10" src="a13" trg="a15" type="sup"/>
  <edge id="c11" src="a14" trg="a15" type="sup"/>
  <edge id="c12" src="a15" trg="a4" type="sup"/>
  <edge id="c13" src="a15" trg="a17" type="sup"/>
  <edge id="c14" src="a16" trg="a4" type="reb"/>
  <edge id="c15" src="a16" trg="a17" type="reb"/>
</arggraph>
