<?xml version='1.0' encoding='UTF-8'?>
<arggraph id="micro_e328" stance="pro" topic_id="Which is better - Learning foreign language in home or host country ?" topic_ru="Что лучше - Изучение иностранного языка в доме или стране пребывания?">
  <edu id="e1" lang="en">Our World has varied cultures and each culture has its own language.</edu>
  <edu id="e1" lang="ru" trans="google">Наш мир имеет различные культуры, и каждая культура имеет свой собственный язык.</edu>
  <edu id="e2" lang="en">It has become essential for a person to learn at least one foreign language as one do interacts with foreigners once in a lifetime and learning a foreign langauge adds on to a person skill-set as well.</edu>
  <edu id="e2" lang="ru" trans="google">Это стало необходимым для человека, чтобы узнать, по крайней мере один иностранный язык, как один делают взаимодействует с иностранцами один раз в жизни и обучения иностранным Langauge добавляет к человеку набор навыков, а также.</edu>
  <edu id="e3" lang="en">Also, I think its better that people learn foreign language in their own country.</edu>
  <edu id="e3" lang="ru" trans="google">Кроме того, я думаю, его лучше, что люди изучают иностранный язык в своей собственной стране.</edu>
  <edu id="e4" lang="en">The reasons for holding that opinion are illustrated in the subsequent paragraphs.</edu>
  <edu id="e4" lang="ru" trans="google">Причины для проведения такого мнения проиллюстрированы в последующих пунктах.</edu>
  <edu id="e5" lang="en">First of all, it is not possible for everyone to visit a foreign country to learn a foreign language.</edu>
  <edu id="e5" lang="ru" trans="google">Прежде всего, это не возможно для всех, чтобы посетить другую страну, чтобы изучать иностранный язык.</edu>
  <edu id="e6" lang="en">As it requires large amount of money and legal formalities.</edu>
  <edu id="e6" lang="ru" trans="google">Как это требует большого количества денег и юридических формальностей.</edu>
  <edu id="e7" lang="en">In the earlier periods, it was not easy to find a teacher to learn a foreign languge.</edu>
  <edu id="e7" lang="ru" trans="google">В более ранние периоды, это было не так легко найти учителя, чтобы выучить иностранный languge.</edu>
  <edu id="e8" lang="en">But with the advent of globalization, one can easily find a teacher in their own country.</edu>
  <edu id="e8" lang="ru" trans="google">Но с приходом глобализации, можно легко найти учитель в своей собственной стране.</edu>
  <edu id="e9" lang="en">For example, in Indian sub-continent there are large number of centers opened for getting trained in variety of languages like french, german etc.</edu>
  <edu id="e9" lang="ru" trans="google">Например, в Индийском субконтиненте существует большое количество центров, открытых для получения обучение в различных языках, таких как французский, немецкий и т.д.</edu>
  <edu id="e10" lang="en">Second, colleges and universities have introduced foreign language course as a part of their curriculum.</edu>
  <edu id="e10" lang="ru" trans="google">Во-вторых, колледжи и университеты ввели иностранный язык курс как часть их учебной программы.</edu>
  <edu id="e11" lang="en">Students can choose any language from the set of languages available at a university.</edu>
  <edu id="e11" lang="ru" trans="google">Студенты могут выбрать любой язык из множества доступных языков в университете.</edu>
  <edu id="e12" lang="en">So, it is very easy to learn a foreign in our own country.</edu>
  <edu id="e12" lang="ru" trans="google">Таким образом, это очень легко выучить иностранный в нашей собственной стране.</edu>
  <edu id="e13" lang="en">Also, highly qualified foreign language teachers are easily accessible in various schools and colleges.</edu>
  <edu id="e13" lang="ru" trans="google">Кроме того, высококвалифицированные преподаватели иностранного языка легко доступны в различных школах и колледжах.</edu>
  <edu id="e14" lang="en">Third, technology has also played a great role in reducing the separation between learning a foreign languge in our own country.</edu>
  <edu id="e14" lang="ru" trans="google">В-третьих, технология также играет большую роль в уменьшении расстояния между изучением иностранного languge в нашей собственной стране.</edu>
  <edu id="e15" lang="en">A large number of foreign language courses are available online and there are various forums where people can discuss their problems on different foreign languages.</edu>
  <edu id="e15" lang="ru" trans="google">Большое количество курсов иностранных языков доступны в Интернете и существуют различные форумы, где люди могут обсуждать свои проблемы на различных иностранных языках.</edu>
  <edu id="e16" lang="en">To sum up, it is better for people to learn a foreign language in their own country.</edu>
  <edu id="e16" lang="ru" trans="google">Подводя итог, то лучше для людей, чтобы выучить иностранный язык в своей собственной стране.</edu>
  <edu id="e17" lang="en">It is cost effective and there is a pool of opportunities available now to accomplish the same.</edu>
  <edu id="e17" lang="ru" trans="google">Он является экономически эффективным и есть бассейн возможностей, доступных в настоящее время, чтобы сделать то же самое.</edu>
  <adu id="a1" type="neut"/>
  <adu id="a2" type="neut"/>
  <adu id="a3" type="mcl"/>
  <adu id="a4" type="neut"/>
  <adu id="a5" type="pro"/>
  <adu id="a6" type="pro"/>
  <adu id="a7" type="opp"/>
  <adu id="a8" type="pro"/>
  <adu id="a9" type="pro"/>
  <adu id="a10" type="pro"/>
  <adu id="a11" type="pro"/>
  <adu id="a12" type="pro"/>
  <adu id="a13" type="pro"/>
  <adu id="a14" type="pro"/>
  <adu id="a15" type="pro"/>
  <adu id="a16" type="mcl"/>
  <adu id="a17" type="pro"/>
  <edge id="c18" src="e1" trg="a1" type="seg"/>
  <edge id="c19" src="e2" trg="a2" type="seg"/>
  <edge id="c20" src="e3" trg="a3" type="seg"/>
  <edge id="c21" src="e4" trg="a4" type="seg"/>
  <edge id="c22" src="e5" trg="a5" type="seg"/>
  <edge id="c23" src="e6" trg="a6" type="seg"/>
  <edge id="c24" src="e7" trg="a7" type="seg"/>
  <edge id="c25" src="e8" trg="a8" type="seg"/>
  <edge id="c26" src="e9" trg="a9" type="seg"/>
  <edge id="c27" src="e10" trg="a10" type="seg"/>
  <edge id="c28" src="e11" trg="a11" type="seg"/>
  <edge id="c29" src="e12" trg="a12" type="seg"/>
  <edge id="c30" src="e13" trg="a13" type="seg"/>
  <edge id="c31" src="e14" trg="a14" type="seg"/>
  <edge id="c32" src="e15" trg="a15" type="seg"/>
  <edge id="c33" src="e16" trg="a16" type="seg"/>
  <edge id="c34" src="e17" trg="a17" type="seg"/>
  <edge id="c1" src="a5" trg="a3" type="sup"/>
  <edge id="c2" src="a5" trg="a16" type="sup"/>
  <edge id="c3" src="a6" trg="a5" type="sup"/>
  <edge id="c4" src="a7" trg="a8" type="reb"/>
  <edge id="c5" src="a8" trg="a3" type="sup"/>
  <edge id="c6" src="a8" trg="a16" type="sup"/>
  <edge id="c7" src="a9" trg="a8" type="exa"/>
  <edge id="c8" src="a10" trg="a12" type="sup"/>
  <edge id="c9" src="a11" trg="a12" type="sup"/>
  <edge id="c10" src="a12" trg="a3" type="sup"/>
  <edge id="c11" src="a12" trg="a16" type="sup"/>
  <edge id="c12" src="a13" trg="a12" type="sup"/>
  <edge id="c13" src="a14" trg="a3" type="sup"/>
  <edge id="c14" src="a14" trg="a16" type="sup"/>
  <edge id="c15" src="a15" trg="a14" type="sup"/>
  <edge id="c16" src="a17" trg="a3" type="sup"/>
  <edge id="c17" src="a17" trg="a16" type="sup"/>
</arggraph>
