<?xml version='1.0' encoding='UTF-8'?>
<arggraph id="micro_e345" stance="pro" topic_id="Work for themselves vs work for employer" topic_ru="Работа для себя против работы работодателя">
  <edu id="e1" lang="en">Most people want to work for an employer, because they want to feel secure about their salary, or feel comfortable about other problems of having own job such as paying tax, worrying about selling, etc.</edu>
  <edu id="e1" lang="ru" trans="google">Большинство людей хотят работать на работодателя, потому что они хотят чувствовать себя в безопасности о своей зарплате, или чувствовать себя комфортно и о других проблемах, имеющих собственную работу, такие как платить налог, заботясь о продаже и т.д.</edu>
  <edu id="e2" lang="en">Despite these problems, personally, I would prefer to have my own job.</edu>
  <edu id="e2" lang="ru" trans="google">Несмотря на эти проблемы, лично я предпочел бы иметь свою собственную работу.</edu>
  <edu id="e3" lang="en">My arguments are listed as follows.</edu>
  <edu id="e3" lang="ru" trans="google">Мои аргументы перечислены ниже.</edu>
  <edu id="e4" lang="en">First, time is the more valuable thing, which I have in my life.</edu>
  <edu id="e4" lang="ru" trans="google">Во-первых, время является более ценное, что у меня есть в моей жизни.</edu>
  <edu id="e5" lang="en">By having my own business, I can manage my own time.</edu>
  <edu id="e5" lang="ru" trans="google">Имея свой собственный бизнес, я могу управлять своим собственным временем.</edu>
  <edu id="e6" lang="en">I could work whenever I want, or I do not need to give reasons to my boss for a delay.</edu>
  <edu id="e6" lang="ru" trans="google">Я мог бы работать, когда я хочу, или мне не нужно, чтобы дать причины для моего босса за задержку.</edu>
  <edu id="e7" lang="en">I can arrange time to travel when I would like.</edu>
  <edu id="e7" lang="ru" trans="google">Я могу организовать время для поездки, когда я хотел.</edu>
  <edu id="e8" lang="en">In addition, I can work long hours for earning more money.</edu>
  <edu id="e8" lang="ru" trans="google">Кроме того, я могу работать долгие часы для зарабатывать больше денег.</edu>
  <edu id="e9" lang="en">Totally, the most important reason for me to be self-employed is the sense of free.</edu>
  <edu id="e9" lang="ru" trans="google">В целом, наиболее важная причина для меня, чтобы быть самозанятым чувство свободных.</edu>
  <edu id="e10" lang="en">Moreover, earning money is the fundamental reason that why people work.</edu>
  <edu id="e10" lang="ru" trans="google">Кроме того, зарабатывая деньги является основной причиной того, что почему люди работают.</edu>
  <edu id="e11" lang="en">The amount of money is always the most important criterion for everyone to choose a job.</edu>
  <edu id="e11" lang="ru" trans="google">Сумма денег всегда является наиболее важным критерием для всех, чтобы выбрать работу.</edu>
  <edu id="e12" lang="en">If I work for other people, I have to give my ideas to employers cheaply.</edu>
  <edu id="e12" lang="ru" trans="google">Если я работаю на других людей, я должен дать свои идеи работодателям дешево.</edu>
  <edu id="e13" lang="en">Therefore, I never have been rich in my life.</edu>
  <edu id="e13" lang="ru" trans="google">Поэтому я никогда не был богат в моей жизни.</edu>
  <edu id="e14" lang="en">Because my salary is not dramatically changed.</edu>
  <edu id="e14" lang="ru" trans="google">Потому что моя зарплата не сильно изменилась.</edu>
  <edu id="e15" lang="en">In spite of many problems of having own business, I can earn more money based on my creativity and personal ideas.</edu>
  <edu id="e15" lang="ru" trans="google">Несмотря на многие проблемы, имеющие собственный бизнес, я могу заработать больше денег, основываясь на моем творчестве и личных идей.</edu>
  <edu id="e16" lang="en">To sum up, in spite of the fact that many people are not eager to work for themselves.</edu>
  <edu id="e16" lang="ru" trans="google">Подводя итог, несмотря на то, что многие люди не хотят работать на себя.</edu>
  <edu id="e17" lang="en">I would like to run my own business to control my own time, and to earn more money based on my noble ideas.</edu>
  <edu id="e17" lang="ru" trans="google">Я хотел бы запустить свой собственный бизнес, чтобы контролировать свое собственное время и заработать больше денег, основываясь на моих благородные идеи.</edu>
  <adu id="a1" type="neut"/>
  <adu id="a2" type="mcl"/>
  <adu id="a3" type="neut"/>
  <adu id="a4" type="pro"/>
  <adu id="a5" type="pro"/>
  <adu id="a6" type="pro"/>
  <adu id="a7" type="pro"/>
  <adu id="a8" type="pro"/>
  <adu id="a9" type="pro"/>
  <adu id="a10" type="pro"/>
  <adu id="a11" type="pro"/>
  <adu id="a12" type="pro"/>
  <adu id="a13" type="pro"/>
  <adu id="a14" type="pro"/>
  <adu id="a15" type="pro"/>
  <adu id="a16" type="opp"/>
  <adu id="a17" type="mcl"/>
  <edge id="c17" src="e1" trg="a1" type="seg"/>
  <edge id="c18" src="e2" trg="a2" type="seg"/>
  <edge id="c19" src="e3" trg="a3" type="seg"/>
  <edge id="c20" src="e4" trg="a4" type="seg"/>
  <edge id="c21" src="e5" trg="a5" type="seg"/>
  <edge id="c22" src="e6" trg="a6" type="seg"/>
  <edge id="c23" src="e7" trg="a7" type="seg"/>
  <edge id="c24" src="e8" trg="a8" type="seg"/>
  <edge id="c25" src="e9" trg="a9" type="seg"/>
  <edge id="c26" src="e10" trg="a10" type="seg"/>
  <edge id="c27" src="e11" trg="a11" type="seg"/>
  <edge id="c28" src="e12" trg="a12" type="seg"/>
  <edge id="c29" src="e13" trg="a13" type="seg"/>
  <edge id="c30" src="e14" trg="a14" type="seg"/>
  <edge id="c31" src="e15" trg="a15" type="seg"/>
  <edge id="c32" src="e16" trg="a16" type="seg"/>
  <edge id="c33" src="e17" trg="a17" type="seg"/>
  <edge id="c1" src="a4" trg="a2" type="sup"/>
  <edge id="c2" src="a4" trg="a17" type="sup"/>
  <edge id="c3" src="a5" trg="a4" type="sup"/>
  <edge id="c4" src="a6" trg="a4" type="sup"/>
  <edge id="c5" src="a7" trg="a4" type="sup"/>
  <edge id="c6" src="a8" trg="a4" type="sup"/>
  <edge id="c7" src="a9" trg="a4" type="sup"/>
  <edge id="c8" src="a10" trg="a13" type="sup"/>
  <edge id="c9" src="a11" trg="a13" type="sup"/>
  <edge id="c10" src="a12" trg="a13" type="sup"/>
  <edge id="c11" src="a13" trg="a2" type="sup"/>
  <edge id="c12" src="a13" trg="a17" type="sup"/>
  <edge id="c13" src="a14" trg="a13" type="sup"/>
  <edge id="c14" src="a15" trg="a13" type="sup"/>
  <edge id="c15" src="a16" trg="a2" type="reb"/>
  <edge id="c16" src="a16" trg="a17" type="reb"/>
</arggraph>
