<?xml version='1.0' encoding='UTF-8'?>
<arggraph id="micro_e67" stance="pro" topic_id="Apartments vs dormitories at university" topic_ru="Квартиры против общежитий в университете">
  <edu id="e1" lang="en">Many students prefer to live in the university dormitories while others prefer an apartment in the city.</edu>
  <edu id="e1" lang="ru" trans="google">Многие студенты предпочитают жить в университетских общежитиях, а другие предпочитают квартиры в городе.</edu>
  <edu id="e2" lang="en">Both options have their advantages and disadvantages.</edu>
  <edu id="e2" lang="ru" trans="google">Оба варианта имеют свои преимущества и недостатки.</edu>
  <edu id="e3" lang="en">After considering the level of freedom, the studying conditions and the economic factor, if I had to choose, I would prefer to live in an apartment in the community rather than in the university dormitories.</edu>
  <edu id="e3" lang="ru" trans="google">После рассмотрения уровня свободы, изучение условий и экономического фактора, если бы мне пришлось выбирать, я бы предпочел жить в квартире в обществе, а не в университетских общежитиях.</edu>
  <edu id="e4" lang="en">First, an apartment provides a lot more freedom than a dormitory.</edu>
  <edu id="e4" lang="ru" trans="google">Во-первых, квартира обеспечивает гораздо больше свободы, чем в общежитии.</edu>
  <edu id="e5" lang="en">While in a dormitory you have to obey preset rules, in the apartment you set your own rules.</edu>
  <edu id="e5" lang="ru" trans="google">В то время как в общежитии, вы должны подчиняться предустановленными правилами, в квартире установить свои собственные правила.</edu>
  <edu id="e6" lang="en">You are free to have visits at any time or to be left alone if you want.</edu>
  <edu id="e6" lang="ru" trans="google">Вы можете иметь посещение в любое время или оставить в покое, если вы хотите.</edu>
  <edu id="e7" lang="en">An apartment offers more privacy.</edu>
  <edu id="e7" lang="ru" trans="google">Многоквартирном предлагает более конфиденциальности.</edu>
  <edu id="e8" lang="en">Because you can choose to have your own room instead of sharing with another student.</edu>
  <edu id="e8" lang="ru" trans="google">Потому что вы можете иметь свой собственный номер вместо обмена с другим студентом.</edu>
  <edu id="e9" lang="en">This is an important factor because you also get more space than you would in a dormitory.</edu>
  <edu id="e9" lang="ru" trans="google">Это очень важный фактор, потому что вы также можете получить больше места, чем вы бы в общежитии.</edu>
  <edu id="e10" lang="en">Second, from an economic point of view, people often argue that an apartment is more expensive.</edu>
  <edu id="e10" lang="ru" trans="google">Во-вторых, с экономической точки зрения, люди часто утверждают, что квартира стоит дороже.</edu>
  <edu id="e11" lang="en">This is only partially true, you could rent the extra rooms in the apartment to other people and rent would be a lot cheaper.</edu>
  <edu id="e11" lang="ru" trans="google">Это верно лишь отчасти, можно арендовать дополнительные комнаты в квартире других людей, и аренда будет намного дешевле.</edu>
  <edu id="e12" lang="en">Transportation is another issue, you have to go to and return from the university everyday.</edu>
  <edu id="e12" lang="ru" trans="google">Транспорт является еще один вопрос, вы должны пойти и вернуться из университета каждый день.</edu>
  <edu id="e13" lang="en">You could choose to use public transportation, a cheaper option, or to have a car.</edu>
  <edu id="e13" lang="ru" trans="google">Вы можете выбрать, чтобы использовать общественный транспорт, более дешевый вариант, или иметь машину.</edu>
  <edu id="e14" lang="en">The car is an expensive option, but also offers freedom of schedule and destination.</edu>
  <edu id="e14" lang="ru" trans="google">Автомобиль является дорогой вариант, но и предлагает свободу графика и назначения.</edu>
  <edu id="e15" lang="en">Lastly, the studying conditions are better in an apartment.</edu>
  <edu id="e15" lang="ru" trans="google">Наконец, изучающие условия лучше в квартире.</edu>
  <edu id="e16" lang="en">Because you don't have all the noise and distractions that you often have in dormitories.</edu>
  <edu id="e16" lang="ru" trans="google">Потому что вы не все шумы и отвлекающие, что вы часто в общежитиях.</edu>
  <edu id="e17" lang="en">A lot of students often complain about their roommate playing music too loud or bringing friends over at inappropriate times.</edu>
  <edu id="e17" lang="ru" trans="google">Многие студенты часто жалуются на их сосед по комнате, играя музыку слишком громко или привлечения друзей к некстати.</edu>
  <edu id="e18" lang="en">Since in an apartment you don't have a roommate.</edu>
  <edu id="e18" lang="ru" trans="google">Так как в квартире у вас нет соседа по комнате.</edu>
  <edu id="e19" lang="en">you won't have this problem,.</edu>
  <edu id="e19" lang="ru" trans="google">вы не будете иметь эту проблему ,.</edu>
  <edu id="e20" lang="en">And as a result you would be able to concentrate better.</edu>
  <edu id="e20" lang="ru" trans="google">И в результате вы сможете лучше сконцентрироваться.</edu>
  <edu id="e21" lang="en">For the same reason, you won't have a problem if you are the one who wants to play music, bring friends over, or study late at night.</edu>
  <edu id="e21" lang="ru" trans="google">По той же причине, вы не будете иметь проблемы, если вы тот, кто хочет играть музыку, приводите друзей более или учиться поздно ночью.</edu>
  <edu id="e22" lang="en">You set your own schedules.</edu>
  <edu id="e22" lang="ru" trans="google">Вы можете установить свой собственный график.</edu>
  <edu id="e23" lang="en">In the other hand, living in a dormitory, and being surrounded by students also has some advantages, like being able to get help with any academic issues from them.</edu>
  <edu id="e23" lang="ru" trans="google">В другой стороны, живет в общежитии, а также в окружении студентов также имеют некоторые преимущества, как возможность получить помощь в любых академических вопросах от них.</edu>
  <edu id="e24" lang="en">To conclude, both options have their advantages, but personally I think the advantages of living in an apartment outshine those of living in a dormitory.</edu>
  <edu id="e24" lang="ru" trans="google">В заключение, оба варианта имеют свои преимущества, но лично я думаю, что преимущества жизни в квартире затмить тех, проживающих в общежитии.</edu>
  <adu id="a1" type="neut"/>
  <adu id="a2" type="neut"/>
  <adu id="a3" type="mcl"/>
  <adu id="a4" type="pro"/>
  <adu id="a5" type="pro"/>
  <adu id="a6" type="pro"/>
  <adu id="a7" type="pro"/>
  <adu id="a8" type="pro"/>
  <adu id="a9" type="pro"/>
  <adu id="a10" type="opp"/>
  <adu id="a11" type="pro"/>
  <adu id="a12" type="opp"/>
  <adu id="a13" type="opp"/>
  <adu id="a14" type="opp"/>
  <adu id="a15" type="pro"/>
  <adu id="a16" type="pro"/>
  <adu id="a17" type="pro"/>
  <adu id="a18" type="pro"/>
  <adu id="a19" type="pro"/>
  <adu id="a20" type="pro"/>
  <adu id="a21" type="pro"/>
  <adu id="a22" type="pro"/>
  <adu id="a23" type="opp"/>
  <adu id="a24" type="mcl"/>
  <edge id="c24" src="e1" trg="a1" type="seg"/>
  <edge id="c25" src="e2" trg="a2" type="seg"/>
  <edge id="c26" src="e3" trg="a3" type="seg"/>
  <edge id="c27" src="e4" trg="a4" type="seg"/>
  <edge id="c28" src="e5" trg="a5" type="seg"/>
  <edge id="c29" src="e6" trg="a6" type="seg"/>
  <edge id="c30" src="e7" trg="a7" type="seg"/>
  <edge id="c31" src="e8" trg="a8" type="seg"/>
  <edge id="c32" src="e9" trg="a9" type="seg"/>
  <edge id="c33" src="e10" trg="a10" type="seg"/>
  <edge id="c34" src="e11" trg="a11" type="seg"/>
  <edge id="c35" src="e12" trg="a12" type="seg"/>
  <edge id="c36" src="e13" trg="a13" type="seg"/>
  <edge id="c37" src="e14" trg="a14" type="seg"/>
  <edge id="c38" src="e15" trg="a15" type="seg"/>
  <edge id="c39" src="e16" trg="a16" type="seg"/>
  <edge id="c40" src="e17" trg="a17" type="seg"/>
  <edge id="c41" src="e18" trg="a18" type="seg"/>
  <edge id="c42" src="e19" trg="a19" type="seg"/>
  <edge id="c43" src="e20" trg="a20" type="seg"/>
  <edge id="c44" src="e21" trg="a21" type="seg"/>
  <edge id="c45" src="e22" trg="a22" type="seg"/>
  <edge id="c46" src="e23" trg="a23" type="seg"/>
  <edge id="c47" src="e24" trg="a24" type="seg"/>
  <edge id="c1" src="a4" trg="a3" type="sup"/>
  <edge id="c2" src="a4" trg="a24" type="sup"/>
  <edge id="c3" src="a5" trg="a4" type="sup"/>
  <edge id="c4" src="a6" trg="a4" type="sup"/>
  <edge id="c5" src="a7" trg="a4" type="sup"/>
  <edge id="c6" src="a8" trg="a7" type="sup"/>
  <edge id="c7" src="a9" trg="a4" type="sup"/>
  <edge id="c8" src="a10" trg="a3" type="reb"/>
  <edge id="c9" src="a10" trg="a24" type="reb"/>
  <edge id="c10" src="a11" trg="a10" type="reb"/>
  <edge id="c11" src="a12" trg="a10" type="sup"/>
  <edge id="c12" src="a13" trg="a10" type="sup"/>
  <edge id="c13" src="a14" trg="a10" type="sup"/>
  <edge id="c14" src="a15" trg="a3" type="sup"/>
  <edge id="c15" src="a15" trg="a24" type="sup"/>
  <edge id="c16" src="a16" trg="a15" type="sup"/>
  <edge id="c17" src="a17" trg="a15" type="sup"/>
  <edge id="c18" src="a18" trg="a19" type="sup"/>
  <edge id="c19" src="a19" trg="a20" type="sup"/>
  <edge id="c20" src="a20" trg="a15" type="sup"/>
  <edge id="c21" src="a21" trg="a15" type="sup"/>
  <edge id="c22" src="a22" trg="a15" type="sup"/>
  <edge id="c23" src="a23" trg="a15" type="reb"/>
</arggraph>
