<?xml version='1.0' encoding='UTF-8'?>
<arggraph id="micro_e248" stance="pro" topic_id="I believe it is a good idea to build a large shopping center in our community" topic_ru="Я считаю, что это хорошая идея, чтобы построить большой торговый центр в нашем сообществе">
  <edu id="e1" lang="en">I believe that it is a good idea to build a large shopping center in our community.</edu>
  <edu id="e1" lang="ru" trans="google">Я считаю, что это идея хорошая, чтобы построить большой торговый центр в нашем обществе.</edu>
  <edu id="e2" lang="en">The following are my reasons.</edu>
  <edu id="e2" lang="ru" trans="google">Ниже мои причины.</edu>
  <edu id="e3" lang="en">In the first place, the establishment of a large shopping center will provide the residents a more convenient place to go shopping.</edu>
  <edu id="e3" lang="ru" trans="google">В первую очередь, создание крупного торгового центра обеспечит жителям более удобное место, чтобы ходить по магазинам.</edu>
  <edu id="e4" lang="en">Here is a positive example: Queens Center Mall, a shopping mall located in Queens borough of New York City, provides a wide vairtey of stores, products and services, from clothing to electronics and restaurants, that consumers can choose.</edu>
  <edu id="e4" lang="ru" trans="google">Вот положительный пример: Queens Center Mall, торговый центр расположен в районе Куинс в Нью-Йорке, предоставляет широкий vairtey магазинов, товаров и услуг, от одежды до электроники и ресторанов, что потребители могут выбирать.</edu>
  <edu id="e5" lang="en">It is widely thought that it is one of the most productive malls in New York.</edu>
  <edu id="e5" lang="ru" trans="google">Это широко распространено мнение, что это один из самых продуктивных центров в Нью-Йорке.</edu>
  <edu id="e6" lang="en">I found that I could find virtually every brand or store, including Macy's and JCPenney, when I visited there.</edu>
  <edu id="e6" lang="ru" trans="google">Я обнаружил, что я мог бы найти практически каждый бренд или магазин, в том числе Мэйси и JCPenney, когда я побывал там.</edu>
  <edu id="e7" lang="en">As far as I am concerned, a large shopping mall provides a location for residents to pursue during their leisure time.</edu>
  <edu id="e7" lang="ru" trans="google">Насколько я обеспокоен, большой торговый центр предоставляет место для жителей проводить во время досуга.</edu>
  <edu id="e8" lang="en">Furthermore, it not only provides a place to shop but also offer people jobs.</edu>
  <edu id="e8" lang="ru" trans="google">Кроме того, он не только предоставляет место, чтобы делать покупки, но и предложить людям работу.</edu>
  <edu id="e9" lang="en">There may be a great number of job vacancies in the need of opening the new stores in the shopping mall.</edu>
  <edu id="e9" lang="ru" trans="google">Там может быть большое число вакансий в необходимости открытия новых магазинов в торговом центре.</edu>
  <edu id="e10" lang="en">It could be an opportunity for people who are looking for a part-time job or a full time job.</edu>
  <edu id="e10" lang="ru" trans="google">Это может быть возможность для людей, которые ищут работу неполный рабочий день или полный рабочий день.</edu>
  <edu id="e11" lang="en">Some students and retirees may work there in order to whiling away their free time and earning money.</edu>
  <edu id="e11" lang="ru" trans="google">Некоторые студенты и пенсионеры могут работать там, чтобы коротали свободное время и зарабатывать деньги.</edu>
  <edu id="e12" lang="en">Lastly, it is more likely for us to buy goods in lower price in the shopping center, and save our time on the other hand.</edu>
  <edu id="e12" lang="ru" trans="google">И, наконец, это более вероятно, для нас, чтобы купить товары в более низкой цене, в торговом центре, и сэкономить наше время, с другой стороны.</edu>
  <edu id="e13" lang="en">There may be a competition between the new shopping center and other existing stores to attract the customers.</edu>
  <edu id="e13" lang="ru" trans="google">Там может быть конкуренция между новым торговым центром и другими существующими магазинами, чтобы привлечь клиентов.</edu>
  <edu id="e14" lang="en">Accordingly, with sales promotion, it is easy for consumers to compare the price of the same merchandise before they buy.</edu>
  <edu id="e14" lang="ru" trans="google">Соответственно, стимулирование сбыта, это легко для потребителей, чтобы сравнить цену одного и того же товара, прежде чем они покупают.</edu>
  <edu id="e15" lang="en">In addition, the residents do not have a problem spending time on commute in the hope of setting up a shopping center near their homes.</edu>
  <edu id="e15" lang="ru" trans="google">Кроме того, жители не имеют проблем тратить время на коммутируют в надежде на создание торгового центра возле их домов.</edu>
  <edu id="e16" lang="en">For the above-mentioned reasons, I advocate building a big shopping center in my neighborhood, which will be beneficial to our community.</edu>
  <edu id="e16" lang="ru" trans="google">Для вышеуказанных причин, я выступаю за строительство большого торгового центра в моем районе, который будет полезным для нашего сообщества.</edu>
  <adu id="a1" type="mcl"/>
  <adu id="a2" type="neut"/>
  <adu id="a3" type="pro"/>
  <adu id="a4" type="pro"/>
  <adu id="a5" type="pro"/>
  <adu id="a6" type="pro"/>
  <adu id="a7" type="pro"/>
  <adu id="a8" type="pro"/>
  <adu id="a9" type="pro"/>
  <adu id="a10" type="pro"/>
  <adu id="a11" type="pro"/>
  <adu id="a12" type="pro"/>
  <adu id="a13" type="pro"/>
  <adu id="a14" type="pro"/>
  <adu id="a15" type="pro"/>
  <adu id="a16" type="mcl"/>
  <edge id="c17" src="e1" trg="a1" type="seg"/>
  <edge id="c18" src="e2" trg="a2" type="seg"/>
  <edge id="c19" src="e3" trg="a3" type="seg"/>
  <edge id="c20" src="e4" trg="a4" type="seg"/>
  <edge id="c21" src="e5" trg="a5" type="seg"/>
  <edge id="c22" src="e6" trg="a6" type="seg"/>
  <edge id="c23" src="e7" trg="a7" type="seg"/>
  <edge id="c24" src="e8" trg="a8" type="seg"/>
  <edge id="c25" src="e9" trg="a9" type="seg"/>
  <edge id="c26" src="e10" trg="a10" type="seg"/>
  <edge id="c27" src="e11" trg="a11" type="seg"/>
  <edge id="c28" src="e12" trg="a12" type="seg"/>
  <edge id="c29" src="e13" trg="a13" type="seg"/>
  <edge id="c30" src="e14" trg="a14" type="seg"/>
  <edge id="c31" src="e15" trg="a15" type="seg"/>
  <edge id="c32" src="e16" trg="a16" type="seg"/>
  <edge id="c1" src="a3" trg="a7" type="sup"/>
  <edge id="c2" src="a4" trg="a7" type="exa"/>
  <edge id="c3" src="a5" trg="a7" type="sup"/>
  <edge id="c4" src="a6" trg="a7" type="sup"/>
  <edge id="c5" src="a7" trg="a1" type="sup"/>
  <edge id="c6" src="a7" trg="a16" type="sup"/>
  <edge id="c7" src="a8" trg="a1" type="sup"/>
  <edge id="c8" src="a8" trg="a16" type="sup"/>
  <edge id="c9" src="a9" trg="a8" type="sup"/>
  <edge id="c10" src="a10" trg="a8" type="sup"/>
  <edge id="c11" src="a11" trg="a8" type="sup"/>
  <edge id="c12" src="a12" trg="a1" type="sup"/>
  <edge id="c13" src="a12" trg="a16" type="sup"/>
  <edge id="c14" src="a13" trg="a12" type="sup"/>
  <edge id="c15" src="a14" trg="a12" type="sup"/>
  <edge id="c16" src="a15" trg="a12" type="sup"/>
</arggraph>
