<?xml version='1.0' encoding='UTF-8'?>
<arggraph id="micro_e379" stance="pro" topic_id="Vegetarianism - why some people are choosing to become vegetarian ?" topic_ru="Вегетарианство - почему некоторые люди выбирают, чтобы стать вегетарианцем?">
  <edu id="e1" lang="en">Since the dawn of time, human has considered meat as a fundamental protein sources.</edu>
  <edu id="e1" lang="ru" trans="google">С незапамятных времен, человек рассмотрел мясо в качестве основных источников белка.</edu>
  <edu id="e2" lang="en">Meat has served as the main dish in almost every family's meals all around the world.</edu>
  <edu id="e2" lang="ru" trans="google">Мясо служило в качестве основного блюда в почти каждую еде семьи во всем мире.</edu>
  <edu id="e3" lang="en">Recent years, however, has seen a rapid increase in the number of vegetarians.</edu>
  <edu id="e3" lang="ru" trans="google">В последние годы, однако, наблюдается быстрый рост числа вегетарианцев.</edu>
  <edu id="e4" lang="en">Some people claim that this is brought about by the care for animal rights issue, others think it is much beyond that.</edu>
  <edu id="e4" lang="ru" trans="google">Некоторые люди утверждают, что это вызвано заботой о проблеме прав животных, другие считают, что гораздо дальше.</edu>
  <edu id="e5" lang="en">It is clear to me that people avoid eating meat mostly for the sake of their health and relegious aspect.</edu>
  <edu id="e5" lang="ru" trans="google">Это для меня ясно, что люди избегают употребления мяса в основном ради их здоровья и relegious аспекте.</edu>
  <edu id="e6" lang="en">Firstly, health improvement is the main reason for vegetarian diet to become so popular.</edu>
  <edu id="e6" lang="ru" trans="google">Во-первых, улучшение здоровья является основной причиной для вегетарианской диеты, чтобы стать таким популярным.</edu>
  <edu id="e7" lang="en">Many researchers have convinced that many kinds of vegetable contain antioxydant which can prevent cancer.</edu>
  <edu id="e7" lang="ru" trans="google">Многие исследователи убеждены, что многие виды овощей содержат антиоксидант, который может предотвратить рак.</edu>
  <edu id="e8" lang="en">This fortifies the fact that a vegetable diet can do good for our health.</edu>
  <edu id="e8" lang="ru" trans="google">Это подкрепляет тот факт, что растительная диета может сделать хорошее для нашего здоровья.</edu>
  <edu id="e9" lang="en">Although some argue that a meal without meat can lead to a lack of protein intake.</edu>
  <edu id="e9" lang="ru" trans="google">Хотя некоторые утверждают, что еда без мяса может привести к отсутствию потребления белка.</edu>
  <edu id="e10" lang="en">it is proved that many kinds of bean such as soy bean or pea are also comparable protein sources.</edu>
  <edu id="e10" lang="ru" trans="google">доказано, что многие виды бобовых, таких как соевые бобы или горох также сопоставимые источники белка.</edu>
  <edu id="e11" lang="en">Secondy, relegious beliefs also contributes to a vegetarian diet.</edu>
  <edu id="e11" lang="ru" trans="google">Вторичные, религиозные убеждения также способствует вегетарианской диете.</edu>
  <edu id="e12" lang="en">Some religion, such as Buddha, believes that animals were human being in their previous life.</edu>
  <edu id="e12" lang="ru" trans="google">Некоторые религии, такие как Будда, считает, что животные были человеческие существа в своей предыдущей жизни.</edu>
  <edu id="e13" lang="en">So eating their meat mean you eat the flesh of your parent sentient beings.</edu>
  <edu id="e13" lang="ru" trans="google">Так есть их мясо означает, что вы будете есть Плоти ваших родительских живых существ.</edu>
  <edu id="e14" lang="en">It is often said that this view is rather unscientific.</edu>
  <edu id="e14" lang="ru" trans="google">Часто говорят, что эта точка зрения довольно ненаучно.</edu>
  <edu id="e15" lang="en">However, I am convinced that it is vital to follow one's own religious practices which can bring the enlightenment in mind.</edu>
  <edu id="e15" lang="ru" trans="google">Тем не менее, я убежден, что жизненно важно, чтобы следовать своим собственным религиозным обрядам, которые могут принести просветление в виде.</edu>
  <edu id="e16" lang="en">To sum up, it is evident for me that people choose to become vegetarians for health and religious concern rather than the benefits of animals.</edu>
  <edu id="e16" lang="ru" trans="google">Подводя итог, очевидно для меня, что люди выбирают, чтобы стать вегетарианцами для здоровья и религиозного беспокойства, а не выгоды от животных.</edu>
  <edu id="e17" lang="en">However, a meal which is nutritionally balanced is always most recommended.</edu>
  <edu id="e17" lang="ru" trans="google">Тем не менее, еда, которая сбалансированная всегда наиболее рекомендуется.</edu>
  <adu id="a1" type="neut"/>
  <adu id="a2" type="neut"/>
  <adu id="a3" type="neut"/>
  <adu id="a4" type="neut"/>
  <adu id="a5" type="mcl"/>
  <adu id="a6" type="pro"/>
  <adu id="a7" type="pro"/>
  <adu id="a8" type="pro"/>
  <adu id="a9" type="opp"/>
  <adu id="a10" type="pro"/>
  <adu id="a11" type="neut"/>
  <adu id="a12" type="pro"/>
  <adu id="a13" type="pro"/>
  <adu id="a14" type="neut"/>
  <adu id="a15" type="pro"/>
  <adu id="a16" type="mcl"/>
  <adu id="a17" type="neut"/>
  <edge id="c11" src="e1" trg="a1" type="seg"/>
  <edge id="c12" src="e2" trg="a2" type="seg"/>
  <edge id="c13" src="e3" trg="a3" type="seg"/>
  <edge id="c14" src="e4" trg="a4" type="seg"/>
  <edge id="c15" src="e5" trg="a5" type="seg"/>
  <edge id="c16" src="e6" trg="a6" type="seg"/>
  <edge id="c17" src="e7" trg="a7" type="seg"/>
  <edge id="c18" src="e8" trg="a8" type="seg"/>
  <edge id="c19" src="e9" trg="a9" type="seg"/>
  <edge id="c20" src="e10" trg="a10" type="seg"/>
  <edge id="c21" src="e11" trg="a11" type="seg"/>
  <edge id="c22" src="e12" trg="a12" type="seg"/>
  <edge id="c23" src="e13" trg="a13" type="seg"/>
  <edge id="c24" src="e14" trg="a14" type="seg"/>
  <edge id="c25" src="e15" trg="a15" type="seg"/>
  <edge id="c26" src="e16" trg="a16" type="seg"/>
  <edge id="c27" src="e17" trg="a17" type="seg"/>
  <edge id="c1" src="a6" trg="a5" type="sup"/>
  <edge id="c2" src="a6" trg="a16" type="sup"/>
  <edge id="c3" src="a7" trg="a6" type="sup"/>
  <edge id="c4" src="a8" trg="a6" type="sup"/>
  <edge id="c5" src="a9" trg="a6" type="reb"/>
  <edge id="c6" src="a10" trg="a9" type="reb"/>
  <edge id="c7" src="a12" trg="a13" type="sup"/>
  <edge id="c8" src="a13" trg="a15" type="sup"/>
  <edge id="c9" src="a15" trg="a5" type="sup"/>
  <edge id="c10" src="a15" trg="a16" type="sup"/>
</arggraph>
