<?xml version='1.0' encoding='UTF-8'?>
<arggraph id="micro_e30" stance="pro" topic_id="Factor of choosing a career." topic_ru="Фактор выбора карьеры.">
  <edu id="e1" lang="en">In many societies, choice of a job depends on the size of the salary offered.</edu>
  <edu id="e1" lang="ru" trans="google">Во многих обществах, выбор работы зависит от размера заработной платы, предлагаемой.</edu>
  <edu id="e2" lang="en">Nevertheless, while I admit that the salary is very pivotal factor.</edu>
  <edu id="e2" lang="ru" trans="google">Тем не менее, в то время как я признаю, что зарплата очень ключевым фактором.</edu>
  <edu id="e3" lang="en">I claim that there are other equally vital aspects that need to be considered in this regard.</edu>
  <edu id="e3" lang="ru" trans="google">Я утверждаю, что есть и другие не менее важные аспекты, которые необходимо учитывать в связи с этим.</edu>
  <edu id="e4" lang="en">To begin with, I agree that in order for people to cover their daily and general needs they need money as well.</edu>
  <edu id="e4" lang="ru" trans="google">Начнем с того, я согласен, что для того, чтобы люди, чтобы покрыть свои ежедневные и общие потребности они нужны деньги.</edu>
  <edu id="e5" lang="en">However, aspects such as: friendly colleagues, environment and work-place condition, sometimes, have even more impact on person's happiness and quality of life.</edu>
  <edu id="e5" lang="ru" trans="google">Однако, такие аспекты, как: дружелюбные коллеги, окружающая среда и рабочее место условия, иногда имеют даже большее влияние на счастье и качестве жизни человека.</edu>
  <edu id="e6" lang="en">People, for instance, who don't like their co-workers and working condition are considered less satisfied with their jobs, despite of a high salary.</edu>
  <edu id="e6" lang="ru" trans="google">Люди, к примеру, кто не любит их сотрудников и условия труда считаются менее удовлетворены своей работой, несмотря на высокую зарплату.</edu>
  <edu id="e7" lang="en">In this sense, it is also one very salient proof of the accuracy of my position.</edu>
  <edu id="e7" lang="ru" trans="google">В этом смысле, это также один очень заметное доказательство точности моей позиции.</edu>
  <edu id="e8" lang="en">Further and even more importantly, most of the satisfaction of a job comes to people from their professional achievements, skills and the position they reach.</edu>
  <edu id="e8" lang="ru" trans="google">Кроме того, и что еще более важно, большая часть удовлетворения работы приходит к людям из их профессиональных достижений, навыков и позиции они достигают.</edu>
  <edu id="e9" lang="en">In other words, career promotion or getting some kind of credit from the administration of a company or organization are, likely, more enjoyable achievements than getting a high salary.</edu>
  <edu id="e9" lang="ru" trans="google">Другими словами, продвижение по службе или получения какой-то кредит от администрации компании или организации являются, вероятно, более приятным, чем достижений получать высокую зарплату.</edu>
  <edu id="e10" lang="en">For example, people, who work in monotonous jobs, where no achievements or a new positions can be reached feel themselves more dissatisfied, even though they have a very good salaries.</edu>
  <edu id="e10" lang="ru" trans="google">Например, люди, которые работают в однообразных рабочих мест, где нет достижений или новые позиции не может быть достигнуто ощущение себя более недовольными, несмотря на то, что они имеют очень хорошую зарплату.</edu>
  <edu id="e11" lang="en">In conclusion, I disagree with the idea that salary outweighs any other motivators.</edu>
  <edu id="e11" lang="ru" trans="google">В заключении, я не согласен с идеей, что заработная плата перевешивает любые другие мотиваторы.</edu>
  <edu id="e12" lang="en">As there are other even more important aspects such as: friendly co-workers, working conditions and professional achievements.</edu>
  <edu id="e12" lang="ru" trans="google">Как есть и другие еще более важные аспекты, такие как: дружелюбные сотрудники, условия труда и профессиональные достижения.</edu>
  <adu id="a1" type="neut"/>
  <adu id="a2" type="opp"/>
  <adu id="a3" type="mcl"/>
  <adu id="a4" type="opp"/>
  <adu id="a5" type="pro"/>
  <adu id="a6" type="pro"/>
  <adu id="a7" type="neut"/>
  <adu id="a8" type="pro"/>
  <adu id="a9" type="pro"/>
  <adu id="a10" type="pro"/>
  <adu id="a11" type="mcl"/>
  <adu id="a12" type="pro"/>
  <edge id="c13" src="e1" trg="a1" type="seg"/>
  <edge id="c14" src="e2" trg="a2" type="seg"/>
  <edge id="c15" src="e3" trg="a3" type="seg"/>
  <edge id="c16" src="e4" trg="a4" type="seg"/>
  <edge id="c17" src="e5" trg="a5" type="seg"/>
  <edge id="c18" src="e6" trg="a6" type="seg"/>
  <edge id="c19" src="e7" trg="a7" type="seg"/>
  <edge id="c20" src="e8" trg="a8" type="seg"/>
  <edge id="c21" src="e9" trg="a9" type="seg"/>
  <edge id="c22" src="e10" trg="a10" type="seg"/>
  <edge id="c23" src="e11" trg="a11" type="seg"/>
  <edge id="c24" src="e12" trg="a12" type="seg"/>
  <edge id="c1" src="a2" trg="a3" type="reb"/>
  <edge id="c2" src="a2" trg="a11" type="reb"/>
  <edge id="c3" src="a4" trg="a3" type="reb"/>
  <edge id="c4" src="a4" trg="a11" type="reb"/>
  <edge id="c5" src="a5" trg="a4" type="reb"/>
  <edge id="c6" src="a6" trg="a5" type="exa"/>
  <edge id="c7" src="a8" trg="a9" type="sup"/>
  <edge id="c8" src="a9" trg="a3" type="sup"/>
  <edge id="c9" src="a9" trg="a11" type="sup"/>
  <edge id="c10" src="a10" trg="a9" type="exa"/>
  <edge id="c11" src="a12" trg="a3" type="sup"/>
  <edge id="c12" src="a12" trg="a11" type="sup"/>
</arggraph>
