<?xml version='1.0' encoding='UTF-8'?>
<arggraph id="micro_e246" stance="pro" topic_id="Overemphasizing on personal lives of famous people by media" topic_ru="Выпячивая на личную жизнь известных людей по СМИ">
  <edu id="e1" lang="en">As a mass media majoring student, I think that it's true that media is overemphasizing the personal lives of famous people in this modern society.</edu>
  <edu id="e1" lang="ru" trans="google">В качестве средства массовой информации по специальности студента, я думаю, что это правда, что средства массовой информации выпячивая на личную жизнь известных людей в современном обществе.</edu>
  <edu id="e2" lang="en">In my point of view, disadvantages of overemphasizing on personal lives of famous people by media outweigh its advantages.</edu>
  <edu id="e2" lang="ru" trans="google">С моей точки зрения, недостатки выпячивая на личную жизнь известных людей по СМИ перевешивают его преимущества.</edu>
  <edu id="e3" lang="en">My reasons include the following: It is no doubt that the media provide information about an event that recently occurred somewhere and which is important to the people.</edu>
  <edu id="e3" lang="ru" trans="google">Мои причины включают в себя следующее: Нет сомнений, что средства массовой информации предоставляют информацию о событии, которое недавно произошло где-то и что очень важно для людей.</edu>
  <edu id="e4" lang="en">The most important of all is that the essence of coverage accurate and not based on gossip.</edu>
  <edu id="e4" lang="ru" trans="google">Самое главное в том, что суть охвата точной и не основано на сплетнях.</edu>
  <edu id="e5" lang="en">However, journalism is changing.</edu>
  <edu id="e5" lang="ru" trans="google">Однако, журналистика меняется.</edu>
  <edu id="e6" lang="en">Some reporters are more interested with gossip than news relating to public issues, paying too much attention to the personal lives of famous people.</edu>
  <edu id="e6" lang="ru" trans="google">Некоторые репортеры больше интересуют сплетни, чем новости, касающиеся общественные вопросы, уделяя слишком много внимания личной жизни известных людей.</edu>
  <edu id="e7" lang="en">First of all, gossip involves misleading images for the purpose of boosting newspaper sales or exciting public opinion.</edu>
  <edu id="e7" lang="ru" trans="google">Прежде всего, сплетни включает в заблуждение изображения с целью повышения продаж газет или захватывающую общественное мнение.</edu>
  <edu id="e8" lang="en">The audience may see a lot of photos in the kind of reports, which seems to tell a story.</edu>
  <edu id="e8" lang="ru" trans="google">Зрители могут увидеть много фотографий в виде отчетов, который, кажется, чтобы рассказать историю.</edu>
  <edu id="e9" lang="en">Moreover, it is unfair that the ridiculous coverage may be a vexation for the famous people who are reported.</edu>
  <edu id="e9" lang="ru" trans="google">Кроме того, это несправедливо, что смешно покрытие может быть досада для известных людей, которые, как сообщается.</edu>
  <edu id="e10" lang="en">Furthermore, sensationalism distract the viewers from public or social problems.</edu>
  <edu id="e10" lang="ru" trans="google">Кроме того, сенсационность отвлечь зрителей от общественных или социальных проблем.</edu>
  <edu id="e11" lang="en">The media face the challenge that media executives must choose the content, which can attract the audience.</edu>
  <edu id="e11" lang="ru" trans="google">СМИ сталкиваются с проблемой, что руководители СМИ должны выбрать контент, который может привлечь аудиторию.</edu>
  <edu id="e12" lang="en">Thus, these personal reports of famous people, unimportant information or distorted stories, will not solve problem related with the society.</edu>
  <edu id="e12" lang="ru" trans="google">Таким образом, эти личные сообщения известных людей, неважной информации или искаженные историй, не решат проблему, связанную с обществом.</edu>
  <edu id="e13" lang="en">In other words, yellow journalism block the viewers from significant news, such as education, environment and public issues.</edu>
  <edu id="e13" lang="ru" trans="google">Другими слова, желтая журналистика блокировать зритель из значимых новостей, такие как образование, охрана окружающей среды и общественные вопросы.</edu>
  <edu id="e14" lang="en">Based on the above discussion, I agree with that paying too much attention on personal lives of famous people may be a serious problem.</edu>
  <edu id="e14" lang="ru" trans="google">На основании вышеизложенного, я с этим согласен платить слишком много внимания на личную жизнь известных людей может стать серьезной проблемой.</edu>
  <adu id="a1" type="mcl"/>
  <adu id="a2" type="mcl"/>
  <adu id="a3" type="opp"/>
  <adu id="a4" type="opp"/>
  <adu id="a5" type="pro"/>
  <adu id="a6" type="pro"/>
  <adu id="a7" type="pro"/>
  <adu id="a8" type="pro"/>
  <adu id="a9" type="pro"/>
  <adu id="a10" type="pro"/>
  <adu id="a11" type="pro"/>
  <adu id="a12" type="pro"/>
  <adu id="a13" type="pro"/>
  <adu id="a14" type="mcl"/>
  <edge id="c18" src="e1" trg="a1" type="seg"/>
  <edge id="c19" src="e2" trg="a2" type="seg"/>
  <edge id="c20" src="e3" trg="a3" type="seg"/>
  <edge id="c21" src="e4" trg="a4" type="seg"/>
  <edge id="c22" src="e5" trg="a5" type="seg"/>
  <edge id="c23" src="e6" trg="a6" type="seg"/>
  <edge id="c24" src="e7" trg="a7" type="seg"/>
  <edge id="c25" src="e8" trg="a8" type="seg"/>
  <edge id="c26" src="e9" trg="a9" type="seg"/>
  <edge id="c27" src="e10" trg="a10" type="seg"/>
  <edge id="c28" src="e11" trg="a11" type="seg"/>
  <edge id="c29" src="e12" trg="a12" type="seg"/>
  <edge id="c30" src="e13" trg="a13" type="seg"/>
  <edge id="c31" src="e14" trg="a14" type="seg"/>
  <edge id="c1" src="a3" trg="a1" type="reb"/>
  <edge id="c2" src="a3" trg="a2" type="reb"/>
  <edge id="c3" src="a3" trg="a14" type="reb"/>
  <edge id="c4" src="a4" trg="a3" type="sup"/>
  <edge id="c5" src="a5" trg="a3" type="reb"/>
  <edge id="c6" src="a6" trg="a3" type="reb"/>
  <edge id="c7" src="a7" trg="a1" type="sup"/>
  <edge id="c8" src="a7" trg="a2" type="sup"/>
  <edge id="c9" src="a7" trg="a14" type="sup"/>
  <edge id="c10" src="a8" trg="a7" type="sup"/>
  <edge id="c11" src="a9" trg="a7" type="sup"/>
  <edge id="c12" src="a10" trg="a1" type="sup"/>
  <edge id="c13" src="a10" trg="a2" type="sup"/>
  <edge id="c14" src="a10" trg="a14" type="sup"/>
  <edge id="c15" src="a11" trg="a12" type="sup"/>
  <edge id="c16" src="a12" trg="a10" type="sup"/>
  <edge id="c17" src="a13" trg="a10" type="sup"/>
</arggraph>
