<?xml version='1.0' encoding='UTF-8'?>
<arggraph id="micro_e208" stance="pro" topic_id="Concentrate on the objectives - people attend schools for various reasons" topic_ru="Сконцентрируйтесь на цели - люди посещают школы по разным причинам">
  <edu id="e1" lang="en">From many centuries ago, universities have been playing an important role in ones' life.</edu>
  <edu id="e1" lang="ru" trans="google">От многих веков назад, университеты играют важную роль в жизни одних.</edu>
  <edu id="e2" lang="en">Different people attend university for different point of views.</edu>
  <edu id="e2" lang="ru" trans="google">Разные люди посещают университет для различных точек зрения.</edu>
  <edu id="e3" lang="en">In my perspective, the three most reasons are increased knowledge, career preparation and new experiences.</edu>
  <edu id="e3" lang="ru" trans="google">В моей точке зрения, три наиболее причины повышение уровня знаний, подготовка карьеры и новые впечатления.</edu>
  <edu id="e4" lang="en">First of all, for most people, university is an ideal place for them to develop their understanding.</edu>
  <edu id="e4" lang="ru" trans="google">Прежде всего, для большинства людей, университет является идеальным местом для их развивать свое понимание.</edu>
  <edu id="e5" lang="en">Truthfully, in this wonderful academic environment, everyone is provided with varieties and gigantic number of information by a lot of professors and well-trained teachers.</edu>
  <edu id="e5" lang="ru" trans="google">Правдиво, в этой замечательной академической среде, каждый снабжен сортам и гигантским количеством информации много профессоров и хорошо подготовленных учителей.</edu>
  <edu id="e6" lang="en">Thus, people are able to strengthen their knowledge.</edu>
  <edu id="e6" lang="ru" trans="google">Таким образом, люди могут укрепить свои знания.</edu>
  <edu id="e7" lang="en">Moreover, through the instructions of teachers, the sufficient infrastructure such as laboratory, library, students is capable of doing research on every academic aspect.</edu>
  <edu id="e7" lang="ru" trans="google">Кроме того, по поручению учителей, достаточная инфраструктура, такие как лабораторные, библиотеки, студенты способна проводить исследования на каждом учебном аспекте.</edu>
  <edu id="e8" lang="en">Therefore, they can gain a deep sight into what are they studying.</edu>
  <edu id="e8" lang="ru" trans="google">Таким образом, они могут получить глубокий взгляд в то, что они изучают.</edu>
  <edu id="e9" lang="en">Secondly, studying in university means that you have totally turned into a different page of your life, which included many new experiences.</edu>
  <edu id="e9" lang="ru" trans="google">Во-вторых, изучение в университетах означает, что вы полностью превращена в другую страницу вашей жизни, которая включает много новых впечатлений.</edu>
  <edu id="e10" lang="en">The number of individual who enroll in university are enormous, more than any school one person have studied.</edu>
  <edu id="e10" lang="ru" trans="google">Количество людей, который зачислить в университете огромно, больше, чем любая школа училась один человек.</edu>
  <edu id="e11" lang="en">Thus, students are given such fantastic chance to create new and wide relationships with a lot of people from any corner of one nation, even from the whole world.</edu>
  <edu id="e11" lang="ru" trans="google">Таким образом, студенты получают такую ​​фантастическую возможность создать новые и широкие отношения с большим количеством людей из любого уголка одной нации, даже со всего мира.</edu>
  <edu id="e12" lang="en">For instance, my brother are studying in an international university with a mixed community include Vietnam, Brazil, Argentina, etc.</edu>
  <edu id="e12" lang="ru" trans="google">Например, мой брат учится в международном университете со смешанным сообществом включает Вьетнам, Бразилию, Аргентину и т.д.</edu>
  <edu id="e13" lang="en">And he told me that he is very excited for experiencing such new environment, which is one of his main purposes when attending university.</edu>
  <edu id="e13" lang="ru" trans="google">И он сказал мне, что он очень рад за испытывать такую ​​новую окружающую среду, которая является одной из его главных целей при посещении университета.</edu>
  <edu id="e14" lang="en">Last but not least, preparing for career is an essential function of university.</edu>
  <edu id="e14" lang="ru" trans="google">И последнее, но не в последнюю очередь, подготовка к карьере является одним из важнейших функций университета.</edu>
  <edu id="e15" lang="en">Students not only do homework, assignment and attend class but also need to participate in volunteer work, internship and part time job.</edu>
  <edu id="e15" lang="ru" trans="google">Студенты не только делать домашнее задание, назначение и класс участие, но также необходимо принять участие в волонтерской работе, стажировки и неполный рабочий.</edu>
  <edu id="e16" lang="en">Thus, they can have some experiences in the outside world and discover what their life goals are.</edu>
  <edu id="e16" lang="ru" trans="google">Таким образом, они могут иметь некоторый опыт во внешнем мире, и узнать, каковы их цели жизни.</edu>
  <edu id="e17" lang="en">After all, they know where and what to put high emphasis on in order to achieve their objectives.</edu>
  <edu id="e17" lang="ru" trans="google">В конце концов, они знают, где и что поставить большое внимание для того, чтобы достичь своих целей.</edu>
  <edu id="e18" lang="en">In summation, people may attend university for various reasons.</edu>
  <edu id="e18" lang="ru" trans="google">Суммируя, люди могут посещать университет по разным причинам.</edu>
  <edu id="e19" lang="en">Some want to enjoy new experiences, some are going to prepare for their future career, while others are eager to develop their understanding.</edu>
  <edu id="e19" lang="ru" trans="google">Некоторые хотят, чтобы насладиться новым опытом, некоторые из них собираются, чтобы подготовиться к их будущей карьере, в то время как другие стремятся развивать свое понимание.</edu>
  <edu id="e20" lang="en">Even though the purposes could be various, everybody who is studying in university should concentrate on the objectives and try their best.</edu>
  <edu id="e20" lang="ru" trans="google">Несмотря на то, что цели могут быть различными, каждый, кто учится в университете должны сосредоточиться на цели и стараются изо всех сил.</edu>
  <adu id="a1" type="neut"/>
  <adu id="a2" type="neut"/>
  <adu id="a3" type="mcl"/>
  <adu id="a4" type="pro"/>
  <adu id="a5" type="pro"/>
  <adu id="a6" type="pro"/>
  <adu id="a7" type="pro"/>
  <adu id="a8" type="pro"/>
  <adu id="a9" type="neut"/>
  <adu id="a10" type="pro"/>
  <adu id="a11" type="pro"/>
  <adu id="a12" type="pro"/>
  <adu id="a13" type="pro"/>
  <adu id="a14" type="pro"/>
  <adu id="a15" type="pro"/>
  <adu id="a16" type="pro"/>
  <adu id="a17" type="pro"/>
  <adu id="a18" type="neut"/>
  <adu id="a19" type="neut"/>
  <adu id="a20" type="mcl"/>
  <edge id="c17" src="e1" trg="a1" type="seg"/>
  <edge id="c18" src="e2" trg="a2" type="seg"/>
  <edge id="c19" src="e3" trg="a3" type="seg"/>
  <edge id="c20" src="e4" trg="a4" type="seg"/>
  <edge id="c21" src="e5" trg="a5" type="seg"/>
  <edge id="c22" src="e6" trg="a6" type="seg"/>
  <edge id="c23" src="e7" trg="a7" type="seg"/>
  <edge id="c24" src="e8" trg="a8" type="seg"/>
  <edge id="c25" src="e9" trg="a9" type="seg"/>
  <edge id="c26" src="e10" trg="a10" type="seg"/>
  <edge id="c27" src="e11" trg="a11" type="seg"/>
  <edge id="c28" src="e12" trg="a12" type="seg"/>
  <edge id="c29" src="e13" trg="a13" type="seg"/>
  <edge id="c30" src="e14" trg="a14" type="seg"/>
  <edge id="c31" src="e15" trg="a15" type="seg"/>
  <edge id="c32" src="e16" trg="a16" type="seg"/>
  <edge id="c33" src="e17" trg="a17" type="seg"/>
  <edge id="c34" src="e18" trg="a18" type="seg"/>
  <edge id="c35" src="e19" trg="a19" type="seg"/>
  <edge id="c36" src="e20" trg="a20" type="seg"/>
  <edge id="c1" src="a4" trg="a8" type="sup"/>
  <edge id="c2" src="a5" trg="a6" type="sup"/>
  <edge id="c3" src="a6" trg="a8" type="sup"/>
  <edge id="c4" src="a7" trg="a8" type="sup"/>
  <edge id="c5" src="a8" trg="a3" type="sup"/>
  <edge id="c6" src="a8" trg="a20" type="sup"/>
  <edge id="c7" src="a10" trg="a11" type="sup"/>
  <edge id="c8" src="a11" trg="a3" type="sup"/>
  <edge id="c9" src="a11" trg="a20" type="sup"/>
  <edge id="c10" src="a12" trg="a11" type="exa"/>
  <edge id="c11" src="a13" trg="a11" type="sup"/>
  <edge id="c12" src="a14" trg="a3" type="sup"/>
  <edge id="c13" src="a14" trg="a20" type="sup"/>
  <edge id="c14" src="a15" trg="a16" type="sup"/>
  <edge id="c15" src="a16" trg="a14" type="sup"/>
  <edge id="c16" src="a17" trg="a14" type="sup"/>
</arggraph>
