<?xml version='1.0' encoding='UTF-8'?>
<arggraph id="micro_e396" stance="pro" topic_id="Arts and public services are both important to the community and should be invested properly" topic_ru="Искусство и общественные услуги являются важными для общества и должны быть инвестированы должным образом">
  <edu id="e1" lang="en">There has been wide opinion that Government should invest more money on public services rather than arts such as music and theatre.</edu>
  <edu id="e1" lang="ru" trans="google">Там было широкое мнение, что правительство должно вкладывать больше денег на общественные услуги, а не искусства, такие как музыка и театр.</edu>
  <edu id="e2" lang="en">However, in my perspective, both public services and arts worth investment.</edu>
  <edu id="e2" lang="ru" trans="google">Однако, в моей точки зрения, как государственные службы и искусства стоит инвестиций.</edu>
  <edu id="e3" lang="en">It is obvious axiomatic that indispensable public services like hospital and school worth every penny investing.</edu>
  <edu id="e3" lang="ru" trans="google">Очевидно аксиома, что незаменимые общественные услуги, такие как больницы и школа стоит каждого пенни инвестирования.</edu>
  <edu id="e4" lang="en">Investing in hospitals helps improve people's health, also, in schools assists with raising our children's education level.</edu>
  <edu id="e4" lang="ru" trans="google">Инвестирование в больницах помогает улучшить здоровье людей, а также в школах, помогают с повышением уровня образования наших детей.</edu>
  <edu id="e5" lang="en">Apparently if these facilities were not spent adequately, our standard of living would deteriorate.</edu>
  <edu id="e5" lang="ru" trans="google">По-видимому, если эти средства не были потрачены должным образом, наш уровень жизни ухудшится.</edu>
  <edu id="e6" lang="en">But our standard of living also depend on another factor-spiritual life which is related closely with arts.</edu>
  <edu id="e6" lang="ru" trans="google">Но наш уровень жизни также зависит от другого фактора-духовной жизни, которая связана тесно с искусством.</edu>
  <edu id="e7" lang="en">Arts include many forms and music as well as cinema are the most typical.</edu>
  <edu id="e7" lang="ru" trans="google">Искусство включают в себя множество форм и музыки, а также кино наиболее типичным.</edu>
  <edu id="e8" lang="en">These two art forms not only provide the public with entertainment but also contribute significantly to the economy.</edu>
  <edu id="e8" lang="ru" trans="google">Эти две формы искусства не только предоставить общественности развлечений, но и вносят значительный вклад в экономику.</edu>
  <edu id="e9" lang="en">The income of film and music industries produce millions of dollars each year for the Goverment, for instance K-pop and Hollywood, and these industries can not survive without goverment's financial assistance.</edu>
  <edu id="e9" lang="ru" trans="google">Доход кино- и музыкальной индустрии производят миллионы долларов каждый год для Goverment, например, K-поп и Голливуд, и эти отрасли не могут выжить без финансовой помощи правительства в.</edu>
  <edu id="e10" lang="en">The long and the short of it, both arts and public services are important to the community and should be invested properly.</edu>
  <edu id="e10" lang="ru" trans="google">Короче говоря, как искусство и общественные услуги имеют важное значение для общества и должны быть инвестированы должным образом.</edu>
  <adu id="a1" type="neut"/>
  <adu id="a2" type="mcl"/>
  <adu id="a3" type="pro"/>
  <adu id="a4" type="pro"/>
  <adu id="a5" type="pro"/>
  <adu id="a6" type="pro"/>
  <adu id="a7" type="pro"/>
  <adu id="a8" type="pro"/>
  <adu id="a9" type="pro"/>
  <adu id="a10" type="mcl"/>
  <edge id="c10" src="e1" trg="a1" type="seg"/>
  <edge id="c11" src="e2" trg="a2" type="seg"/>
  <edge id="c12" src="e3" trg="a3" type="seg"/>
  <edge id="c13" src="e4" trg="a4" type="seg"/>
  <edge id="c14" src="e5" trg="a5" type="seg"/>
  <edge id="c15" src="e6" trg="a6" type="seg"/>
  <edge id="c16" src="e7" trg="a7" type="seg"/>
  <edge id="c17" src="e8" trg="a8" type="seg"/>
  <edge id="c18" src="e9" trg="a9" type="seg"/>
  <edge id="c19" src="e10" trg="a10" type="seg"/>
  <edge id="c1" src="a3" trg="a2" type="sup"/>
  <edge id="c2" src="a3" trg="a10" type="sup"/>
  <edge id="c3" src="a4" trg="a3" type="sup"/>
  <edge id="c4" src="a5" trg="a3" type="sup"/>
  <edge id="c5" src="a6" trg="a2" type="sup"/>
  <edge id="c6" src="a6" trg="a10" type="sup"/>
  <edge id="c7" src="a7" trg="a6" type="sup"/>
  <edge id="c8" src="a8" trg="a6" type="sup"/>
  <edge id="c9" src="a9" trg="a6" type="sup"/>
</arggraph>
