<?xml version='1.0' encoding='UTF-8'?>
<arggraph id="micro_e25" stance="pro" topic_id="Dormitory or apartment ?" topic_ru="Общежитие или квартира?">
  <edu id="e1" lang="en">When it comes to the issue of choosing an accommodation after completion of their high school, most students always get confused between these two options: living in an apartment, or in university dormitories.</edu>
  <edu id="e1" lang="ru" trans="google">Когда дело доходит до вопроса о выборе проживания после завершения их средней школы, большинство студентов всегда запутаться между этими двумя вариантами: жить в квартире или в университетских общежитиях.</edu>
  <edu id="e2" lang="en">As far as I am concerned, both choices have their own advantages and disadvantages.</edu>
  <edu id="e2" lang="ru" trans="google">Насколько я обеспокоен, оба варианта имеют свои преимущества и недостатки.</edu>
  <edu id="e3" lang="en">On the one hand, living in a dormitory helps students to familiarize themselves with the academic environment of the university.</edu>
  <edu id="e3" lang="ru" trans="google">С одной стороны, жизнь в общежитии помогает студентам ознакомиться с академической средой вуза.</edu>
  <edu id="e4" lang="en">For instance, students can have an opportunity to take part in many kind of extracurricular activities happing around the campus such as attending conversation club, or joining sports club.</edu>
  <edu id="e4" lang="ru" trans="google">Например, студенты могут иметь возможность принять участие во многих видах внеклассной деятельности happing вокруг кампуса, такие как посещение разговора клуба, или присоединиться спортивным клубом.</edu>
  <edu id="e5" lang="en">Students can also have more chance of interaction with their teachers and classmates.</edu>
  <edu id="e5" lang="ru" trans="google">Студенты также могут иметь больше шансов взаимодействия с учителями и одноклассниками.</edu>
  <edu id="e6" lang="en">In addition, it is easier for students to get help when facing problem such as if students have problem in solving their math question, they can easily ask for help to their roommates, classmates, or teachers.</edu>
  <edu id="e6" lang="ru" trans="google">Кроме того, это проще для студентов, чтобы получить помощь, когда сталкивается с проблемой, например, как если студенты имеют проблемы в решении их математический вопрос, они легко могут обратиться за помощью к своим соседям по комнате, одноклассников или учителей.</edu>
  <edu id="e7" lang="en">I think living in dormitory is always helpful to students.</edu>
  <edu id="e7" lang="ru" trans="google">Я думаю, что жить в общежитии всегда полезно для студентов.</edu>
  <edu id="e8" lang="en">On the other hand, living off campus prepares students for the real life.</edu>
  <edu id="e8" lang="ru" trans="google">С другой стороны, живут за пределами кампуса готовит студентов к реальной жизни.</edu>
  <edu id="e9" lang="en">For example, students can learn many new things such as how to become responsible, independent, punctual, co-operative compared to living in university dormitories.</edu>
  <edu id="e9" lang="ru" trans="google">Например, студенты могут узнать много нового, например, как стать ответственными, независимым, пунктуальность, кооперативный по сравнению с жизнью в университетских общежитиях.</edu>
  <edu id="e10" lang="en">They are responsible to take care of everything including paying their apartment rent on time, and dealing with the utility bills.</edu>
  <edu id="e10" lang="ru" trans="google">Они несут ответственность заботиться обо всем, в том числе оплачивать свою квартиру аренду на время, и дело с счета за коммунальные услуги.</edu>
  <edu id="e11" lang="en">In addition, students also have to focus on their study, and try to maintain their grades higher.</edu>
  <edu id="e11" lang="ru" trans="google">Кроме того, студенты также должны сосредоточиться на своем исследовании, и попытаться сохранить свои оценки выше.</edu>
  <edu id="e12" lang="en">Furthermore, students also have a chance to know about the community around them.</edu>
  <edu id="e12" lang="ru" trans="google">Кроме того, студенты также имеют возможность узнать о сообществе вокруг них.</edu>
  <edu id="e13" lang="en">Interacting with the people, and socializing with them prepares students for the life after graduation.</edu>
  <edu id="e13" lang="ru" trans="google">Взаимодействуя с людьми, и общение с ними готовит студентов к жизни после окончания школы.</edu>
  <edu id="e14" lang="en">From given the evidences, it seems to me that it becomes hard for students to choose between their living options since both living accommodation have its own benefits.</edu>
  <edu id="e14" lang="ru" trans="google">С учетом доказательств, мне кажется, что становится трудно для студентов, чтобы выбрать их живые варианты, так как жилые помещения имеют свои собственные преимущества.</edu>
  <edu id="e15" lang="en">If I have to choose, I would definitely choose the second option: living in an apartment.</edu>
  <edu id="e15" lang="ru" trans="google">Если мне придется выбирать, я бы определенно выбрать второй вариант: жить в квартире.</edu>
  <edu id="e16" lang="en">I think that it teaches me everything that I certainly wants to learn in my life.</edu>
  <edu id="e16" lang="ru" trans="google">Я думаю, что она учит меня всему, что я, конечно, хочу, чтобы узнать в моей жизни.</edu>
  <edu id="e17" lang="en">Because learning all those characteristics would really help me in leading successful life.</edu>
  <edu id="e17" lang="ru" trans="google">Поскольку обучение все эти характеристики действительно поможет мне в ведущих успешную жизнь.</edu>
  <adu id="a1" type="neut"/>
  <adu id="a2" type="mcl"/>
  <adu id="a3" type="pro"/>
  <adu id="a4" type="pro"/>
  <adu id="a5" type="pro"/>
  <adu id="a6" type="pro"/>
  <adu id="a7" type="pro"/>
  <adu id="a8" type="pro"/>
  <adu id="a9" type="pro"/>
  <adu id="a10" type="pro"/>
  <adu id="a11" type="pro"/>
  <adu id="a12" type="pro"/>
  <adu id="a13" type="pro"/>
  <adu id="a14" type="mcl"/>
  <adu id="a15" type="mcl"/>
  <adu id="a16" type="pro"/>
  <adu id="a17" type="pro"/>
  <edge id="c20" src="e1" trg="a1" type="seg"/>
  <edge id="c21" src="e2" trg="a2" type="seg"/>
  <edge id="c22" src="e3" trg="a3" type="seg"/>
  <edge id="c23" src="e4" trg="a4" type="seg"/>
  <edge id="c24" src="e5" trg="a5" type="seg"/>
  <edge id="c25" src="e6" trg="a6" type="seg"/>
  <edge id="c26" src="e7" trg="a7" type="seg"/>
  <edge id="c27" src="e8" trg="a8" type="seg"/>
  <edge id="c28" src="e9" trg="a9" type="seg"/>
  <edge id="c29" src="e10" trg="a10" type="seg"/>
  <edge id="c30" src="e11" trg="a11" type="seg"/>
  <edge id="c31" src="e12" trg="a12" type="seg"/>
  <edge id="c32" src="e13" trg="a13" type="seg"/>
  <edge id="c33" src="e14" trg="a14" type="seg"/>
  <edge id="c34" src="e15" trg="a15" type="seg"/>
  <edge id="c35" src="e16" trg="a16" type="seg"/>
  <edge id="c36" src="e17" trg="a17" type="seg"/>
  <edge id="c1" src="a3" trg="a7" type="sup"/>
  <edge id="c2" src="a4" trg="a7" type="exa"/>
  <edge id="c3" src="a5" trg="a7" type="sup"/>
  <edge id="c4" src="a6" trg="a7" type="sup"/>
  <edge id="c5" src="a7" trg="a2" type="sup"/>
  <edge id="c6" src="a7" trg="a14" type="sup"/>
  <edge id="c7" src="a7" trg="a15" type="sup"/>
  <edge id="c8" src="a8" trg="a2" type="sup"/>
  <edge id="c9" src="a8" trg="a14" type="sup"/>
  <edge id="c10" src="a8" trg="a15" type="sup"/>
  <edge id="c11" src="a9" trg="a8" type="exa"/>
  <edge id="c12" src="a10" trg="a8" type="sup"/>
  <edge id="c13" src="a11" trg="a8" type="sup"/>
  <edge id="c14" src="a12" trg="a8" type="sup"/>
  <edge id="c15" src="a13" trg="a8" type="sup"/>
  <edge id="c16" src="a16" trg="a2" type="sup"/>
  <edge id="c17" src="a16" trg="a14" type="sup"/>
  <edge id="c18" src="a16" trg="a15" type="sup"/>
  <edge id="c19" src="a17" trg="a16" type="sup"/>
</arggraph>
