<?xml version='1.0' encoding='UTF-8'?>
<arggraph id="micro_e299" stance="pro" topic_id="What's more important: hard work or luck ?" topic_ru="Что более важно: тяжелая работа или везение?">
  <edu id="e1" lang="en">What do you think when you see a beautiful building ?</edu>
  <edu id="e1" lang="ru" trans="google">Что вы думаете, когда вы видите красивое здание?</edu>
  <edu id="e2" lang="en">And also when you see an airport ?</edu>
  <edu id="e2" lang="ru" trans="google">А также, когда вы видите аэропорт?</edu>
  <edu id="e3" lang="en">Do you think they have built by chance ?</edu>
  <edu id="e3" lang="ru" trans="google">Как вы думаете, они построили случайно?</edu>
  <edu id="e4" lang="en">Of course don't.</edu>
  <edu id="e4" lang="ru" trans="google">Конечно, нет.</edu>
  <edu id="e5" lang="en">Also it is ridiculous if you think world wide webs such as Google, Yahoo etc. created by chance.</edu>
  <edu id="e5" lang="ru" trans="google">Кроме того, это смешно, если вы думаете, во всем мире полотнища, такие как Google, Yahoo и т.д., созданные случайно.</edu>
  <edu id="e6" lang="en">Howbeit some people think that luck is cause of a lot of success, but to be frank I cannot agree with them.</edu>
  <edu id="e6" lang="ru" trans="google">Однакож некоторые люди думают, что удача является причиной большого успеха, но быть откровенным, я не могу с ними согласиться.</edu>
  <edu id="e7" lang="en">I would explore my primary reasons here.</edu>
  <edu id="e7" lang="ru" trans="google">Я хотел бы изучить мои основные причины здесь.</edu>
  <edu id="e8" lang="en">To begin with, famous people are usually diligent people not lucky people.</edu>
  <edu id="e8" lang="ru" trans="google">Начнем с того, известные люди, как правило, добросовестные люди не удачливые люди.</edu>
  <edu id="e9" lang="en">Hard work make you a professional man / woman which are powerful in his or her job.</edu>
  <edu id="e9" lang="ru" trans="google">Тяжелая работа, чтобы вы профессиональный мужчина / женщина, которые являются мощными в своей работе.</edu>
  <edu id="e10" lang="en">I mean, when you work hard you decrease portion of chance in your success.</edu>
  <edu id="e10" lang="ru" trans="google">Я имею в виду, когда вы работать, вы уменьшаете часть шанса в вашем успехе.</edu>
  <edu id="e11" lang="en">For example in football game it is said that penalty-kick need good chance to be goal.</edu>
  <edu id="e11" lang="ru" trans="google">Например, в футболе говорят, что штраф удар нужна хороший шанс быть целью.</edu>
  <edu id="e12" lang="en">Statically the chance of being goal is fifty-fifty.</edu>
  <edu id="e12" lang="ru" trans="google">Статически шанс быть цель состоит в пятьдесят-пятьдесят.</edu>
  <edu id="e13" lang="en">But I think Ronaldo make a goal from a penalty-kick with more possibility than me.</edu>
  <edu id="e13" lang="ru" trans="google">Но я думаю, что Роналду делает гол с пенальти-кик с большей возможностью, чем у меня.</edu>
  <edu id="e14" lang="en">It is not for which Ronaldo is more fortune than me.</edu>
  <edu id="e14" lang="ru" trans="google">Это не для которого Роналду больше удачи, чем у меня.</edu>
  <edu id="e15" lang="en">Definitely it is for which he have more practice and exercise than me.</edu>
  <edu id="e15" lang="ru" trans="google">Определенно, для которых он больше практики и упражнения, чем у меня.</edu>
  <edu id="e16" lang="en">He do a lot of exercise in football field every day.</edu>
  <edu id="e16" lang="ru" trans="google">Он делает много упражнений на футбольном поле каждый день.</edu>
  <edu id="e17" lang="en">So it is not for which he is luckier than me.</edu>
  <edu id="e17" lang="ru" trans="google">Так что это не для которого он удачливее, чем у меня.</edu>
  <edu id="e18" lang="en">Moreover, we cannot always lean on our luck to be successful.</edu>
  <edu id="e18" lang="ru" trans="google">Кроме того, мы не всегда можем опереться на нашу удачу, чтобы быть успешным.</edu>
  <edu id="e19" lang="en">I don't want to disavow the role of luck in success, but as you know it hardly accompany us.</edu>
  <edu id="e19" lang="ru" trans="google">Я не хочу, чтобы дезавуировать роль удачи в успехе, но, как вы знаете, это вряд ли сопровождать нас.</edu>
  <edu id="e20" lang="en">So, for example you prepare for TOEFL or other multiple-choice test which has four option to choose in every question.</edu>
  <edu id="e20" lang="ru" trans="google">Так, например, подготовиться к TOEFL или другой тест множественного выбора, который имеет четыре возможность выбрать в каждом вопросе.</edu>
  <edu id="e21" lang="en">You cannot prepare for it without any study and Rely on your luck, even if you be a very lucky.</edu>
  <edu id="e21" lang="ru" trans="google">Вы не можете подготовиться к нему без какого-либо исследования и полагаться на свою удачу, даже если вы будете очень удачливы.</edu>
  <edu id="e22" lang="en">If you pick up any choice by chance you would fail the exam.</edu>
  <edu id="e22" lang="ru" trans="google">Если подобрать любой выбор случайно вы сдадите экзамен.</edu>
  <edu id="e23" lang="en">Undoubtedly it is wise advice which you have hard study to success on exam.</edu>
  <edu id="e23" lang="ru" trans="google">Несомненно, это мудрый совет, который у вас есть жесткое исследование к успеху на экзамене.</edu>
  <edu id="e24" lang="en">Finally, you have to work hard to learn and to get a lot of information before doing a project in good way.</edu>
  <edu id="e24" lang="ru" trans="google">И, наконец, вы должны упорно трудиться, чтобы учиться и получить много информации, прежде чем делать проект в хорошем смысле.</edu>
  <edu id="e25" lang="en">The most fortunate people in the word cannot manufacture an automobile or build a high tower just by her or his chance.</edu>
  <edu id="e25" lang="ru" trans="google">Самые счастливые люди в слове не может производить автомобиль или построить высокую башню, просто ее или его шанс.</edu>
  <edu id="e26" lang="en">These plans is done by someone who is mastered in his / her work.</edu>
  <edu id="e26" lang="ru" trans="google">Эти планы делаются кем-то, кто освоен в его / ее работе.</edu>
  <edu id="e27" lang="en">Undoubtedly such people do work hard and have great experiences because of their hard works.</edu>
  <edu id="e27" lang="ru" trans="google">Несомненно, такие люди работают и имеют большой опыт из-за их тяжелые работы.</edu>
  <edu id="e28" lang="en">In the end, I think any great success need great work not great luck.</edu>
  <edu id="e28" lang="ru" trans="google">В конце концов, я думаю, что любой большой успех нужно большой не работает большая удача.</edu>
  <edu id="e29" lang="en">Even though luck is one factor in reaching goal.</edu>
  <edu id="e29" lang="ru" trans="google">Даже если удача один фактор в достижении цели.</edu>
  <edu id="e30" lang="en">But its impact is extraneous and we must not reckon on luck in our plans.</edu>
  <edu id="e30" lang="ru" trans="google">Но его влияние постороннее, и мы не должны рассчитывать на удачу в наших планах.</edu>
  <adu id="a1" type="neut"/>
  <adu id="a2" type="neut"/>
  <adu id="a3" type="neut"/>
  <adu id="a4" type="neut"/>
  <adu id="a5" type="neut"/>
  <adu id="a6" type="neut"/>
  <adu id="a7" type="neut"/>
  <adu id="a8" type="pro"/>
  <adu id="a9" type="pro"/>
  <adu id="a10" type="pro"/>
  <adu id="a11" type="pro"/>
  <adu id="a12" type="pro"/>
  <adu id="a13" type="opp"/>
  <adu id="a14" type="opp"/>
  <adu id="a15" type="opp"/>
  <adu id="a16" type="opp"/>
  <adu id="a17" type="opp"/>
  <adu id="a18" type="pro"/>
  <adu id="a19" type="pro"/>
  <adu id="a20" type="pro"/>
  <adu id="a21" type="pro"/>
  <adu id="a22" type="pro"/>
  <adu id="a23" type="pro"/>
  <adu id="a24" type="pro"/>
  <adu id="a25" type="pro"/>
  <adu id="a26" type="pro"/>
  <adu id="a27" type="pro"/>
  <adu id="a28" type="mcl"/>
  <adu id="a29" type="opp"/>
  <adu id="a30" type="pro"/>
  <edge id="c23" src="e1" trg="a1" type="seg"/>
  <edge id="c24" src="e2" trg="a2" type="seg"/>
  <edge id="c25" src="e3" trg="a3" type="seg"/>
  <edge id="c26" src="e4" trg="a4" type="seg"/>
  <edge id="c27" src="e5" trg="a5" type="seg"/>
  <edge id="c28" src="e6" trg="a6" type="seg"/>
  <edge id="c29" src="e7" trg="a7" type="seg"/>
  <edge id="c30" src="e8" trg="a8" type="seg"/>
  <edge id="c31" src="e9" trg="a9" type="seg"/>
  <edge id="c32" src="e10" trg="a10" type="seg"/>
  <edge id="c33" src="e11" trg="a11" type="seg"/>
  <edge id="c34" src="e12" trg="a12" type="seg"/>
  <edge id="c35" src="e13" trg="a13" type="seg"/>
  <edge id="c36" src="e14" trg="a14" type="seg"/>
  <edge id="c37" src="e15" trg="a15" type="seg"/>
  <edge id="c38" src="e16" trg="a16" type="seg"/>
  <edge id="c39" src="e17" trg="a17" type="seg"/>
  <edge id="c40" src="e18" trg="a18" type="seg"/>
  <edge id="c41" src="e19" trg="a19" type="seg"/>
  <edge id="c42" src="e20" trg="a20" type="seg"/>
  <edge id="c43" src="e21" trg="a21" type="seg"/>
  <edge id="c44" src="e22" trg="a22" type="seg"/>
  <edge id="c45" src="e23" trg="a23" type="seg"/>
  <edge id="c46" src="e24" trg="a24" type="seg"/>
  <edge id="c47" src="e25" trg="a25" type="seg"/>
  <edge id="c48" src="e26" trg="a26" type="seg"/>
  <edge id="c49" src="e27" trg="a27" type="seg"/>
  <edge id="c50" src="e28" trg="a28" type="seg"/>
  <edge id="c51" src="e29" trg="a29" type="seg"/>
  <edge id="c52" src="e30" trg="a30" type="seg"/>
  <edge id="c1" src="a8" trg="a28" type="sup"/>
  <edge id="c2" src="a9" trg="a8" type="sup"/>
  <edge id="c3" src="a10" trg="a8" type="sup"/>
  <edge id="c4" src="a11" trg="a8" type="sup"/>
  <edge id="c5" src="a12" trg="a11" type="sup"/>
  <edge id="c6" src="a13" trg="a11" type="reb"/>
  <edge id="c7" src="a14" trg="a11" type="reb"/>
  <edge id="c8" src="a15" trg="a14" type="sup"/>
  <edge id="c9" src="a16" trg="a17" type="sup"/>
  <edge id="c10" src="a17" trg="a14" type="sup"/>
  <edge id="c11" src="a18" trg="a28" type="sup"/>
  <edge id="c12" src="a19" trg="a18" type="sup"/>
  <edge id="c13" src="a20" trg="a23" type="sup"/>
  <edge id="c14" src="a21" trg="a23" type="sup"/>
  <edge id="c15" src="a22" trg="a23" type="sup"/>
  <edge id="c16" src="a23" trg="a18" type="sup"/>
  <edge id="c17" src="a24" trg="a25" type="sup"/>
  <edge id="c18" src="a25" trg="a28" type="sup"/>
  <edge id="c19" src="a26" trg="a25" type="sup"/>
  <edge id="c20" src="a27" trg="a25" type="sup"/>
  <edge id="c21" src="a29" trg="a28" type="reb"/>
  <edge id="c22" src="a30" trg="a29" type="reb"/>
</arggraph>
