<?xml version='1.0' encoding='UTF-8'?>
<arggraph id="micro_e289" stance="pro" topic_id="Television has more bad than good in respect of bonds with family and friends" topic_ru="Телевидение имеет больше плохого, чем хорошего в отношении связей с семьей и друзьями">
  <edu id="e1" lang="en">There are many interesting programs on television which anyone can enjoy at little cost.</edu>
  <edu id="e1" lang="ru" trans="google">Есть много интересных программ на телевидении, которые каждый может наслаждаться при небольших затратах.</edu>
  <edu id="e2" lang="en">Compared to other hobbies such as going to theater or going to sports stadium, it is a very cost-effective hobby that gives viewer quiet a few indirect experiences.</edu>
  <edu id="e2" lang="ru" trans="google">По сравнению с другими увлечениями, такими как идти в театр или собирается спортивный стадион, это очень рентабельный хобби, которое дает зрителю успокаивать несколько непрямых опытом.</edu>
  <edu id="e3" lang="en">However, from my point of view, television has more bad than good.</edu>
  <edu id="e3" lang="ru" trans="google">Однако, с моей точки зрения, телевидение имеет больше плохого, чем хорошего.</edu>
  <edu id="e4" lang="en">Because it has made people not to have conversation each other.</edu>
  <edu id="e4" lang="ru" trans="google">Потому что это сделало людей не вести разговор друг с другом.</edu>
  <edu id="e5" lang="en">To begin with, television shows make people forget what is really important.</edu>
  <edu id="e5" lang="ru" trans="google">Начнем с того, телевизионные шоу, чтобы люди забывают, что действительно важно.</edu>
  <edu id="e6" lang="en">One who has favorite programs tends to be obessed with them when they are on air.</edu>
  <edu id="e6" lang="ru" trans="google">Тот, кто имеет любимые программы, как правило, одержим с ними, когда они находятся на воздухе.</edu>
  <edu id="e7" lang="en">Thus, they cannot make appointment or go out with their family or friends at that time.</edu>
  <edu id="e7" lang="ru" trans="google">Таким образом, они не могут сделать назначение или выйти со своей семьей или друзьями в то время.</edu>
  <edu id="e8" lang="en">Since they think the programs are so crucial to their lives.</edu>
  <edu id="e8" lang="ru" trans="google">Так как они думают, что эти программы являются столь важное значение для их жизни.</edu>
  <edu id="e9" lang="en">One of my friends, for example, once cancelled an appointment to play basketball with in order to watch the favorite television show " Infinete Challenges ".</edu>
  <edu id="e9" lang="ru" trans="google">Один из моих друзей, например, когда отменил назначение играть в баскетбол с тем чтобы посмотреть любимое телешоу «Infinete вызовов».</edu>
  <edu id="e10" lang="en">This is not only about basketball, but also about our friendship, which depends on how often we meet and have a chance to talk to each other.</edu>
  <edu id="e10" lang="ru" trans="google">Это не только о баскетболе, но и о нашей дружбе, которая зависит от того, как часто мы встречаемся и есть шанс, чтобы разговаривать друг с другом.</edu>
  <edu id="e11" lang="en">That is, watching television alone at home, my friend lost the opportunity to increase cohesion between us.</edu>
  <edu id="e11" lang="ru" trans="google">То есть, смотреть телевизор дома один, мой друг потерял возможность увеличить сцепление между нами.</edu>
  <edu id="e12" lang="en">Moreover, even when people watch television together, there is no chance for them to have conversation in front of television.</edu>
  <edu id="e12" lang="ru" trans="google">Более того, даже когда люди смотрят телевизор вместе, нет никаких шансов, чтобы они имели разговор перед телевизором.</edu>
  <edu id="e13" lang="en">Watching television program together is not that different from watching same program alone.</edu>
  <edu id="e13" lang="ru" trans="google">Смотря телевизор программу вместе не отличается от просмотра той же программы в одиночку.</edu>
  <edu id="e14" lang="en">Thus, it is not good for them to watch television if they want to improve their sense of closeness.</edu>
  <edu id="e14" lang="ru" trans="google">Таким образом, это не хорошо для них, чтобы смотреть телевизор, если они хотят, чтобы улучшить их чувство близости.</edu>
  <edu id="e15" lang="en">To illustrate my point, it is reported that most of people don't converse with their family when they are watching television together.</edu>
  <edu id="e15" lang="ru" trans="google">Для того, чтобы проиллюстрировать свою точку зрения, он сообщил, что большинство людей не общаться со своей семьей, когда они смотрят телевизор вместе.</edu>
  <edu id="e16" lang="en">It is natural they behave in that way.</edu>
  <edu id="e16" lang="ru" trans="google">Естественно, они ведут себя таким образом.</edu>
  <edu id="e17" lang="en">Because television shows don't require any participation.</edu>
  <edu id="e17" lang="ru" trans="google">Поскольку телевизионные шоу не требует какого-либо участия.</edu>
  <edu id="e18" lang="en">In conclusion, I firmly believe that it is detrimental to communication among members in group, family or friends or whatever, to sit in front of television and just stare forward.</edu>
  <edu id="e18" lang="ru" trans="google">В заключении, я твердо верю, что это вредно для общения между членами группы, семьей или друзьями, или независимо от того, чтобы сидеть перед телевизором и просто смотреть вперед.</edu>
  <edu id="e19" lang="en">It is because television not only makes people be obsessed with it but also makes their mouth close.</edu>
  <edu id="e19" lang="ru" trans="google">Это происходит потому, что телевидение не только заставляет людей быть одержим с ним, но и делает их рот близко.</edu>
  <adu id="a1" type="neut"/>
  <adu id="a2" type="neut"/>
  <adu id="a3" type="mcl"/>
  <adu id="a4" type="pro"/>
  <adu id="a5" type="pro"/>
  <adu id="a6" type="pro"/>
  <adu id="a7" type="pro"/>
  <adu id="a8" type="pro"/>
  <adu id="a9" type="pro"/>
  <adu id="a10" type="pro"/>
  <adu id="a11" type="pro"/>
  <adu id="a12" type="pro"/>
  <adu id="a13" type="pro"/>
  <adu id="a14" type="pro"/>
  <adu id="a15" type="pro"/>
  <adu id="a16" type="pro"/>
  <adu id="a17" type="pro"/>
  <adu id="a18" type="mcl"/>
  <adu id="a19" type="pro"/>
  <edge id="c20" src="e1" trg="a1" type="seg"/>
  <edge id="c21" src="e2" trg="a2" type="seg"/>
  <edge id="c22" src="e3" trg="a3" type="seg"/>
  <edge id="c23" src="e4" trg="a4" type="seg"/>
  <edge id="c24" src="e5" trg="a5" type="seg"/>
  <edge id="c25" src="e6" trg="a6" type="seg"/>
  <edge id="c26" src="e7" trg="a7" type="seg"/>
  <edge id="c27" src="e8" trg="a8" type="seg"/>
  <edge id="c28" src="e9" trg="a9" type="seg"/>
  <edge id="c29" src="e10" trg="a10" type="seg"/>
  <edge id="c30" src="e11" trg="a11" type="seg"/>
  <edge id="c31" src="e12" trg="a12" type="seg"/>
  <edge id="c32" src="e13" trg="a13" type="seg"/>
  <edge id="c33" src="e14" trg="a14" type="seg"/>
  <edge id="c34" src="e15" trg="a15" type="seg"/>
  <edge id="c35" src="e16" trg="a16" type="seg"/>
  <edge id="c36" src="e17" trg="a17" type="seg"/>
  <edge id="c37" src="e18" trg="a18" type="seg"/>
  <edge id="c38" src="e19" trg="a19" type="seg"/>
  <edge id="c1" src="a4" trg="a3" type="sup"/>
  <edge id="c2" src="a4" trg="a18" type="sup"/>
  <edge id="c3" src="a5" trg="a3" type="sup"/>
  <edge id="c4" src="a5" trg="a18" type="sup"/>
  <edge id="c5" src="a6" trg="a7" type="sup"/>
  <edge id="c6" src="a7" trg="a5" type="sup"/>
  <edge id="c7" src="a8" trg="a7" type="sup"/>
  <edge id="c8" src="a9" trg="a7" type="exa"/>
  <edge id="c9" src="a10" trg="a7" type="sup"/>
  <edge id="c10" src="a11" trg="a7" type="sup"/>
  <edge id="c11" src="a12" trg="a3" type="sup"/>
  <edge id="c12" src="a12" trg="a18" type="sup"/>
  <edge id="c13" src="a13" trg="a14" type="sup"/>
  <edge id="c14" src="a14" trg="a12" type="sup"/>
  <edge id="c15" src="a15" trg="a14" type="sup"/>
  <edge id="c16" src="a16" trg="a14" type="sup"/>
  <edge id="c17" src="a17" trg="a16" type="sup"/>
  <edge id="c18" src="a19" trg="a3" type="sup"/>
  <edge id="c19" src="a19" trg="a18" type="sup"/>
</arggraph>
