<?xml version='1.0' encoding='UTF-8'?>
<arggraph id="micro_e369" stance="pro" topic_id="The option to work or study from home is advantage or disadvantage" topic_ru="Возможность работы или учебы из дома преимущество или недостаток">
  <edu id="e1" lang="en">Undoubtedly this is an era of internet which impacts one's personal as well as professional life.</edu>
  <edu id="e1" lang="ru" trans="google">Несомненно, это эпоха Интернета, которая влияет на его личном, а также профессиональную жизнь.</edu>
  <edu id="e2" lang="en">The effect is seen more on the developed countries where people choose to work or study from home instead of going to office or university.</edu>
  <edu id="e2" lang="ru" trans="google">Эффект проявляется больше на развитых странах, где люди выбирают для работы или учебы из дома вместо того, чтобы идти в офис или университет.</edu>
  <edu id="e3" lang="en">Some consider this approach to be an advantage while others reject this as a disadvantage.</edu>
  <edu id="e3" lang="ru" trans="google">Некоторые считают, что этот подход является преимуществом в то время как другие отвергают это как недостаток.</edu>
  <edu id="e4" lang="en">Both the points of views will be discussed in order.</edu>
  <edu id="e4" lang="ru" trans="google">Обе точки взглядов будут обсуждаться в порядке.</edu>
  <edu id="e5" lang="en">On the one hand, the benefit that professionals or students get by connecting from home is enormous.</edu>
  <edu id="e5" lang="ru" trans="google">С одной стороны, польза, которую специалисты или студенты получают путем подключения дома огромна.</edu>
  <edu id="e6" lang="en">For one, it helps working people to maintain work life balance.</edu>
  <edu id="e6" lang="ru" trans="google">С одной стороны, это помогает работать человек поддерживать трудовую жизнь баланс.</edu>
  <edu id="e7" lang="en">The best example is the new mother who can join her work as well as take care of her baby.</edu>
  <edu id="e7" lang="ru" trans="google">Лучший примером является новой матерью, которая может присоединиться к ее работе, а также заботиться о своем ребенке.</edu>
  <edu id="e8" lang="en">People also get the desired flexibility in terms of working hours.</edu>
  <edu id="e8" lang="ru" trans="google">Люди также получить желаемую гибкость с точки зрения рабочего времени.</edu>
  <edu id="e9" lang="en">For students too, studying from home is an attractive option.</edu>
  <edu id="e9" lang="ru" trans="google">Для студентов тоже изучения из дома является привлекательным вариантом.</edu>
  <edu id="e10" lang="en">They save the travelling time to Universities and utilize that time on their studies.</edu>
  <edu id="e10" lang="ru" trans="google">Они экономят время путешествия в университеты и использовать это время на свои исследования.</edu>
  <edu id="e11" lang="en">In a busy city like Tokyo, students waste a lot of time in travelling.</edu>
  <edu id="e11" lang="ru" trans="google">В шумном городе, как Токио, студенты тратят много времени в разъездах.</edu>
  <edu id="e12" lang="en">Thus, the advantages that people enjoy by working or studying from home, are obvious.</edu>
  <edu id="e12" lang="ru" trans="google">Таким образом, преимущества, которыми люди пользуются на работе или учебе из дома, очевидны.</edu>
  <edu id="e13" lang="en">On the other hand, one part of the society, has doubt over the productivity of people who prefers to work or study from home.</edu>
  <edu id="e13" lang="ru" trans="google">С другой стороны, одна часть общества, имеет сомнения по поводу производительности людей, кто предпочитает работать или учиться дома.</edu>
  <edu id="e14" lang="en">Many employers argue that once an employee works from isolation, he or she spends a lot of time in communication via phone or email with colleagues.</edu>
  <edu id="e14" lang="ru" trans="google">Многие работодатели утверждают, что когда-то сотрудник работает от изоляции, он или она проводит много времени в общении по телефону или по электронной почте с коллегами.</edu>
  <edu id="e15" lang="en">This harms an employee's deliverable.</edu>
  <edu id="e15" lang="ru" trans="google">Это наносит ущерб поставочных работника.</edu>
  <edu id="e16" lang="en">Teachers think that students get affected too as they can not clear their doubts in study topics instantly.</edu>
  <edu id="e16" lang="ru" trans="google">Учителя считают, что студенты получают слишком затронуты, поскольку они не могут очистить свои сомнения в темах исследования мгновенно.</edu>
  <edu id="e17" lang="en">Due to this they lag in their studies.</edu>
  <edu id="e17" lang="ru" trans="google">Из-за этого они отстают в своих исследованиях.</edu>
  <edu id="e18" lang="en">These factors affect people who work or study from home.</edu>
  <edu id="e18" lang="ru" trans="google">Эти факторы влияют на людей, которые работают или учиться дома.</edu>
  <edu id="e19" lang="en">Following both the point of views, the option of working or studying from home is thought to provide more benefits than drawbacks.</edu>
  <edu id="e19" lang="ru" trans="google">После обеих точек зрения, возможность работы или учебы из дома, как полагают, чтобы обеспечить больше преимуществ, чем недостатков.</edu>
  <edu id="e20" lang="en">It is hoped that people will continue to use internet to work or study and improve on the disadvantages into the foreseeable future.</edu>
  <edu id="e20" lang="ru" trans="google">Хотелось бы надеяться, что люди будут продолжать использовать Интернет для работы или учебы и улучшить недостатки в обозримом будущем.</edu>
  <adu id="a1" type="neut"/>
  <adu id="a2" type="neut"/>
  <adu id="a3" type="neut"/>
  <adu id="a4" type="neut"/>
  <adu id="a5" type="pro"/>
  <adu id="a6" type="pro"/>
  <adu id="a7" type="pro"/>
  <adu id="a8" type="pro"/>
  <adu id="a9" type="pro"/>
  <adu id="a10" type="pro"/>
  <adu id="a11" type="pro"/>
  <adu id="a12" type="pro"/>
  <adu id="a13" type="neut"/>
  <adu id="a14" type="opp"/>
  <adu id="a15" type="opp"/>
  <adu id="a16" type="opp"/>
  <adu id="a17" type="neut"/>
  <adu id="a18" type="opp"/>
  <adu id="a19" type="mcl"/>
  <adu id="a20" type="neut"/>
  <edge id="c13" src="e1" trg="a1" type="seg"/>
  <edge id="c14" src="e2" trg="a2" type="seg"/>
  <edge id="c15" src="e3" trg="a3" type="seg"/>
  <edge id="c16" src="e4" trg="a4" type="seg"/>
  <edge id="c17" src="e5" trg="a5" type="seg"/>
  <edge id="c18" src="e6" trg="a6" type="seg"/>
  <edge id="c19" src="e7" trg="a7" type="seg"/>
  <edge id="c20" src="e8" trg="a8" type="seg"/>
  <edge id="c21" src="e9" trg="a9" type="seg"/>
  <edge id="c22" src="e10" trg="a10" type="seg"/>
  <edge id="c23" src="e11" trg="a11" type="seg"/>
  <edge id="c24" src="e12" trg="a12" type="seg"/>
  <edge id="c25" src="e13" trg="a13" type="seg"/>
  <edge id="c26" src="e14" trg="a14" type="seg"/>
  <edge id="c27" src="e15" trg="a15" type="seg"/>
  <edge id="c28" src="e16" trg="a16" type="seg"/>
  <edge id="c29" src="e17" trg="a17" type="seg"/>
  <edge id="c30" src="e18" trg="a18" type="seg"/>
  <edge id="c31" src="e19" trg="a19" type="seg"/>
  <edge id="c32" src="e20" trg="a20" type="seg"/>
  <edge id="c1" src="a5" trg="a12" type="sup"/>
  <edge id="c2" src="a6" trg="a12" type="sup"/>
  <edge id="c3" src="a7" trg="a6" type="exa"/>
  <edge id="c4" src="a8" trg="a12" type="sup"/>
  <edge id="c5" src="a9" trg="a12" type="sup"/>
  <edge id="c6" src="a10" trg="a9" type="sup"/>
  <edge id="c7" src="a11" trg="a9" type="sup"/>
  <edge id="c8" src="a12" trg="a19" type="sup"/>
  <edge id="c9" src="a14" trg="a18" type="sup"/>
  <edge id="c10" src="a15" trg="a18" type="sup"/>
  <edge id="c11" src="a16" trg="a18" type="sup"/>
  <edge id="c12" src="a18" trg="a19" type="reb"/>
</arggraph>
