<?xml version='1.0' encoding='UTF-8'?>
<arggraph id="micro_e125" stance="pro" topic_id="Email and text messaging threats written language" topic_ru="Электронная почта и обмен текстовыми сообщениями угроз письменность">
  <edu id="e1" lang="en">The introduction of email and text messaging has brought about considerable changes in communication.</edu>
  <edu id="e1" lang="ru" trans="google">Внедрение электронной почты и текстовых сообщений принесла значительные изменения в связи.</edu>
  <edu id="e2" lang="en">With this situation, some people believe that they may be factors decreasing the position of written language.</edu>
  <edu id="e2" lang="ru" trans="google">С этой ситуацией, некоторые люди считают, что они могут быть факторы, понижающие положение письменности.</edu>
  <edu id="e3" lang="en">I am in favor of that idea because of their advantages and the fact we can see today about the use of these new means.</edu>
  <edu id="e3" lang="ru" trans="google">Я в пользу этой идеи из-за их преимущества и тот факт, мы можем видеть сегодня об использовании этих новых средств.</edu>
  <edu id="e4" lang="en">First of all, it is easy to point out many benefits users can get from email and text messaging, which answers to the question of their great popularity.</edu>
  <edu id="e4" lang="ru" trans="google">Прежде всего, это легко указать много преимуществ, пользователи могут получить от электронной почты и текстовых сообщений, который отвечает на вопрос об их большой популярности.</edu>
  <edu id="e5" lang="en">Before email and mobile phone, human beings communicated by meeting directly, sending letters or later, calling from home phones.</edu>
  <edu id="e5" lang="ru" trans="google">Перед электронной почты и мобильного телефон, люди сообщенных встреч непосредственно, отправляя письма или позже, звонок из домашних телефонов.</edu>
  <edu id="e6" lang="en">Such ways usually made people have troubles for the expensiveness, difficulties in far communication or emergency and the loss of information.</edu>
  <edu id="e6" lang="ru" trans="google">Такие способы, как правило, из людей есть проблемы для дороговизны, трудности в дальней связи или чрезвычайной ситуации и потере информации.</edu>
  <edu id="e7" lang="en">However, email and cell phones have improved the obstacles above.</edu>
  <edu id="e7" lang="ru" trans="google">Тем не менее, электронная почта и мобильные телефоны улучшили препятствия выше.</edu>
  <edu id="e8" lang="en">People can send or receive electronic letters anywhere and anytime they want.</edu>
  <edu id="e8" lang="ru" trans="google">Люди могут отправлять и получать электронные письма, в любом месте и в любое время они хотят.</edu>
  <edu id="e9" lang="en">Especially, thanks to the function provided by email and text messaging ( SMS ), it is cheaper and faster to transfer a lot of information, even to many people at the same time.</edu>
  <edu id="e9" lang="ru" trans="google">В частности, благодаря функции по электронной почте и текстовых сообщений (SMS), это дешевле и быстрее, чтобы передать много информации, даже для многих людей, в то же время.</edu>
  <edu id="e10" lang="en">They are so convenient that the majority of population prefer to use them instead of some traditional ways.</edu>
  <edu id="e10" lang="ru" trans="google">Они настолько удобны, что большинство населения предпочитают использовать их вместо некоторых традиционных способов.</edu>
  <edu id="e11" lang="en">The popularity of email and text messaging, as a result, leads to the losing of written language's position.</edu>
  <edu id="e11" lang="ru" trans="google">Популярность электронной почты и текстовыми сообщения, в результате, приводит к проигрышу позиции письменного языка.</edu>
  <edu id="e12" lang="en">People tend to use slangs and abbreviated words to shorten their writing and save more time in communicating for other activities.</edu>
  <edu id="e12" lang="ru" trans="google">Люди, как правило, используют сленги и сокращенные слова, чтобы сократить их написания и сохранить больше времени в общении для других видов деятельности.</edu>
  <edu id="e13" lang="en">The outcome is that language in writing is not in its original form.</edu>
  <edu id="e13" lang="ru" trans="google">Результатом является то, что язык в письменной форме не в своем первоначальном виде.</edu>
  <edu id="e14" lang="en">Even in some cases, people compose a message with only emoticons ( the expressions by face created by service providers ), which means there is no room for writing or typing texts.</edu>
  <edu id="e14" lang="ru" trans="google">Даже в некоторых случаях слагают сообщение только с смайликами (выражения лица от созданных поставщиков услуг), что означает, что нет места для письма или печатания текстов.</edu>
  <edu id="e15" lang="en">Moreover, it is more dangerous that youngsters sometimes use such new languages in their studying, writing assignments.</edu>
  <edu id="e15" lang="ru" trans="google">Кроме того, это более опасно, что дети иногда используют такие новые языки в их изучении, написание заданий.</edu>
  <edu id="e16" lang="en">If that tendency continues at a rapid pace, written language may face up to a real problem about its stand.</edu>
  <edu id="e16" lang="ru" trans="google">Если эта тенденция продолжается быстрыми темпами, письменность может столкнуться с реальной проблемой о своей позиции.</edu>
  <edu id="e17" lang="en">In conclusion, we cannot deny the threat from email and text messaging to the status of written language because their obvious popularity.</edu>
  <edu id="e17" lang="ru" trans="google">В заключение, мы не можем отрицать угрозы от электронной почты и текстовых сообщений на статус письменного языка, потому что их очевидной популярности.</edu>
  <edu id="e18" lang="en">Nevertheless, educators and individuals themselves, especially the youths should pay ore attention to this matter so that we can take advantages of the new language along with preserving the traditional one.</edu>
  <edu id="e18" lang="ru" trans="google">Тем не менее, преподаватели и люди, сами, особенно молодые люди должны обратить внимание на рудное этот вопрос, так что мы можем воспользоваться преимуществами нового языка наряду с сохранением традиционного.</edu>
  <adu id="a1" type="neut"/>
  <adu id="a2" type="mcl"/>
  <adu id="a3" type="neut"/>
  <adu id="a4" type="pro"/>
  <adu id="a5" type="pro"/>
  <adu id="a6" type="pro"/>
  <adu id="a7" type="pro"/>
  <adu id="a8" type="pro"/>
  <adu id="a9" type="pro"/>
  <adu id="a10" type="pro"/>
  <adu id="a11" type="pro"/>
  <adu id="a12" type="pro"/>
  <adu id="a13" type="pro"/>
  <adu id="a14" type="pro"/>
  <adu id="a15" type="pro"/>
  <adu id="a16" type="pro"/>
  <adu id="a17" type="mcl"/>
  <adu id="a18" type="neut"/>
  <edge id="c16" src="e1" trg="a1" type="seg"/>
  <edge id="c17" src="e2" trg="a2" type="seg"/>
  <edge id="c18" src="e3" trg="a3" type="seg"/>
  <edge id="c19" src="e4" trg="a4" type="seg"/>
  <edge id="c20" src="e5" trg="a5" type="seg"/>
  <edge id="c21" src="e6" trg="a6" type="seg"/>
  <edge id="c22" src="e7" trg="a7" type="seg"/>
  <edge id="c23" src="e8" trg="a8" type="seg"/>
  <edge id="c24" src="e9" trg="a9" type="seg"/>
  <edge id="c25" src="e10" trg="a10" type="seg"/>
  <edge id="c26" src="e11" trg="a11" type="seg"/>
  <edge id="c27" src="e12" trg="a12" type="seg"/>
  <edge id="c28" src="e13" trg="a13" type="seg"/>
  <edge id="c29" src="e14" trg="a14" type="seg"/>
  <edge id="c30" src="e15" trg="a15" type="seg"/>
  <edge id="c31" src="e16" trg="a16" type="seg"/>
  <edge id="c32" src="e17" trg="a17" type="seg"/>
  <edge id="c33" src="e18" trg="a18" type="seg"/>
  <edge id="c1" src="a4" trg="a2" type="sup"/>
  <edge id="c2" src="a4" trg="a17" type="sup"/>
  <edge id="c3" src="a5" trg="a4" type="sup"/>
  <edge id="c4" src="a6" trg="a4" type="sup"/>
  <edge id="c5" src="a7" trg="a4" type="sup"/>
  <edge id="c6" src="a8" trg="a4" type="sup"/>
  <edge id="c7" src="a9" trg="a4" type="sup"/>
  <edge id="c8" src="a10" trg="a4" type="sup"/>
  <edge id="c9" src="a11" trg="a2" type="sup"/>
  <edge id="c10" src="a11" trg="a17" type="sup"/>
  <edge id="c11" src="a12" trg="a13" type="sup"/>
  <edge id="c12" src="a13" trg="a11" type="sup"/>
  <edge id="c13" src="a14" trg="a13" type="sup"/>
  <edge id="c14" src="a15" trg="a11" type="sup"/>
  <edge id="c15" src="a16" trg="a11" type="sup"/>
</arggraph>
