<?xml version='1.0' encoding='UTF-8'?>
<arggraph id="micro_e261" stance="pro" topic_id="Improve roads or public transports" topic_ru="Улучшение дорог или общественный транспорт">
  <edu id="e1" lang="en">Many people think that governments should spend money on improving roads and highways while the others say that it would be better to spend money on public transportation.</edu>
  <edu id="e1" lang="ru" trans="google">Многие люди считают, что правительства должны тратить деньги на улучшение дорог и автомобильных дорогах в то время как другие говорят, что было бы лучше потратить деньги на общественном транспорте.</edu>
  <edu id="e2" lang="en">In my opinion, governments should certainly spend money on the public transportation system.</edu>
  <edu id="e2" lang="ru" trans="google">По моему мнению, правительства должны, конечно, тратить деньги на системы общественного транспорта.</edu>
  <edu id="e3" lang="en">Because it would deal with problems that the rising number of private cars is creating.</edu>
  <edu id="e3" lang="ru" trans="google">Потому что он будет иметь дело с проблемами, что рост числа частных автомобилей, создающие.</edu>
  <edu id="e4" lang="en">First, the using of public transportation reduces the amount of resources using on transportation.</edu>
  <edu id="e4" lang="ru" trans="google">Во-первых, использование общественного транспорта уменьшает количество ресурсов с использованием на транспорте.</edu>
  <edu id="e5" lang="en">Cars depend on gasoline, which is a non-renewable resource.</edu>
  <edu id="e5" lang="ru" trans="google">Автомобили зависят от бензина, который не является возобновляемым ресурсом.</edu>
  <edu id="e6" lang="en">Therefore, the more cars we use means that the faster gasoline in this world is used up.</edu>
  <edu id="e6" lang="ru" trans="google">Поэтому, чем больше автомобилей мы используем средства, тем быстрее бензин в этом мире израсходованный.</edu>
  <edu id="e7" lang="en">In the contrary, if the public transportation is efficiently used, the amount of gasoline consuming per person will be much lower.</edu>
  <edu id="e7" lang="ru" trans="google">В противном случае, если общественный транспорт используется эффективно, количество бензина, потребляющего на человека будет гораздо ниже.</edu>
  <edu id="e8" lang="en">And this definitely helps to reserve our invaluable natural resource, gasoline.</edu>
  <edu id="e8" lang="ru" trans="google">И это, безусловно, помогает зарезервировать наш бесценный природный ресурс, бензин.</edu>
  <edu id="e9" lang="en">Second, public transportation helps to solve the air pollution problems.</edu>
  <edu id="e9" lang="ru" trans="google">Во-вторых, общественный транспорт помогает решать проблемы загрязнения воздуха.</edu>
  <edu id="e10" lang="en">Averagely, public transports use much less gasoline to carry people than private cars.</edu>
  <edu id="e10" lang="ru" trans="google">В среднем, общественный транспорт использует гораздо меньше бензин для перевозки людей, чем частные автомобили.</edu>
  <edu id="e11" lang="en">It means that by using public transports, the less gas exhaust is pumped to the air and people will no longer have to bear the stuffy situation on the roads, which is always full of fumes.</edu>
  <edu id="e11" lang="ru" trans="google">Это означает, что при использовании общественного транспорта, тем меньше выхлопные газов перекачиваются в воздух, и людям больше не придется нести заложенные ситуации на дорогах, который всегда полон дыма.</edu>
  <edu id="e12" lang="en">Last but not least, using public transportation is much safer than private transportation.</edu>
  <edu id="e12" lang="ru" trans="google">И последнее, но не в последнюю очередь, используя общественный транспорт намного безопаснее, чем личный транспорт.</edu>
  <edu id="e13" lang="en">According to National Safety Council, riding the bus is over 170 times safer than private care.</edu>
  <edu id="e13" lang="ru" trans="google">По данным Национального совета по безопасности, езда на автобусе составляет более 170 раз безопаснее, чем частные заботы.</edu>
  <edu id="e14" lang="en">Thus there is no reason that governments should hesitate to invest in public transportation, a healthy, safe and economical way of transporting.</edu>
  <edu id="e14" lang="ru" trans="google">Таким образом, нет никаких оснований, что правительства должны стесняться инвестировать в общественном транспорте, здоровым, безопасным и экономичным способом транспортировки.</edu>
  <edu id="e15" lang="en">In short, I can say for certain that spending money on improving public transportation is necessary.</edu>
  <edu id="e15" lang="ru" trans="google">Короче говоря, я могу с уверенностью сказать, что тратить деньги на улучшение системы общественного транспорта необходимо.</edu>
  <edu id="e16" lang="en">Because it is the key to protect our world, creating a healthy and safe environment for people to live in.</edu>
  <edu id="e16" lang="ru" trans="google">Потому что это ключ, чтобы защитить наш мир, создавая здоровую и безопасную окружающую среду для людей, чтобы жить.</edu>
  <adu id="a1" type="neut"/>
  <adu id="a2" type="mcl"/>
  <adu id="a3" type="pro"/>
  <adu id="a4" type="pro"/>
  <adu id="a5" type="pro"/>
  <adu id="a6" type="pro"/>
  <adu id="a7" type="pro"/>
  <adu id="a8" type="pro"/>
  <adu id="a9" type="pro"/>
  <adu id="a10" type="pro"/>
  <adu id="a11" type="pro"/>
  <adu id="a12" type="pro"/>
  <adu id="a13" type="pro"/>
  <adu id="a14" type="pro"/>
  <adu id="a15" type="mcl"/>
  <adu id="a16" type="pro"/>
  <edge id="c19" src="e1" trg="a1" type="seg"/>
  <edge id="c20" src="e2" trg="a2" type="seg"/>
  <edge id="c21" src="e3" trg="a3" type="seg"/>
  <edge id="c22" src="e4" trg="a4" type="seg"/>
  <edge id="c23" src="e5" trg="a5" type="seg"/>
  <edge id="c24" src="e6" trg="a6" type="seg"/>
  <edge id="c25" src="e7" trg="a7" type="seg"/>
  <edge id="c26" src="e8" trg="a8" type="seg"/>
  <edge id="c27" src="e9" trg="a9" type="seg"/>
  <edge id="c28" src="e10" trg="a10" type="seg"/>
  <edge id="c29" src="e11" trg="a11" type="seg"/>
  <edge id="c30" src="e12" trg="a12" type="seg"/>
  <edge id="c31" src="e13" trg="a13" type="seg"/>
  <edge id="c32" src="e14" trg="a14" type="seg"/>
  <edge id="c33" src="e15" trg="a15" type="seg"/>
  <edge id="c34" src="e16" trg="a16" type="seg"/>
  <edge id="c1" src="a3" trg="a2" type="sup"/>
  <edge id="c2" src="a3" trg="a15" type="sup"/>
  <edge id="c3" src="a4" trg="a2" type="sup"/>
  <edge id="c4" src="a4" trg="a15" type="sup"/>
  <edge id="c5" src="a5" trg="a6" type="sup"/>
  <edge id="c6" src="a6" trg="a4" type="sup"/>
  <edge id="c7" src="a7" trg="a4" type="sup"/>
  <edge id="c8" src="a8" trg="a4" type="sup"/>
  <edge id="c9" src="a9" trg="a2" type="sup"/>
  <edge id="c10" src="a9" trg="a15" type="sup"/>
  <edge id="c11" src="a10" trg="a9" type="sup"/>
  <edge id="c12" src="a11" trg="a9" type="sup"/>
  <edge id="c13" src="a12" trg="a14" type="sup"/>
  <edge id="c14" src="a13" trg="a14" type="sup"/>
  <edge id="c15" src="a14" trg="a2" type="sup"/>
  <edge id="c16" src="a14" trg="a15" type="sup"/>
  <edge id="c17" src="a16" trg="a2" type="sup"/>
  <edge id="c18" src="a16" trg="a15" type="sup"/>
</arggraph>
