<?xml version='1.0' encoding='UTF-8'?>
<arggraph id="micro_e43" stance="pro" topic_id="Should government control media crime" topic_ru="Должен контролировать правительство СМИ преступления">
  <edu id="e1" lang="en">The soaring crime rate has led to the proposal that it is time for the government to take action to control the proliferation of violent scenes in media.</edu>
  <edu id="e1" lang="ru" trans="google">Резкий рост уровня преступности привел к предположению, что настало время для правительства, чтобы принять меры по контролю за распространение насильственных сцен в средствах массовой информации.</edu>
  <edu id="e2" lang="en">Obviously, violence in the media is often portrayed as extreme as possible in order to attract audiences.</edu>
  <edu id="e2" lang="ru" trans="google">Очевидно, что насилие в средствах массовой информации часто изображаются как крайняя, как это возможно, чтобы привлечь аудиторию.</edu>
  <edu id="e3" lang="en">This will definitely set a bad example for the immature audiences who, lacking correct parental guidance and abilities to differentiate the right from wrong, are prone to go astray by imitating the violent behaviors and committing real violent crimes.</edu>
  <edu id="e3" lang="ru" trans="google">Это, безусловно, плохой пример для незрелых аудитории, которые, не имеющих правильного родительского руководства и способности отличать правильное от неправильного, склонны сбиваться с пути, имитируя насильственного поведения и совершения реальных насильственных преступлений.</edu>
  <edu id="e4" lang="en">As they regard the violence as reasonable and justifiable.</edu>
  <edu id="e4" lang="ru" trans="google">Как они считают насилие как разумными и оправданными.</edu>
  <edu id="e5" lang="en">On the other hand, media, such as TV or film, is considered as the correct information source regulated by the government.</edu>
  <edu id="e5" lang="ru" trans="google">С другой стороны, средства массовой информации, такие как телевидение или кино, считаются правильным источником информации регулируется государством.</edu>
  <edu id="e6" lang="en">It should be reporting and reflecting true phenomenon in the society.</edu>
  <edu id="e6" lang="ru" trans="google">Она должна быть отчетность и отражает истинное явление в обществе.</edu>
  <edu id="e7" lang="en">Violence, as one of the facts in the real world, certainly has to be reported.</edu>
  <edu id="e7" lang="ru" trans="google">Насилие, как один из фактов в реальном мире, безусловно, должно быть сообщено.</edu>
  <edu id="e8" lang="en">However, excessive violence would offer misleading information to the public and exert detrimental influence to the society as well.</edu>
  <edu id="e8" lang="ru" trans="google">Однако чрезмерное насилие будет предлагать ввести в заблуждение общественности информацию и оказывают пагубное влияние на общество.</edu>
  <edu id="e9" lang="en">It is recently reported in the news that a seventeen-year-old boy killed all his family members, one sister and two parents out of hatred and jealousy.</edu>
  <edu id="e9" lang="ru" trans="google">Он недавно сообщали в новостях о том, что семнадцать-летний мальчик убил всех членов своей семьи, одна сестра и двух родителей из ненависти и зависти.</edu>
  <edu id="e10" lang="en">In the real world, we are inclined to take extreme approach to tackle a small problem due to excessive violence exposure.</edu>
  <edu id="e10" lang="ru" trans="google">В реальном мире, мы склонны принимать крайний подход к решению небольшой проблемы из-за чрезмерное воздействие насилия.</edu>
  <edu id="e11" lang="en">We cannot deny that our society is occupied with the violent scenes and plots at present.</edu>
  <edu id="e11" lang="ru" trans="google">Мы не можем отрицать, что наше общество занимаются насильственными сценами и сюжетами в настоящее время.</edu>
  <edu id="e12" lang="en">What the government should do immediately is to strengthen censorship to control the amount of violence in media.</edu>
  <edu id="e12" lang="ru" trans="google">То, что правительство должно сделать немедленно, чтобы усилить цензуру контролировать количество насилия в средствах массовой информации.</edu>
  <edu id="e13" lang="en">Otherwise, the violent crime rate will rise continuously and out of control someday.</edu>
  <edu id="e13" lang="ru" trans="google">В противном случае, уровень преступности будет расти постоянно и из-под контроля, когда-нибудь.</edu>
  <adu id="a1" type="mcl"/>
  <adu id="a2" type="neut"/>
  <adu id="a3" type="pro"/>
  <adu id="a4" type="pro"/>
  <adu id="a5" type="opp"/>
  <adu id="a6" type="opp"/>
  <adu id="a7" type="opp"/>
  <adu id="a8" type="pro"/>
  <adu id="a9" type="pro"/>
  <adu id="a10" type="pro"/>
  <adu id="a11" type="pro"/>
  <adu id="a12" type="mcl"/>
  <adu id="a13" type="neut"/>
  <edge id="c13" src="e1" trg="a1" type="seg"/>
  <edge id="c14" src="e2" trg="a2" type="seg"/>
  <edge id="c15" src="e3" trg="a3" type="seg"/>
  <edge id="c16" src="e4" trg="a4" type="seg"/>
  <edge id="c17" src="e5" trg="a5" type="seg"/>
  <edge id="c18" src="e6" trg="a6" type="seg"/>
  <edge id="c19" src="e7" trg="a7" type="seg"/>
  <edge id="c20" src="e8" trg="a8" type="seg"/>
  <edge id="c21" src="e9" trg="a9" type="seg"/>
  <edge id="c22" src="e10" trg="a10" type="seg"/>
  <edge id="c23" src="e11" trg="a11" type="seg"/>
  <edge id="c24" src="e12" trg="a12" type="seg"/>
  <edge id="c25" src="e13" trg="a13" type="seg"/>
  <edge id="c1" src="a3" trg="a1" type="sup"/>
  <edge id="c2" src="a3" trg="a12" type="sup"/>
  <edge id="c3" src="a4" trg="a3" type="sup"/>
  <edge id="c4" src="a5" trg="a7" type="sup"/>
  <edge id="c5" src="a6" trg="a7" type="sup"/>
  <edge id="c6" src="a7" trg="a8" type="reb"/>
  <edge id="c7" src="a8" trg="a1" type="sup"/>
  <edge id="c8" src="a8" trg="a12" type="sup"/>
  <edge id="c9" src="a9" trg="a8" type="sup"/>
  <edge id="c10" src="a10" trg="a8" type="sup"/>
  <edge id="c11" src="a11" trg="a1" type="sup"/>
  <edge id="c12" src="a11" trg="a12" type="sup"/>
</arggraph>
