<?xml version='1.0' encoding='UTF-8'?>
<arggraph id="micro_e46" stance="pro" topic_id="Zoos should be banned" topic_ru="Зоопарки должны быть запрещены">
  <edu id="e1" lang="en">Children tend to visit zoos where various kinds of wild creatures could be seen.</edu>
  <edu id="e1" lang="ru" trans="google">Дети, как правило посещать зоопарки, где могли быть видны различные виды диких существ.</edu>
  <edu id="e2" lang="en">When it comes to whether zoos should exist on contemporary society, animal-right activists strongly recommended that wildlife belong to natural environment and zoos should be banned.</edu>
  <edu id="e2" lang="ru" trans="google">Когда речь идет о том, следует ли существовать зоопарки на современном обществе, животных-активисты настоятельно рекомендуется диких животных относятся к природной среде и зоопарки должны быть запрещены.</edu>
  <edu id="e3" lang="en">I would not go along with their viewpoint as zoos have irreplaceable benefits in terms of animal preservation and children education.</edu>
  <edu id="e3" lang="ru" trans="google">Я бы не пошел вместе с их точки зрения, как зоопарки имеют незаменимые преимущества с точки зрения сохранения животных и образования детей.</edu>
  <edu id="e4" lang="en">There is no denying that our environment is damaged day by day due to the fact that excessive pursuit of economic development at expense of eco-system, which pose a great threat to the survival of wild animals.</edu>
  <edu id="e4" lang="ru" trans="google">Там нет никаких сомнений в том, что наша окружающая среда поврежденная изо дня в день из-за того, что чрезмерное стремление к экономическому развитию за счет эко-системы, которые представляют собой большую угрозу для выживания диких животных.</edu>
  <edu id="e5" lang="en">In contrast, zoo is a good alternative choice for protecting animals.</edu>
  <edu id="e5" lang="ru" trans="google">В отличие от этого, зоопарк является хорошей альтернативой выбором для защиты животных.</edu>
  <edu id="e6" lang="en">As various animals could be better protected by specialized staff.</edu>
  <edu id="e6" lang="ru" trans="google">Как различные животные могут быть лучше защищены специализированным персоналом.</edu>
  <edu id="e7" lang="en">Once the animal got sick, professional vet will help them promptly.</edu>
  <edu id="e7" lang="ru" trans="google">После того, как животное у больных, профессиональный ветеринар поможет им в кратчайшие сроки.</edu>
  <edu id="e8" lang="en">Thanks to the considerate care, the diversity of wild animal could be guaranteed.</edu>
  <edu id="e8" lang="ru" trans="google">Благодаря заботе внимательной, разнообразие диких животных может быть гарантировано.</edu>
  <edu id="e9" lang="en">Additionally, zoos afford a platform to education teenagers, helping to establish eco-friendly behavior towards animals.</edu>
  <edu id="e9" lang="ru" trans="google">Кроме того, зоопарки себе платформу для образования подростков, помощь в создании экологически безопасного поведения по отношению к животным.</edu>
  <edu id="e10" lang="en">In the zoos, even though wild animals are caged, they have capability to walk in a limited area.</edu>
  <edu id="e10" lang="ru" trans="google">В зоопарках, хотя дикие животные в клетке, они имеют возможность ходить в ограниченном пространстве.</edu>
  <edu id="e11" lang="en">When children pay a visit to the zoos, they still could observe the eating behavior or leisure activities among animals, which would definitely enrich their knowledge associated with different animals.</edu>
  <edu id="e11" lang="ru" trans="google">Когда дети наведаться в зоопарки, они все же могут наблюдать за пищевое поведение или досуг среди животных, которые, несомненно, обогащают свои знания, связанные с различными животными.</edu>
  <edu id="e12" lang="en">Further, children could acquire the information regarding how to protect wild animals according to guided tour or volunteers.</edu>
  <edu id="e12" lang="ru" trans="google">Далее, дети могли бы получить информацию о том, как защитить диких животных в соответствии с экскурсией или добровольцев.</edu>
  <edu id="e13" lang="en">On the other hand, complained about the drawbacks of zoos are often heard.</edu>
  <edu id="e13" lang="ru" trans="google">С другой стороны, жаловались на недостатки зоопарках часто слышал.</edu>
  <edu id="e14" lang="en">It is true that some zoos are lack of systematic management which attributes to numerous wild animals die because of food shortage.</edu>
  <edu id="e14" lang="ru" trans="google">Это правда, что некоторые зоопарки являются отсутствием систематического управления, которая приписывает многочисленные дикие животные умирают из-за нехватки продовольствия.</edu>
  <edu id="e15" lang="en">Also, being caged in the zoos for long render wildlife lost the ability to survive in nature where is full of cruel competition among various animals.</edu>
  <edu id="e15" lang="ru" trans="google">Кроме того, будучи в клетку в зоопарках долго делают дикая природа потеряла способность к выживанию в природе, где полно жестокой конкуренция среди различных животных.</edu>
  <edu id="e16" lang="en">In order to protect animals, from my perspective, zoos offer a good man-made environment which could prolong the life span of wild animals and cultivate the notion of protecting animals.</edu>
  <edu id="e16" lang="ru" trans="google">Для того, чтобы защитить животное, с моей точки зрения, зоопарки предлагают хорошую рукотворную среду, которая может продлить срок службы диких животных и культивировать понятие защиты животных.</edu>
  <edu id="e17" lang="en">What the zoos should do is improvement of the management system and use the income wisely in preserving wild animals better.</edu>
  <edu id="e17" lang="ru" trans="google">То, что зоопарки должны сделать, это совершенствование системы управления и использование доходов разумно в сохранении диких животных лучше.</edu>
  <adu id="a1" type="neut"/>
  <adu id="a2" type="neut"/>
  <adu id="a3" type="mcl"/>
  <adu id="a4" type="pro"/>
  <adu id="a5" type="pro"/>
  <adu id="a6" type="pro"/>
  <adu id="a7" type="pro"/>
  <adu id="a8" type="pro"/>
  <adu id="a9" type="pro"/>
  <adu id="a10" type="pro"/>
  <adu id="a11" type="pro"/>
  <adu id="a12" type="pro"/>
  <adu id="a13" type="opp"/>
  <adu id="a14" type="opp"/>
  <adu id="a15" type="opp"/>
  <adu id="a16" type="mcl"/>
  <adu id="a17" type="neut"/>
  <edge id="c16" src="e1" trg="a1" type="seg"/>
  <edge id="c17" src="e2" trg="a2" type="seg"/>
  <edge id="c18" src="e3" trg="a3" type="seg"/>
  <edge id="c19" src="e4" trg="a4" type="seg"/>
  <edge id="c20" src="e5" trg="a5" type="seg"/>
  <edge id="c21" src="e6" trg="a6" type="seg"/>
  <edge id="c22" src="e7" trg="a7" type="seg"/>
  <edge id="c23" src="e8" trg="a8" type="seg"/>
  <edge id="c24" src="e9" trg="a9" type="seg"/>
  <edge id="c25" src="e10" trg="a10" type="seg"/>
  <edge id="c26" src="e11" trg="a11" type="seg"/>
  <edge id="c27" src="e12" trg="a12" type="seg"/>
  <edge id="c28" src="e13" trg="a13" type="seg"/>
  <edge id="c29" src="e14" trg="a14" type="seg"/>
  <edge id="c30" src="e15" trg="a15" type="seg"/>
  <edge id="c31" src="e16" trg="a16" type="seg"/>
  <edge id="c32" src="e17" trg="a17" type="seg"/>
  <edge id="c1" src="a4" trg="a5" type="sup"/>
  <edge id="c2" src="a5" trg="a3" type="sup"/>
  <edge id="c3" src="a5" trg="a16" type="sup"/>
  <edge id="c4" src="a6" trg="a5" type="sup"/>
  <edge id="c5" src="a7" trg="a5" type="sup"/>
  <edge id="c6" src="a8" trg="a5" type="sup"/>
  <edge id="c7" src="a9" trg="a3" type="sup"/>
  <edge id="c8" src="a9" trg="a16" type="sup"/>
  <edge id="c9" src="a10" trg="a11" type="sup"/>
  <edge id="c10" src="a11" trg="a9" type="sup"/>
  <edge id="c11" src="a12" trg="a9" type="sup"/>
  <edge id="c12" src="a13" trg="a3" type="reb"/>
  <edge id="c13" src="a13" trg="a16" type="reb"/>
  <edge id="c14" src="a14" trg="a13" type="sup"/>
  <edge id="c15" src="a15" trg="a13" type="sup"/>
</arggraph>
