<?xml version='1.0' encoding='UTF-8'?>
<arggraph id="micro_e26" stance="pro" topic_id="People benefit more from coming computers into their lives" topic_ru="Люди больше пользы от прихода компьютеров в их жизни">
  <edu id="e1" lang="en">Computers have revolutionized our lifestyle during last century.</edu>
  <edu id="e1" lang="ru" trans="google">Компьютеры революцию наш образ жизни в течение прошлого века.</edu>
  <edu id="e2" lang="en">However, some people especially young ones use computers extremely and this excessive usage lead to increase stress among them, but computers have brought many advantages to our lives.</edu>
  <edu id="e2" lang="ru" trans="google">Тем не менее, некоторые люди, особенно молодые, используют компьютеры чрезвычайно, и это чрезмерное использование приведет к увеличению стресса среди них, но компьютеры принесли много преимуществ нашей жизни.</edu>
  <edu id="e3" lang="en">From my point of view, computers have an important and inevitable role in economic, business, and other part of societies.</edu>
  <edu id="e3" lang="ru" trans="google">С моей точки зрения, компьютеры играют важную и неизбежную роль в экономическом, бизнесе, а также другую часть общества.</edu>
  <edu id="e4" lang="en">In addition, they make the way of living easier by doing our routine duties.</edu>
  <edu id="e4" lang="ru" trans="google">Кроме того, они делают образ жизни легче, делая наши повседневные обязанности.</edu>
  <edu id="e5" lang="en">Admittedly, by using computers in many industries human's role has been reduced.</edu>
  <edu id="e5" lang="ru" trans="google">Следует признать, что с помощью компьютеров во многих отраслях роль Человеческой была уменьшена.</edu>
  <edu id="e6" lang="en">Nowadays, computer can control and perform some routine activities in industries, which were early done by human.</edu>
  <edu id="e6" lang="ru" trans="google">В настоящее время, компьютер может контролировать и выполнять некоторые рутинные виды деятельности в отраслях, которые рано сделали человеком.</edu>
  <edu id="e7" lang="en">Many industries use computers to command to robots in order to do many regular tasks, which were carried out by human early.</edu>
  <edu id="e7" lang="ru" trans="google">Многие отрасли промышленности используют компьютеры для команды роботов, чтобы сделать много постоянных задач, которые проводились человеком рано.</edu>
  <edu id="e8" lang="en">For example, many processes of production of cars are carrying out by robots, which are controlled by computers.</edu>
  <edu id="e8" lang="ru" trans="google">Например, многие процессы производства автомобилей осуществляют с помощью роботов, которые управляются с помощью компьютеров.</edu>
  <edu id="e9" lang="en">In addition, car companies use computers to simulate and analyze car accident by computers.</edu>
  <edu id="e9" lang="ru" trans="google">Кроме того, автомобильные компании используют компьютеры для моделирования и анализа автомобильной аварии на компьютерах.</edu>
  <edu id="e10" lang="en">Despite many advantages, by coming computers many jobs has been vanished.</edu>
  <edu id="e10" lang="ru" trans="google">Несмотря на многие преимущества, приходя компьютеры много рабочих мест было исчезли.</edu>
  <edu id="e11" lang="en">A large number of industries fire many forces because of doing their works by new technologies and computers.</edu>
  <edu id="e11" lang="ru" trans="google">Большое количество отраслей срабатывало много сил из-за делать свои работы новых технологий и компьютерами.</edu>
  <edu id="e12" lang="en">Computers have an important role in social and personal life.</edu>
  <edu id="e12" lang="ru" trans="google">Компьютеры играют важную роль в общественной и личной жизни.</edu>
  <edu id="e13" lang="en">Computers have opened up a network connection among people.</edu>
  <edu id="e13" lang="ru" trans="google">Компьютеры открыли сетевое соединение между людьми.</edu>
  <edu id="e14" lang="en">This technology makes easier for people to send and receive personal message.</edu>
  <edu id="e14" lang="ru" trans="google">Эта технология делает проще для людей, чтобы отправлять и получать личные сообщения.</edu>
  <edu id="e15" lang="en">Teenagers and adolescents spend free time in front of computers.</edu>
  <edu id="e15" lang="ru" trans="google">Подростки и подростки проводят свободное время перед компьютерами.</edu>
  <edu id="e16" lang="en">Moreover, People can use computers to extract their essential information easily.</edu>
  <edu id="e16" lang="ru" trans="google">Кроме того, люди могут использовать компьютеры легко извлечь их важную информацию.</edu>
  <edu id="e17" lang="en">By contrast, excessive use of computers has brought many difficulties.</edu>
  <edu id="e17" lang="ru" trans="google">Напротив, чрезмерное использование компьютеров принесло много трудностей.</edu>
  <edu id="e18" lang="en">The results show that teenagers who are addicted to computer games show more violent and stressful behaviors.</edu>
  <edu id="e18" lang="ru" trans="google">Результаты показывают, что подростки, которые увлекаются компьютерными играми показывают более жестокие и стрессовые поведения.</edu>
  <edu id="e19" lang="en">People who have type by computers may suffer from such disease related to knees.</edu>
  <edu id="e19" lang="ru" trans="google">Люди, которые имеют вид на компьютерах могут страдать от таких болезней, связанных с коленями.</edu>
  <edu id="e20" lang="en">By considering all reasons, advantages of computers outweigh disadvantages.</edu>
  <edu id="e20" lang="ru" trans="google">Рассматривая все причины, преимущество компьютеров перевешивают недостатки.</edu>
  <edu id="e21" lang="en">People benefit more from coming computers into their lives.</edu>
  <edu id="e21" lang="ru" trans="google">Люди больше пользы от прихода компьютеров в их жизни.</edu>
  <edu id="e22" lang="en">In addition, computers can do most difficult tasks which leads to make life easier.</edu>
  <edu id="e22" lang="ru" trans="google">Кроме того, компьютеры могут сделать самые сложные задачи, которые ведут, чтобы сделать жизнь проще.</edu>
  <adu id="a1" type="neut"/>
  <adu id="a2" type="neut"/>
  <adu id="a3" type="mcl"/>
  <adu id="a4" type="pro"/>
  <adu id="a5" type="opp"/>
  <adu id="a6" type="opp"/>
  <adu id="a7" type="opp"/>
  <adu id="a8" type="opp"/>
  <adu id="a9" type="opp"/>
  <adu id="a10" type="opp"/>
  <adu id="a11" type="opp"/>
  <adu id="a12" type="pro"/>
  <adu id="a13" type="pro"/>
  <adu id="a14" type="pro"/>
  <adu id="a15" type="pro"/>
  <adu id="a16" type="pro"/>
  <adu id="a17" type="opp"/>
  <adu id="a18" type="opp"/>
  <adu id="a19" type="opp"/>
  <adu id="a20" type="mcl"/>
  <adu id="a21" type="pro"/>
  <adu id="a22" type="pro"/>
  <edge id="c24" src="e1" trg="a1" type="seg"/>
  <edge id="c25" src="e2" trg="a2" type="seg"/>
  <edge id="c26" src="e3" trg="a3" type="seg"/>
  <edge id="c27" src="e4" trg="a4" type="seg"/>
  <edge id="c28" src="e5" trg="a5" type="seg"/>
  <edge id="c29" src="e6" trg="a6" type="seg"/>
  <edge id="c30" src="e7" trg="a7" type="seg"/>
  <edge id="c31" src="e8" trg="a8" type="seg"/>
  <edge id="c32" src="e9" trg="a9" type="seg"/>
  <edge id="c33" src="e10" trg="a10" type="seg"/>
  <edge id="c34" src="e11" trg="a11" type="seg"/>
  <edge id="c35" src="e12" trg="a12" type="seg"/>
  <edge id="c36" src="e13" trg="a13" type="seg"/>
  <edge id="c37" src="e14" trg="a14" type="seg"/>
  <edge id="c38" src="e15" trg="a15" type="seg"/>
  <edge id="c39" src="e16" trg="a16" type="seg"/>
  <edge id="c40" src="e17" trg="a17" type="seg"/>
  <edge id="c41" src="e18" trg="a18" type="seg"/>
  <edge id="c42" src="e19" trg="a19" type="seg"/>
  <edge id="c43" src="e20" trg="a20" type="seg"/>
  <edge id="c44" src="e21" trg="a21" type="seg"/>
  <edge id="c45" src="e22" trg="a22" type="seg"/>
  <edge id="c1" src="a4" trg="a3" type="sup"/>
  <edge id="c2" src="a4" trg="a20" type="sup"/>
  <edge id="c3" src="a5" trg="a11" type="sup"/>
  <edge id="c4" src="a6" trg="a11" type="sup"/>
  <edge id="c5" src="a7" trg="a11" type="sup"/>
  <edge id="c6" src="a8" trg="a7" type="exa"/>
  <edge id="c7" src="a9" trg="a7" type="sup"/>
  <edge id="c8" src="a10" trg="a11" type="sup"/>
  <edge id="c9" src="a11" trg="a3" type="reb"/>
  <edge id="c10" src="a11" trg="a20" type="reb"/>
  <edge id="c11" src="a12" trg="a3" type="sup"/>
  <edge id="c12" src="a12" trg="a20" type="sup"/>
  <edge id="c13" src="a13" trg="a12" type="sup"/>
  <edge id="c14" src="a14" trg="a12" type="sup"/>
  <edge id="c15" src="a15" trg="a12" type="sup"/>
  <edge id="c16" src="a16" trg="a12" type="sup"/>
  <edge id="c17" src="a17" trg="a3" type="reb"/>
  <edge id="c18" src="a17" trg="a20" type="reb"/>
  <edge id="c19" src="a18" trg="a17" type="sup"/>
  <edge id="c20" src="a19" trg="a17" type="sup"/>
  <edge id="c21" src="a21" trg="a3" type="sup"/>
  <edge id="c22" src="a21" trg="a20" type="sup"/>
  <edge id="c23" src="a22" trg="a21" type="sup"/>
</arggraph>
