<?xml version='1.0' encoding='UTF-8'?>
<arggraph id="micro_e338" stance="pro" topic_id="Our useful friends" topic_ru="Наши полезные друзья">
  <edu id="e1" lang="en">Pets have always been essential in our society.</edu>
  <edu id="e1" lang="ru" trans="google">Домашние животные всегда были необходимы в нашем обществе.</edu>
  <edu id="e2" lang="en">Cats and dogs are the most common pets but there are birds, tortoises and fishes as well.</edu>
  <edu id="e2" lang="ru" trans="google">Кошки и собаки являются наиболее распространенными домашними животными, но есть птица, черепахи и рыбы, а также.</edu>
  <edu id="e3" lang="en">Some people think that pets should be treated like family members.</edu>
  <edu id="e3" lang="ru" trans="google">Некоторые люди думают, что домашние животные должны рассматриваться как члены семьи.</edu>
  <edu id="e4" lang="en">However, others argue that they are just animals and aren't able to think like us.</edu>
  <edu id="e4" lang="ru" trans="google">Тем не менее, другие утверждают, что они просто животные, и не в состоянии думать, как мы.</edu>
  <edu id="e5" lang="en">The issue is controversial but in my opinion, pets should be treated like human beings for different reasons.</edu>
  <edu id="e5" lang="ru" trans="google">Вопрос спорный, но на мой взгляд, домашние животные должны рассматриваться как человеческие существа по разным причинам.</edu>
  <edu id="e6" lang="en">First, pets are our friends as well as certain human beings are.</edu>
  <edu id="e6" lang="ru" trans="google">Во-первых, домашние животные являются нашими друзьями, а также некоторые человеческие существа.</edu>
  <edu id="e7" lang="en">Similarly to friends, indeed, they are always with us and they are there if we feel alone.</edu>
  <edu id="e7" lang="ru" trans="google">Точно так же к друзьям, на самом деле, они всегда с нами, и они там, если мы чувствуем себя одинокими.</edu>
  <edu id="e8" lang="en">We can talk to them.</edu>
  <edu id="e8" lang="ru" trans="google">Мы можем поговорить с ними.</edu>
  <edu id="e9" lang="en">Because they listen to us, more than some people will ever do.</edu>
  <edu id="e9" lang="ru" trans="google">Потому что они слушают нас, больше, чем некоторые люди будут когда-либо делать.</edu>
  <edu id="e10" lang="en">To illustrate this point, I can write about my own experience.</edu>
  <edu id="e10" lang="ru" trans="google">Чтобы проиллюстрировать это, я могу написать о моем собственном опыте.</edu>
  <edu id="e11" lang="en">When I was 14 years old, my uncle passed away and I felt like everything was no longer important.</edu>
  <edu id="e11" lang="ru" trans="google">Когда мне было 14 лет, мой дядя умер, и я чувствовал, как все было уже не важно.</edu>
  <edu id="e12" lang="en">Talking to my friends was frustrating.</edu>
  <edu id="e12" lang="ru" trans="google">Разговаривая с моими друзьями расстраивало.</edu>
  <edu id="e13" lang="en">Because none of them have ever felt that way.</edu>
  <edu id="e13" lang="ru" trans="google">Поскольку ни один из них никогда не чувствовал, что путь.</edu>
  <edu id="e14" lang="en">Since I was all alone at home for a long time.</edu>
  <edu id="e14" lang="ru" trans="google">Так как я был один дома в течение длительного времени.</edu>
  <edu id="e15" lang="en">my dog was near me and it seemed to me that only him could understand my deeply feelings.</edu>
  <edu id="e15" lang="ru" trans="google">моя собака была рядом со мной, и мне казалось, что только он мог понять мои чувства глубоко.</edu>
  <edu id="e16" lang="en">Clearly, although pets aren't able to speak with us.</edu>
  <edu id="e16" lang="ru" trans="google">Очевидно, что хотя домашние животные не в состоянии говорить с нами.</edu>
  <edu id="e17" lang="en">we can nonetheless count on them.</edu>
  <edu id="e17" lang="ru" trans="google">мы можем тем не менее, рассчитывать на них.</edu>
  <edu id="e18" lang="en">Secondly, pets are useful for a variety of things.</edu>
  <edu id="e18" lang="ru" trans="google">Во-вторых, домашние животные полезны для разнообразных вещей.</edu>
  <edu id="e19" lang="en">For example, nowadays the pet therapy is becoming more popular than before.</edu>
  <edu id="e19" lang="ru" trans="google">Например, в настоящее время животное терапия становится все более популярным, чем раньше.</edu>
  <edu id="e20" lang="en">Researchers have discovered that pets can bring benefits in a huge amount of illnesses.</edu>
  <edu id="e20" lang="ru" trans="google">Исследователи обнаружили, что домашние животные могут принести пользу в огромном количестве заболеваний.</edu>
  <edu id="e21" lang="en">There are dogs who lead blind people around the city.</edu>
  <edu id="e21" lang="ru" trans="google">Есть собаки, которые ведут слепых людей по всему городу.</edu>
  <edu id="e22" lang="en">And therefore without them they could not go around all alone.</edu>
  <edu id="e22" lang="ru" trans="google">И поэтому без них они не могли ходить в одиночку.</edu>
  <edu id="e23" lang="en">In addition, pets are important for depressed people as well.</edu>
  <edu id="e23" lang="ru" trans="google">Кроме того, домашние животные очень важны для людей, страдающих депрессией, а также.</edu>
  <edu id="e24" lang="en">Because their presence make them feel better.</edu>
  <edu id="e24" lang="ru" trans="google">Потому что их присутствие чтобы они чувствовали себя лучше.</edu>
  <edu id="e25" lang="en">Moreover, there are dogs who are educated in order to find out criminals or to use their sense of smell to find drugs.</edu>
  <edu id="e25" lang="ru" trans="google">Кроме того, есть собака, которые имеют образование для того, чтобы выяснить, преступник или использовать их чувство обоняния, чтобы найти наркотики.</edu>
  <edu id="e26" lang="en">To sum up, I am strongly convinced that pets deserve to be treated like family members because of all the reasons.</edu>
  <edu id="e26" lang="ru" trans="google">Подводя итог, я твердо убежден, что животные заслуживают того, чтобы рассматриваться как члены семьи из-за все причины.</edu>
  <edu id="e27" lang="en">Mentioned above, namely they are our friends and they can be useful in many situations.</edu>
  <edu id="e27" lang="ru" trans="google">Упомянутый выше, а именно они являются нашими друзьями, и они могут быть полезны во многих ситуациях.</edu>
  <adu id="a1" type="neut"/>
  <adu id="a2" type="neut"/>
  <adu id="a3" type="neut"/>
  <adu id="a4" type="neut"/>
  <adu id="a5" type="mcl"/>
  <adu id="a6" type="pro"/>
  <adu id="a7" type="pro"/>
  <adu id="a8" type="pro"/>
  <adu id="a9" type="pro"/>
  <adu id="a10" type="neut"/>
  <adu id="a11" type="pro"/>
  <adu id="a12" type="pro"/>
  <adu id="a13" type="pro"/>
  <adu id="a14" type="pro"/>
  <adu id="a15" type="pro"/>
  <adu id="a16" type="opp"/>
  <adu id="a17" type="pro"/>
  <adu id="a18" type="pro"/>
  <adu id="a19" type="pro"/>
  <adu id="a20" type="pro"/>
  <adu id="a21" type="pro"/>
  <adu id="a22" type="pro"/>
  <adu id="a23" type="pro"/>
  <adu id="a24" type="pro"/>
  <adu id="a25" type="pro"/>
  <adu id="a26" type="mcl"/>
  <adu id="a27" type="pro"/>
  <edge id="c24" src="e1" trg="a1" type="seg"/>
  <edge id="c25" src="e2" trg="a2" type="seg"/>
  <edge id="c26" src="e3" trg="a3" type="seg"/>
  <edge id="c27" src="e4" trg="a4" type="seg"/>
  <edge id="c28" src="e5" trg="a5" type="seg"/>
  <edge id="c29" src="e6" trg="a6" type="seg"/>
  <edge id="c30" src="e7" trg="a7" type="seg"/>
  <edge id="c31" src="e8" trg="a8" type="seg"/>
  <edge id="c32" src="e9" trg="a9" type="seg"/>
  <edge id="c33" src="e10" trg="a10" type="seg"/>
  <edge id="c34" src="e11" trg="a11" type="seg"/>
  <edge id="c35" src="e12" trg="a12" type="seg"/>
  <edge id="c36" src="e13" trg="a13" type="seg"/>
  <edge id="c37" src="e14" trg="a14" type="seg"/>
  <edge id="c38" src="e15" trg="a15" type="seg"/>
  <edge id="c39" src="e16" trg="a16" type="seg"/>
  <edge id="c40" src="e17" trg="a17" type="seg"/>
  <edge id="c41" src="e18" trg="a18" type="seg"/>
  <edge id="c42" src="e19" trg="a19" type="seg"/>
  <edge id="c43" src="e20" trg="a20" type="seg"/>
  <edge id="c44" src="e21" trg="a21" type="seg"/>
  <edge id="c45" src="e22" trg="a22" type="seg"/>
  <edge id="c46" src="e23" trg="a23" type="seg"/>
  <edge id="c47" src="e24" trg="a24" type="seg"/>
  <edge id="c48" src="e25" trg="a25" type="seg"/>
  <edge id="c49" src="e26" trg="a26" type="seg"/>
  <edge id="c50" src="e27" trg="a27" type="seg"/>
  <edge id="c1" src="a6" trg="a5" type="sup"/>
  <edge id="c2" src="a6" trg="a26" type="sup"/>
  <edge id="c3" src="a7" trg="a6" type="sup"/>
  <edge id="c4" src="a8" trg="a6" type="sup"/>
  <edge id="c5" src="a9" trg="a8" type="sup"/>
  <edge id="c6" src="a11" trg="a9" type="sup"/>
  <edge id="c7" src="a12" trg="a9" type="sup"/>
  <edge id="c8" src="a13" trg="a12" type="sup"/>
  <edge id="c9" src="a14" trg="a15" type="sup"/>
  <edge id="c10" src="a15" trg="a9" type="sup"/>
  <edge id="c11" src="a16" trg="a9" type="reb"/>
  <edge id="c12" src="a17" trg="a16" type="reb"/>
  <edge id="c13" src="a18" trg="a5" type="sup"/>
  <edge id="c14" src="a18" trg="a26" type="sup"/>
  <edge id="c15" src="a19" trg="a18" type="exa"/>
  <edge id="c16" src="a20" trg="a18" type="sup"/>
  <edge id="c17" src="a21" trg="a22" type="sup"/>
  <edge id="c18" src="a22" trg="a18" type="sup"/>
  <edge id="c19" src="a23" trg="a18" type="sup"/>
  <edge id="c20" src="a24" trg="a23" type="sup"/>
  <edge id="c21" src="a25" trg="a18" type="sup"/>
  <edge id="c22" src="a27" trg="a5" type="sup"/>
  <edge id="c23" src="a27" trg="a26" type="sup"/>
</arggraph>
