<?xml version='1.0' encoding='UTF-8'?>
<arggraph id="micro_e62" stance="pro" topic_id="The opportunity to receive education from university" topic_ru="Возможность получить образование в университете">
  <edu id="e1" lang="en">There are many factors that contribute to one's success.</edu>
  <edu id="e1" lang="ru" trans="google">Есть много факторов, которые способствуют своему успеху.</edu>
  <edu id="e2" lang="en">However, which factor is the most influential one is open to debate.</edu>
  <edu id="e2" lang="ru" trans="google">Однако, какой фактор является наиболее влиятельным является открытым для обсуждения.</edu>
  <edu id="e3" lang="en">Some people believe that nowadays the assitance from family is quite a essential factor in one's success.</edu>
  <edu id="e3" lang="ru" trans="google">Некоторые люди считают, что в настоящее время помощь со стороны семьи является весьма существенным фактором в своем успехе.</edu>
  <edu id="e4" lang="en">It seems that one can achieve success more easily with the help from his or her family.</edu>
  <edu id="e4" lang="ru" trans="google">Кажется, что можно добиться успеха более легко с помощью своей семьи.</edu>
  <edu id="e5" lang="en">I agree with this statement.</edu>
  <edu id="e5" lang="ru" trans="google">Я согласен с этим утверждением.</edu>
  <edu id="e6" lang="en">In my opinion, family plays a more important role in helping one to pursuit success.</edu>
  <edu id="e6" lang="ru" trans="google">На мой взгляд, семья играет более важную роль в оказании помощи друг к успеху преследования.</edu>
  <edu id="e7" lang="en">There are a couple of reasons.</edu>
  <edu id="e7" lang="ru" trans="google">Есть несколько причин.</edu>
  <edu id="e8" lang="en">First of all, more and more people have the opportunity to receive education from university.</edu>
  <edu id="e8" lang="ru" trans="google">В первую очередь, все больше и больше людей имеют возможность получить образование в университете.</edu>
  <edu id="e9" lang="en">Since our parents receive better education than our grandparents did.</edu>
  <edu id="e9" lang="ru" trans="google">Так как наши родители получают лучшее образование, чем наши предки сделали.</edu>
  <edu id="e10" lang="en">they can provide more advices and helps in our career.</edu>
  <edu id="e10" lang="ru" trans="google">они могут предоставить больше советы и помогает в нашей карьере.</edu>
  <edu id="e11" lang="en">In the past, seldom people have the chance to attend a collage.</edu>
  <edu id="e11" lang="ru" trans="google">В прошлом редко люди имеют возможность посещать коллаж.</edu>
  <edu id="e12" lang="en">For example, my grandparents did not get a education even in high school.</edu>
  <edu id="e12" lang="ru" trans="google">Например, моя бабушка и дедушка не получила образования даже в средней школе.</edu>
  <edu id="e13" lang="en">So when my father had difficulty in solving a problem in his childhood, he had to go to his teacher for help.</edu>
  <edu id="e13" lang="ru" trans="google">Так что, когда мой отец имел трудности в решении проблемы в детстве, он должен был пойти к своему учителю за помощью.</edu>
  <edu id="e14" lang="en">Things have changed a lot.</edu>
  <edu id="e14" lang="ru" trans="google">Все изменилось многое.</edu>
  <edu id="e15" lang="en">I grow up in a better condition than my father did.</edu>
  <edu id="e15" lang="ru" trans="google">Я рос в лучшем состоянии, чем мой отец.</edu>
  <edu id="e16" lang="en">Whenever I have problems, I can always ask my parents for help.</edu>
  <edu id="e16" lang="ru" trans="google">Всякий раз, когда у меня есть проблемы, я всегда могу попросить своих родителей за помощью.</edu>
  <edu id="e17" lang="en">They can solve the problem quickly.</edu>
  <edu id="e17" lang="ru" trans="google">Они могут быстро решить проблему.</edu>
  <edu id="e18" lang="en">Because they have learned quite a lot.</edu>
  <edu id="e18" lang="ru" trans="google">Потому что они узнали довольно много.</edu>
  <edu id="e19" lang="en">What is more, family members can help us in many other aspects.</edu>
  <edu id="e19" lang="ru" trans="google">Более того, члены семьи могут помочь нам во многих других аспектах.</edu>
  <edu id="e20" lang="en">For example, when I did not know what major to choose when I attend university, my father told a lot about different majors.</edu>
  <edu id="e20" lang="ru" trans="google">Например, когда я не знал, что главным выбрать, когда я посещаю университет, мой отец много рассказывал о различных специальностях.</edu>
  <edu id="e21" lang="en">He shared his own experience with me, which helped me quite a lot.</edu>
  <edu id="e21" lang="ru" trans="google">Он поделился своим собственным опытом со мной, что помогло мне довольно много.</edu>
  <edu id="e22" lang="en">Parents are quite experienced than their child.</edu>
  <edu id="e22" lang="ru" trans="google">Родители довольно опытные, чем их ребенок.</edu>
  <edu id="e23" lang="en">they can guide them toward the right direction.</edu>
  <edu id="e23" lang="ru" trans="google">они могут направлять их в направлении вправо.</edu>
  <edu id="e24" lang="en">Besides, parents can told their children as many as they can.</edu>
  <edu id="e24" lang="ru" trans="google">Кроме того, родители могут рассказывали своим детям столько, сколько они могут.</edu>
  <edu id="e25" lang="en">What they want is help their child to make a progress.</edu>
  <edu id="e25" lang="ru" trans="google">Что они хотят помочь своему ребенку сделать прогресс.</edu>
  <edu id="e26" lang="en">In a word, our parents and other family members can help us a lot in our life.</edu>
  <edu id="e26" lang="ru" trans="google">Одним словом, наши родители и другие члены семьи могут помочь нам много в нашей жизни.</edu>
  <edu id="e27" lang="en">I believe that with the help of our family, we can achieve success quite easily.</edu>
  <edu id="e27" lang="ru" trans="google">Я считаю, что с помощью нашей семьи, мы можем достичь успеха довольно легко.</edu>
  <adu id="a1" type="neut"/>
  <adu id="a2" type="neut"/>
  <adu id="a3" type="neut"/>
  <adu id="a4" type="mcl"/>
  <adu id="a5" type="neut"/>
  <adu id="a6" type="mcl"/>
  <adu id="a7" type="neut"/>
  <adu id="a8" type="pro"/>
  <adu id="a9" type="pro"/>
  <adu id="a10" type="pro"/>
  <adu id="a11" type="pro"/>
  <adu id="a12" type="pro"/>
  <adu id="a13" type="pro"/>
  <adu id="a14" type="pro"/>
  <adu id="a15" type="pro"/>
  <adu id="a16" type="pro"/>
  <adu id="a17" type="pro"/>
  <adu id="a18" type="pro"/>
  <adu id="a19" type="pro"/>
  <adu id="a20" type="pro"/>
  <adu id="a21" type="pro"/>
  <adu id="a22" type="pro"/>
  <adu id="a23" type="pro"/>
  <adu id="a24" type="pro"/>
  <adu id="a25" type="pro"/>
  <adu id="a26" type="pro"/>
  <adu id="a27" type="mcl"/>
  <edge id="c26" src="e1" trg="a1" type="seg"/>
  <edge id="c27" src="e2" trg="a2" type="seg"/>
  <edge id="c28" src="e3" trg="a3" type="seg"/>
  <edge id="c29" src="e4" trg="a4" type="seg"/>
  <edge id="c30" src="e5" trg="a5" type="seg"/>
  <edge id="c31" src="e6" trg="a6" type="seg"/>
  <edge id="c32" src="e7" trg="a7" type="seg"/>
  <edge id="c33" src="e8" trg="a8" type="seg"/>
  <edge id="c34" src="e9" trg="a9" type="seg"/>
  <edge id="c35" src="e10" trg="a10" type="seg"/>
  <edge id="c36" src="e11" trg="a11" type="seg"/>
  <edge id="c37" src="e12" trg="a12" type="seg"/>
  <edge id="c38" src="e13" trg="a13" type="seg"/>
  <edge id="c39" src="e14" trg="a14" type="seg"/>
  <edge id="c40" src="e15" trg="a15" type="seg"/>
  <edge id="c41" src="e16" trg="a16" type="seg"/>
  <edge id="c42" src="e17" trg="a17" type="seg"/>
  <edge id="c43" src="e18" trg="a18" type="seg"/>
  <edge id="c44" src="e19" trg="a19" type="seg"/>
  <edge id="c45" src="e20" trg="a20" type="seg"/>
  <edge id="c46" src="e21" trg="a21" type="seg"/>
  <edge id="c47" src="e22" trg="a22" type="seg"/>
  <edge id="c48" src="e23" trg="a23" type="seg"/>
  <edge id="c49" src="e24" trg="a24" type="seg"/>
  <edge id="c50" src="e25" trg="a25" type="seg"/>
  <edge id="c51" src="e26" trg="a26" type="seg"/>
  <edge id="c52" src="e27" trg="a27" type="seg"/>
  <edge id="c1" src="a8" trg="a10" type="sup"/>
  <edge id="c2" src="a9" trg="a10" type="sup"/>
  <edge id="c3" src="a10" trg="a4" type="sup"/>
  <edge id="c4" src="a10" trg="a6" type="sup"/>
  <edge id="c5" src="a10" trg="a27" type="sup"/>
  <edge id="c6" src="a11" trg="a10" type="sup"/>
  <edge id="c7" src="a12" trg="a13" type="exa"/>
  <edge id="c8" src="a13" trg="a10" type="sup"/>
  <edge id="c9" src="a14" trg="a10" type="sup"/>
  <edge id="c10" src="a15" trg="a10" type="sup"/>
  <edge id="c11" src="a16" trg="a10" type="sup"/>
  <edge id="c12" src="a17" trg="a16" type="sup"/>
  <edge id="c13" src="a18" trg="a17" type="sup"/>
  <edge id="c14" src="a19" trg="a4" type="sup"/>
  <edge id="c15" src="a19" trg="a6" type="sup"/>
  <edge id="c16" src="a19" trg="a27" type="sup"/>
  <edge id="c17" src="a20" trg="a19" type="exa"/>
  <edge id="c18" src="a21" trg="a19" type="sup"/>
  <edge id="c19" src="a22" trg="a23" type="sup"/>
  <edge id="c20" src="a23" trg="a19" type="sup"/>
  <edge id="c21" src="a24" trg="a19" type="sup"/>
  <edge id="c22" src="a25" trg="a19" type="sup"/>
  <edge id="c23" src="a26" trg="a4" type="sup"/>
  <edge id="c24" src="a26" trg="a6" type="sup"/>
  <edge id="c25" src="a26" trg="a27" type="sup"/>
</arggraph>
