<?xml version='1.0' encoding='UTF-8'?>
<arggraph id="micro_e89" stance="pro" topic_id="The car use will definitely decrease in twenty years" topic_ru="Использование автомобиля, безусловно, уменьшится в двадцать лет">
  <edu id="e1" lang="en">Views differ considerably when it comes to the issue of whether cars will be less than there are today in twenty years or not.</edu>
  <edu id="e1" lang="ru" trans="google">Просмотры значительно отличаются, когда речь идет о вопросе о том, будут ли автомобили меньше, чем сегодня в двадцать лет или нет.</edu>
  <edu id="e2" lang="en">Some people believe that since the environmental concern has risen, the car use will decrease.</edu>
  <edu id="e2" lang="ru" trans="google">Некоторые люди считают, что, так как экологическая проблема встала, использование автомобиля будет уменьшаться.</edu>
  <edu id="e3" lang="en">While others think that a personal car is important for ones daily life.</edu>
  <edu id="e3" lang="ru" trans="google">В то время как другие считают, что личный автомобиль имеет важное значение для один повседневной жизни.</edu>
  <edu id="e4" lang="en">Both of the opposite arguments appear to be somewhat convincing and stand to reason.</edu>
  <edu id="e4" lang="ru" trans="google">Оба аргументов противоположных по всей видимости, несколько убедительных и стоять причину.</edu>
  <edu id="e5" lang="en">But as far as I am concerned, I agree with the idea, which is that there will be a decrease in cars use in the future.</edu>
  <edu id="e5" lang="ru" trans="google">Но, насколько я обеспокоен, я согласен с идеей, которая является то, что там будет снижение автомобилей использовать в будущем.</edu>
  <edu id="e6" lang="en">The following reasons will present my points.</edu>
  <edu id="e6" lang="ru" trans="google">Следующие причины представят свои очки.</edu>
  <edu id="e7" lang="en">First of all, since the public transportation has improved.</edu>
  <edu id="e7" lang="ru" trans="google">Прежде всего, так как общественный транспорт улучшился.</edu>
  <edu id="e8" lang="en">it is much convenience to take a subway or a bus.</edu>
  <edu id="e8" lang="ru" trans="google">это много удобства взять в метро или автобус.</edu>
  <edu id="e9" lang="en">For example, I live in a city which always have a jam in the morning and doesn't have enough parking lots for the cars.</edu>
  <edu id="e9" lang="ru" trans="google">Например, я живу в городе, который всегда есть варенье утра и не имеет достаточное количество парковочных мест для автомобилей.</edu>
  <edu id="e10" lang="en">So, with the stations increased people are willing to take a public transportation than drive on their own.</edu>
  <edu id="e10" lang="ru" trans="google">Таким образом, со станциями увеличились люди готовы взять на себя общественный транспорт, чем диск самостоятельно.</edu>
  <edu id="e11" lang="en">Second, a driving car can make a lot of different pollutions to the world.</edu>
  <edu id="e11" lang="ru" trans="google">Во-вторых, за рулем автомобиля может сделать много различных загрязнений в мире.</edu>
  <edu id="e12" lang="en">So, with the risen of the aware to the environment, people will think more about whether to drive on their own or not.</edu>
  <edu id="e12" lang="ru" trans="google">Таким образом, с воскресшим из осознанного к окружающей среде, люди будут больше думать о том, чтобы ездить самостоятельно или нет.</edu>
  <edu id="e13" lang="en">For example, instead of driving each one's car, if we put forty people in a bus, it will solve the traffic jam by decrease the cars use and also reduce the air pollution for the city.</edu>
  <edu id="e13" lang="ru" trans="google">Например, вместо того, чтобы управлять каждого из них автомобиль, если положить сорок человек в автобусе, он будет решать затор путем снижения использования машины, а также уменьшить загрязнение воздуха в городе.</edu>
  <edu id="e14" lang="en">Although, I am agree with the idea that reducing of the car use will be achieve in twenty years.</edu>
  <edu id="e14" lang="ru" trans="google">Хотя, я согласен с идеей, что сокращение использования автомобиля будет достичь в течение двадцати лет.</edu>
  <edu id="e15" lang="en">I think I still have to point out that there are some different points of view.</edu>
  <edu id="e15" lang="ru" trans="google">Я думаю, что я до сих пор указывают на то, что существует несколько различных точек зрения.</edu>
  <edu id="e16" lang="en">People who hold different opinion may argue that a personal car uses is in need.</edu>
  <edu id="e16" lang="ru" trans="google">Люди, которые придерживаются иного мнения могут утверждать, что личный автомобиль использует нуждается.</edu>
  <edu id="e17" lang="en">Because a public transportation can't meet every place.</edu>
  <edu id="e17" lang="ru" trans="google">Поскольку общественный транспорт не может удовлетворить каждое место.</edu>
  <edu id="e18" lang="en">Of course, it may be true when you want to go to some countryside or some other inconvenience places.</edu>
  <edu id="e18" lang="ru" trans="google">Конечно, это может быть правдой, если вы хотите идти в какой-то местности или некоторых других местах неудобства.</edu>
  <edu id="e19" lang="en">However, no matter you are going to somewhere for a trip or you just simply live in some suburbs and so on, it always have some other ways that you can do, you can ride a bike, or even walk on your feet.</edu>
  <edu id="e19" lang="ru" trans="google">Тем не менее, не имеет значения, вы собираетесь куда-то на поездку или просто жить в некоторых пригородах и так далее, оно всегда есть другие способы, которые вы можете сделать, вы можете ездить на велосипеде, или даже ходить на ногах.</edu>
  <edu id="e20" lang="en">It not only helps you to reduce the car use, but also good to your health.</edu>
  <edu id="e20" lang="ru" trans="google">Это не только помогает уменьшить использование автомобиля, но также хорошо для вашего здоровья.</edu>
  <edu id="e21" lang="en">In this way, this won't be a problem at all.</edu>
  <edu id="e21" lang="ru" trans="google">Таким образом, это не будет проблемой.</edu>
  <edu id="e22" lang="en">In conclusion, given the reasons described above, when the advantages and disadvantages of whether there will be fewer cars in use in twenty years or not are carefully compared, the best choice is obviously stand on my side, which is that the car use will definitely decrease in twenty years.</edu>
  <edu id="e22" lang="ru" trans="google">В заключении, учитывая причину, описанные выше, когда преимущества и недостатки, будут ли меньше автомобилей в эксплуатации в течение двадцати лет или не тщательно сравнивать, лучший выбор, очевидно, стоит на моей стороне, которая является то, что использование автомобиля, безусловно, убывать через двадцать лет.</edu>
  <adu id="a1" type="neut"/>
  <adu id="a2" type="neut"/>
  <adu id="a3" type="neut"/>
  <adu id="a4" type="neut"/>
  <adu id="a5" type="mcl"/>
  <adu id="a6" type="neut"/>
  <adu id="a7" type="pro"/>
  <adu id="a8" type="pro"/>
  <adu id="a9" type="pro"/>
  <adu id="a10" type="pro"/>
  <adu id="a11" type="pro"/>
  <adu id="a12" type="pro"/>
  <adu id="a13" type="pro"/>
  <adu id="a14" type="neut"/>
  <adu id="a15" type="neut"/>
  <adu id="a16" type="opp"/>
  <adu id="a17" type="opp"/>
  <adu id="a18" type="opp"/>
  <adu id="a19" type="opp"/>
  <adu id="a20" type="opp"/>
  <adu id="a21" type="pro"/>
  <adu id="a22" type="mcl"/>
  <edge id="c17" src="e1" trg="a1" type="seg"/>
  <edge id="c18" src="e2" trg="a2" type="seg"/>
  <edge id="c19" src="e3" trg="a3" type="seg"/>
  <edge id="c20" src="e4" trg="a4" type="seg"/>
  <edge id="c21" src="e5" trg="a5" type="seg"/>
  <edge id="c22" src="e6" trg="a6" type="seg"/>
  <edge id="c23" src="e7" trg="a7" type="seg"/>
  <edge id="c24" src="e8" trg="a8" type="seg"/>
  <edge id="c25" src="e9" trg="a9" type="seg"/>
  <edge id="c26" src="e10" trg="a10" type="seg"/>
  <edge id="c27" src="e11" trg="a11" type="seg"/>
  <edge id="c28" src="e12" trg="a12" type="seg"/>
  <edge id="c29" src="e13" trg="a13" type="seg"/>
  <edge id="c30" src="e14" trg="a14" type="seg"/>
  <edge id="c31" src="e15" trg="a15" type="seg"/>
  <edge id="c32" src="e16" trg="a16" type="seg"/>
  <edge id="c33" src="e17" trg="a17" type="seg"/>
  <edge id="c34" src="e18" trg="a18" type="seg"/>
  <edge id="c35" src="e19" trg="a19" type="seg"/>
  <edge id="c36" src="e20" trg="a20" type="seg"/>
  <edge id="c37" src="e21" trg="a21" type="seg"/>
  <edge id="c38" src="e22" trg="a22" type="seg"/>
  <edge id="c1" src="a7" trg="a8" type="sup"/>
  <edge id="c2" src="a8" trg="a5" type="sup"/>
  <edge id="c3" src="a8" trg="a22" type="sup"/>
  <edge id="c4" src="a9" trg="a10" type="exa"/>
  <edge id="c5" src="a10" trg="a8" type="sup"/>
  <edge id="c6" src="a11" trg="a12" type="sup"/>
  <edge id="c7" src="a12" trg="a5" type="sup"/>
  <edge id="c8" src="a12" trg="a22" type="sup"/>
  <edge id="c9" src="a13" trg="a12" type="exa"/>
  <edge id="c10" src="a16" trg="a5" type="reb"/>
  <edge id="c11" src="a16" trg="a22" type="reb"/>
  <edge id="c12" src="a17" trg="a16" type="sup"/>
  <edge id="c13" src="a18" trg="a16" type="sup"/>
  <edge id="c14" src="a19" trg="a16" type="sup"/>
  <edge id="c15" src="a20" trg="a19" type="sup"/>
  <edge id="c16" src="a21" trg="a17" type="reb"/>
</arggraph>
