<?xml version='1.0' encoding='UTF-8'?>
<arggraph id="micro_e254" stance="pro" topic_id="Physical exercise should be required part of every school day" topic_ru="Физические упражнения должны быть обязательной частью каждого учебного дня">
  <edu id="e1" lang="en">Although some people believe that students should spend the whole day on academic studies, I nevertheless believe that physical exercise is a crucial part of every school day.</edu>
  <edu id="e1" lang="ru" trans="google">Хотя некоторые люди считают, что студенты должны провести целый день на научных исследованиях, тем не менее, я считаю, что физические упражнения являются важной частью каждого учебного дня.</edu>
  <edu id="e2" lang="en">Exercise is good not only for having a good health body, but also for the mind.</edu>
  <edu id="e2" lang="ru" trans="google">Физические упражнения хороши не только за то, что хорошее здоровье тела, но и для ума.</edu>
  <edu id="e3" lang="en">In addition, including exercise in children's daily routine, it is a good way to teach them the importance of physical activity from an early age.</edu>
  <edu id="e3" lang="ru" trans="google">Кроме того, в том числе упражнения в повседневной жизни детей, это хороший способ, чтобы научить их важность физической активности с раннего возраста.</edu>
  <edu id="e4" lang="en">Physical activity helps children to grow up physically healthier.</edu>
  <edu id="e4" lang="ru" trans="google">Физическая активность помогает детям расти физически здоровыми.</edu>
  <edu id="e5" lang="en">As studies have shown that the rate of obesity in children has increased every year, it will be very beneficial for children to have a daily physical activity and get a break from being sitting several hours at school.</edu>
  <edu id="e5" lang="ru" trans="google">Как показало исследование, уровень ожирения у детей растут с каждым годом, это будет очень полезно для детей, чтобы иметь ежедневную физическую активность и получить перерыв от того, сидят несколько часов в школе.</edu>
  <edu id="e6" lang="en">In addition, exercise will help them to not be less exposed to illness related with cardiovascular, higher blood and cholesterol issues.</edu>
  <edu id="e6" lang="ru" trans="google">Кроме того, физические упражнения помогут им не быть в меньшей степени подвержены болезням, связанных с сердечно-сосудистыми, высшими вопросами и холестерина в крови.</edu>
  <edu id="e7" lang="en">Daily exercise will help also to develop children's brain function.</edu>
  <edu id="e7" lang="ru" trans="google">Ежедневные упражнения помогут также развить детскую функцию мозга.</edu>
  <edu id="e8" lang="en">It is well known how important it is to exercise regularly to help the body system to work better.</edu>
  <edu id="e8" lang="ru" trans="google">Хорошо известно, насколько важно регулярно тренироваться, чтобы помочь системе организма работать лучше.</edu>
  <edu id="e9" lang="en">When people exercise, the respiratory system's function is enhanced, helping all organs, including the brain, to get more oxygen in.</edu>
  <edu id="e9" lang="ru" trans="google">Когда люди реализуют, функция дыхательной системы усиливается, помогая всем органам, в том числе мозг, чтобы получить больше кислорода в.</edu>
  <edu id="e10" lang="en">Daily exercise will provide children with a mental break which will boost them to be efficient learners.</edu>
  <edu id="e10" lang="ru" trans="google">Ежедневные упражнения обеспечат ребенок с умственным перерывом, который будет стимулировать их, чтобы быть эффективными учениками.</edu>
  <edu id="e11" lang="en">Having children in the daily exercise routine from an early age will teach them the important value of having physical activity in their every day routine.</edu>
  <edu id="e11" lang="ru" trans="google">Наличие детей в повседневной тренировки с раннего возраста будут учить их важное значение наличия физической активности в своей повседневной жизни.</edu>
  <edu id="e12" lang="en">Children are bombarded with lectures about nutrition and physical activity; however, they will be more beneficed if that knowledge can be put in practice.</edu>
  <edu id="e12" lang="ru" trans="google">Дети засыпают лекции о питании и физической активности; однако, они будут более beneficed, если эти знания могут быть реализованы на практике.</edu>
  <edu id="e13" lang="en">Moreover, they can stick with the routine and make the daily physical activities a good habit on their whole life.</edu>
  <edu id="e13" lang="ru" trans="google">Кроме того, они могут придерживаться рутины и сделать ежедневные физическую активность хорошую привычку на всю жизнь.</edu>
  <edu id="e14" lang="en">Including physical activity in children's school day should be strongly considered.</edu>
  <edu id="e14" lang="ru" trans="google">В том числе и физическая активность в детском школьный день должна быть решительно рассматриваются.</edu>
  <edu id="e15" lang="en">It will meliorate not only mental and body health, but also will establish in children a habit of doing it, giving them the opportunity to measure the worth of including such an important activity in their daily live schedules.</edu>
  <edu id="e15" lang="ru" trans="google">Это мелиорировать не только психическое и здоровье тела, но и создать у детей привычку делать это, давая им возможность измерить ценность в том числе такой важной деятельности в повседневной живой графики.</edu>
  <adu id="a1" type="mcl"/>
  <adu id="a2" type="pro"/>
  <adu id="a3" type="pro"/>
  <adu id="a4" type="pro"/>
  <adu id="a5" type="pro"/>
  <adu id="a6" type="pro"/>
  <adu id="a7" type="pro"/>
  <adu id="a8" type="pro"/>
  <adu id="a9" type="pro"/>
  <adu id="a10" type="pro"/>
  <adu id="a11" type="pro"/>
  <adu id="a12" type="pro"/>
  <adu id="a13" type="pro"/>
  <adu id="a14" type="mcl"/>
  <adu id="a15" type="pro"/>
  <edge id="c20" src="e1" trg="a1" type="seg"/>
  <edge id="c21" src="e2" trg="a2" type="seg"/>
  <edge id="c22" src="e3" trg="a3" type="seg"/>
  <edge id="c23" src="e4" trg="a4" type="seg"/>
  <edge id="c24" src="e5" trg="a5" type="seg"/>
  <edge id="c25" src="e6" trg="a6" type="seg"/>
  <edge id="c26" src="e7" trg="a7" type="seg"/>
  <edge id="c27" src="e8" trg="a8" type="seg"/>
  <edge id="c28" src="e9" trg="a9" type="seg"/>
  <edge id="c29" src="e10" trg="a10" type="seg"/>
  <edge id="c30" src="e11" trg="a11" type="seg"/>
  <edge id="c31" src="e12" trg="a12" type="seg"/>
  <edge id="c32" src="e13" trg="a13" type="seg"/>
  <edge id="c33" src="e14" trg="a14" type="seg"/>
  <edge id="c34" src="e15" trg="a15" type="seg"/>
  <edge id="c1" src="a2" trg="a1" type="sup"/>
  <edge id="c2" src="a2" trg="a14" type="sup"/>
  <edge id="c3" src="a3" trg="a1" type="sup"/>
  <edge id="c4" src="a3" trg="a14" type="sup"/>
  <edge id="c5" src="a4" trg="a1" type="sup"/>
  <edge id="c6" src="a4" trg="a14" type="sup"/>
  <edge id="c7" src="a5" trg="a4" type="sup"/>
  <edge id="c8" src="a6" trg="a4" type="sup"/>
  <edge id="c9" src="a7" trg="a1" type="sup"/>
  <edge id="c10" src="a7" trg="a14" type="sup"/>
  <edge id="c11" src="a8" trg="a7" type="sup"/>
  <edge id="c12" src="a9" trg="a7" type="sup"/>
  <edge id="c13" src="a10" trg="a7" type="sup"/>
  <edge id="c14" src="a11" trg="a1" type="sup"/>
  <edge id="c15" src="a11" trg="a14" type="sup"/>
  <edge id="c16" src="a12" trg="a11" type="sup"/>
  <edge id="c17" src="a13" trg="a11" type="sup"/>
  <edge id="c18" src="a15" trg="a1" type="sup"/>
  <edge id="c19" src="a15" trg="a14" type="sup"/>
</arggraph>
