<?xml version='1.0' encoding='UTF-8'?>
<arggraph id="micro_e182" stance="pro" topic_id="The expression &quot; Never, never give up &quot; means keep trying and never stop working" topic_ru="Выражение «Никогда, никогда не сдавайтесь» означает продолжать пытаться и никогда не прекращают работать">
  <edu id="e1" lang="en">Many individuals throughout their life face with at least one failure in different areas such as education, love and economy.</edu>
  <edu id="e1" lang="ru" trans="google">Многие люди на протяжении всей их жизни сталкиваются с по крайней мере одной неудачи в различных областях, таких как образование, любовь и экономики.</edu>
  <edu id="e2" lang="en">Some believe when a person faces with a failure the best way is to forget that and releases that; however, I completely disagree with this idea.</edu>
  <edu id="e2" lang="ru" trans="google">Некоторые полагают, что, когда человек сталкивается с отказом лучший способ забыть, что и освобождает это; Однако я совершенно не согласен с этой идеей.</edu>
  <edu id="e3" lang="en">I always believe that a defeated person has to try and try until to achieve her or his goal.</edu>
  <edu id="e3" lang="ru" trans="google">Я всегда считаю, что побежденный человек должен попробовать и не пытаться, пока достичь ее или его цели.</edu>
  <edu id="e4" lang="en">First of all, when people face with a failure they can learn a large number of things from that failure, therefore in the next effort they try to avoid doing and repeating that mistakes.</edu>
  <edu id="e4" lang="ru" trans="google">Прежде всего, когда люди сталкиваются с отказом они могут узнать большое количество вещей из этой неудачи, поэтому в следующей попытке они стараются избегать делать и повторять, что ошибки.</edu>
  <edu id="e5" lang="en">For instance, most of inventors in the first phases of their job face with some problems and defeats, but in the next stages they learn how to deal with problems.</edu>
  <edu id="e5" lang="ru" trans="google">Например, большинство изобретателей в первых этапах их работы сталкиваются с некоторыми проблемами и поражениями, но на последующих этапах они научиться справляться с проблемами.</edu>
  <edu id="e6" lang="en">Second of all, experience shows while people doing a job constantly, they become more experienced in that subject, so in the final effort they become successful with the high percentile.</edu>
  <edu id="e6" lang="ru" trans="google">Во-вторых, опыт показывает, в то время как люди делают работу постоянно, они становятся более опытными в этой теме, так что в конечном усилии они становятся успешными с высокой процентили.</edu>
  <edu id="e7" lang="en">For example, scientists experiment a substance for a long time, after they gain lots of experience and knowledge about that subject they decide to make it final.</edu>
  <edu id="e7" lang="ru" trans="google">Например, ученые экспериментируют вещество в течение длительного времени, после того, как они получают большой опыт и знания о том предмете, они решили сделать его окончательным.</edu>
  <edu id="e8" lang="en">To sum up, I would maintain that people should not give up when they face with a failure.</edu>
  <edu id="e8" lang="ru" trans="google">Подводя итог, я бы утверждать, что люди не должны сдаваться, когда они сталкиваются с отказом.</edu>
  <edu id="e9" lang="en">In opposite, they have to learn new points from that failure, and they become more experienced.</edu>
  <edu id="e9" lang="ru" trans="google">В противоположности, они должны выучить новые точки из этой неудачи, и они становятся более опытными.</edu>
  <adu id="a1" type="neut"/>
  <adu id="a2" type="neut"/>
  <adu id="a3" type="mcl"/>
  <adu id="a4" type="pro"/>
  <adu id="a5" type="pro"/>
  <adu id="a6" type="pro"/>
  <adu id="a7" type="pro"/>
  <adu id="a8" type="mcl"/>
  <adu id="a9" type="pro"/>
  <edge id="c9" src="e1" trg="a1" type="seg"/>
  <edge id="c10" src="e2" trg="a2" type="seg"/>
  <edge id="c11" src="e3" trg="a3" type="seg"/>
  <edge id="c12" src="e4" trg="a4" type="seg"/>
  <edge id="c13" src="e5" trg="a5" type="seg"/>
  <edge id="c14" src="e6" trg="a6" type="seg"/>
  <edge id="c15" src="e7" trg="a7" type="seg"/>
  <edge id="c16" src="e8" trg="a8" type="seg"/>
  <edge id="c17" src="e9" trg="a9" type="seg"/>
  <edge id="c1" src="a4" trg="a3" type="sup"/>
  <edge id="c2" src="a4" trg="a8" type="sup"/>
  <edge id="c3" src="a5" trg="a4" type="exa"/>
  <edge id="c4" src="a6" trg="a3" type="sup"/>
  <edge id="c5" src="a6" trg="a8" type="sup"/>
  <edge id="c6" src="a7" trg="a6" type="exa"/>
  <edge id="c7" src="a9" trg="a3" type="sup"/>
  <edge id="c8" src="a9" trg="a8" type="sup"/>
</arggraph>
