<?xml version='1.0' encoding='UTF-8'?>
<arggraph id="micro_e178" stance="pro" topic_id="The nuclear power provide clean and cheap energy" topic_ru="Ядерная энергетика обеспечивает чистую и дешевую энергию">
  <edu id="e1" lang="en">The topic of nuclear technology frequently generates a heated debate with proponents maintaining that nuclear power provides a source of efficient and economical energy while opponents argue that atomic technology is uncontrollable and very dangerous to handle.</edu>
  <edu id="e1" lang="ru" trans="google">Тема ядерной технологии часто порождает бурные дискуссии с сторонники сохранения, что ядерная энергетика является источником эффективной и экономичной энергии в то время как противники утверждают, что атомная технология является неуправляемой и очень опасно для ручки.</edu>
  <edu id="e2" lang="en">As far as my opinion is concerned, I find myself aligned with opponents of the usages of nuclear power.</edu>
  <edu id="e2" lang="ru" trans="google">Что касается моего мнения, то я считаю себя в соответствие с противниками использований ядерной энергетики.</edu>
  <edu id="e3" lang="en">I have several reasons to believe its disadvantages outnumber the few advantages.</edu>
  <edu id="e3" lang="ru" trans="google">У меня есть несколько причин полагать, его недостатки превосходят численностью в несколько преимуществ.</edu>
  <edu id="e4" lang="en">First and foremost reason is that pursuit of nuclear technology one way or the other leads towards atomic weapons.</edu>
  <edu id="e4" lang="ru" trans="google">В первую очередь причина заключается в том, что стремление к ядерной технологии, так или других ведет к атомному оружию.</edu>
  <edu id="e5" lang="en">Last century has witnessed the horrors of such weapons.</edu>
  <edu id="e5" lang="ru" trans="google">В прошлом веке был свидетелем ужасов такого оружия.</edu>
  <edu id="e6" lang="en">If each country pursues the fusion and fission process some of them may try to mold it for military usage.</edu>
  <edu id="e6" lang="ru" trans="google">Если каждая страна проводит процесс слияния и деления некоторых из них могут попытаться вылепить его военное использование.</edu>
  <edu id="e7" lang="en">Another reason to fortify my opinion is that even civil usages of atomic power pose a dire threat of radio activity.</edu>
  <edu id="e7" lang="ru" trans="google">Еще одна причина, чтобы укрепить свое мнение, что даже гражданские обычаи атомной энергетики представляют страшную угрозу радиоаппаратуры деятельности.</edu>
  <edu id="e8" lang="en">For example recently there has been an incident in which an atomic power house leaked tons of radio active material into air when an earthquake hit the surrounding area.</edu>
  <edu id="e8" lang="ru" trans="google">Например недавно был инцидент, в котором атомная электростанции дом просочился тонны радиоактивного материала в воздух, когда землетрясение окрестностей.</edu>
  <edu id="e9" lang="en">This unfortunate event proves that no matter how much careful we are such accidents are inevitable.</edu>
  <edu id="e9" lang="ru" trans="google">Этот несчастный случай доказывает, что независимо от того, насколько осторожны мы такие несчастные случаи неизбежны.</edu>
  <edu id="e10" lang="en">Last but not least, while generating energy from any source be it hydro power or oil there always is some wastage and so is the case with nuclear power.</edu>
  <edu id="e10" lang="ru" trans="google">И последнее, но не в последнюю очередь, в то время как получение энергии из любого источника будь то гидроэнергия или масло всегда есть некоторые потери и так обстоит дело с атомной энергетикой.</edu>
  <edu id="e11" lang="en">Safely getting rid of nuclear waste is a daunting task and there has not been any permanent solution of it.</edu>
  <edu id="e11" lang="ru" trans="google">Безопасное избавление от ядерных отходов является задачей сложной и там не было никакого постоянного решения этого.</edu>
  <edu id="e12" lang="en">This waste is many times more lethal to our environment than any of the other hazardous material.</edu>
  <edu id="e12" lang="ru" trans="google">Эти отходы много раз более смертельно для нашей окружающей среды, чем любые из других опасных материалов.</edu>
  <edu id="e13" lang="en">To sum it up, from above mentioned facts it can easily be deduced that nuclear power may appear silver bullet for energy crisis but its disadvantages far outweigh the advantages.</edu>
  <edu id="e13" lang="ru" trans="google">Подводя итог, из выше упомянутых фактов, легко можно сделать вывод о том, что ядерная энергия может появиться серебряной пули для энергетического кризиса, но его недостатки перевешивают преимущества.</edu>
  <edu id="e14" lang="en">Thus I suggest that use of nuclear technology should be discouraged even for civil purposes.</edu>
  <edu id="e14" lang="ru" trans="google">Таким образом, я полагаю, что использование ядерных технологий следует поощрять даже для гражданских целей.</edu>
  <adu id="a1" type="neut"/>
  <adu id="a2" type="mcl"/>
  <adu id="a3" type="neut"/>
  <adu id="a4" type="pro"/>
  <adu id="a5" type="pro"/>
  <adu id="a6" type="pro"/>
  <adu id="a7" type="pro"/>
  <adu id="a8" type="pro"/>
  <adu id="a9" type="pro"/>
  <adu id="a10" type="pro"/>
  <adu id="a11" type="pro"/>
  <adu id="a12" type="pro"/>
  <adu id="a13" type="mcl"/>
  <adu id="a14" type="neut"/>
  <edge id="c13" src="e1" trg="a1" type="seg"/>
  <edge id="c14" src="e2" trg="a2" type="seg"/>
  <edge id="c15" src="e3" trg="a3" type="seg"/>
  <edge id="c16" src="e4" trg="a4" type="seg"/>
  <edge id="c17" src="e5" trg="a5" type="seg"/>
  <edge id="c18" src="e6" trg="a6" type="seg"/>
  <edge id="c19" src="e7" trg="a7" type="seg"/>
  <edge id="c20" src="e8" trg="a8" type="seg"/>
  <edge id="c21" src="e9" trg="a9" type="seg"/>
  <edge id="c22" src="e10" trg="a10" type="seg"/>
  <edge id="c23" src="e11" trg="a11" type="seg"/>
  <edge id="c24" src="e12" trg="a12" type="seg"/>
  <edge id="c25" src="e13" trg="a13" type="seg"/>
  <edge id="c26" src="e14" trg="a14" type="seg"/>
  <edge id="c1" src="a4" trg="a2" type="sup"/>
  <edge id="c2" src="a4" trg="a13" type="sup"/>
  <edge id="c3" src="a5" trg="a4" type="sup"/>
  <edge id="c4" src="a6" trg="a4" type="sup"/>
  <edge id="c5" src="a7" trg="a2" type="sup"/>
  <edge id="c6" src="a7" trg="a13" type="sup"/>
  <edge id="c7" src="a8" trg="a7" type="sup"/>
  <edge id="c8" src="a9" trg="a7" type="sup"/>
  <edge id="c9" src="a10" trg="a11" type="sup"/>
  <edge id="c10" src="a11" trg="a2" type="sup"/>
  <edge id="c11" src="a11" trg="a13" type="sup"/>
  <edge id="c12" src="a12" trg="a11" type="sup"/>
</arggraph>
