<?xml version='1.0' encoding='UTF-8'?>
<arggraph id="micro_e392" stance="pro" topic_id="Mobile phones: faster communication vs social problems" topic_ru="Мобильные телефоны: быстрее связи против социальных проблем">
  <edu id="e1" lang="en">Recently, there has been a social concern with regard to whether or not mobiles phones have negative effects on our social life.</edu>
  <edu id="e1" lang="ru" trans="google">В последнее время наблюдается социальная озабоченность в отношении того или нет мобильные телефоны имеют негативное влияние на нашу социальную жизнь.</edu>
  <edu id="e2" lang="en">Indeed, mobile phones have widely been used by people of all ages.</edu>
  <edu id="e2" lang="ru" trans="google">Действительно, мобильные телефоны широко используются людьми всех возрастов.</edu>
  <edu id="e3" lang="en">However, I believe, this great invention in the 21st century causes many problems in our society.</edu>
  <edu id="e3" lang="ru" trans="google">Тем не менее, я считаю, это великое изобретение в 21-м веке вызывает много проблем в нашем обществе.</edu>
  <edu id="e4" lang="en">In the first place, spending too much time on mobiles phones many exert an adverse effect on our social skills.</edu>
  <edu id="e4" lang="ru" trans="google">В первую очередь, тратят слишком много времени на мобильные телефоны многих оказывают негативное влияние на наши социальные навыки.</edu>
  <edu id="e5" lang="en">For example, as people, especially teenagers increasingly tend to focus on their phones, they may lose their interests on daily activities such as meeting with friends, and this lack of communication may impair their future negotiation and interpersonal skills.</edu>
  <edu id="e5" lang="ru" trans="google">Например, как люди, особенно подростки чаще имеют тенденцию сосредотачиваться на своих телефонах, они могут потерять свои интересы на повседневной деятельности, такие как встречи с друзьями, и это отсутствие связи может привести к нарушению их будущих переговоров и межличностные навыки.</edu>
  <edu id="e6" lang="en">Moreover, continuous use of mobile phones may also damage children's eyesight and physical posture.</edu>
  <edu id="e6" lang="ru" trans="google">Кроме того, постоянное использование мобильных телефонов может также повредить детскую зрение и физическую осанку.</edu>
  <edu id="e7" lang="en">As a result, it is harmful for us to use mobile phones frequently.</edu>
  <edu id="e7" lang="ru" trans="google">В результате, это вредно для нас использовать мобильные телефоны часто.</edu>
  <edu id="e8" lang="en">Furthermore, the growing number of mobiles games will impact their mental development.</edu>
  <edu id="e8" lang="ru" trans="google">Кроме того, все большее число мобильных игр будет влиять на их умственное развитие.</edu>
  <edu id="e9" lang="en">For instance, there many game applications available online and many of them are quite aggressive in nature.</edu>
  <edu id="e9" lang="ru" trans="google">Например, существует множество игровых приложений, доступных в Интернете, и многие из них довольно агрессивный характер.</edu>
  <edu id="e10" lang="en">In these games, children are rewarded to help their characters to kill or shoot monsters or characters controlled by other players, and this many lead to development of aggressive feelings, thoughts and behaviors.</edu>
  <edu id="e10" lang="ru" trans="google">В этих играх, дети будут вознаграждены, чтобы помочь их характерам, чтобы убить или стрелять монстр или персонаж, управляемых другими игроками, и эти многие ведут к развитию агрессивных чувств, мыслей и поведения.</edu>
  <edu id="e11" lang="en">Consequently, frequent conflicts may occur during communication.</edu>
  <edu id="e11" lang="ru" trans="google">Следовательно, частые конфликты могут возникать во время связи.</edu>
  <edu id="e12" lang="en">However, we may perceive this issue from different viewpoints.</edu>
  <edu id="e12" lang="ru" trans="google">Тем не менее, мы можем воспринимать эту проблему с разных точек зрения.</edu>
  <edu id="e13" lang="en">Mobile phones, such as smart phones, has made our communication easy and convenience.</edu>
  <edu id="e13" lang="ru" trans="google">Мобильные телефоны, такие как смартфоны, сделали легко и удобно наше общение.</edu>
  <edu id="e14" lang="en">The reason is that, as most of the telecommunication companies provide us with access to the internet via our phones, people are able to enjoy sending instant messages and making international calls free of charge.</edu>
  <edu id="e14" lang="ru" trans="google">Причина заключается в том, что, как и большинство телекоммуникационных компаний предоставляют нам доступ к интернету через наши телефоны, люди могут наслаждаться отправки мгновенных сообщений и делать международные звонки бесплатно.</edu>
  <edu id="e15" lang="en">Thus, mobile phones have shortened the distance of communication.</edu>
  <edu id="e15" lang="ru" trans="google">Таким образом, мобильные телефоны сократили дистанцию ​​общения.</edu>
  <edu id="e16" lang="en">To sum up, although mobile phones make our communication faster.</edu>
  <edu id="e16" lang="ru" trans="google">Подводя итог, хотя мобильные телефоны делают наше общение быстрее.</edu>
  <edu id="e17" lang="en">it also gives rise to many social problems such as children's social skills and their mental health.</edu>
  <edu id="e17" lang="ru" trans="google">это также приводит к возникновению многих социальных проблем, таких как социальные навыки детей и их психического здоровья.</edu>
  <edu id="e18" lang="en">Therefore, i highly advocate that we should use mobile phone in moderation in order to avoid these serious problems.</edu>
  <edu id="e18" lang="ru" trans="google">Поэтому я настоятельно выступаем за то, что мы должны использовать мобильный телефон в умеренных количествах, чтобы избежать этих серьезных проблем.</edu>
  <adu id="a1" type="neut"/>
  <adu id="a2" type="neut"/>
  <adu id="a3" type="mcl"/>
  <adu id="a4" type="pro"/>
  <adu id="a5" type="pro"/>
  <adu id="a6" type="pro"/>
  <adu id="a7" type="pro"/>
  <adu id="a8" type="pro"/>
  <adu id="a9" type="pro"/>
  <adu id="a10" type="pro"/>
  <adu id="a11" type="pro"/>
  <adu id="a12" type="neut"/>
  <adu id="a13" type="opp"/>
  <adu id="a14" type="opp"/>
  <adu id="a15" type="opp"/>
  <adu id="a16" type="opp"/>
  <adu id="a17" type="mcl"/>
  <adu id="a18" type="neut"/>
  <edge id="c17" src="e1" trg="a1" type="seg"/>
  <edge id="c18" src="e2" trg="a2" type="seg"/>
  <edge id="c19" src="e3" trg="a3" type="seg"/>
  <edge id="c20" src="e4" trg="a4" type="seg"/>
  <edge id="c21" src="e5" trg="a5" type="seg"/>
  <edge id="c22" src="e6" trg="a6" type="seg"/>
  <edge id="c23" src="e7" trg="a7" type="seg"/>
  <edge id="c24" src="e8" trg="a8" type="seg"/>
  <edge id="c25" src="e9" trg="a9" type="seg"/>
  <edge id="c26" src="e10" trg="a10" type="seg"/>
  <edge id="c27" src="e11" trg="a11" type="seg"/>
  <edge id="c28" src="e12" trg="a12" type="seg"/>
  <edge id="c29" src="e13" trg="a13" type="seg"/>
  <edge id="c30" src="e14" trg="a14" type="seg"/>
  <edge id="c31" src="e15" trg="a15" type="seg"/>
  <edge id="c32" src="e16" trg="a16" type="seg"/>
  <edge id="c33" src="e17" trg="a17" type="seg"/>
  <edge id="c34" src="e18" trg="a18" type="seg"/>
  <edge id="c1" src="a4" trg="a7" type="sup"/>
  <edge id="c2" src="a5" trg="a4" type="exa"/>
  <edge id="c3" src="a6" trg="a7" type="sup"/>
  <edge id="c4" src="a7" trg="a3" type="sup"/>
  <edge id="c5" src="a7" trg="a17" type="sup"/>
  <edge id="c6" src="a8" trg="a3" type="sup"/>
  <edge id="c7" src="a8" trg="a17" type="sup"/>
  <edge id="c8" src="a9" trg="a8" type="exa"/>
  <edge id="c9" src="a10" trg="a11" type="sup"/>
  <edge id="c10" src="a11" trg="a8" type="sup"/>
  <edge id="c11" src="a13" trg="a15" type="sup"/>
  <edge id="c12" src="a14" trg="a13" type="sup"/>
  <edge id="c13" src="a15" trg="a3" type="reb"/>
  <edge id="c14" src="a15" trg="a17" type="reb"/>
  <edge id="c15" src="a16" trg="a3" type="reb"/>
  <edge id="c16" src="a16" trg="a17" type="reb"/>
</arggraph>
