<?xml version='1.0' encoding='UTF-8'?>
<arggraph id="micro_e113" stance="pro" topic_id="Classmates' impacts on children's performance at school" topic_ru="воздействие одноклассники на исполнение детской в ​​школе">
  <edu id="e1" lang="en">It goes without saying that no pupil can succeed at school unassisted.</edu>
  <edu id="e1" lang="ru" trans="google">Само собой разумеется, что ни один ученик не может добиться успеха в школе без посторонней помощи.</edu>
  <edu id="e2" lang="en">Their success should be attributed to many different external factors.</edu>
  <edu id="e2" lang="ru" trans="google">Их успех следует отнести к различным внешним факторам.</edu>
  <edu id="e3" lang="en">It is argued that parents who are the closet to children mainly contribute to their accomplishments.</edu>
  <edu id="e3" lang="ru" trans="google">Утверждаются, что родители, которые ближе всего к детям в основном способствуют их достижению.</edu>
  <edu id="e4" lang="en">However, in my opinion, the classmates should be regarded as the most important influence on individual achievements.</edu>
  <edu id="e4" lang="ru" trans="google">Тем не менее, на мой взгляд, одноклассники следует рассматривать как наиболее важное влияние на индивидуальные достижения.</edu>
  <edu id="e5" lang="en">To begin with, the classmates themselves creat a competitive atmoshphere which incent the children.</edu>
  <edu id="e5" lang="ru" trans="google">Начнем с того, сами одноклассники создать конкурентоспособную атмосферу, которая выдумывать детей.</edu>
  <edu id="e6" lang="en">In high school, for instance, an individual cannot resist studying painstakingly through day and night when the others who are astoundingly ambitious and set sights on prestigious universities around the globe are doing the same.</edu>
  <edu id="e6" lang="ru" trans="google">В средней школе, например, человек не может сопротивляться изучению кропотливо через день и ночь, когда другие, которые изумительно честолюбивые и замахнулись на престижных университетах по всему миру делают то же самое.</edu>
  <edu id="e7" lang="en">From a psychological perspective, the feeling of being subordinate to their peers exert enormous pressure on the children, which subsequently transforms into some sort of stimulants and boosts the children's academic performances.</edu>
  <edu id="e7" lang="ru" trans="google">С психологической точки зрения, ощущение того, что в подчинении своих сверстников оказывает огромное давление на детях, которые впоследствии превращаются в какое-то стимуляторах и повышений детских академических выступлений.</edu>
  <edu id="e8" lang="en">To add up, when it comes to knowledge and the acquisition of such, classmates are second to none.</edu>
  <edu id="e8" lang="ru" trans="google">Чтобы сложить, когда речь идет о знаниях и приобретении таких, одноклассники вторые нет.</edu>
  <edu id="e9" lang="en">It is a matter of fact that students share even more time together than with their parents, explaining a great deal of wisdom they absorb from each others.</edu>
  <edu id="e9" lang="ru" trans="google">Это вопрос о том, что студенты разделяют даже больше времени, чем вместе со своими родителями, объясняя много мудрости, они впитывать от друг друга.</edu>
  <edu id="e10" lang="en">it can be, for example, lessons on the class, social skills or general etiquettes that are sometimes overlooked by parents.</edu>
  <edu id="e10" lang="ru" trans="google">это может быть, например, уроки по классу, социальные навыки или общий этикет, которые иногда забывает родителями.</edu>
  <edu id="e11" lang="en">Sharing the same age, children are at their most comfort to exchange ideas, to query and interpret abstract concepts without fear of parental punishments, resulting in deeper comprehension.</edu>
  <edu id="e11" lang="ru" trans="google">Совместное использование того же возраста, дети в их большей комфортности для обмена идеями, запроса и интерпретации абстрактных понятий, не опасаясь родительских наказаний, что приводит к более глубокому пониманию.</edu>
  <edu id="e12" lang="en">All advantages considered, classmates are unrivalled by the children's parents.</edu>
  <edu id="e12" lang="ru" trans="google">Все преимущества, рассмотренные, одноклассники не имеют себе равных по родителям детей.</edu>
  <edu id="e13" lang="en">As they provide tremendous incentive and horizon expansion, two crucial commodities leading to a successful presentation at school.</edu>
  <edu id="e13" lang="ru" trans="google">Как они обеспечивают огромный стимул и расширение горизонта, два важнейших товары приводят к успешной презентации в школе.</edu>
  <adu id="a1" type="neut"/>
  <adu id="a2" type="neut"/>
  <adu id="a3" type="neut"/>
  <adu id="a4" type="mcl"/>
  <adu id="a5" type="pro"/>
  <adu id="a6" type="pro"/>
  <adu id="a7" type="pro"/>
  <adu id="a8" type="pro"/>
  <adu id="a9" type="pro"/>
  <adu id="a10" type="pro"/>
  <adu id="a11" type="pro"/>
  <adu id="a12" type="mcl"/>
  <adu id="a13" type="pro"/>
  <edge id="c12" src="e1" trg="a1" type="seg"/>
  <edge id="c13" src="e2" trg="a2" type="seg"/>
  <edge id="c14" src="e3" trg="a3" type="seg"/>
  <edge id="c15" src="e4" trg="a4" type="seg"/>
  <edge id="c16" src="e5" trg="a5" type="seg"/>
  <edge id="c17" src="e6" trg="a6" type="seg"/>
  <edge id="c18" src="e7" trg="a7" type="seg"/>
  <edge id="c19" src="e8" trg="a8" type="seg"/>
  <edge id="c20" src="e9" trg="a9" type="seg"/>
  <edge id="c21" src="e10" trg="a10" type="seg"/>
  <edge id="c22" src="e11" trg="a11" type="seg"/>
  <edge id="c23" src="e12" trg="a12" type="seg"/>
  <edge id="c24" src="e13" trg="a13" type="seg"/>
  <edge id="c1" src="a5" trg="a4" type="sup"/>
  <edge id="c2" src="a5" trg="a12" type="sup"/>
  <edge id="c3" src="a6" trg="a5" type="exa"/>
  <edge id="c4" src="a7" trg="a5" type="sup"/>
  <edge id="c5" src="a8" trg="a4" type="sup"/>
  <edge id="c6" src="a8" trg="a12" type="sup"/>
  <edge id="c7" src="a9" trg="a8" type="sup"/>
  <edge id="c8" src="a10" trg="a8" type="exa"/>
  <edge id="c9" src="a11" trg="a8" type="sup"/>
  <edge id="c10" src="a13" trg="a4" type="sup"/>
  <edge id="c11" src="a13" trg="a12" type="sup"/>
</arggraph>
