<?xml version='1.0' encoding='UTF-8'?>
<arggraph id="micro_e195" stance="pro" topic_id="Amount of control on media information" topic_ru="Сумма управления на медиа-информации">
  <edu id="e1" lang="en">Nowadays, one of the most controversial issues related to mass media is the correct amount of control posed on newspapers, televisions and websites.</edu>
  <edu id="e1" lang="ru" trans="google">В настоящее время одна из наиболее спорных вопросов, связанных с массовой информации является правильное количество контроля позировала на газеты, телевидение и веб-сайтов.</edu>
  <edu id="e2" lang="en">It is argued that the government should exercise less restriction on sharing of media information to public.</edu>
  <edu id="e2" lang="ru" trans="google">Утверждается, что правительство должно осуществлять меньше ограничений на обмен информацией СМИ для общественности.</edu>
  <edu id="e3" lang="en">However, I strongly believe that it should increase the level of control to protect the public against inappropriate contents and unsuitable foreign cultures.</edu>
  <edu id="e3" lang="ru" trans="google">Тем не менее, я твердо убежден, что это должно повысить уровень контроля для защиты населения от неуместного содержания и непригодных иностранных культур.</edu>
  <edu id="e4" lang="en">One of the strong arguments in favour of tighter media control is to limit the violent and sexual content.</edu>
  <edu id="e4" lang="ru" trans="google">Одним из сильных аргументов в пользу ужесточения контроля над СМИ, чтобы ограничить бурное и сексуальное содержание.</edu>
  <edu id="e5" lang="en">They have a serious impact on people in their puberty.</edu>
  <edu id="e5" lang="ru" trans="google">Они оказывают серьезное воздействие на людей в их половой зрелости.</edu>
  <edu id="e6" lang="en">For example, an internet cartoon comedy called happy tree is extremely brutal, where the characters usually have their heads or limbs tear off.</edu>
  <edu id="e6" lang="ru" trans="google">Например, интернет-мультик комедия называется счастливым деревом чрезвычайно жестокая, где персонажи обычно имеют свои головы или конечность оторвать.</edu>
  <edu id="e7" lang="en">Another supporting reason is that television companies import foreign programmes from time to time and audiences might accept their ideas which maybe otherwise not welcomed to local culture.</edu>
  <edu id="e7" lang="ru" trans="google">Еще одна причина заключается в поддержке, что телевизионные компании импортируют зарубежные программы, время от времени, и зрители могли бы принять их идеи, которые, возможно, иначе не приветствоваться к местной культуре.</edu>
  <edu id="e8" lang="en">A few years ago there was a Japanese game show which involved throwing cream cakes to the loser.</edu>
  <edu id="e8" lang="ru" trans="google">Несколько лет назад была японская игра шоу, участие бросали кремовые торты проигравшему.</edu>
  <edu id="e9" lang="en">This is actually very environmentally unfriendly.</edu>
  <edu id="e9" lang="ru" trans="google">Это на самом деле очень неэкологичное.</edu>
  <edu id="e10" lang="en">The major opposing argument is to protect the safety of citizens.</edu>
  <edu id="e10" lang="ru" trans="google">Основная Противоположная аргумент заключается в защите безопасности граждан.</edu>
  <edu id="e11" lang="en">In other words, the government should disclose the information to the media in a timely manner, especially for disasters and outbreak of new diseases.</edu>
  <edu id="e11" lang="ru" trans="google">Другими словами, правительство должно раскрывать информацию СМИ своевременно, особенно для бедствий и возникновения новых заболеваний.</edu>
  <edu id="e12" lang="en">Taking the SARS in 2003 as an example, the Chinese government limited the amount of information for public access which therefore causes numerous deaths.</edu>
  <edu id="e12" lang="ru" trans="google">Принимая SARS в 2003 году в качестве примера, китайское правительство ограничило объем информации для публичного доступа, поэтому вызывает многочисленные смерти.</edu>
  <edu id="e13" lang="en">Even so, another perspective on this is to prevent the citizen from unnecessary fear and unrest.</edu>
  <edu id="e13" lang="ru" trans="google">Тем не менее, другой взгляд на это, чтобы не допустить гражданин от ненужного страха и беспокойства.</edu>
  <edu id="e14" lang="en">Both sides of the arguments have its merits.</edu>
  <edu id="e14" lang="ru" trans="google">Обе стороны аргументы имеют свои достоинства.</edu>
  <edu id="e15" lang="en">My personal view is that despite the emphasis of citizen safety, the government should regulate the correct amount of violent and sexual content and censor the culturally unsuitable information.</edu>
  <edu id="e15" lang="ru" trans="google">Мое личное мнение таково, что, несмотря на акцент безопасности граждан, правительство должно регулировать правильное количество насильственного и сексуального содержания и цензурировать культурно непригодную информацию.</edu>
  <edu id="e16" lang="en">Setting up a council to monitor the media information to the public could be a practical idea.</edu>
  <edu id="e16" lang="ru" trans="google">Создание совета по мониторингу информации СМИ для общественности может быть практической идеей.</edu>
  <adu id="a1" type="neut"/>
  <adu id="a2" type="neut"/>
  <adu id="a3" type="mcl"/>
  <adu id="a4" type="pro"/>
  <adu id="a5" type="pro"/>
  <adu id="a6" type="pro"/>
  <adu id="a7" type="pro"/>
  <adu id="a8" type="pro"/>
  <adu id="a9" type="pro"/>
  <adu id="a10" type="neut"/>
  <adu id="a11" type="opp"/>
  <adu id="a12" type="opp"/>
  <adu id="a13" type="pro"/>
  <adu id="a14" type="neut"/>
  <adu id="a15" type="mcl"/>
  <adu id="a16" type="neut"/>
  <edge id="c13" src="e1" trg="a1" type="seg"/>
  <edge id="c14" src="e2" trg="a2" type="seg"/>
  <edge id="c15" src="e3" trg="a3" type="seg"/>
  <edge id="c16" src="e4" trg="a4" type="seg"/>
  <edge id="c17" src="e5" trg="a5" type="seg"/>
  <edge id="c18" src="e6" trg="a6" type="seg"/>
  <edge id="c19" src="e7" trg="a7" type="seg"/>
  <edge id="c20" src="e8" trg="a8" type="seg"/>
  <edge id="c21" src="e9" trg="a9" type="seg"/>
  <edge id="c22" src="e10" trg="a10" type="seg"/>
  <edge id="c23" src="e11" trg="a11" type="seg"/>
  <edge id="c24" src="e12" trg="a12" type="seg"/>
  <edge id="c25" src="e13" trg="a13" type="seg"/>
  <edge id="c26" src="e14" trg="a14" type="seg"/>
  <edge id="c27" src="e15" trg="a15" type="seg"/>
  <edge id="c28" src="e16" trg="a16" type="seg"/>
  <edge id="c1" src="a4" trg="a3" type="sup"/>
  <edge id="c2" src="a4" trg="a15" type="sup"/>
  <edge id="c3" src="a5" trg="a4" type="sup"/>
  <edge id="c4" src="a6" trg="a5" type="exa"/>
  <edge id="c5" src="a7" trg="a3" type="sup"/>
  <edge id="c6" src="a7" trg="a15" type="sup"/>
  <edge id="c7" src="a8" trg="a7" type="sup"/>
  <edge id="c8" src="a9" trg="a7" type="sup"/>
  <edge id="c9" src="a11" trg="a3" type="reb"/>
  <edge id="c10" src="a11" trg="a15" type="reb"/>
  <edge id="c11" src="a12" trg="a11" type="sup"/>
  <edge id="c12" src="a13" trg="a11" type="reb"/>
</arggraph>
