<?xml version='1.0' encoding='UTF-8'?>
<arggraph id="micro_e381" stance="pro" topic_id="Languages' extinction, discuss both views" topic_ru="Вымирание Языков, обсудить оба мнения">
  <edu id="e1" lang="en">It is true that the increasing number of languages which are at risk of extinction has become one of the most significant issues that many people of today's society are very concerned for.</edu>
  <edu id="e1" lang="ru" trans="google">Это правда, что все большее число языков, находящихся под угрозой исчезновения стало одним из наиболее важных вопросов, которые многие люди современного общества очень заинтересованные.</edu>
  <edu id="e2" lang="en">The question whether our government should make an effort to preserve them by investing more money on that minority languages or not is still a debatable one.</edu>
  <edu id="e2" lang="ru" trans="google">Вопрос, должен ли наше правительство приложить усилия, чтобы сохранить их, вкладывая больше денег на том, что языки меньшинств или нет до сих пор дискуссионным один.</edu>
  <edu id="e3" lang="en">I personally suppose that no matter how widely they are spoken, every language should be protected from being disappeared.</edu>
  <edu id="e3" lang="ru" trans="google">Я лично полагаю, что независимо от того, насколько широко они говорят, каждый язык должен быть защищен от исчез.</edu>
  <edu id="e4" lang="en">There are several reasons why saving regional languages could be seen as a waste of money.</edu>
  <edu id="e4" lang="ru" trans="google">Есть несколько причин, почему сохранение региональных языков можно было увидеть, как пустая трата денег.</edu>
  <edu id="e5" lang="en">Firstly, we need to consider that if the government expands the use scope of that languages, it can be really expensive.</edu>
  <edu id="e5" lang="ru" trans="google">Во-первых, мы должны учитывать, что если правительство расширяет сферу использования, что языки, это может быть очень дорогим.</edu>
  <edu id="e6" lang="en">Because educational programmes will need to be given so as to keep young people learning and using them.</edu>
  <edu id="e6" lang="ru" trans="google">Поскольку образовательные программы должны быть даны для того, чтобы держать молодых людей учиться и использовать их.</edu>
  <edu id="e7" lang="en">For example, some certain areas in the Southern Vietnam have been trying to help their secondary school students who are originally from khmer people speak their language beside Vietnamese.</edu>
  <edu id="e7" lang="ru" trans="google">Например, некоторые определенные области в Южном Вьетнаме пытаются помочь студентам средней школы, которые родом из кхмерских людей говорить на их языке рядом с вьетнамцами.</edu>
  <edu id="e8" lang="en">So the local government has recently struggled with their costly investments on language teachers, facilities and appropriate materials.</edu>
  <edu id="e8" lang="ru" trans="google">Таким образом, местные власти недавно боролись с их дорогостоящими инвестициями на преподавателей иностранных языков, объектов и соответствующих материалов.</edu>
  <edu id="e9" lang="en">Secondly, it is obvious that in many aspects such as communication, trade, cooperation as well as transaction, it will be absolutely easier for the whole society to work together in one language only.</edu>
  <edu id="e9" lang="ru" trans="google">Во-вторых, очевидно, что во многих аспектах, таких как связь, торговля, сотрудничество, а также сделки, это будет абсолютно проще всего общества к совместной работе только на одном языке.</edu>
  <edu id="e10" lang="en">Despite of the above arguments, i still strongly believe that the government should try to preserve minority languages.</edu>
  <edu id="e10" lang="ru" trans="google">Несмотря на приведенные выше рассуждения, я по-прежнему твердо убеждены в том, что правительство должно попытаться сохранить языки меньшинств.</edu>
  <edu id="e11" lang="en">This is because language can be seen as much more than just one method of communication.</edu>
  <edu id="e11" lang="ru" trans="google">Это происходит потому, что язык можно рассматривать как нечто большее, чем просто один способ общения.</edu>
  <edu id="e12" lang="en">In addition, forming a language must be undergone thousands of years.</edu>
  <edu id="e12" lang="ru" trans="google">Кроме того, формирование языка должна быть претерпели тысячи лет.</edu>
  <edu id="e13" lang="en">Thus, it deserves to be respected and preserved.</edu>
  <edu id="e13" lang="ru" trans="google">Таким образом, он заслуживает того, чтобы уважать и сохранять.</edu>
  <edu id="e14" lang="en">Last but not least, language is one of the essential factors creating the differences and unique cutures in the world.</edu>
  <edu id="e14" lang="ru" trans="google">И последнее, но не в последнюю очередь, язык является одним из основных факторов, создающих различия и уникальные cutures в мире.</edu>
  <edu id="e15" lang="en">Therefore, saving the use of that kinds of languages in this case generally is the most important element of the cultural diversity's preservation.</edu>
  <edu id="e15" lang="ru" trans="google">Поэтому, экономя использование этого вида языков в данном случае обычно является наиболее важным элементом сохранения культурного разнообразия в.</edu>
  <edu id="e16" lang="en">In conclusion, although letting languages spoken by ethnic minorities be extinct seems to be very beneficial.</edu>
  <edu id="e16" lang="ru" trans="google">В заключение, хотя давая Языковое этнические меньшинства вымершим представляется весьма полезным.</edu>
  <edu id="e17" lang="en">it will definitely impact seriously on many other aspects especially in the loss of our cultural heritages.</edu>
  <edu id="e17" lang="ru" trans="google">это, безусловно, повлияет серьезно на многих других аспектах, особенно в потере наших культурных наследий.</edu>
  <adu id="a1" type="neut"/>
  <adu id="a2" type="neut"/>
  <adu id="a3" type="mcl"/>
  <adu id="a4" type="opp"/>
  <adu id="a5" type="opp"/>
  <adu id="a6" type="opp"/>
  <adu id="a7" type="opp"/>
  <adu id="a8" type="opp"/>
  <adu id="a9" type="opp"/>
  <adu id="a10" type="pro"/>
  <adu id="a11" type="pro"/>
  <adu id="a12" type="pro"/>
  <adu id="a13" type="pro"/>
  <adu id="a14" type="pro"/>
  <adu id="a15" type="pro"/>
  <adu id="a16" type="opp"/>
  <adu id="a17" type="mcl"/>
  <edge id="c18" src="e1" trg="a1" type="seg"/>
  <edge id="c19" src="e2" trg="a2" type="seg"/>
  <edge id="c20" src="e3" trg="a3" type="seg"/>
  <edge id="c21" src="e4" trg="a4" type="seg"/>
  <edge id="c22" src="e5" trg="a5" type="seg"/>
  <edge id="c23" src="e6" trg="a6" type="seg"/>
  <edge id="c24" src="e7" trg="a7" type="seg"/>
  <edge id="c25" src="e8" trg="a8" type="seg"/>
  <edge id="c26" src="e9" trg="a9" type="seg"/>
  <edge id="c27" src="e10" trg="a10" type="seg"/>
  <edge id="c28" src="e11" trg="a11" type="seg"/>
  <edge id="c29" src="e12" trg="a12" type="seg"/>
  <edge id="c30" src="e13" trg="a13" type="seg"/>
  <edge id="c31" src="e14" trg="a14" type="seg"/>
  <edge id="c32" src="e15" trg="a15" type="seg"/>
  <edge id="c33" src="e16" trg="a16" type="seg"/>
  <edge id="c34" src="e17" trg="a17" type="seg"/>
  <edge id="c1" src="a4" trg="a3" type="reb"/>
  <edge id="c2" src="a4" trg="a17" type="reb"/>
  <edge id="c3" src="a5" trg="a4" type="sup"/>
  <edge id="c4" src="a6" trg="a5" type="sup"/>
  <edge id="c5" src="a7" trg="a8" type="exa"/>
  <edge id="c6" src="a8" trg="a5" type="sup"/>
  <edge id="c7" src="a9" trg="a3" type="reb"/>
  <edge id="c8" src="a9" trg="a17" type="reb"/>
  <edge id="c9" src="a10" trg="a3" type="sup"/>
  <edge id="c10" src="a10" trg="a17" type="sup"/>
  <edge id="c11" src="a11" trg="a10" type="sup"/>
  <edge id="c12" src="a12" trg="a13" type="sup"/>
  <edge id="c13" src="a13" trg="a10" type="sup"/>
  <edge id="c14" src="a14" trg="a15" type="sup"/>
  <edge id="c15" src="a15" trg="a10" type="sup"/>
  <edge id="c16" src="a16" trg="a3" type="reb"/>
  <edge id="c17" src="a16" trg="a17" type="reb"/>
</arggraph>
