<?xml version='1.0' encoding='UTF-8'?>
<arggraph id="micro_e351" stance="pro" topic_id="Young adults preference on how long they should live with their parents before moving out" topic_ru="Молодые взрослые предпочтения о том, как долго они должны жить со своими родителями, прежде чем перейти из">
  <edu id="e1" lang="en">As young people gets older they tend to seek more freedom and want to live on their own.</edu>
  <edu id="e1" lang="ru" trans="google">Как молодые люди становится старше, они, как правило, стремятся к большей свободе и хотят жить сами по себе.</edu>
  <edu id="e2" lang="en">But, the issue of what is the right age for young adults to leave their parents and start living on their own is a contentious one.</edu>
  <edu id="e2" lang="ru" trans="google">Но вопрос о том, что это подходящий возраст для молодых людей, чтобы оставить своих родителей и начать жить самостоятельно, является спорным один.</edu>
  <edu id="e3" lang="en">Personally, I believe that young adults should live with their parents for a longer period of time.</edu>
  <edu id="e3" lang="ru" trans="google">Лично я считаю, что молодые люди должны жить со своими родителями в течение более длительного периода времени.</edu>
  <edu id="e4" lang="en">Living on your own is a huge financial commitment.</edu>
  <edu id="e4" lang="ru" trans="google">Жизнь на своем собственном огромные финансовые обязательства.</edu>
  <edu id="e5" lang="en">At younger age people are less likely to get a high paying job.</edu>
  <edu id="e5" lang="ru" trans="google">В молодом возрасте люди имеют меньше шансов получить высокооплачиваемую работу.</edu>
  <edu id="e6" lang="en">So It can be a difficult task to pay for rent, food, utilities and other expenses to sustain yourself.</edu>
  <edu id="e6" lang="ru" trans="google">Таким образом, это может быть трудной задачей платить за аренду, продукты питания, коммунальные услуги и другие расходы, чтобы прокормиться.</edu>
  <edu id="e7" lang="en">So, I believe that living with parents is a wise choice for adults until they get a head start to their professional career with a reasonable income.</edu>
  <edu id="e7" lang="ru" trans="google">Таким образом, я считаю, что жить с родителями является разумным выбором для взрослых, пока они не получат фору в свою профессиональную карьеру, с разумным доходом.</edu>
  <edu id="e8" lang="en">Another advantage of living with parents for a longer period of time is the enhanced emotional attachment with them.</edu>
  <edu id="e8" lang="ru" trans="google">Еще одно преимущество жизни с родителями в течение более длительного периода времени является повышенная эмоциональная привязанность с ними.</edu>
  <edu id="e9" lang="en">Parents have valuable advice to their children as they go through the changes in their adult life.</edu>
  <edu id="e9" lang="ru" trans="google">Родители имеют ценные советы своим детям, как они идут через изменения в их взрослой жизни.</edu>
  <edu id="e10" lang="en">Living together develops the environment of discussing adult's physiological and psychological changes face to face with their parents.</edu>
  <edu id="e10" lang="ru" trans="google">Жить вместе развивает среду обсуждения физиологических и психологических изменений лица взрослого к лицу со своими родителями.</edu>
  <edu id="e11" lang="en">Young adults will feel reluctant to discuss such problems with their parents if they move out and live on their own, and thus missing the valuable input of their parents.</edu>
  <edu id="e11" lang="ru" trans="google">Молодые люди будут чувствовать себя неохотно обсуждать такие проблемы со своими родителями, если они съехать и жить сами по себе, и, таким образом, отсутствует ценный вклад их родителей.</edu>
  <edu id="e12" lang="en">While some critics may argue that, young adults living with parents will not be free to do what they want.</edu>
  <edu id="e12" lang="ru" trans="google">В то время как некоторые критики могут возразить, что молодые люди, живущие с родителями, не будут свободны делать то, что они хотят.</edu>
  <edu id="e13" lang="en">However, I believe that most young adults are inclined to take unprecedented advantages of the freedom they have.</edu>
  <edu id="e13" lang="ru" trans="google">Тем не менее, я считаю, что большинство молодых людей склонны принимать беспрецедентные преимущества свободы, которую они имеют.</edu>
  <edu id="e14" lang="en">It is good thing if living with parents does not give freedom for young people to party all night, smoke or do drugs.</edu>
  <edu id="e14" lang="ru" trans="google">Это хорошо, если живут с родителями, не дает свободу для молодых людей веселиться всю ночь, курить или делать наркотики.</edu>
  <edu id="e15" lang="en">In a nutshell, I believe that young adults should only consider living on their own only after they are sure they could sustain on their own.</edu>
  <edu id="e15" lang="ru" trans="google">В двух словах, я считаю, что молодые люди должны рассматривать только жить самостоятельно только после того, как они уверены, что они могут поддерживать на своих собственных.</edu>
  <edu id="e16" lang="en">It is unwise to trade the opportunity of living with parents for a longer period of time for some late night parties or drugs.</edu>
  <edu id="e16" lang="ru" trans="google">Неразумно торговать возможность жить с родителями в течение более длительного периода времени для некоторых ночных вечеринок или наркотиков.</edu>
  <edu id="e17" lang="en">Thus, to cope with the physiological and psychological changes of adult life, to make financial life a less struggle and to prevent oneself digress from their destined path, it is important for young adults to live with their parents for a longer period of time.</edu>
  <edu id="e17" lang="ru" trans="google">Таким образом, чтобы справиться с физиологическими и психологическими изменениями взрослой жизни, чтобы сделать финансовую жизнь менее борьба и предотвратить себя отвлекся от своего пути, предназначенного, это важно для молодых людей, чтобы жить со своими родителями в течение более длительного периода времени.</edu>
  <adu id="a1" type="neut"/>
  <adu id="a2" type="neut"/>
  <adu id="a3" type="mcl"/>
  <adu id="a4" type="pro"/>
  <adu id="a5" type="pro"/>
  <adu id="a6" type="pro"/>
  <adu id="a7" type="pro"/>
  <adu id="a8" type="pro"/>
  <adu id="a9" type="pro"/>
  <adu id="a10" type="pro"/>
  <adu id="a11" type="pro"/>
  <adu id="a12" type="opp"/>
  <adu id="a13" type="pro"/>
  <adu id="a14" type="pro"/>
  <adu id="a15" type="pro"/>
  <adu id="a16" type="pro"/>
  <adu id="a17" type="mcl"/>
  <edge id="c18" src="e1" trg="a1" type="seg"/>
  <edge id="c19" src="e2" trg="a2" type="seg"/>
  <edge id="c20" src="e3" trg="a3" type="seg"/>
  <edge id="c21" src="e4" trg="a4" type="seg"/>
  <edge id="c22" src="e5" trg="a5" type="seg"/>
  <edge id="c23" src="e6" trg="a6" type="seg"/>
  <edge id="c24" src="e7" trg="a7" type="seg"/>
  <edge id="c25" src="e8" trg="a8" type="seg"/>
  <edge id="c26" src="e9" trg="a9" type="seg"/>
  <edge id="c27" src="e10" trg="a10" type="seg"/>
  <edge id="c28" src="e11" trg="a11" type="seg"/>
  <edge id="c29" src="e12" trg="a12" type="seg"/>
  <edge id="c30" src="e13" trg="a13" type="seg"/>
  <edge id="c31" src="e14" trg="a14" type="seg"/>
  <edge id="c32" src="e15" trg="a15" type="seg"/>
  <edge id="c33" src="e16" trg="a16" type="seg"/>
  <edge id="c34" src="e17" trg="a17" type="seg"/>
  <edge id="c1" src="a4" trg="a7" type="sup"/>
  <edge id="c2" src="a5" trg="a6" type="sup"/>
  <edge id="c3" src="a6" trg="a7" type="sup"/>
  <edge id="c4" src="a7" trg="a3" type="sup"/>
  <edge id="c5" src="a7" trg="a17" type="sup"/>
  <edge id="c6" src="a8" trg="a3" type="sup"/>
  <edge id="c7" src="a8" trg="a17" type="sup"/>
  <edge id="c8" src="a9" trg="a8" type="sup"/>
  <edge id="c9" src="a10" trg="a8" type="sup"/>
  <edge id="c10" src="a11" trg="a8" type="sup"/>
  <edge id="c11" src="a12" trg="a3" type="reb"/>
  <edge id="c12" src="a12" trg="a17" type="reb"/>
  <edge id="c13" src="a13" trg="a12" type="reb"/>
  <edge id="c14" src="a14" trg="a12" type="reb"/>
  <edge id="c15" src="a15" trg="a3" type="sup"/>
  <edge id="c16" src="a15" trg="a17" type="sup"/>
  <edge id="c17" src="a16" trg="a15" type="sup"/>
</arggraph>
