<?xml version='1.0' encoding='UTF-8'?>
<arggraph id="micro_e151" stance="pro" topic_id="True function of a university" topic_ru="Истинная функция университета">
  <edu id="e1" lang="en">Universities have quickly become the places to go when people seek to further develop their expertise.</edu>
  <edu id="e1" lang="ru" trans="google">Университеты быстро стали местами, чтобы идти, когда люди стремятся к дальнейшему развитию их опыта.</edu>
  <edu id="e2" lang="en">Whether this really suits the needs of their potential employers is highly unlikely as universities nowadays have evolved as a domain of experts: where more and more is known about less and less.</edu>
  <edu id="e2" lang="ru" trans="google">Является ли это на самом деле отвечает потребностям их потенциальных работодателей весьма маловероятно, поскольку университеты в настоящее время превратились в области специалистов: где все больше и больше известно о все меньше и меньше.</edu>
  <edu id="e3" lang="en">Nevertheless, among the vast range of choices offered there are often some training courses that have direct implications on job-seeking and other aspects in everyday life.</edu>
  <edu id="e3" lang="ru" trans="google">Тем не менее, среди огромного количества вариантов предлагаются часто есть некоторые учебные курсы, которые имеют непосредственное влияние на поиске работы и другие аспекты в повседневной жизни.</edu>
  <edu id="e4" lang="en">However, although I respect the universities' aim of providing such courses to develop skills required for work and support their cause, I do not believe it is the main or best function of a university.</edu>
  <edu id="e4" lang="ru" trans="google">Тем не менее, хотя я уважаю цели в университетах предоставление таких курсов развивать навыки, необходимые для работы и поддержки их дела, я не считаю, что это является основной или лучше функцией университета.</edu>
  <edu id="e5" lang="en">A university, in common sense, is a medium for conveying or providing access to knowledge.</edu>
  <edu id="e5" lang="ru" trans="google">Университет, в общем смысле, является средством для передачи или предоставления доступа к знаниям.</edu>
  <edu id="e6" lang="en">What is meant by this is that students are the ones universities should really cater for, not the employers.</edu>
  <edu id="e6" lang="ru" trans="google">Что под этим подразумевается, что студенты являются те университеты действительно должны обслуживать, а не работодателей.</edu>
  <edu id="e7" lang="en">As students are the ones here to seek knowledge.</edu>
  <edu id="e7" lang="ru" trans="google">Как студенты те здесь искать знания.</edu>
  <edu id="e8" lang="en">High school graduates choose to further educate themselves in universities because of all different reasons: a degree that's more widely accepted, gain knowledge and insight into an industry, or simply deepen their research interests in a certain field.</edu>
  <edu id="e8" lang="ru" trans="google">Абитуриенты выбирают для дальнейшего самообразованию в университетах из-за самых разных причин: степени, что это более широкое признание, получают знания и понимание в отрасли, или просто углубить свои научные интересы в определенной области.</edu>
  <edu id="e9" lang="en">On the other hand, universities are regarded as institutions where abundant educational resources gather.</edu>
  <edu id="e9" lang="ru" trans="google">С другой стороны, университеты рассматриваются как учреждения, где собираются богатые образовательные ресурсы.</edu>
  <edu id="e10" lang="en">It is, therefore, not necessary for a certain course or type of training to be offered to the students by a university, but instead, these must be made available when needed.</edu>
  <edu id="e10" lang="ru" trans="google">Это, следовательно, нет необходимости в течение определенного курса или типа обучения, которые будут предложены студентам по университету, но вместо этого, они должны быть доступны, когда это необходимо.</edu>
  <edu id="e11" lang="en">So the truth lies somewhere closer to the fact that a university should provide access to information, rather than offer selected courses that are suitable for employers' taste.</edu>
  <edu id="e11" lang="ru" trans="google">Так истина лежит где-то ближе к тому, что университет должен обеспечить доступ к информации, а не предлагают выбирают курсы, которые подходят для вкуса работодателей.</edu>
  <edu id="e12" lang="en">In conclusion, the main function of a university remains as the provision of knowledge and access to resources.</edu>
  <edu id="e12" lang="ru" trans="google">В заключение отметим, что основной функцией университета остается предоставление знаний и доступа к ресурсам.</edu>
  <edu id="e13" lang="en">It would be helpful, however, if certain courses concerning workplace skills can also be made available to students to help shape their futures.</edu>
  <edu id="e13" lang="ru" trans="google">Было бы полезно, однако, если некоторые курсы, касающиеся навыков на рабочем месте могут быть также доступны для студентов, чтобы помочь сформировать их будущее.</edu>
  <adu id="a1" type="neut"/>
  <adu id="a2" type="neut"/>
  <adu id="a3" type="neut"/>
  <adu id="a4" type="neut"/>
  <adu id="a5" type="pro"/>
  <adu id="a6" type="pro"/>
  <adu id="a7" type="pro"/>
  <adu id="a8" type="pro"/>
  <adu id="a9" type="pro"/>
  <adu id="a10" type="pro"/>
  <adu id="a11" type="pro"/>
  <adu id="a12" type="mcl"/>
  <adu id="a13" type="neut"/>
  <edge id="c8" src="e1" trg="a1" type="seg"/>
  <edge id="c9" src="e2" trg="a2" type="seg"/>
  <edge id="c10" src="e3" trg="a3" type="seg"/>
  <edge id="c11" src="e4" trg="a4" type="seg"/>
  <edge id="c12" src="e5" trg="a5" type="seg"/>
  <edge id="c13" src="e6" trg="a6" type="seg"/>
  <edge id="c14" src="e7" trg="a7" type="seg"/>
  <edge id="c15" src="e8" trg="a8" type="seg"/>
  <edge id="c16" src="e9" trg="a9" type="seg"/>
  <edge id="c17" src="e10" trg="a10" type="seg"/>
  <edge id="c18" src="e11" trg="a11" type="seg"/>
  <edge id="c19" src="e12" trg="a12" type="seg"/>
  <edge id="c20" src="e13" trg="a13" type="seg"/>
  <edge id="c1" src="a5" trg="a12" type="sup"/>
  <edge id="c2" src="a6" trg="a5" type="sup"/>
  <edge id="c3" src="a7" trg="a6" type="sup"/>
  <edge id="c4" src="a8" trg="a5" type="sup"/>
  <edge id="c5" src="a9" trg="a11" type="sup"/>
  <edge id="c6" src="a10" trg="a11" type="sup"/>
  <edge id="c7" src="a11" trg="a12" type="sup"/>
</arggraph>
