<?xml version='1.0' encoding='UTF-8'?>
<arggraph id="micro_e91" stance="pro" topic_id="The ability to relate well to people is more important" topic_ru="Способность хорошо относиться к людям, является более важной">
  <edu id="e1" lang="en">I think that No factor is important enough by itself to succeed in any situations.</edu>
  <edu id="e1" lang="ru" trans="google">Я думаю, что нет фактор не важен сам по себе достаточно, чтобы добиться успеха в любых ситуациях.</edu>
  <edu id="e2" lang="en">We should consider many factors and choose the best of them.</edu>
  <edu id="e2" lang="ru" trans="google">Мы должны учитывать множество факторов и выбрать лучший из них.</edu>
  <edu id="e3" lang="en">I believe that both the ability to relate well to people and studying hard in school are important for success in a future job.</edu>
  <edu id="e3" lang="ru" trans="google">Я считаю, что как способность хорошо относиться к людям и изучать трудно в школе очень важны для успеха в работе в будущем.</edu>
  <edu id="e4" lang="en">For following reasons: We need to know and learn about the theoritical basis of our future job.</edu>
  <edu id="e4" lang="ru" trans="google">По следующим причинам: Мы должны знать и узнать о теоретической основе нашей будущей работы.</edu>
  <edu id="e5" lang="en">This can be done in school.</edu>
  <edu id="e5" lang="ru" trans="google">Это может быть сделано в школе.</edu>
  <edu id="e6" lang="en">In school, we are able to identify skills required for our future job and work on mastering and learning them.</edu>
  <edu id="e6" lang="ru" trans="google">В школе, мы можем определить навыки, необходимые для нашей будущей работы и работы по усвоению и обучения их.</edu>
  <edu id="e7" lang="en">If we study them hard, we will have the chance of doing our job better and quicker in the future.</edu>
  <edu id="e7" lang="ru" trans="google">Если мы будем изучать их трудно, мы будем иметь возможность делать свою работу лучше и быстрее в будущем.</edu>
  <edu id="e8" lang="en">For example, if someone wants to become a good industrial engineer, he should study his technical courses very well so that he will be able to utilize them well in his future job.</edu>
  <edu id="e8" lang="ru" trans="google">Например, если кто-то хочет, чтобы стать хорошим промышленным инженером, он должен изучить его технические курсы очень хорошо, так что он будет иметь возможность использовать их хорошо в своей будущей работе.</edu>
  <edu id="e9" lang="en">As you can see, studying hard in school is an important factor to succeed in a job.</edu>
  <edu id="e9" lang="ru" trans="google">Как вы можете видеть, изучая трудно в школе является важным фактором для достижения успеха в работе.</edu>
  <edu id="e10" lang="en">One of the other factors for success in a future job is effective commuincation.</edu>
  <edu id="e10" lang="ru" trans="google">Одним из других факторов успеха в работе будущего является эффективной коммуникацией.</edu>
  <edu id="e11" lang="en">By relating well to people, we are likely to have a lot of friends.</edu>
  <edu id="e11" lang="ru" trans="google">К хорошо относящиеся к людям, мы, вероятно, имеет много друзей.</edu>
  <edu id="e12" lang="en">And therefore we will have a wide network of communication.</edu>
  <edu id="e12" lang="ru" trans="google">И поэтому мы имеем широкую сеть связи.</edu>
  <edu id="e13" lang="en">Commuincation can bring many benefits.</edu>
  <edu id="e13" lang="ru" trans="google">Связь может принести много пользы.</edu>
  <edu id="e14" lang="en">For example, if you need help with getting a job, by commuincating with people offering jobs whom you treat well.</edu>
  <edu id="e14" lang="ru" trans="google">Например, если вам нужна помощь получить работу, общаясь с людьми, предлагая работу которых вы хорошо лечить.</edu>
  <edu id="e15" lang="en">And therefore they respect you as well, you can achieve your goal.</edu>
  <edu id="e15" lang="ru" trans="google">И поэтому они уважают вас, как хорошо, вы можете достичь своей цели.</edu>
  <edu id="e16" lang="en">Or, if you are a salesman in a store or any other place, by relating well to your customers, you will increase the chance of their coming back again and becoming your regular customers.</edu>
  <edu id="e16" lang="ru" trans="google">Или, если вы продавец в магазине или любом другом месте, хорошо относящиеся к своим клиентам, вы увеличите вероятность их возвращаться снова и стать Вашими постоянными клиентами.</edu>
  <edu id="e17" lang="en">So, relating well to people is also another important factor.</edu>
  <edu id="e17" lang="ru" trans="google">Так, хорошо относящийся к людям еще один важный фактор.</edu>
  <edu id="e18" lang="en">In sum, though some people may disagree with me, as I explained my reasons and examples above, none of those factors are important and sufficient enough by themselves and we should notice to both of them.</edu>
  <edu id="e18" lang="ru" trans="google">В целом, хотя некоторые люди могут не согласиться со мной, как я объяснил свои причины и примеры выше, ни один из этих факторов не являются важными и достаточно достаточно самим по себе, и мы должны обратить внимание на них обоих.</edu>
  <edu id="e19" lang="en">Because each of them has its own benefits.</edu>
  <edu id="e19" lang="ru" trans="google">Поскольку каждый из них имеет свои преимущества.</edu>
  <adu id="a1" type="neut"/>
  <adu id="a2" type="neut"/>
  <adu id="a3" type="mcl"/>
  <adu id="a4" type="pro"/>
  <adu id="a5" type="pro"/>
  <adu id="a6" type="pro"/>
  <adu id="a7" type="pro"/>
  <adu id="a8" type="pro"/>
  <adu id="a9" type="pro"/>
  <adu id="a10" type="pro"/>
  <adu id="a11" type="pro"/>
  <adu id="a12" type="pro"/>
  <adu id="a13" type="pro"/>
  <adu id="a14" type="pro"/>
  <adu id="a15" type="pro"/>
  <adu id="a16" type="pro"/>
  <adu id="a17" type="pro"/>
  <adu id="a18" type="mcl"/>
  <adu id="a19" type="pro"/>
  <edge id="c19" src="e1" trg="a1" type="seg"/>
  <edge id="c20" src="e2" trg="a2" type="seg"/>
  <edge id="c21" src="e3" trg="a3" type="seg"/>
  <edge id="c22" src="e4" trg="a4" type="seg"/>
  <edge id="c23" src="e5" trg="a5" type="seg"/>
  <edge id="c24" src="e6" trg="a6" type="seg"/>
  <edge id="c25" src="e7" trg="a7" type="seg"/>
  <edge id="c26" src="e8" trg="a8" type="seg"/>
  <edge id="c27" src="e9" trg="a9" type="seg"/>
  <edge id="c28" src="e10" trg="a10" type="seg"/>
  <edge id="c29" src="e11" trg="a11" type="seg"/>
  <edge id="c30" src="e12" trg="a12" type="seg"/>
  <edge id="c31" src="e13" trg="a13" type="seg"/>
  <edge id="c32" src="e14" trg="a14" type="seg"/>
  <edge id="c33" src="e15" trg="a15" type="seg"/>
  <edge id="c34" src="e16" trg="a16" type="seg"/>
  <edge id="c35" src="e17" trg="a17" type="seg"/>
  <edge id="c36" src="e18" trg="a18" type="seg"/>
  <edge id="c37" src="e19" trg="a19" type="seg"/>
  <edge id="c1" src="a4" trg="a9" type="sup"/>
  <edge id="c2" src="a5" trg="a9" type="sup"/>
  <edge id="c3" src="a6" trg="a9" type="sup"/>
  <edge id="c4" src="a7" trg="a9" type="sup"/>
  <edge id="c5" src="a8" trg="a9" type="exa"/>
  <edge id="c6" src="a9" trg="a3" type="sup"/>
  <edge id="c7" src="a9" trg="a18" type="sup"/>
  <edge id="c8" src="a10" trg="a17" type="sup"/>
  <edge id="c9" src="a11" trg="a12" type="sup"/>
  <edge id="c10" src="a12" trg="a17" type="sup"/>
  <edge id="c11" src="a13" trg="a17" type="sup"/>
  <edge id="c12" src="a14" trg="a15" type="exa"/>
  <edge id="c13" src="a15" trg="a17" type="sup"/>
  <edge id="c14" src="a16" trg="a17" type="sup"/>
  <edge id="c15" src="a17" trg="a3" type="sup"/>
  <edge id="c16" src="a17" trg="a18" type="sup"/>
  <edge id="c17" src="a19" trg="a3" type="sup"/>
  <edge id="c18" src="a19" trg="a18" type="sup"/>
</arggraph>
