<?xml version='1.0' encoding='UTF-8'?>
<arggraph id="micro_e145" stance="pro" topic_id="International sporting occasions help to ease international tensions" topic_ru="Международные спортивные случаи помогают ослабить международную напряженность">
  <edu id="e1" lang="en">International sporting events are a good change to create a multi-nation community of fans having the same passion.</edu>
  <edu id="e1" lang="ru" trans="google">Международные спортивные события изменения хороши для создания мульти-нации сообщества поклонников, имеющих ту же страсть.</edu>
  <edu id="e2" lang="en">It will help people around the world understand each other more.</edu>
  <edu id="e2" lang="ru" trans="google">Это поможет людям по всему миру понимать друг друга.</edu>
  <edu id="e3" lang="en">Since, international sporting occasions are essential in easing international tensions and releasing patriotic emotions in a safe way.</edu>
  <edu id="e3" lang="ru" trans="google">Поскольку международные спортивные случаи играют важные роль в ослаблении международной напряженности и отпускании патриотических эмоций безопасным способом.</edu>
  <edu id="e4" lang="en">An international sporting event is normal held in a country with huge interest from fans all over the world.</edu>
  <edu id="e4" lang="ru" trans="google">Международное спортивное мероприятие проводится в нормальной стране с огромным интересом со стороны болельщиков во всем мире.</edu>
  <edu id="e5" lang="en">For the time of occasions, people regardless of nationality, origin and religion will live together.</edu>
  <edu id="e5" lang="ru" trans="google">За время случаев, люди, независимо от национальности, происхождения и религии будут жить вместе.</edu>
  <edu id="e6" lang="en">People can understand more about a country.</edu>
  <edu id="e6" lang="ru" trans="google">Люди могут понять больше о стране.</edu>
  <edu id="e7" lang="en">it is useful to ease tensions between nations.</edu>
  <edu id="e7" lang="ru" trans="google">это полезно, чтобы ослабить напряженность в отношениях между странами.</edu>
  <edu id="e8" lang="en">For example in FIFA World Cup 2010, the relation between North Korea and South Korea is dangerous for the warship sinking.</edu>
  <edu id="e8" lang="ru" trans="google">Например, в ЧМ-2010, связь между Северной и Южной Кореей опасно для военного корабля тонуть.</edu>
  <edu id="e9" lang="en">The world suspected North Korea of the aggressive action.</edu>
  <edu id="e9" lang="ru" trans="google">Мир подозревал Северную Корею от агрессивного действия.</edu>
  <edu id="e10" lang="en">However, due to this event North Korea showed a friendship and enthuasism.</edu>
  <edu id="e10" lang="ru" trans="google">Однако, в связи с этим событием в Северной Корее показали дружбу и энтузиазм.</edu>
  <edu id="e11" lang="en">It is rare times when people can learn about this country.</edu>
  <edu id="e11" lang="ru" trans="google">Это редкие времена, когда люди могут узнать об этой стране.</edu>
  <edu id="e12" lang="en">It really help to alleviate the tension.</edu>
  <edu id="e12" lang="ru" trans="google">Это действительно помогает смягчить напряженность.</edu>
  <edu id="e13" lang="en">Besides easing tensions, an international sporting event also helps fans release patriotic emotions in a safe way.</edu>
  <edu id="e13" lang="ru" trans="google">Кроме того, ослабление напряженности, международное спортивное мероприятие также помогает поклонников выпускать патриотические эмоции безопасным способом.</edu>
  <edu id="e14" lang="en">When they garther together to encourage their team, they will show their patriotic emotions.</edu>
  <edu id="e14" lang="ru" trans="google">Когда они собираются вместе, чтобы стимулировать свою команду, они будут показывать свои патриотические чувства.</edu>
  <edu id="e15" lang="en">Regardless of the competition between teams, their emotions are always released in a safe way due to the sole passion of the sport.</edu>
  <edu id="e15" lang="ru" trans="google">Вне зависимости от конкуренции между командами, их эмоции всегда освобождены безопасным способом из-за единственной страстью к спорту.</edu>
  <edu id="e16" lang="en">Moreover, all fans know that a sport event will attract the attention of whole the world and a lot of public media.</edu>
  <edu id="e16" lang="ru" trans="google">Кроме того, все болельщики знают, что спортивное событие привлечет внимание всего мира и много государственных средств массовой информации.</edu>
  <edu id="e17" lang="en">They will try to create a beautiful image about their land and people.</edu>
  <edu id="e17" lang="ru" trans="google">Они будут пытаться создать красивое изображение о своей земле и людях.</edu>
  <edu id="e18" lang="en">In Olympic Beijing 2008, Chinese tried thier best to bring the world a spectacular image about their country.</edu>
  <edu id="e18" lang="ru" trans="google">В олимпийском Пекине 2008 года, китайский старались принести миру эффектного имиджа о своей стране.</edu>
  <edu id="e19" lang="en">First of all, foreigners came here always received the support of friendly volunteers who were young students.</edu>
  <edu id="e19" lang="ru" trans="google">Прежде всего, иностранцы пришли сюда всегда получали поддержку дружественных добровольцев, которые были молодыми студентами.</edu>
  <edu id="e20" lang="en">They were welcomed by each Chinese hospitality, beauty in each cities.</edu>
  <edu id="e20" lang="ru" trans="google">Они приветствовали каждое китайское гостеприимство, красотой в каждых городах.</edu>
  <edu id="e21" lang="en">Everythings is created by patriotic emotions of Chinese who wanted to bring a beautiful China to the world.</edu>
  <edu id="e21" lang="ru" trans="google">Everythings создается патриотические чувства китайцев, которые хотели принести красивый Китай в мире.</edu>
  <edu id="e22" lang="en">In conclusion, International sporting events will draw the international concern.</edu>
  <edu id="e22" lang="ru" trans="google">В заключение, международные спортивные мероприятия привлекут озабоченность международного сообщества.</edu>
  <edu id="e23" lang="en">It will make the world more peaceful by easing internation tensions and releasing patriotic emotions in a safe way.</edu>
  <edu id="e23" lang="ru" trans="google">Это сделает мир более мирным путем ослабления международной напряженности и отпускания патриотических эмоций безопасным способом.</edu>
  <adu id="a1" type="neut"/>
  <adu id="a2" type="neut"/>
  <adu id="a3" type="mcl"/>
  <adu id="a4" type="pro"/>
  <adu id="a5" type="pro"/>
  <adu id="a6" type="pro"/>
  <adu id="a7" type="pro"/>
  <adu id="a8" type="pro"/>
  <adu id="a9" type="pro"/>
  <adu id="a10" type="pro"/>
  <adu id="a11" type="pro"/>
  <adu id="a12" type="pro"/>
  <adu id="a13" type="pro"/>
  <adu id="a14" type="pro"/>
  <adu id="a15" type="pro"/>
  <adu id="a16" type="pro"/>
  <adu id="a17" type="pro"/>
  <adu id="a18" type="pro"/>
  <adu id="a19" type="pro"/>
  <adu id="a20" type="pro"/>
  <adu id="a21" type="pro"/>
  <adu id="a22" type="pro"/>
  <adu id="a23" type="mcl"/>
  <edge id="c23" src="e1" trg="a1" type="seg"/>
  <edge id="c24" src="e2" trg="a2" type="seg"/>
  <edge id="c25" src="e3" trg="a3" type="seg"/>
  <edge id="c26" src="e4" trg="a4" type="seg"/>
  <edge id="c27" src="e5" trg="a5" type="seg"/>
  <edge id="c28" src="e6" trg="a6" type="seg"/>
  <edge id="c29" src="e7" trg="a7" type="seg"/>
  <edge id="c30" src="e8" trg="a8" type="seg"/>
  <edge id="c31" src="e9" trg="a9" type="seg"/>
  <edge id="c32" src="e10" trg="a10" type="seg"/>
  <edge id="c33" src="e11" trg="a11" type="seg"/>
  <edge id="c34" src="e12" trg="a12" type="seg"/>
  <edge id="c35" src="e13" trg="a13" type="seg"/>
  <edge id="c36" src="e14" trg="a14" type="seg"/>
  <edge id="c37" src="e15" trg="a15" type="seg"/>
  <edge id="c38" src="e16" trg="a16" type="seg"/>
  <edge id="c39" src="e17" trg="a17" type="seg"/>
  <edge id="c40" src="e18" trg="a18" type="seg"/>
  <edge id="c41" src="e19" trg="a19" type="seg"/>
  <edge id="c42" src="e20" trg="a20" type="seg"/>
  <edge id="c43" src="e21" trg="a21" type="seg"/>
  <edge id="c44" src="e22" trg="a22" type="seg"/>
  <edge id="c45" src="e23" trg="a23" type="seg"/>
  <edge id="c1" src="a4" trg="a12" type="sup"/>
  <edge id="c2" src="a5" trg="a12" type="sup"/>
  <edge id="c3" src="a6" trg="a12" type="sup"/>
  <edge id="c4" src="a7" trg="a12" type="sup"/>
  <edge id="c5" src="a8" trg="a12" type="sup"/>
  <edge id="c6" src="a9" trg="a12" type="sup"/>
  <edge id="c7" src="a10" trg="a12" type="sup"/>
  <edge id="c8" src="a11" trg="a12" type="sup"/>
  <edge id="c9" src="a12" trg="a3" type="sup"/>
  <edge id="c10" src="a12" trg="a23" type="sup"/>
  <edge id="c11" src="a13" trg="a3" type="sup"/>
  <edge id="c12" src="a13" trg="a23" type="sup"/>
  <edge id="c13" src="a14" trg="a13" type="sup"/>
  <edge id="c14" src="a15" trg="a13" type="sup"/>
  <edge id="c15" src="a16" trg="a13" type="sup"/>
  <edge id="c16" src="a17" trg="a13" type="sup"/>
  <edge id="c17" src="a18" trg="a13" type="sup"/>
  <edge id="c18" src="a19" trg="a13" type="sup"/>
  <edge id="c19" src="a20" trg="a13" type="sup"/>
  <edge id="c20" src="a21" trg="a13" type="sup"/>
  <edge id="c21" src="a22" trg="a3" type="sup"/>
  <edge id="c22" src="a22" trg="a23" type="sup"/>
</arggraph>
