<?xml version='1.0' encoding='UTF-8'?>
<arggraph id="micro_e186" stance="pro" topic_id="Should wealthy nations support poor ones ?" topic_ru="Если богатые страны поддерживают бедный?">
  <edu id="e1" lang="en">Whether wealthy nations should take responsibilities to help poorer ones, by means of providing infrastructures, or remain bystander of the global poverty, is an issue of controversy.</edu>
  <edu id="e1" lang="ru" trans="google">Если богатые страны должны взять на себя ответственность, чтобы помочь более бедным странам, путем предоставления инфраструктуры, или оставаться наблюдателем глобальной бедности, является вопросом споров.</edu>
  <edu id="e2" lang="en">Personally I think, as the privileged minority, wealthy nations have every reason to share their fortune with the poor.</edu>
  <edu id="e2" lang="ru" trans="google">Лично я думаю, что, как привилегированное меньшинство, богатые страны имеют все основания, чтобы разделить свою судьбу с бедными.</edu>
  <edu id="e3" lang="en">In terms of ethics, it is inhumane to watch one's fellowman struggle against famine and poverty without doing anything to help, especially when the onlooker takes no effort to do so.</edu>
  <edu id="e3" lang="ru" trans="google">С точкой зрения этики, это негуманно, чтобы наблюдать свои ближний борьбы с голодом и нищетой, не делая ничего, чтобы помочь, особенно когда Зритель не предпринимает никаких усилий, чтобы сделать это.</edu>
  <edu id="e4" lang="en">Compassion, a virtue preached in almost all religions from Buddhism to Mohammedanism, is what distinguishes us human beings from animals.</edu>
  <edu id="e4" lang="ru" trans="google">Сострадание, добродетель проповедовал почти во всех религиях из буддизма в магометанство, это то, что отличает нас человека от животных.</edu>
  <edu id="e5" lang="en">Economically speaking, such aid could also create a win - win situation.</edu>
  <edu id="e5" lang="ru" trans="google">С экономической точки зрения, такая помощь может также создать выигрыш - беспроигрышная ситуация.</edu>
  <edu id="e6" lang="en">Underdeveloped nations no doubt receive direct benefits through such deeds.</edu>
  <edu id="e6" lang="ru" trans="google">Неразвитые страны, без сомнения, получают прямые выгоды за счет таких дел.</edu>
  <edu id="e7" lang="en">For developed nations, new medical problems may very well arise from the work in underdeveloped nations.</edu>
  <edu id="e7" lang="ru" trans="google">Для развитых стран, новые медицинские проблемы могут возникнуть очень хорошо от работы в слаборазвитых странах.</edu>
  <edu id="e8" lang="en">Thus related research is conducted accordingly to conquer the problem, promoting the development of the pharmaceutical industry.</edu>
  <edu id="e8" lang="ru" trans="google">Таким образом, проведение соответствующих исследований проводится в соответствии победить эту проблему, способствуя развитию фармацевтической промышленности.</edu>
  <edu id="e9" lang="en">The potential market in those poor countries, most of which has a huge population, is also a thing worth mentioning.</edu>
  <edu id="e9" lang="ru" trans="google">Потенциал рынка в этих бедных странах, большинство из которых имеет огромное население, также вещь стоит упомянуть.</edu>
  <edu id="e10" lang="en">By building a good relationship with them, wealthy nations can not only broaden their global market, but also facilitate future international commerce.</edu>
  <edu id="e10" lang="ru" trans="google">Создавая хорошие отношения с ними, богатые страны могут не только расширить свой глобальный рынок, но и в будущем облегчить международную торговлю.</edu>
  <edu id="e11" lang="en">The underdeveloped nations, in return, may export local agricultural products, mineral products with discount to the former, boosting each other's economy.</edu>
  <edu id="e11" lang="ru" trans="google">В слаборазвитых странах, в свою очередь, могут экспортировать местные сельскохозяйственные продукты, минеральные продукты со скидкой до прежнего, повышения друг друг экономики.</edu>
  <edu id="e12" lang="en">In summary, wealthy nations' offering in need is not only a moral deed, but also a worthwhile one which will one day pay off in other ways.</edu>
  <edu id="e12" lang="ru" trans="google">Таким образом, предложение богатых стран, нуждающихся не только моральный поступок, но и стоит один, который будет один день окупится другими способами.</edu>
  <edu id="e13" lang="en">Only those who sympathize with their fellowman can prosper in the long run.</edu>
  <edu id="e13" lang="ru" trans="google">Только те, кто сочувствует их ближний могут процветать в долгосрочной перспективе.</edu>
  <adu id="a1" type="neut"/>
  <adu id="a2" type="mcl"/>
  <adu id="a3" type="pro"/>
  <adu id="a4" type="pro"/>
  <adu id="a5" type="pro"/>
  <adu id="a6" type="pro"/>
  <adu id="a7" type="pro"/>
  <adu id="a8" type="pro"/>
  <adu id="a9" type="pro"/>
  <adu id="a10" type="pro"/>
  <adu id="a11" type="pro"/>
  <adu id="a12" type="mcl"/>
  <adu id="a13" type="pro"/>
  <edge id="c14" src="e1" trg="a1" type="seg"/>
  <edge id="c15" src="e2" trg="a2" type="seg"/>
  <edge id="c16" src="e3" trg="a3" type="seg"/>
  <edge id="c17" src="e4" trg="a4" type="seg"/>
  <edge id="c18" src="e5" trg="a5" type="seg"/>
  <edge id="c19" src="e6" trg="a6" type="seg"/>
  <edge id="c20" src="e7" trg="a7" type="seg"/>
  <edge id="c21" src="e8" trg="a8" type="seg"/>
  <edge id="c22" src="e9" trg="a9" type="seg"/>
  <edge id="c23" src="e10" trg="a10" type="seg"/>
  <edge id="c24" src="e11" trg="a11" type="seg"/>
  <edge id="c25" src="e12" trg="a12" type="seg"/>
  <edge id="c26" src="e13" trg="a13" type="seg"/>
  <edge id="c1" src="a3" trg="a2" type="sup"/>
  <edge id="c2" src="a3" trg="a12" type="sup"/>
  <edge id="c3" src="a4" trg="a3" type="sup"/>
  <edge id="c4" src="a5" trg="a2" type="sup"/>
  <edge id="c5" src="a5" trg="a12" type="sup"/>
  <edge id="c6" src="a6" trg="a5" type="sup"/>
  <edge id="c7" src="a7" trg="a8" type="sup"/>
  <edge id="c8" src="a8" trg="a5" type="sup"/>
  <edge id="c9" src="a9" trg="a5" type="sup"/>
  <edge id="c10" src="a10" trg="a9" type="sup"/>
  <edge id="c11" src="a11" trg="a9" type="sup"/>
  <edge id="c12" src="a13" trg="a2" type="sup"/>
  <edge id="c13" src="a13" trg="a12" type="sup"/>
</arggraph>
