<?xml version='1.0' encoding='UTF-8'?>
<arggraph id="micro_e362" stance="pro" topic_id="Advertising impact on people's choice of consumption" topic_ru="Реклама влияет на выбор людей потребления">
  <edu id="e1" lang="en">Nowdays, people's choice of consumption is heavily affected by various of advertising on television, street, magazine etc.</edu>
  <edu id="e1" lang="ru" trans="google">Nowdays, выбор людей потребления сильно зависит от различной рекламы на телевидение, улица, журнал и т.д.</edu>
  <edu id="e2" lang="en">This argument may be true that people will be swayed by the advertising and buy things they do not need it for their life.</edu>
  <edu id="e2" lang="ru" trans="google">Этот аргумент может быть правдой, что люди будут находиться под влиянием рекламы и покупать вещи, которые им не нужны его жизни.</edu>
  <edu id="e3" lang="en">For example, in most asian countries, advertisement company usually hire popular singers or actors to advertise the products to boosts the sales, and some people, especially adolescent may buy things from their favourite singer advertised to support their idol instead of to fill their needs.</edu>
  <edu id="e3" lang="ru" trans="google">Например, в большинстве азиатских стран, реклама компании обычно нанимают популярных певцов или актеров, чтобы рекламировать продукты для повышений продажи, и некоторые люди, особенно подросток может купить вещи из своего любимого певца рекламируется, чтобы поддержать своего кумира, а не заполняют их потребности.</edu>
  <edu id="e4" lang="en">In addition, products usually look more gorgeous and with good quality in advertisement, people are more likely to buy goods impulsively without a second thought.</edu>
  <edu id="e4" lang="ru" trans="google">Кроме того, продукты обычно выглядят более великолепна и с хорошим качеством в рекламе, люди более склонны покупать товары импульсивно без раздумий.</edu>
  <edu id="e5" lang="en">A good advertisement can convince people to believe that it is what they want, even though it is not the real needs of the society.</edu>
  <edu id="e5" lang="ru" trans="google">Хорошая реклама может убедить людей поверить, что это то, что они хотят, даже если это не реальные потребности общества.</edu>
  <edu id="e6" lang="en">And there are always people purchase particular products swayed by advertising which makes it a trend to follow for other people who is unnecessarily need it.</edu>
  <edu id="e6" lang="ru" trans="google">И всегда есть люди покупают определенные продукты под влиянием рекламы, что делает его тенденцию следовать за другими людьми, которые излишне нужно это.</edu>
  <edu id="e7" lang="en">However, buying habit is a very personal things for individuals.</edu>
  <edu id="e7" lang="ru" trans="google">Тем не менее, покупка привычки это очень личные вещи для физических лиц.</edu>
  <edu id="e8" lang="en">the advertisement is not the only cause for people to buy.</edu>
  <edu id="e8" lang="ru" trans="google">Реклама не является единственной причиной для людей, чтобы купить.</edu>
  <edu id="e9" lang="en">sometimes it depends on one's needs and ability of consumption.</edu>
  <edu id="e9" lang="ru" trans="google">иногда это зависит от своих потребностей и возможностей потребления.</edu>
  <edu id="e10" lang="en">It is unlikely to buy things impulsively for adults who have concern of arranging disposable income.</edu>
  <edu id="e10" lang="ru" trans="google">Маловероятно, чтобы купить вещи импульсивно для взрослых, которые имеют озабоченность организации располагаемого дохода.</edu>
  <edu id="e11" lang="en">Most of them have to allocate the money if they doing other purchase.</edu>
  <edu id="e11" lang="ru" trans="google">Большинство из них должно выделить деньги, если они делают другие покупки.</edu>
  <edu id="e12" lang="en">On the other hand, children and adolescents who is not economic independence is more possible to buy things impulsively without considering whether they need it or not.</edu>
  <edu id="e12" lang="ru" trans="google">С другой стороны, дети и подростки, которые не является экономическая независимость больше можно купить вещи импульсивно, без учета, нужно ли им это или нет.</edu>
  <edu id="e13" lang="en">Since they do not have financial pressure from life and ability to define what is necessary.</edu>
  <edu id="e13" lang="ru" trans="google">Так как они не имеют финансовое давление от жизни и способности определять, что необходимо.</edu>
  <edu id="e14" lang="en">In my opinion, I think buying habit is people's choice to make, not entirely affected by advertisements.</edu>
  <edu id="e14" lang="ru" trans="google">На мой взгляд, я думаю, что покупка привычка выбор людей, чтобы сделать, не полностью зависит от рекламы.</edu>
  <edu id="e15" lang="en">But for children or adolescents who is not mentally develop, it might be hard for them not to swayed by advertising.</edu>
  <edu id="e15" lang="ru" trans="google">Но для детей и подростков, которые не умственно развиваться, это может быть трудно для них, чтобы не поколебать рекламы.</edu>
  <edu id="e16" lang="en">So it is important that government needs to impose rules on particularly advertisement company ( for example, toys company ) to avoid youngster have bias thought on what they really need.</edu>
  <edu id="e16" lang="ru" trans="google">Поэтому важно, что правительство должно ввести правила в частности рекламной компании (например, игрушки компании), чтобы избежать юнец иметь уклон подумал о том, что им действительно нужно.</edu>
  <adu id="a1" type="neut"/>
  <adu id="a2" type="opp"/>
  <adu id="a3" type="opp"/>
  <adu id="a4" type="opp"/>
  <adu id="a5" type="opp"/>
  <adu id="a6" type="opp"/>
  <adu id="a7" type="pro"/>
  <adu id="a8" type="pro"/>
  <adu id="a9" type="pro"/>
  <adu id="a10" type="pro"/>
  <adu id="a11" type="pro"/>
  <adu id="a12" type="opp"/>
  <adu id="a13" type="opp"/>
  <adu id="a14" type="mcl"/>
  <adu id="a15" type="pro"/>
  <adu id="a16" type="pro"/>
  <edge id="c15" src="e1" trg="a1" type="seg"/>
  <edge id="c16" src="e2" trg="a2" type="seg"/>
  <edge id="c17" src="e3" trg="a3" type="seg"/>
  <edge id="c18" src="e4" trg="a4" type="seg"/>
  <edge id="c19" src="e5" trg="a5" type="seg"/>
  <edge id="c20" src="e6" trg="a6" type="seg"/>
  <edge id="c21" src="e7" trg="a7" type="seg"/>
  <edge id="c22" src="e8" trg="a8" type="seg"/>
  <edge id="c23" src="e9" trg="a9" type="seg"/>
  <edge id="c24" src="e10" trg="a10" type="seg"/>
  <edge id="c25" src="e11" trg="a11" type="seg"/>
  <edge id="c26" src="e12" trg="a12" type="seg"/>
  <edge id="c27" src="e13" trg="a13" type="seg"/>
  <edge id="c28" src="e14" trg="a14" type="seg"/>
  <edge id="c29" src="e15" trg="a15" type="seg"/>
  <edge id="c30" src="e16" trg="a16" type="seg"/>
  <edge id="c1" src="a2" trg="a14" type="reb"/>
  <edge id="c2" src="a3" trg="a2" type="exa"/>
  <edge id="c3" src="a4" trg="a5" type="sup"/>
  <edge id="c4" src="a5" trg="a14" type="reb"/>
  <edge id="c5" src="a6" trg="a5" type="sup"/>
  <edge id="c6" src="a7" trg="a8" type="sup"/>
  <edge id="c7" src="a8" trg="a14" type="sup"/>
  <edge id="c8" src="a9" trg="a8" type="sup"/>
  <edge id="c9" src="a10" trg="a8" type="sup"/>
  <edge id="c10" src="a11" trg="a8" type="sup"/>
  <edge id="c11" src="a12" trg="a14" type="reb"/>
  <edge id="c12" src="a13" trg="a12" type="sup"/>
  <edge id="c13" src="a15" trg="a16" type="sup"/>
  <edge id="c14" src="a16" trg="a14" type="sup"/>
</arggraph>
