<?xml version='1.0' encoding='UTF-8'?>
<arggraph id="micro_e78" stance="pro" topic_id="School memories" topic_ru="Школьные воспоминания">
  <edu id="e1" lang="en">Everyone has happy moments during their life.</edu>
  <edu id="e1" lang="ru" trans="google">Все счастливые моменты во время их жизни.</edu>
  <edu id="e2" lang="en">These happy moments are both in their childhood and their adulthood.</edu>
  <edu id="e2" lang="ru" trans="google">Эти счастливые моменты как в детстве и зрелом возрасте.</edu>
  <edu id="e3" lang="en">In my opinion, childhood is the happiest time of a person's life.</edu>
  <edu id="e3" lang="ru" trans="google">На мой взгляд, детство счастливое время в жизни человека.</edu>
  <edu id="e4" lang="en">First, in childhood most people are happier than in adulthood.</edu>
  <edu id="e4" lang="ru" trans="google">Во-первых, в детстве большинство людей счастливее, чем в зрелом возрасте.</edu>
  <edu id="e5" lang="en">They do not have to worry about bills, jobs, how would their life be in the future.</edu>
  <edu id="e5" lang="ru" trans="google">Они не должны беспокоиться о счетах, рабочие места, как бы их жизнь в будущем.</edu>
  <edu id="e6" lang="en">They just worry about two things: to have fun, learn and be happy.</edu>
  <edu id="e6" lang="ru" trans="google">Они просто беспокоятся о двух вещах: чтобы получать удовольствие, учиться и быть счастливыми.</edu>
  <edu id="e7" lang="en">A child's daily life is school, playing and sleeping.</edu>
  <edu id="e7" lang="ru" trans="google">Повседневная жизнь ребенка является школа, игры и сна.</edu>
  <edu id="e8" lang="en">For example, when I was young I just came home from school and then I would took my bike or soccer ball and go out and play with my friends in my neighborhood.</edu>
  <edu id="e8" lang="ru" trans="google">Например, когда я был молод, я только что пришел домой из школы, а потом я бы взял мой велосипед или футбольный мяч и выйти и играть со своими друзьями в моем районе.</edu>
  <edu id="e9" lang="en">Moreover, I did not have to worry about costs and other things, I just had fun and learned.</edu>
  <edu id="e9" lang="ru" trans="google">Кроме того, я не должен беспокоиться о затратах и ​​других вещах, я просто имел удовольствие и узнал.</edu>
  <edu id="e10" lang="en">Also, people are most creative when they were children.</edu>
  <edu id="e10" lang="ru" trans="google">Кроме того, люди являются наиболее творческими, когда они были детьми.</edu>
  <edu id="e11" lang="en">children imagine new things and games just to have fun and be happy.</edu>
  <edu id="e11" lang="ru" trans="google">дети придумывать новые вещи и игры просто получать удовольствие и быть счастливым.</edu>
  <edu id="e12" lang="en">Second, childhood is the period where people go to school and learn.</edu>
  <edu id="e12" lang="ru" trans="google">Во-вторых, детство это период, когда люди идут в школу и учиться.</edu>
  <edu id="e13" lang="en">Therefore, school memories are one of the best memories in a person's life.</edu>
  <edu id="e13" lang="ru" trans="google">Поэтому школьные воспоминания один из лучших воспоминаний в жизни человека.</edu>
  <edu id="e14" lang="en">There you learn, to find your first love, to make new long-lasting friendships and of-course you will have a lot of fun.</edu>
  <edu id="e14" lang="ru" trans="google">Там вы узнаете, чтобы найти свою первую любовь, чтобы сделать новую долгосрочные дружеские отношения и, конечно, вы будете иметь много удовольствия.</edu>
  <edu id="e15" lang="en">For example, my father's best moments in his life are in his school years.</edu>
  <edu id="e15" lang="ru" trans="google">Например, лучшие моменты моего отца в его жизни в его школьные годы.</edu>
  <edu id="e16" lang="en">Moreover, he is still in-touch with some of his classmates and sometimes they get together and share their childhood memories.</edu>
  <edu id="e16" lang="ru" trans="google">Кроме того, он все еще находится в касании с некоторыми из его одноклассников, а иногда они собираются вместе и делятся своими воспоминаниями детства.</edu>
  <edu id="e17" lang="en">In other words, childhood is, indeed, the most happiest moments in a person's life.</edu>
  <edu id="e17" lang="ru" trans="google">Другими словами, детство, действительно, самые счастливые моменты в жизни человека.</edu>
  <edu id="e18" lang="en">There is only one life and one childhood and people should live their childhood thoroughly.</edu>
  <edu id="e18" lang="ru" trans="google">Существует только одна жизнь и одна детства, и люди должны тщательно жить свое детство.</edu>
  <adu id="a1" type="neut"/>
  <adu id="a2" type="neut"/>
  <adu id="a3" type="mcl"/>
  <adu id="a4" type="pro"/>
  <adu id="a5" type="pro"/>
  <adu id="a6" type="pro"/>
  <adu id="a7" type="pro"/>
  <adu id="a8" type="pro"/>
  <adu id="a9" type="pro"/>
  <adu id="a10" type="pro"/>
  <adu id="a11" type="pro"/>
  <adu id="a12" type="pro"/>
  <adu id="a13" type="pro"/>
  <adu id="a14" type="pro"/>
  <adu id="a15" type="pro"/>
  <adu id="a16" type="pro"/>
  <adu id="a17" type="mcl"/>
  <adu id="a18" type="neut"/>
  <edge id="c17" src="e1" trg="a1" type="seg"/>
  <edge id="c18" src="e2" trg="a2" type="seg"/>
  <edge id="c19" src="e3" trg="a3" type="seg"/>
  <edge id="c20" src="e4" trg="a4" type="seg"/>
  <edge id="c21" src="e5" trg="a5" type="seg"/>
  <edge id="c22" src="e6" trg="a6" type="seg"/>
  <edge id="c23" src="e7" trg="a7" type="seg"/>
  <edge id="c24" src="e8" trg="a8" type="seg"/>
  <edge id="c25" src="e9" trg="a9" type="seg"/>
  <edge id="c26" src="e10" trg="a10" type="seg"/>
  <edge id="c27" src="e11" trg="a11" type="seg"/>
  <edge id="c28" src="e12" trg="a12" type="seg"/>
  <edge id="c29" src="e13" trg="a13" type="seg"/>
  <edge id="c30" src="e14" trg="a14" type="seg"/>
  <edge id="c31" src="e15" trg="a15" type="seg"/>
  <edge id="c32" src="e16" trg="a16" type="seg"/>
  <edge id="c33" src="e17" trg="a17" type="seg"/>
  <edge id="c34" src="e18" trg="a18" type="seg"/>
  <edge id="c1" src="a4" trg="a3" type="sup"/>
  <edge id="c2" src="a4" trg="a17" type="sup"/>
  <edge id="c3" src="a5" trg="a4" type="sup"/>
  <edge id="c4" src="a6" trg="a4" type="sup"/>
  <edge id="c5" src="a7" trg="a5" type="sup"/>
  <edge id="c6" src="a8" trg="a4" type="exa"/>
  <edge id="c7" src="a9" trg="a4" type="sup"/>
  <edge id="c8" src="a10" trg="a3" type="sup"/>
  <edge id="c9" src="a10" trg="a17" type="sup"/>
  <edge id="c10" src="a11" trg="a10" type="sup"/>
  <edge id="c11" src="a12" trg="a13" type="sup"/>
  <edge id="c12" src="a13" trg="a3" type="sup"/>
  <edge id="c13" src="a13" trg="a17" type="sup"/>
  <edge id="c14" src="a14" trg="a13" type="sup"/>
  <edge id="c15" src="a15" trg="a14" type="exa"/>
  <edge id="c16" src="a16" trg="a14" type="sup"/>
</arggraph>
