<?xml version='1.0' encoding='UTF-8'?>
<arggraph id="micro_e223" stance="pro" topic_id="Improving facilities is the best way" topic_ru="Улучшение объектов является лучшим способом">
  <edu id="e1" lang="en">There is a hotly debated issue over whether universities should spend money on improving facilities is more than hiring famous teachers, and this topic can be approached from several different angles due to its complexity.</edu>
  <edu id="e1" lang="ru" trans="google">Существует горячо обсуждается вопрос о том, следует ли университеты тратить деньги на улучшение объектов больше, чем нанимать известных учителей, и эту тему можно подходить с различных точек зрения из-за его сложности.</edu>
  <edu id="e2" lang="en">Some people tend to prefer that schools should invest in renewing facilities, while other seem to believe that famous teachers is more conducive to students.</edu>
  <edu id="e2" lang="ru" trans="google">Некоторые люди, как правило, предпочитают, что школы должны инвестировать в обновляя объекты, в то время как другие, похоже, считают, что известные преподаватели более благоприятен для студентов.</edu>
  <edu id="e3" lang="en">After deeply pondering over this issue, I develop my own perspective as well.</edu>
  <edu id="e3" lang="ru" trans="google">После того, как глубоко размышлял над этим вопросом, я развиваю свою собственную перспективу, а также.</edu>
  <edu id="e4" lang="en">I favor the former; that is, I prefer to spend money on improving facilities.</edu>
  <edu id="e4" lang="ru" trans="google">Я предпочитаю первое; то есть, я предпочитаю тратить деньги на улучшение объектов.</edu>
  <edu id="e5" lang="en">The first and foremost reason lies in an inevitable fact that the more advanced facilities we have, the more chances we can increase our knowledge.</edu>
  <edu id="e5" lang="ru" trans="google">В первую очередь причина заключается в неизбежном том, что более продвинутые возможности у нас есть, тем больше шансов, мы можем увеличить наши знания.</edu>
  <edu id="e6" lang="en">For example, library is a good place for students to study or research.</edu>
  <edu id="e6" lang="ru" trans="google">Например, библиотека является хорошим местом для студентов для учебы или исследований.</edu>
  <edu id="e7" lang="en">They can concentrate on the subjects with a tranquil ambience; also, there are a lot of references for students to utilize.</edu>
  <edu id="e7" lang="ru" trans="google">Они могут сосредоточиться на предметах с спокойной обстановке; Кроме того, есть много ссылок для студентов использовать.</edu>
  <edu id="e8" lang="en">With this convenient and versatile facility, students can improve their learning condition.</edu>
  <edu id="e8" lang="ru" trans="google">С этой удобной и универсальной установкой, студенты могут улучшить свое состояние обучения.</edu>
  <edu id="e9" lang="en">Therefore, we can commence to agree that certain facilities are beneficial to students.</edu>
  <edu id="e9" lang="ru" trans="google">Таким образом, мы можем начать согласиться, что некоторые объекты являются полезными для студентов.</edu>
  <edu id="e10" lang="en">Moreover, another equally crucial aspect is that students are not always staying in classrooms.</edu>
  <edu id="e10" lang="ru" trans="google">Кроме того, еще один не менее важный аспект является то, что студенты не всегда оставаться в классах.</edu>
  <edu id="e11" lang="en">They have numerous activities in school.</edu>
  <edu id="e11" lang="ru" trans="google">Они имеют многочисленные мероприятия в школе.</edu>
  <edu id="e12" lang="en">Consider a circumstance in which a student who is a member of jazz ensemble in their school.</edu>
  <edu id="e12" lang="ru" trans="google">Рассмотрим обстоятельства, в которых студент, который является членом джазового ансамбля в их школе.</edu>
  <edu id="e13" lang="en">He must need a better auditorium for him to have an extraordinary performance.</edu>
  <edu id="e13" lang="ru" trans="google">Он должен нуждаться в более зрительном зале для него, чтобы иметь необыкновенную производительность.</edu>
  <edu id="e14" lang="en">With this distinguished performance, the student would acquire an unforgettable and valuable experience burring deeply in his mind.</edu>
  <edu id="e14" lang="ru" trans="google">С этой выдающейся производительностью, студент приобретет незабываемый и ценный опыт заусенцев глубоко в его сознании.</edu>
  <edu id="e15" lang="en">Hence, from this case, we are capable of stating that students would prefer school to spending on improving facilities.</edu>
  <edu id="e15" lang="ru" trans="google">Следовательно, из этого случая, мы способны о том, что студенты предпочли бы школу, чтобы расходы на улучшение объектов.</edu>
  <edu id="e16" lang="en">Admittedly, on the other hand, there might be some people proclaiming that schools should spend money on hiring prestigious teachers.</edu>
  <edu id="e16" lang="ru" trans="google">Правда, с другой стороны, могут быть некоторые люди, провозглашающие, что школы должны тратить деньги на наем престижных учителей.</edu>
  <edu id="e17" lang="en">Because they can impart their students well.</edu>
  <edu id="e17" lang="ru" trans="google">Потому что они могут передать своим ученикам хорошо.</edu>
  <edu id="e18" lang="en">However, according to my limited understanding, I just doubt the credibility of that saying owing to its imprudence.</edu>
  <edu id="e18" lang="ru" trans="google">Однако, в соответствии с моим ограниченным пониманием, я просто сомневаюсь в достоверности того, что говорят из-за своей неосмотрительности.</edu>
  <edu id="e19" lang="en">A student is good or not do not depend on whether he has a good teacher but is decided by his effort on study.</edu>
  <edu id="e19" lang="ru" trans="google">Студент хорошо или нет, не зависит от того, имеет ли он учитель хороший, но решил его усилия по изучению.</edu>
  <edu id="e20" lang="en">It is useless to hire a super famous teacher to teach those who behaviors as sluggards.</edu>
  <edu id="e20" lang="ru" trans="google">Бесполезно нанять супер известный учитель, чтобы научить тех, кто поведения как лентяи.</edu>
  <edu id="e21" lang="en">Based on the reasons demonstrate above, I believe that improving facilities is the best way for school.</edu>
  <edu id="e21" lang="ru" trans="google">Исходя из причин демонстрации выше, я считаю, что улучшение условий является лучшим способом для школы.</edu>
  <edu id="e22" lang="en">Because the advantages of this are relatively greater than that of the other.</edu>
  <edu id="e22" lang="ru" trans="google">Поскольку преимущества этого относительно больше, чем у других.</edu>
  <edu id="e23" lang="en">In other words, students can procure more advantages from better facilities.</edu>
  <edu id="e23" lang="ru" trans="google">Другими словами, студенты могут обеспечить больше преимуществ от лучших объектов.</edu>
  <edu id="e24" lang="en">It is not to say, of course, that other points of view are completely without merit.</edu>
  <edu id="e24" lang="ru" trans="google">Не сказать, конечно, что другие точки зрения совершенно безосновательны.</edu>
  <edu id="e25" lang="en">Still, I an firmly convinced that the reasons I have proposed in favor of my sentiment are much more tenable and cogent.</edu>
  <edu id="e25" lang="ru" trans="google">Тем не менее, я твердо убежден, что причины я, предложенные в пользу моего настроения гораздо более логичной и убедительной.</edu>
  <adu id="a1" type="neut"/>
  <adu id="a2" type="neut"/>
  <adu id="a3" type="neut"/>
  <adu id="a4" type="mcl"/>
  <adu id="a5" type="pro"/>
  <adu id="a6" type="pro"/>
  <adu id="a7" type="pro"/>
  <adu id="a8" type="pro"/>
  <adu id="a9" type="pro"/>
  <adu id="a10" type="pro"/>
  <adu id="a11" type="pro"/>
  <adu id="a12" type="pro"/>
  <adu id="a13" type="pro"/>
  <adu id="a14" type="pro"/>
  <adu id="a15" type="pro"/>
  <adu id="a16" type="opp"/>
  <adu id="a17" type="opp"/>
  <adu id="a18" type="neut"/>
  <adu id="a19" type="pro"/>
  <adu id="a20" type="pro"/>
  <adu id="a21" type="mcl"/>
  <adu id="a22" type="pro"/>
  <adu id="a23" type="pro"/>
  <adu id="a24" type="neut"/>
  <adu id="a25" type="neut"/>
  <edge id="c23" src="e1" trg="a1" type="seg"/>
  <edge id="c24" src="e2" trg="a2" type="seg"/>
  <edge id="c25" src="e3" trg="a3" type="seg"/>
  <edge id="c26" src="e4" trg="a4" type="seg"/>
  <edge id="c27" src="e5" trg="a5" type="seg"/>
  <edge id="c28" src="e6" trg="a6" type="seg"/>
  <edge id="c29" src="e7" trg="a7" type="seg"/>
  <edge id="c30" src="e8" trg="a8" type="seg"/>
  <edge id="c31" src="e9" trg="a9" type="seg"/>
  <edge id="c32" src="e10" trg="a10" type="seg"/>
  <edge id="c33" src="e11" trg="a11" type="seg"/>
  <edge id="c34" src="e12" trg="a12" type="seg"/>
  <edge id="c35" src="e13" trg="a13" type="seg"/>
  <edge id="c36" src="e14" trg="a14" type="seg"/>
  <edge id="c37" src="e15" trg="a15" type="seg"/>
  <edge id="c38" src="e16" trg="a16" type="seg"/>
  <edge id="c39" src="e17" trg="a17" type="seg"/>
  <edge id="c40" src="e18" trg="a18" type="seg"/>
  <edge id="c41" src="e19" trg="a19" type="seg"/>
  <edge id="c42" src="e20" trg="a20" type="seg"/>
  <edge id="c43" src="e21" trg="a21" type="seg"/>
  <edge id="c44" src="e22" trg="a22" type="seg"/>
  <edge id="c45" src="e23" trg="a23" type="seg"/>
  <edge id="c46" src="e24" trg="a24" type="seg"/>
  <edge id="c47" src="e25" trg="a25" type="seg"/>
  <edge id="c1" src="a5" trg="a9" type="sup"/>
  <edge id="c2" src="a6" trg="a9" type="exa"/>
  <edge id="c3" src="a7" trg="a9" type="sup"/>
  <edge id="c4" src="a8" trg="a9" type="sup"/>
  <edge id="c5" src="a9" trg="a4" type="sup"/>
  <edge id="c6" src="a9" trg="a21" type="sup"/>
  <edge id="c7" src="a10" trg="a15" type="sup"/>
  <edge id="c8" src="a11" trg="a15" type="sup"/>
  <edge id="c9" src="a12" trg="a15" type="sup"/>
  <edge id="c10" src="a13" trg="a15" type="sup"/>
  <edge id="c11" src="a14" trg="a15" type="sup"/>
  <edge id="c12" src="a15" trg="a4" type="sup"/>
  <edge id="c13" src="a15" trg="a21" type="sup"/>
  <edge id="c14" src="a16" trg="a4" type="reb"/>
  <edge id="c15" src="a16" trg="a21" type="reb"/>
  <edge id="c16" src="a17" trg="a16" type="sup"/>
  <edge id="c17" src="a19" trg="a16" type="reb"/>
  <edge id="c18" src="a20" trg="a16" type="reb"/>
  <edge id="c19" src="a22" trg="a4" type="sup"/>
  <edge id="c20" src="a22" trg="a21" type="sup"/>
  <edge id="c21" src="a23" trg="a4" type="sup"/>
  <edge id="c22" src="a23" trg="a21" type="sup"/>
</arggraph>
