<?xml version='1.0' encoding='UTF-8'?>
<arggraph id="micro_e73" stance="pro" topic_id="Some students prefer to study alone" topic_ru="Некоторые студенты предпочитают учиться самостоятельно">
  <edu id="e1" lang="en">Everyone has their method to success in life.</edu>
  <edu id="e1" lang="ru" trans="google">Каждый человек имеет свой метод к успеху в жизни.</edu>
  <edu id="e2" lang="en">At school or university, success depends on how we study.</edu>
  <edu id="e2" lang="ru" trans="google">В школе или университете успех зависит от того, как мы изучаем.</edu>
  <edu id="e3" lang="en">Some students benefit a lot when they study with groups.</edu>
  <edu id="e3" lang="ru" trans="google">Некоторые студенты выгоду много, когда они изучают с группами.</edu>
  <edu id="e4" lang="en">Yet, I prefer to study individually.</edu>
  <edu id="e4" lang="ru" trans="google">Тем не менее, я предпочитаю учиться индивидуально.</edu>
  <edu id="e5" lang="en">Because it helps me to concentrate more, and it helps me to build my personality.</edu>
  <edu id="e5" lang="ru" trans="google">Потому что это помогает мне сосредоточиться, и это помогает мне строить свою личность.</edu>
  <edu id="e6" lang="en">Studying alone helps us to focus more in our lessons.</edu>
  <edu id="e6" lang="ru" trans="google">Изучение в одиночку помогает нам сосредоточиться на наших уроках.</edu>
  <edu id="e7" lang="en">For instance, I am a type of person who cannot comprehend my subjects unless I am alone.</edu>
  <edu id="e7" lang="ru" trans="google">Например, я человек, который не может понять моих подданных, если я не один.</edu>
  <edu id="e8" lang="en">I can prepare my schedules, guidelines, exercises and go over them all.</edu>
  <edu id="e8" lang="ru" trans="google">Я могу подготовить свои расписания, руководящие принципы, упражнение и перейти на их всех.</edu>
  <edu id="e9" lang="en">Moreover, we have a lot of subjects which require us to sit and study alone such as math, reading, and drawing.</edu>
  <edu id="e9" lang="ru" trans="google">Кроме того, у нас есть много предметов, которые требуют от нас, чтобы сидеть и учиться самостоятельно, такие как математика, чтение, и рисунок.</edu>
  <edu id="e10" lang="en">In my opinion, I can take advantage of every minute without wasting by studying alone.</edu>
  <edu id="e10" lang="ru" trans="google">На мой взгляд, я могу воспользоваться каждую минуту, не теряя при изучении в одиночку.</edu>
  <edu id="e11" lang="en">Additionally, we are building our personalities when we study alone.</edu>
  <edu id="e11" lang="ru" trans="google">Кроме того, мы строим наши личности, когда мы изучаем в одиночку.</edu>
  <edu id="e12" lang="en">For example, answering our homework alone encourages us to be more responsible and independent.</edu>
  <edu id="e12" lang="ru" trans="google">Например, отвечая на нашу домашнюю работу в одиночку призывает нас быть более ответственными и независимыми.</edu>
  <edu id="e13" lang="en">Also, it motivates us to be accurate in our work in the future.</edu>
  <edu id="e13" lang="ru" trans="google">Кроме того, это побуждает нас быть точным в нашей работе в будущем.</edu>
  <edu id="e14" lang="en">Personally, when I fix my study plan with a specific time and finish it on time, it improves my ability in the future to become more precise and careful.</edu>
  <edu id="e14" lang="ru" trans="google">Лично я, когда исправить свой учебный план с конкретными сроками и закончить его вовремя, он улучшает свою способность в будущем стать более точным и осторожным.</edu>
  <edu id="e15" lang="en">To conclude, there are many ways to study and it is our right to choose which is suitable for our characters whether alone or with group.</edu>
  <edu id="e15" lang="ru" trans="google">В заключении, существует много способов изучения и это наше право на выбор, который подходит для наших персонажей самостоятельно или с группой.</edu>
  <edu id="e16" lang="en">In fact, I agree with the idea of studying a lone.</edu>
  <edu id="e16" lang="ru" trans="google">На самом деле, я согласен с идеей изучения одиночки.</edu>
  <edu id="e17" lang="en">Since it helps me to focus more and establish my personality.</edu>
  <edu id="e17" lang="ru" trans="google">Так как это помогает мне сосредоточиться и установить мою личность.</edu>
  <edu id="e18" lang="en">Success needs us to work hard and sacrifice more whether we choose to study alone or with group.</edu>
  <edu id="e18" lang="ru" trans="google">Успех нуждается в нас, чтобы работать и жертвовать более ли мы учиться самостоятельно или с группой.</edu>
  <adu id="a1" type="neut"/>
  <adu id="a2" type="neut"/>
  <adu id="a3" type="neut"/>
  <adu id="a4" type="mcl"/>
  <adu id="a5" type="pro"/>
  <adu id="a6" type="pro"/>
  <adu id="a7" type="pro"/>
  <adu id="a8" type="pro"/>
  <adu id="a9" type="pro"/>
  <adu id="a10" type="pro"/>
  <adu id="a11" type="pro"/>
  <adu id="a12" type="pro"/>
  <adu id="a13" type="pro"/>
  <adu id="a14" type="pro"/>
  <adu id="a15" type="neut"/>
  <adu id="a16" type="mcl"/>
  <adu id="a17" type="pro"/>
  <adu id="a18" type="neut"/>
  <edge id="c16" src="e1" trg="a1" type="seg"/>
  <edge id="c17" src="e2" trg="a2" type="seg"/>
  <edge id="c18" src="e3" trg="a3" type="seg"/>
  <edge id="c19" src="e4" trg="a4" type="seg"/>
  <edge id="c20" src="e5" trg="a5" type="seg"/>
  <edge id="c21" src="e6" trg="a6" type="seg"/>
  <edge id="c22" src="e7" trg="a7" type="seg"/>
  <edge id="c23" src="e8" trg="a8" type="seg"/>
  <edge id="c24" src="e9" trg="a9" type="seg"/>
  <edge id="c25" src="e10" trg="a10" type="seg"/>
  <edge id="c26" src="e11" trg="a11" type="seg"/>
  <edge id="c27" src="e12" trg="a12" type="seg"/>
  <edge id="c28" src="e13" trg="a13" type="seg"/>
  <edge id="c29" src="e14" trg="a14" type="seg"/>
  <edge id="c30" src="e15" trg="a15" type="seg"/>
  <edge id="c31" src="e16" trg="a16" type="seg"/>
  <edge id="c32" src="e17" trg="a17" type="seg"/>
  <edge id="c33" src="e18" trg="a18" type="seg"/>
  <edge id="c1" src="a5" trg="a4" type="sup"/>
  <edge id="c2" src="a5" trg="a16" type="sup"/>
  <edge id="c3" src="a6" trg="a4" type="sup"/>
  <edge id="c4" src="a6" trg="a16" type="sup"/>
  <edge id="c5" src="a7" trg="a6" type="exa"/>
  <edge id="c6" src="a8" trg="a6" type="sup"/>
  <edge id="c7" src="a9" trg="a6" type="sup"/>
  <edge id="c8" src="a10" trg="a6" type="sup"/>
  <edge id="c9" src="a11" trg="a4" type="sup"/>
  <edge id="c10" src="a11" trg="a16" type="sup"/>
  <edge id="c11" src="a12" trg="a11" type="exa"/>
  <edge id="c12" src="a13" trg="a11" type="sup"/>
  <edge id="c13" src="a14" trg="a11" type="sup"/>
  <edge id="c14" src="a17" trg="a4" type="sup"/>
  <edge id="c15" src="a17" trg="a16" type="sup"/>
</arggraph>
