<?xml version='1.0' encoding='UTF-8'?>
<arggraph id="micro_e273" stance="pro" topic_id="The best way of learning life" topic_ru="Лучший способ обучения жизни">
  <edu id="e1" lang="en">Life is full of challenges, difficulties and unexpected obstacles.</edu>
  <edu id="e1" lang="ru" trans="google">Жизнь полна проблем, трудностей и неожиданных препятствий.</edu>
  <edu id="e2" lang="en">Therefore, learning about life, which is useful for foreseeing problems and be assertive enough to overcome them are needed.</edu>
  <edu id="e2" lang="ru" trans="google">Поэтому, узнав о жизни, которое полезно для предвидения проблем и быть напористой достаточно, чтобы преодолеть их необходимо.</edu>
  <edu id="e3" lang="en">Two main ways of learning about life are listening to the advice of family and friends and learning through personal experience.</edu>
  <edu id="e3" lang="ru" trans="google">Два главных способ узнать о жизни слушает советы родственников и друзей и обучения на основе личного опыта.</edu>
  <edu id="e4" lang="en">Both ways are good to follow because they all have their own distinct advantages.</edu>
  <edu id="e4" lang="ru" trans="google">Оба способа хороши, чтобы следовать, потому что все они имеют свои собственные явные преимущества.</edu>
  <edu id="e5" lang="en">On one hand, the way of learning life through listening to the advice of family and friends is more realistic than the latter.</edu>
  <edu id="e5" lang="ru" trans="google">С одной стороны, способ обучения жизни, слушая советы родственников и друзей является более реалистичным, чем последний.</edu>
  <edu id="e6" lang="en">Family members such as your parents are experienced in life so they can give you proper and sincere guidance on every aspect of life.</edu>
  <edu id="e6" lang="ru" trans="google">Члены семьи, такие, как ваши родители имеют большой опыт в жизни, так что они могут дать вам правильное и искреннее руководство по всем аспектам жизни.</edu>
  <edu id="e7" lang="en">And friends, people who are the same generation with you, they are understand your favorite and ability enough to tell you which is suitable for you, which is not.</edu>
  <edu id="e7" lang="ru" trans="google">И друзья, люди, которые являются таким же поколением с вами, они понимают ваше любимое и способность достаточно, чтобы сказать вам, что подходит для вас, что нет.</edu>
  <edu id="e8" lang="en">By listening to your family and friends advice, you can definitely avoid many unexpected things.</edu>
  <edu id="e8" lang="ru" trans="google">Прислушиваясь к вашей семьи и друзей советы, вы определенно можете избежать многих неожиданных вещей.</edu>
  <edu id="e9" lang="en">On the other hand, finding out life through personal experience can help you become more independent and mature.</edu>
  <edu id="e9" lang="ru" trans="google">С другой стороны, обнаруживая жизнь через личный опыт может помочь вам стать более независимыми и зрелыми.</edu>
  <edu id="e10" lang="en">For one thing, there are so many grate things that you can missed if you don't experience it by yourself.</edu>
  <edu id="e10" lang="ru" trans="google">С одной стороны, есть так много замечательных вещей, которые вы можете упустить, если вы не испытываете его самостоятельно.</edu>
  <edu id="e11" lang="en">For example, a friend told you not to try skydiving because it was so dangerous.</edu>
  <edu id="e11" lang="ru" trans="google">Например, друг сказал вам не попробовать прыжки с парашютом, потому что это было так опасно.</edu>
  <edu id="e12" lang="en">If you did as he told, you could fail to see how wonderful it is to be fall freely.</edu>
  <edu id="e12" lang="ru" trans="google">Если вы сделали, как он сказал, вы могли не видеть, как это замечательно, чтобы быть свободно падать.</edu>
  <edu id="e13" lang="en">In addition, family and friends accidentally harm you by giving you advice all the time.</edu>
  <edu id="e13" lang="ru" trans="google">Кроме того, семья и друзья случайно причинить вам вред, давая вам советы все время.</edu>
  <edu id="e14" lang="en">You will grow to be dependent and reliant.</edu>
  <edu id="e14" lang="ru" trans="google">Вы будете расти, чтобы быть зависимыми и независимыми.</edu>
  <edu id="e15" lang="en">In contrast, free yourself and do what you desire without notice about consequences is the way that success people would like to choose.</edu>
  <edu id="e15" lang="ru" trans="google">В отличии от этого, освободить себя и делать то, что вы хотите без уведомления о последствиях является способом, которым успех люди хотели бы выбрать.</edu>
  <edu id="e16" lang="en">According to myself, both ways are good, but I prefer the latter.</edu>
  <edu id="e16" lang="ru" trans="google">По себе, оба способа хороши, но я предпочитаю последний.</edu>
  <edu id="e17" lang="en">It is because growth is a long process that experience is indispensable.</edu>
  <edu id="e17" lang="ru" trans="google">Это происходит потому, что рост является длительным процессом, опыт необходим.</edu>
  <edu id="e18" lang="en">I believe that experiencing the real life by myself, I could learn more than just obey the advice.</edu>
  <edu id="e18" lang="ru" trans="google">Я считаю, что о реальной жизни сам, я мог бы узнать больше, чем просто подчиняться советам.</edu>
  <edu id="e19" lang="en">Parents and other predecessors used to experience their own life by themselves, why don't the younger try to do the same ?</edu>
  <edu id="e19" lang="ru" trans="google">Родители и другие предшественники, используемые, чтобы испытать свою жизнь сами, почему не младшую попробовать сделать то же самое?</edu>
  <edu id="e20" lang="en">In summary, each way learning life has its own benefits.</edu>
  <edu id="e20" lang="ru" trans="google">Таким образом, каждый способ обучения жизни имеет свои преимущества.</edu>
  <edu id="e21" lang="en">But to me, learning about life through personal experience seems more appropriate.</edu>
  <edu id="e21" lang="ru" trans="google">Но для меня, узнав о жизни через личный опыт представляется более целесообразным.</edu>
  <adu id="a1" type="neut"/>
  <adu id="a2" type="neut"/>
  <adu id="a3" type="neut"/>
  <adu id="a4" type="neut"/>
  <adu id="a5" type="opp"/>
  <adu id="a6" type="opp"/>
  <adu id="a7" type="opp"/>
  <adu id="a8" type="opp"/>
  <adu id="a9" type="pro"/>
  <adu id="a10" type="pro"/>
  <adu id="a11" type="pro"/>
  <adu id="a12" type="pro"/>
  <adu id="a13" type="pro"/>
  <adu id="a14" type="pro"/>
  <adu id="a15" type="pro"/>
  <adu id="a16" type="neut"/>
  <adu id="a17" type="pro"/>
  <adu id="a18" type="pro"/>
  <adu id="a19" type="neut"/>
  <adu id="a20" type="neut"/>
  <adu id="a21" type="mcl"/>
  <edge id="c14" src="e1" trg="a1" type="seg"/>
  <edge id="c15" src="e2" trg="a2" type="seg"/>
  <edge id="c16" src="e3" trg="a3" type="seg"/>
  <edge id="c17" src="e4" trg="a4" type="seg"/>
  <edge id="c18" src="e5" trg="a5" type="seg"/>
  <edge id="c19" src="e6" trg="a6" type="seg"/>
  <edge id="c20" src="e7" trg="a7" type="seg"/>
  <edge id="c21" src="e8" trg="a8" type="seg"/>
  <edge id="c22" src="e9" trg="a9" type="seg"/>
  <edge id="c23" src="e10" trg="a10" type="seg"/>
  <edge id="c24" src="e11" trg="a11" type="seg"/>
  <edge id="c25" src="e12" trg="a12" type="seg"/>
  <edge id="c26" src="e13" trg="a13" type="seg"/>
  <edge id="c27" src="e14" trg="a14" type="seg"/>
  <edge id="c28" src="e15" trg="a15" type="seg"/>
  <edge id="c29" src="e16" trg="a16" type="seg"/>
  <edge id="c30" src="e17" trg="a17" type="seg"/>
  <edge id="c31" src="e18" trg="a18" type="seg"/>
  <edge id="c32" src="e19" trg="a19" type="seg"/>
  <edge id="c33" src="e20" trg="a20" type="seg"/>
  <edge id="c34" src="e21" trg="a21" type="seg"/>
  <edge id="c1" src="a5" trg="a21" type="reb"/>
  <edge id="c2" src="a6" trg="a5" type="sup"/>
  <edge id="c3" src="a7" trg="a5" type="sup"/>
  <edge id="c4" src="a8" trg="a5" type="sup"/>
  <edge id="c5" src="a9" trg="a21" type="sup"/>
  <edge id="c6" src="a10" trg="a9" type="sup"/>
  <edge id="c7" src="a11" trg="a9" type="exa"/>
  <edge id="c8" src="a12" trg="a9" type="sup"/>
  <edge id="c9" src="a13" trg="a9" type="sup"/>
  <edge id="c10" src="a14" trg="a9" type="sup"/>
  <edge id="c11" src="a15" trg="a9" type="sup"/>
  <edge id="c12" src="a17" trg="a18" type="sup"/>
  <edge id="c13" src="a18" trg="a21" type="sup"/>
</arggraph>
