<?xml version='1.0' encoding='UTF-8'?>
<arggraph id="micro_e102" stance="pro" topic_id="Attending boys and girls in a same school would bring many advantages" topic_ru="Посещение мальчиков и девочек в той же школе, принесет много преимуществ">
  <edu id="e1" lang="en">Women or men almost need each other in full of life even in school.</edu>
  <edu id="e1" lang="ru" trans="google">Женщины или мужчины почти нуждаются друг в друге, полный жизни, даже в школе.</edu>
  <edu id="e2" lang="en">Although some experts believe that common schools for both female and male lead to diminish their efficiency in education, others view it as a helpful way to recognize the opposite gender.</edu>
  <edu id="e2" lang="ru" trans="google">Хотя некоторые эксперты считают, что обычные школы для женщин и мужчин, приводит к умаляют их эффективность в области образования, другие рассматривают его как полезный способ распознать противоположный пол.</edu>
  <edu id="e3" lang="en">In my opinion, boys and girls should study together.</edu>
  <edu id="e3" lang="ru" trans="google">На мой взгляд, мальчики и девочки должны учиться вместе.</edu>
  <edu id="e4" lang="en">In the sense that they have a chance to know each other and learn how to behave with an opposite sex.</edu>
  <edu id="e4" lang="ru" trans="google">В том смысле, что у них есть шанс узнать друг друга и узнать, как вести себя с противоположным полом.</edu>
  <edu id="e5" lang="en">School is a small society for students, which prepares them for the future life.</edu>
  <edu id="e5" lang="ru" trans="google">Школа является небольшим обществом для студентов, который готовит их к жизни в будущем.</edu>
  <edu id="e6" lang="en">By attending to the same school, students can learn how to view the opposite gender in classes as a friend or a classmate.</edu>
  <edu id="e6" lang="ru" trans="google">Участвуя в ту же школу, студенты могут узнать, как просмотреть противоположный пол в классах в качестве друга или одноклассника.</edu>
  <edu id="e7" lang="en">In addition, a boy would know how to speak with a girl in every situation and vice versa.</edu>
  <edu id="e7" lang="ru" trans="google">Кроме того, мальчик будет знать, как говорить с девушкой в ​​любой ситуации и наоборот.</edu>
  <edu id="e8" lang="en">They would know how to ask her in order to cooperate with his study, how communicate with girls in a group, etc.</edu>
  <edu id="e8" lang="ru" trans="google">Они будут знать, как попросить ее, чтобы сотрудничать с его исследованием, как общаться с девочками в группе и т.д.</edu>
  <edu id="e9" lang="en">Admittedly, when they study together and help each other, they exercise the the real life as they age.</edu>
  <edu id="e9" lang="ru" trans="google">Правда, когда они учатся вместе и помогать друг другу, они осуществляют в реальной жизни, как они стареют.</edu>
  <edu id="e10" lang="en">By contrast, some experts believe that attending both girls and boys in a same school cause many disadvantages for them.</edu>
  <edu id="e10" lang="ru" trans="google">Напротив, некоторые эксперты считают, что участие девочек и мальчиков в той же школе причиной многих недостатков для них.</edu>
  <edu id="e11" lang="en">By doing this, outdoors relationships may expand and it may accompany with sexual relationship.</edu>
  <edu id="e11" lang="ru" trans="google">Делая это, на открытом воздухе отношения могут расширяться и может сопровождать сексуальные отношения.</edu>
  <edu id="e12" lang="en">And as result, their thoughts deviate from the studies.</edu>
  <edu id="e12" lang="ru" trans="google">И как результат, их мысли отличаются от исследований.</edu>
  <edu id="e13" lang="en">Moreover, attending in the school having boys and girls might be beneficial for both to increase their motivation to study better.</edu>
  <edu id="e13" lang="ru" trans="google">Кроме того, участие в школе, имеющие мальчик и девочка, может быть полезным для обоего повысить их мотивацию, чтобы лучше учиться.</edu>
  <edu id="e14" lang="en">Boys and girls will try to show their capabilities and abilities in the class.</edu>
  <edu id="e14" lang="ru" trans="google">Мальчики и девочки будут пытаться показать свои возможности и способности в классе.</edu>
  <edu id="e15" lang="en">Therefore they will study increasingly.</edu>
  <edu id="e15" lang="ru" trans="google">Поэтому они будут изучать все больше и больше.</edu>
  <edu id="e16" lang="en">Indeed, Boys do not like to seem weak in front of girls and vice versa.</edu>
  <edu id="e16" lang="ru" trans="google">Действительно, мальчики не любят казаться слабыми перед девочками, и наоборот.</edu>
  <edu id="e17" lang="en">As a result, the productivity of the class will be increased.</edu>
  <edu id="e17" lang="ru" trans="google">В результате, будет увеличена производительность класса.</edu>
  <edu id="e18" lang="en">In a word, attending boys and girls in a same school would bring many advantages.</edu>
  <edu id="e18" lang="ru" trans="google">Одним словом, участие мальчиков и девочек в той же школе, принесет много преимуществ.</edu>
  <edu id="e19" lang="en">Taking part in the study groups would increase student's motivation to study more.</edu>
  <edu id="e19" lang="ru" trans="google">Принимая участие в исследовании групп повысит мотивацию студента учиться больше.</edu>
  <edu id="e20" lang="en">In addition, they would be able to know the opposite gender, which help them to be prepared for the adult life where they almost will live or work together.</edu>
  <edu id="e20" lang="ru" trans="google">Кроме того, они могли бы знать, противоположный пол, который поможет им подготовиться к взрослой жизни, где они практически будут жить или работать вместе.</edu>
  <adu id="a1" type="neut"/>
  <adu id="a2" type="neut"/>
  <adu id="a3" type="mcl"/>
  <adu id="a4" type="pro"/>
  <adu id="a5" type="pro"/>
  <adu id="a6" type="pro"/>
  <adu id="a7" type="pro"/>
  <adu id="a8" type="pro"/>
  <adu id="a9" type="pro"/>
  <adu id="a10" type="opp"/>
  <adu id="a11" type="opp"/>
  <adu id="a12" type="opp"/>
  <adu id="a13" type="pro"/>
  <adu id="a14" type="pro"/>
  <adu id="a15" type="pro"/>
  <adu id="a16" type="pro"/>
  <adu id="a17" type="pro"/>
  <adu id="a18" type="mcl"/>
  <adu id="a19" type="pro"/>
  <adu id="a20" type="pro"/>
  <edge id="c22" src="e1" trg="a1" type="seg"/>
  <edge id="c23" src="e2" trg="a2" type="seg"/>
  <edge id="c24" src="e3" trg="a3" type="seg"/>
  <edge id="c25" src="e4" trg="a4" type="seg"/>
  <edge id="c26" src="e5" trg="a5" type="seg"/>
  <edge id="c27" src="e6" trg="a6" type="seg"/>
  <edge id="c28" src="e7" trg="a7" type="seg"/>
  <edge id="c29" src="e8" trg="a8" type="seg"/>
  <edge id="c30" src="e9" trg="a9" type="seg"/>
  <edge id="c31" src="e10" trg="a10" type="seg"/>
  <edge id="c32" src="e11" trg="a11" type="seg"/>
  <edge id="c33" src="e12" trg="a12" type="seg"/>
  <edge id="c34" src="e13" trg="a13" type="seg"/>
  <edge id="c35" src="e14" trg="a14" type="seg"/>
  <edge id="c36" src="e15" trg="a15" type="seg"/>
  <edge id="c37" src="e16" trg="a16" type="seg"/>
  <edge id="c38" src="e17" trg="a17" type="seg"/>
  <edge id="c39" src="e18" trg="a18" type="seg"/>
  <edge id="c40" src="e19" trg="a19" type="seg"/>
  <edge id="c41" src="e20" trg="a20" type="seg"/>
  <edge id="c1" src="a4" trg="a3" type="sup"/>
  <edge id="c2" src="a4" trg="a18" type="sup"/>
  <edge id="c3" src="a5" trg="a6" type="sup"/>
  <edge id="c4" src="a6" trg="a3" type="sup"/>
  <edge id="c5" src="a6" trg="a18" type="sup"/>
  <edge id="c6" src="a7" trg="a6" type="sup"/>
  <edge id="c7" src="a8" trg="a6" type="sup"/>
  <edge id="c8" src="a9" trg="a6" type="sup"/>
  <edge id="c9" src="a10" trg="a6" type="reb"/>
  <edge id="c10" src="a11" trg="a12" type="sup"/>
  <edge id="c11" src="a12" trg="a10" type="sup"/>
  <edge id="c12" src="a13" trg="a3" type="sup"/>
  <edge id="c13" src="a13" trg="a18" type="sup"/>
  <edge id="c14" src="a14" trg="a15" type="sup"/>
  <edge id="c15" src="a15" trg="a17" type="sup"/>
  <edge id="c16" src="a16" trg="a15" type="sup"/>
  <edge id="c17" src="a17" trg="a13" type="sup"/>
  <edge id="c18" src="a19" trg="a3" type="sup"/>
  <edge id="c19" src="a19" trg="a18" type="sup"/>
  <edge id="c20" src="a20" trg="a3" type="sup"/>
  <edge id="c21" src="a20" trg="a18" type="sup"/>
</arggraph>
