<?xml version='1.0' encoding='UTF-8'?>
<arggraph id="micro_e27" stance="pro" topic_id="The biggest risk is not taking any risk." topic_ru="Самый большой риск не принимает какую-либо риску.">
  <edu id="e1" lang="en">The biggest risk is not taking any risk.</edu>
  <edu id="e1" lang="ru" trans="google">Самый большой риск не принимает какую-либо риску.</edu>
  <edu id="e2" lang="en">The ones who have a big dream, they need to be brave and dare to live new situations.</edu>
  <edu id="e2" lang="ru" trans="google">Те, кто имеют большой сон, они должны быть смелыми и осмеливаются жить новой ситуации.</edu>
  <edu id="e3" lang="en">It is not guaranteed that you are going to achieve your dream if you had planned carefully as the same way when you take risks, but it is more frustrating if you had made plans and then it went wrong.</edu>
  <edu id="e3" lang="ru" trans="google">Нет никакой гарантии, что вы собираетесь достичь своей мечты, если бы вы тщательно спланирована, как точно так же, когда вы принимаете риски, но это более расстраивает, если вы сделали планы и то пошло не так.</edu>
  <edu id="e4" lang="en">Therefore, it is essential to take chances and believe this is going to work out.</edu>
  <edu id="e4" lang="ru" trans="google">Поэтому крайне важно, чтобы рисковать и считаю, что это будет работать.</edu>
  <edu id="e5" lang="en">Assuming new opportunities is indispensable to have diverse experiences.</edu>
  <edu id="e5" lang="ru" trans="google">Предполагая, что новые возможности незаменимо иметь разнообразный опыт.</edu>
  <edu id="e6" lang="en">In fact, life may not be easy; it will have various challenges especially when you take risks.</edu>
  <edu id="e6" lang="ru" trans="google">На самом деле, жизнь не может быть легким; она будет иметь различные проблемы, особенно если вы принимаете риски.</edu>
  <edu id="e7" lang="en">But in the end, it can be surprisingly wonderful.</edu>
  <edu id="e7" lang="ru" trans="google">Но в конце концов, это может быть удивительно прекрасным.</edu>
  <edu id="e8" lang="en">For instance, some people abandon their job, family and friends and go to other country without knowing what the future holds for them.</edu>
  <edu id="e8" lang="ru" trans="google">Например, некоторые люди отказаться от их работу, семью и друзей и отправиться в другую страну, не зная, что ждет их в будущем.</edu>
  <edu id="e9" lang="en">In the beginning, it can be tough to fit in this new place and find any opportunity.</edu>
  <edu id="e9" lang="ru" trans="google">В начале, он может быть жестким, чтобы поместиться в этом новом месте и найти любую возможность.</edu>
  <edu id="e10" lang="en">But after fighting against the obstacles blocking the way to get what is desired; it is possible to conquer what they are craving as well as start to build a new life in this other country.</edu>
  <edu id="e10" lang="ru" trans="google">Но после того, как борьба с препятствиями преграждает путь, чтобы получить то, что требуется; можно победить то, что они являются жажда, а также начать строить новую жизнь в этой другой стране.</edu>
  <edu id="e11" lang="en">In fact, many people are afraid to take risks and fail.</edu>
  <edu id="e11" lang="ru" trans="google">На самом деле, многие люди боятся рисковать и потерпеть неудачу.</edu>
  <edu id="e12" lang="en">It is possible to get frustrate along the way.</edu>
  <edu id="e12" lang="ru" trans="google">Можно получить срывать по пути.</edu>
  <edu id="e13" lang="en">But it is vital to never give up on your dream.</edu>
  <edu id="e13" lang="ru" trans="google">Но очень важно, чтобы никогда не сдаваться на вашей мечты.</edu>
  <edu id="e14" lang="en">To illustrate, Walt Disney, whose career is famous, had a challenging life.</edu>
  <edu id="e14" lang="ru" trans="google">Для того, чтобы проиллюстрировать, Walt Disney, чья карьера известно, был сложной жизнь.</edu>
  <edu id="e15" lang="en">One of the difficulties was some of his histories, such as Mickey Mouse and Three Little Pigs, were turned down.</edu>
  <edu id="e15" lang="ru" trans="google">Одна из трудностей, был некоторые из его историй, такие как Микки Маус и Три поросенок, были отклонены.</edu>
  <edu id="e16" lang="en">He heard lots of " no ", furthermore one editor fired him alleging that he had no imagination, after all what he had gone through, he never stop chasing his dreams.</edu>
  <edu id="e16" lang="ru" trans="google">Он слышал много «нет», кроме того, один редактор уволил его утверждая, что у него не было воображения, в конце концов, что он пережил, он никогда не прекратить преследовать его мечту.</edu>
  <edu id="e17" lang="en">To conclude, in this competitive world you have to be fearless and face all new situations.</edu>
  <edu id="e17" lang="ru" trans="google">В заключение, в этом конкурентном мире вы должны быть бесстрашным и сталкиваются все новые ситуации.</edu>
  <edu id="e18" lang="en">Even though sometimes you consider backing down and stay in the same routine that you are used to.</edu>
  <edu id="e18" lang="ru" trans="google">Даже если иногда вы считаете, отступая и пребывание в одной и той же процедуре, что вы привыкли.</edu>
  <edu id="e19" lang="en">it is necessary to have courage to take risks, be different and pursue your dream to have a successful life.</edu>
  <edu id="e19" lang="ru" trans="google">необходимо иметь смелость рисковать, отличаться друг от друга и преследовать свою мечту иметь успешную жизнь.</edu>
  <adu id="a1" type="neut"/>
  <adu id="a2" type="neut"/>
  <adu id="a3" type="neut"/>
  <adu id="a4" type="mcl"/>
  <adu id="a5" type="pro"/>
  <adu id="a6" type="opp"/>
  <adu id="a7" type="pro"/>
  <adu id="a8" type="pro"/>
  <adu id="a9" type="opp"/>
  <adu id="a10" type="pro"/>
  <adu id="a11" type="opp"/>
  <adu id="a12" type="opp"/>
  <adu id="a13" type="pro"/>
  <adu id="a14" type="pro"/>
  <adu id="a15" type="pro"/>
  <adu id="a16" type="pro"/>
  <adu id="a17" type="pro"/>
  <adu id="a18" type="opp"/>
  <adu id="a19" type="mcl"/>
  <edge id="c19" src="e1" trg="a1" type="seg"/>
  <edge id="c20" src="e2" trg="a2" type="seg"/>
  <edge id="c21" src="e3" trg="a3" type="seg"/>
  <edge id="c22" src="e4" trg="a4" type="seg"/>
  <edge id="c23" src="e5" trg="a5" type="seg"/>
  <edge id="c24" src="e6" trg="a6" type="seg"/>
  <edge id="c25" src="e7" trg="a7" type="seg"/>
  <edge id="c26" src="e8" trg="a8" type="seg"/>
  <edge id="c27" src="e9" trg="a9" type="seg"/>
  <edge id="c28" src="e10" trg="a10" type="seg"/>
  <edge id="c29" src="e11" trg="a11" type="seg"/>
  <edge id="c30" src="e12" trg="a12" type="seg"/>
  <edge id="c31" src="e13" trg="a13" type="seg"/>
  <edge id="c32" src="e14" trg="a14" type="seg"/>
  <edge id="c33" src="e15" trg="a15" type="seg"/>
  <edge id="c34" src="e16" trg="a16" type="seg"/>
  <edge id="c35" src="e17" trg="a17" type="seg"/>
  <edge id="c36" src="e18" trg="a18" type="seg"/>
  <edge id="c37" src="e19" trg="a19" type="seg"/>
  <edge id="c1" src="a5" trg="a4" type="sup"/>
  <edge id="c2" src="a5" trg="a19" type="sup"/>
  <edge id="c3" src="a6" trg="a5" type="reb"/>
  <edge id="c4" src="a7" trg="a6" type="reb"/>
  <edge id="c5" src="a8" trg="a5" type="exa"/>
  <edge id="c6" src="a9" trg="a5" type="reb"/>
  <edge id="c7" src="a10" trg="a9" type="reb"/>
  <edge id="c8" src="a11" trg="a13" type="reb"/>
  <edge id="c9" src="a12" trg="a13" type="reb"/>
  <edge id="c10" src="a13" trg="a4" type="sup"/>
  <edge id="c11" src="a13" trg="a19" type="sup"/>
  <edge id="c12" src="a14" trg="a13" type="sup"/>
  <edge id="c13" src="a15" trg="a13" type="sup"/>
  <edge id="c14" src="a16" trg="a13" type="sup"/>
  <edge id="c15" src="a17" trg="a4" type="sup"/>
  <edge id="c16" src="a17" trg="a19" type="sup"/>
  <edge id="c17" src="a18" trg="a4" type="reb"/>
  <edge id="c18" src="a18" trg="a19" type="reb"/>
</arggraph>
