<?xml version='1.0' encoding='UTF-8'?>
<arggraph id="micro_e210" stance="pro" topic_id="Educated high-school students with bright and independent mind" topic_ru="Образованные старшеклассники с ярким и независимым умом">
  <edu id="e1" lang="en">High school is the time when you decide your future career and particular field you want to concentrate and interested in.</edu>
  <edu id="e1" lang="ru" trans="google">Средняя школа является время, когда вы решите вашу карьеру в будущем и особое поле, которое вы хотите концентрат и заинтересованные.</edu>
  <edu id="e2" lang="en">In my opinion high school should permit students to choose courses they want for several reasons which are freedom of choice, to have progress in students grades and knowledge as well as to help students explore their aptitude.</edu>
  <edu id="e2" lang="ru" trans="google">На мой взгляд, средняя школа должна позволять студентам выбирать курсы, которые они хотят по нескольким причинам, которые являются свобода выбора, чтобы иметь прогресс в классах студентов и знания, а также студентам помогают исследовать свои способности.</edu>
  <edu id="e3" lang="en">First of all, as I mentioned above students should have a right to choose what they want to study.</edu>
  <edu id="e3" lang="ru" trans="google">Прежде всего, как я уже упоминал выше студенты должны иметь право выбирать то, что они хотят учиться.</edu>
  <edu id="e4" lang="en">Not allowing students their desired subjects to be chosen is a restriction of human rights.</edu>
  <edu id="e4" lang="ru" trans="google">Не давая студентам их желаемые предметы, которые будут выбраны ограничение прав человека.</edu>
  <edu id="e5" lang="en">As children of independent country we should know our rights and opportunities we have in order to achieve our goals and dreams.</edu>
  <edu id="e5" lang="ru" trans="google">Как дети независимой страны мы должны знать свои права и возможности, мы имеем для того, чтобы достичь своих целей и мечтаний.</edu>
  <edu id="e6" lang="en">Next, students should choose their classes to have progress in their studies and grades.</edu>
  <edu id="e6" lang="ru" trans="google">Далее, студенты должны выбирать свои классы, чтобы иметь прогресс в своих исследованиях и сортов.</edu>
  <edu id="e7" lang="en">Also, we can avoid conflicts among students and teachers which can be enjoyable and productive for both instructor and students.</edu>
  <edu id="e7" lang="ru" trans="google">Кроме того, мы можем избежать конфликтов между студентами и преподавателями, которые могут быть приятным и продуктивным как для преподавателя и студентов.</edu>
  <edu id="e8" lang="en">For example, when I was taking art class everyone shared the same interests and it was easy to understand each other.</edu>
  <edu id="e8" lang="ru" trans="google">Например, когда я принимал искусство класс всех разделяют одни и те же интересы, и это было легко понять друг друга.</edu>
  <edu id="e9" lang="en">Giving chance students to choose their interested fields of study is merit.</edu>
  <edu id="e9" lang="ru" trans="google">Предоставление шанса студентов выбирать свои заинтересованные области исследования является заслугой.</edu>
  <edu id="e10" lang="en">Lastly, the most important reason I support this idea is he or she can explore in an area she / he has an aptitude.</edu>
  <edu id="e10" lang="ru" trans="google">И, наконец, самая важная причина, почему я поддерживаю эту идею он или она может исследовать в области он / она имеет склонность.</edu>
  <edu id="e11" lang="en">When schools can give such kind of opportunity the students are likely do their best and succeed in their future lives which is one of the point most people get education.</edu>
  <edu id="e11" lang="ru" trans="google">Когда школы могут дать такого рода возможность студенты, вероятно, делает все возможное и добиться успеха в их будущей жизни, которая является одним из точки большинства людей получают образование.</edu>
  <edu id="e12" lang="en">Furthermore, this type of opportunities can raise future geniuses.</edu>
  <edu id="e12" lang="ru" trans="google">Кроме того, этот тип возможностей может поднять будущие гений.</edu>
  <edu id="e13" lang="en">In conclusion, as a young women I want my children to get knowledge they have desire to study in order to have distinguished achievement.</edu>
  <edu id="e13" lang="ru" trans="google">В заключение, как молодые женщины, которых я хочу, чтобы мои дети, чтобы получить знания, которые они имеют желание учиться, чтобы иметь выдающиеся достижения.</edu>
  <edu id="e14" lang="en">So it has advantage not only for him or her but for society as well.</edu>
  <edu id="e14" lang="ru" trans="google">Таким образом, он имеет преимущество не только для него или нее, но и для общества, а также.</edu>
  <edu id="e15" lang="en">Having three reasons helps us to bring up students who are well-educated, with a bright and independent mind.</edu>
  <edu id="e15" lang="ru" trans="google">Имея три причины, помогает нам воспитывать студентов, которые хорошо образованные, с ярким и независимым умом.</edu>
  <adu id="a1" type="neut"/>
  <adu id="a2" type="mcl"/>
  <adu id="a3" type="pro"/>
  <adu id="a4" type="pro"/>
  <adu id="a5" type="pro"/>
  <adu id="a6" type="pro"/>
  <adu id="a7" type="pro"/>
  <adu id="a8" type="pro"/>
  <adu id="a9" type="pro"/>
  <adu id="a10" type="pro"/>
  <adu id="a11" type="pro"/>
  <adu id="a12" type="pro"/>
  <adu id="a13" type="mcl"/>
  <adu id="a14" type="pro"/>
  <adu id="a15" type="neut"/>
  <edge id="c16" src="e1" trg="a1" type="seg"/>
  <edge id="c17" src="e2" trg="a2" type="seg"/>
  <edge id="c18" src="e3" trg="a3" type="seg"/>
  <edge id="c19" src="e4" trg="a4" type="seg"/>
  <edge id="c20" src="e5" trg="a5" type="seg"/>
  <edge id="c21" src="e6" trg="a6" type="seg"/>
  <edge id="c22" src="e7" trg="a7" type="seg"/>
  <edge id="c23" src="e8" trg="a8" type="seg"/>
  <edge id="c24" src="e9" trg="a9" type="seg"/>
  <edge id="c25" src="e10" trg="a10" type="seg"/>
  <edge id="c26" src="e11" trg="a11" type="seg"/>
  <edge id="c27" src="e12" trg="a12" type="seg"/>
  <edge id="c28" src="e13" trg="a13" type="seg"/>
  <edge id="c29" src="e14" trg="a14" type="seg"/>
  <edge id="c30" src="e15" trg="a15" type="seg"/>
  <edge id="c1" src="a3" trg="a2" type="sup"/>
  <edge id="c2" src="a3" trg="a13" type="sup"/>
  <edge id="c3" src="a4" trg="a3" type="sup"/>
  <edge id="c4" src="a5" trg="a3" type="sup"/>
  <edge id="c5" src="a6" trg="a9" type="sup"/>
  <edge id="c6" src="a7" trg="a9" type="sup"/>
  <edge id="c7" src="a8" trg="a9" type="exa"/>
  <edge id="c8" src="a9" trg="a2" type="sup"/>
  <edge id="c9" src="a9" trg="a13" type="sup"/>
  <edge id="c10" src="a10" trg="a12" type="sup"/>
  <edge id="c11" src="a11" trg="a12" type="sup"/>
  <edge id="c12" src="a12" trg="a2" type="sup"/>
  <edge id="c13" src="a12" trg="a13" type="sup"/>
  <edge id="c14" src="a14" trg="a2" type="sup"/>
  <edge id="c15" src="a14" trg="a13" type="sup"/>
</arggraph>
