<?xml version='1.0' encoding='UTF-8'?>
<arggraph id="micro_e391" stance="pro" topic_id="Celebrities &amp; Their Influences" topic_ru="Знаменитости и их Влияния">
  <edu id="e1" lang="en">Some people argue that adolescents are being influenced badly by untalented people who become famous thanks to their luxurious lifestyle and wealth.</edu>
  <edu id="e1" lang="ru" trans="google">Некоторые люди утверждают, что подростки находятся под влиянием плохо от бездарных людей, которые становятся известными благодаря своим роскошным образом жизни и богатства.</edu>
  <edu id="e2" lang="en">To some extent, I do not agree with this statement.</edu>
  <edu id="e2" lang="ru" trans="google">В какой-то степени, я не согласен с этим утверждением.</edu>
  <edu id="e3" lang="en">First of all, it is true that people use their money to become an inspiration are definitely not a good mirror for young people.</edu>
  <edu id="e3" lang="ru" trans="google">Прежде всего, это правда, что люди используют свои деньги, чтобы стать источником вдохновения, безусловно, не является хорошим зеркалом для молодых людей.</edu>
  <edu id="e4" lang="en">We definitely do not want our children to spend money on luxurious custom or lifestyle just to be similar to someone, especially when these people are not symbols of any talent but showing off.</edu>
  <edu id="e4" lang="ru" trans="google">Мы определенно не хотим, чтобы наши дети, чтобы тратить деньги на роскошный образ жизни обычай или просто быть похожими на кого-то, особенно если эти люди не являются символами любого таланта, но хвастаться.</edu>
  <edu id="e5" lang="en">However, the young generation these days is very conscious toward positive lifestyles.</edu>
  <edu id="e5" lang="ru" trans="google">Тем не менее, молодое поколение в эти дни очень сознательным по отношению к положительным образом жизни.</edu>
  <edu id="e6" lang="en">They are mostly being educated at very early ages by family or schools as to distinguish what is benefit for them.</edu>
  <edu id="e6" lang="ru" trans="google">Они в основном воспитывался в очень раннем возрасте, членами семьи или школы, чтобы различать, что польза для них.</edu>
  <edu id="e7" lang="en">Therefore, it is not easy to influence young people these days when they are well equipped of life skills.</edu>
  <edu id="e7" lang="ru" trans="google">Таким образом, это не просто влиять на молодых людей в эти дни, когда они хорошо оборудованы жизненных навыков.</edu>
  <edu id="e8" lang="en">Moreover, it seems to me that not many people can exist in the celebrities' world without any talents or achievements.</edu>
  <edu id="e8" lang="ru" trans="google">Более того, мне кажется, что многие люди не могут существовать в мире знаменитостей без каких-либо талантов или достижений.</edu>
  <edu id="e9" lang="en">We are giving chances to many teenagers to show their intelligence in different talent shows, for example; The Voice, X Factor or Next Top Models etc.</edu>
  <edu id="e9" lang="ru" trans="google">Мы даем возможность для многих подростков, чтобы показать свой интеллект в различных шоу талантов, например, Voice, X Factor или Next Top модели и т.д.</edu>
  <edu id="e10" lang="en">As a result, to become a star and an inspiration for people, a person need to have real talent to compete with other candidates.</edu>
  <edu id="e10" lang="ru" trans="google">В результате, чтобы стать звездой и источником вдохновения для людей, человек нужно иметь настоящий талант, чтобы конкурировать с другими кандидатами.</edu>
  <edu id="e11" lang="en">Thus, only money and glamour look are not enough for a person to be recognized anymore, it is importance that they have to have achievements in order to be a muse to youngsters.</edu>
  <edu id="e11" lang="ru" trans="google">Таким образом, только деньги и гламур взгляд не достаточно для человека, чтобы признать больше, то значение, которое они должны иметь достижения для того, чтобы быть музой для молодежи.</edu>
  <edu id="e12" lang="en">In conclusion, people without talents cannot be famous in this changing world and to be accredited they need to contribute positively to young generation.</edu>
  <edu id="e12" lang="ru" trans="google">В заключении, люди без таланта не могут быть известными в этом меняющемся мире и быть аккредитованных им нужно внести позитивный вклад молодого поколения.</edu>
  <edu id="e13" lang="en">That is the reason why celebrities nowadays give more good influence on young people than they were previously.</edu>
  <edu id="e13" lang="ru" trans="google">Вот причина, почему знаменитости в настоящее время дают более хорошее влияние на молодых людей, чем они были ранее.</edu>
  <adu id="a1" type="neut"/>
  <adu id="a2" type="neut"/>
  <adu id="a3" type="pro"/>
  <adu id="a4" type="pro"/>
  <adu id="a5" type="pro"/>
  <adu id="a6" type="pro"/>
  <adu id="a7" type="pro"/>
  <adu id="a8" type="pro"/>
  <adu id="a9" type="pro"/>
  <adu id="a10" type="pro"/>
  <adu id="a11" type="pro"/>
  <adu id="a12" type="pro"/>
  <adu id="a13" type="mcl"/>
  <edge id="c11" src="e1" trg="a1" type="seg"/>
  <edge id="c12" src="e2" trg="a2" type="seg"/>
  <edge id="c13" src="e3" trg="a3" type="seg"/>
  <edge id="c14" src="e4" trg="a4" type="seg"/>
  <edge id="c15" src="e5" trg="a5" type="seg"/>
  <edge id="c16" src="e6" trg="a6" type="seg"/>
  <edge id="c17" src="e7" trg="a7" type="seg"/>
  <edge id="c18" src="e8" trg="a8" type="seg"/>
  <edge id="c19" src="e9" trg="a9" type="seg"/>
  <edge id="c20" src="e10" trg="a10" type="seg"/>
  <edge id="c21" src="e11" trg="a11" type="seg"/>
  <edge id="c22" src="e12" trg="a12" type="seg"/>
  <edge id="c23" src="e13" trg="a13" type="seg"/>
  <edge id="c1" src="a3" trg="a13" type="sup"/>
  <edge id="c2" src="a4" trg="a3" type="sup"/>
  <edge id="c3" src="a5" trg="a7" type="sup"/>
  <edge id="c4" src="a6" trg="a7" type="sup"/>
  <edge id="c5" src="a7" trg="a13" type="sup"/>
  <edge id="c6" src="a8" trg="a11" type="sup"/>
  <edge id="c7" src="a9" trg="a10" type="sup"/>
  <edge id="c8" src="a10" trg="a11" type="sup"/>
  <edge id="c9" src="a11" trg="a13" type="sup"/>
  <edge id="c10" src="a12" trg="a13" type="sup"/>
</arggraph>
