<?xml version='1.0' encoding='UTF-8'?>
<arggraph id="micro_e134" stance="pro" topic_id="Prepared Food" topic_ru="Подготовленные продукты питания">
  <edu id="e1" lang="en">Nowadays, more and more people begin to select prepared food as their daily meals, since it can effectively save time which is considered as money in our modern society.</edu>
  <edu id="e1" lang="ru" trans="google">В настоящее время, все больше и больше людей начинают выбирать приготовленную пищу в качестве повседневной пищи, так как она может эффективно экономить время, которое рассматривается как деньги в нашем современном обществе.</edu>
  <edu id="e2" lang="en">However it is obvious that prepared food can bring about some negative influence result from utilizing the artificial ingredients, ignoring the nutrition of food and modifying people's eating habits.</edu>
  <edu id="e2" lang="ru" trans="google">Однако, очевидно, что приготовленная пища может вызвать некоторые негативное воздействие, результат от использования искусственных ингредиентов, не обращая внимания на питание пищи и изменения привычек питания людей.</edu>
  <edu id="e3" lang="en">In this essay, I would like to explain why this is not a good thing based on the three reasons above.</edu>
  <edu id="e3" lang="ru" trans="google">В этой статье я хотел бы объяснить, почему это не очень хорошая вещь, на основе трех причин выше.</edu>
  <edu id="e4" lang="en">First of all, to make their food easier to prepare and taste delicious, almost every producer adds a wide range of artificial ingredients in to the food that is now purchased by most people.</edu>
  <edu id="e4" lang="ru" trans="google">Прежде всего, чтобы сделать пищу легче подготовить и вкусную, почти каждый производитель добавляет широкий ассортимент искусственных ингредиентов для продуктов питания, которые в настоящее время приобретены большинство людей.</edu>
  <edu id="e5" lang="en">Some ingredients being added have caused dire consequences.</edu>
  <edu id="e5" lang="ru" trans="google">Некоторые ингредиенты добавляются вызвали тяжелые последствия.</edu>
  <edu id="e6" lang="en">For instance, there are usually some articles in newspapers and magazines which report the relationship between certain chemical components in some food and diseases.</edu>
  <edu id="e6" lang="ru" trans="google">Например, там, как правило, несколько статей в газетах и ​​журналах, которые сообщают о взаимосвязи между определенными химическими компонентами, в некоторых продуктах питания и болезнях.</edu>
  <edu id="e7" lang="en">Thus, easy-to-cook foods sometimes could be dangerous for human's health.</edu>
  <edu id="e7" lang="ru" trans="google">Таким образом, иногда просто к приготовлению пищи может быть опасным для здоровья человека.</edu>
  <edu id="e8" lang="en">Not cooking fresh food will also lead to the lack of nutrition.</edu>
  <edu id="e8" lang="ru" trans="google">Не приготовление свежих продуктов также приведет к отсутствию питания.</edu>
  <edu id="e9" lang="en">It is true that cooking prepared food needs much less time in comparison with the fresh food.</edu>
  <edu id="e9" lang="ru" trans="google">Это правда, что приготовление пищи приготовленной пищи требует гораздо меньше времени по сравнению с свежей пищей.</edu>
  <edu id="e10" lang="en">Whereas some research has apparently demonstrated that prepared food is unable to support enough nutrients we need, especially for children who are growing up.</edu>
  <edu id="e10" lang="ru" trans="google">В то время как некоторые исследования, по-видимому, показал, что приготовленная пища не в состоянии поддерживать достаточное количество питательных веществ, которые нам нужны, особенно для детей, которые растут.</edu>
  <edu id="e11" lang="en">In addition, cooking is one of arts humans create.</edu>
  <edu id="e11" lang="ru" trans="google">Кроме того, приготовление пищи является одним из искусств, люди создают.</edu>
  <edu id="e12" lang="en">The more prepared food we eat the more cooking skills we lose.</edu>
  <edu id="e12" lang="ru" trans="google">Чем больше приготовленную пищу мы едим более приготовления пищи навыки мы проиграем.</edu>
  <edu id="e13" lang="en">At the increasing living pace, the majority of people tend to choose microwave as their unique cooker that help them prepare a dish in five minutes.</edu>
  <edu id="e13" lang="ru" trans="google">На повышении уровня жизни темпов, большинство людей, как правило, выбирает микроволновую печь в качестве уникальной плиты, которые помогают им приготовить блюдо в течение пяти минут.</edu>
  <edu id="e14" lang="en">But rare people have been aware that this has contributed to a modification of cooking habits, which may cause the loss of our custom and culture about cooking.</edu>
  <edu id="e14" lang="ru" trans="google">Но редкие люди знали, что это способствовало изменению приготовления привычек, которые могут привести к потере нашего обычая и культуры в кулинарии.</edu>
  <edu id="e15" lang="en">In conclusion, although the invention of prepared foods definitely satisfies the demand of some people who are busy in their work.</edu>
  <edu id="e15" lang="ru" trans="google">В заключении, хотя изобретение готовых продуктов определенно удовлетворяет потребность некоторых людей, которые заняты в своей работе.</edu>
  <edu id="e16" lang="en">it is not a good thing.</edu>
  <edu id="e16" lang="ru" trans="google">это не очень хорошая вещь.</edu>
  <edu id="e17" lang="en">Cooking is not a waste of time, contrarily, it is crucial for our health and culture.</edu>
  <edu id="e17" lang="ru" trans="google">Кулинария это не пустая трата времени, Противоположно, это очень важно для нашего здоровья и культуры.</edu>
  <adu id="a1" type="opp"/>
  <adu id="a2" type="mcl"/>
  <adu id="a3" type="neut"/>
  <adu id="a4" type="pro"/>
  <adu id="a5" type="pro"/>
  <adu id="a6" type="pro"/>
  <adu id="a7" type="pro"/>
  <adu id="a8" type="pro"/>
  <adu id="a9" type="neut"/>
  <adu id="a10" type="pro"/>
  <adu id="a11" type="neut"/>
  <adu id="a12" type="pro"/>
  <adu id="a13" type="pro"/>
  <adu id="a14" type="pro"/>
  <adu id="a15" type="opp"/>
  <adu id="a16" type="mcl"/>
  <adu id="a17" type="neut"/>
  <edge id="c17" src="e1" trg="a1" type="seg"/>
  <edge id="c18" src="e2" trg="a2" type="seg"/>
  <edge id="c19" src="e3" trg="a3" type="seg"/>
  <edge id="c20" src="e4" trg="a4" type="seg"/>
  <edge id="c21" src="e5" trg="a5" type="seg"/>
  <edge id="c22" src="e6" trg="a6" type="seg"/>
  <edge id="c23" src="e7" trg="a7" type="seg"/>
  <edge id="c24" src="e8" trg="a8" type="seg"/>
  <edge id="c25" src="e9" trg="a9" type="seg"/>
  <edge id="c26" src="e10" trg="a10" type="seg"/>
  <edge id="c27" src="e11" trg="a11" type="seg"/>
  <edge id="c28" src="e12" trg="a12" type="seg"/>
  <edge id="c29" src="e13" trg="a13" type="seg"/>
  <edge id="c30" src="e14" trg="a14" type="seg"/>
  <edge id="c31" src="e15" trg="a15" type="seg"/>
  <edge id="c32" src="e16" trg="a16" type="seg"/>
  <edge id="c33" src="e17" trg="a17" type="seg"/>
  <edge id="c1" src="a1" trg="a2" type="reb"/>
  <edge id="c2" src="a1" trg="a16" type="reb"/>
  <edge id="c3" src="a4" trg="a7" type="sup"/>
  <edge id="c4" src="a5" trg="a7" type="sup"/>
  <edge id="c5" src="a6" trg="a5" type="exa"/>
  <edge id="c6" src="a7" trg="a2" type="sup"/>
  <edge id="c7" src="a7" trg="a16" type="sup"/>
  <edge id="c8" src="a8" trg="a2" type="sup"/>
  <edge id="c9" src="a8" trg="a16" type="sup"/>
  <edge id="c10" src="a10" trg="a8" type="sup"/>
  <edge id="c11" src="a12" trg="a2" type="sup"/>
  <edge id="c12" src="a12" trg="a16" type="sup"/>
  <edge id="c13" src="a13" trg="a12" type="sup"/>
  <edge id="c14" src="a14" trg="a12" type="sup"/>
  <edge id="c15" src="a15" trg="a2" type="reb"/>
  <edge id="c16" src="a15" trg="a16" type="reb"/>
</arggraph>
