<?xml version='1.0' encoding='UTF-8'?>
<arggraph id="micro_e372" stance="pro" topic_id="Machines - positive or negative for humans" topic_ru="Машины - положительные или отрицательные для человека">
  <edu id="e1" lang="en">Advancements in technology have touched new heights in past few decades.</edu>
  <edu id="e1" lang="ru" trans="google">Достижения в области технологии коснулись новых высот в последние несколько десятилетий.</edu>
  <edu id="e2" lang="en">This can be seen no where clearer than in increasing use of machines now a days.</edu>
  <edu id="e2" lang="ru" trans="google">не Это можно увидеть не где яснее, чем в увеличении использования машин в настоящее время суток.</edu>
  <edu id="e3" lang="en">These machines reduce the physical work done by humans.</edu>
  <edu id="e3" lang="ru" trans="google">Эти машины уменьшают физическую работу, проделанную людьми.</edu>
  <edu id="e4" lang="en">Some people think that this is a positive development while others believe it to be disadvantageous for humans.</edu>
  <edu id="e4" lang="ru" trans="google">Некоторые люди думают, что это позитивное развитие в то время как другие полагают, что это будет невыгодным для человека.</edu>
  <edu id="e5" lang="en">Both sides will be critiqued before a reasoned conclusion is reached.</edu>
  <edu id="e5" lang="ru" trans="google">Обе стороны будут критикуются до достижения мотивированного заключения.</edu>
  <edu id="e6" lang="en">It is felt by many that the usage of machines is harmful for health of humans.</edu>
  <edu id="e6" lang="ru" trans="google">Это ощущается многими, что использование машин является вредным для здоровья человека.</edu>
  <edu id="e7" lang="en">Since machines decrease the work done by people.</edu>
  <edu id="e7" lang="ru" trans="google">Поскольку машины уменьшают работу людей.</edu>
  <edu id="e8" lang="en">For example, in many institutions staircases are replaced by lifts now a days.</edu>
  <edu id="e8" lang="ru" trans="google">Например, во многих учреждениях лестницы заменены лифтами теперь дни.</edu>
  <edu id="e9" lang="en">People opt for elevators instead of climbing one or two flight of stairs.</edu>
  <edu id="e9" lang="ru" trans="google">Люди выбирают лифты вместо восхождения одного или два лестничных пролет.</edu>
  <edu id="e10" lang="en">It is confirmed in a number of researches that daily usage of elevators in workplaces promotes obesity.</edu>
  <edu id="e10" lang="ru" trans="google">Это подтверждается в ряде исследований, которые ежедневно использование лифтов на рабочих местах способствует ожирению.</edu>
  <edu id="e11" lang="en">So this example clearly shows the linkage between using machines and adverse health effects.</edu>
  <edu id="e11" lang="ru" trans="google">Так этот пример ясно показывает связь между использованием машинами и неблагоприятными последствиями для здоровья.</edu>
  <edu id="e12" lang="en">On other side of the coin, many people believe that usage of machines makes work easier and less time is consumed for doing similar amount of work.</edu>
  <edu id="e12" lang="ru" trans="google">На другой стороне монеты, многие люди считают, что использование машин делает работу легче и меньше времени расходуются для выполнения аналогичного количества работы.</edu>
  <edu id="e13" lang="en">Take the example of use of food processors in kitchens.</edu>
  <edu id="e13" lang="ru" trans="google">Возьмем в качестве примера использования процессоров пищевых в кухнях.</edu>
  <edu id="e14" lang="en">The work of chopping, blending, grating, kneading has become so easy that people can not imagine their lives without this simple machine at their homes.</edu>
  <edu id="e14" lang="ru" trans="google">Работа измельчения, смешивания, решетки, разминание стало настолько легко, что люди не могут себе представить свою жизнь без этой простой машины в их домах.</edu>
  <edu id="e15" lang="en">Thus it is very obvious that using machines makes daily tasks less time consuming and less cumbersome.</edu>
  <edu id="e15" lang="ru" trans="google">Таким образом, совершенно очевидно, что использование машины делает ежедневные задачи меньше затрат времени и менее громоздким.</edu>
  <edu id="e16" lang="en">After analyzing these two points of view, it is believed that using machines is advantageous.</edu>
  <edu id="e16" lang="ru" trans="google">После анализа этих двух точек зрения, полагают, что использование машины является выгодным.</edu>
  <edu id="e17" lang="en">As machines make work easy and smooth.</edu>
  <edu id="e17" lang="ru" trans="google">Как машины делают работу легкой и гладкой.</edu>
  <edu id="e18" lang="en">The negative effects on health can be put on the back seat.</edu>
  <edu id="e18" lang="ru" trans="google">Отрицательное влияние на здоровье можно положить на заднее сиденье.</edu>
  <edu id="e19" lang="en">Because there are many other ways to exercise and stay healthy.</edu>
  <edu id="e19" lang="ru" trans="google">Потому что есть много других способов, чтобы тренироваться и оставаться здоровыми.</edu>
  <edu id="e20" lang="en">Therefore, it is hoped that in coming time people will enjoy using more and more machines and will choose alternative ways to stay disease free.</edu>
  <edu id="e20" lang="ru" trans="google">Поэтому есть надежда, что в ближайшее время людей будет получать удовольствие, используя все больше и больше машин и выбирать альтернативные способы, чтобы освободить болезнь пребывания.</edu>
  <adu id="a1" type="neut"/>
  <adu id="a2" type="neut"/>
  <adu id="a3" type="neut"/>
  <adu id="a4" type="neut"/>
  <adu id="a5" type="neut"/>
  <adu id="a6" type="opp"/>
  <adu id="a7" type="opp"/>
  <adu id="a8" type="opp"/>
  <adu id="a9" type="opp"/>
  <adu id="a10" type="opp"/>
  <adu id="a11" type="opp"/>
  <adu id="a12" type="pro"/>
  <adu id="a13" type="pro"/>
  <adu id="a14" type="pro"/>
  <adu id="a15" type="pro"/>
  <adu id="a16" type="mcl"/>
  <adu id="a17" type="pro"/>
  <adu id="a18" type="pro"/>
  <adu id="a19" type="pro"/>
  <adu id="a20" type="neut"/>
  <edge id="c14" src="e1" trg="a1" type="seg"/>
  <edge id="c15" src="e2" trg="a2" type="seg"/>
  <edge id="c16" src="e3" trg="a3" type="seg"/>
  <edge id="c17" src="e4" trg="a4" type="seg"/>
  <edge id="c18" src="e5" trg="a5" type="seg"/>
  <edge id="c19" src="e6" trg="a6" type="seg"/>
  <edge id="c20" src="e7" trg="a7" type="seg"/>
  <edge id="c21" src="e8" trg="a8" type="seg"/>
  <edge id="c22" src="e9" trg="a9" type="seg"/>
  <edge id="c23" src="e10" trg="a10" type="seg"/>
  <edge id="c24" src="e11" trg="a11" type="seg"/>
  <edge id="c25" src="e12" trg="a12" type="seg"/>
  <edge id="c26" src="e13" trg="a13" type="seg"/>
  <edge id="c27" src="e14" trg="a14" type="seg"/>
  <edge id="c28" src="e15" trg="a15" type="seg"/>
  <edge id="c29" src="e16" trg="a16" type="seg"/>
  <edge id="c30" src="e17" trg="a17" type="seg"/>
  <edge id="c31" src="e18" trg="a18" type="seg"/>
  <edge id="c32" src="e19" trg="a19" type="seg"/>
  <edge id="c33" src="e20" trg="a20" type="seg"/>
  <edge id="c1" src="a6" trg="a16" type="reb"/>
  <edge id="c2" src="a7" trg="a6" type="sup"/>
  <edge id="c3" src="a8" trg="a6" type="exa"/>
  <edge id="c4" src="a9" trg="a6" type="sup"/>
  <edge id="c5" src="a10" trg="a6" type="sup"/>
  <edge id="c6" src="a11" trg="a6" type="sup"/>
  <edge id="c7" src="a12" trg="a15" type="sup"/>
  <edge id="c8" src="a13" trg="a15" type="sup"/>
  <edge id="c9" src="a14" trg="a15" type="sup"/>
  <edge id="c10" src="a15" trg="a16" type="sup"/>
  <edge id="c11" src="a17" trg="a16" type="sup"/>
  <edge id="c12" src="a18" trg="a16" type="sup"/>
  <edge id="c13" src="a19" trg="a18" type="sup"/>
</arggraph>
