<?xml version='1.0' encoding='UTF-8'?>
<arggraph id="micro_e395" stance="pro" topic_id="The tax reduction of state school for parents who have children studying in private system" topic_ru="Снижение налога государственной школы для родителей, имеющих детей, обучающихся в частной системе">
  <edu id="e1" lang="en">Some people who send their children to private schools contend that the amount of taxes they pay for the state education is unreasonable.</edu>
  <edu id="e1" lang="ru" trans="google">Некоторые люди, которые отправляют своих детей в частные школы утверждают, что сумма налогов, которые они платят за государственное образование является необоснованным.</edu>
  <edu id="e2" lang="en">However, I am utterly convinced that these taxes are absolutely essential.</edu>
  <edu id="e2" lang="ru" trans="google">Тем не менее, я совершенно убежден, что эти налоги являются абсолютно необходимыми.</edu>
  <edu id="e3" lang="en">Firstly, by paying taxes for public school, affluent people effectively contribute to narrowing down the gap between rich and poor.</edu>
  <edu id="e3" lang="ru" trans="google">Во-первых, платить налоги за государственные школы, богатые люди эффективно способствуют сужению разрыва между богатыми и бедными.</edu>
  <edu id="e4" lang="en">It is true that many poor families are not able to afford tuition fees for their kids to attend a course.</edu>
  <edu id="e4" lang="ru" trans="google">Это правда, что многие бедные семьи не могут позволить себе плату за обучение своих детей, чтобы посещать курсы.</edu>
  <edu id="e5" lang="en">With the the tax amount for which they pay, the rich may help a vast number of students from families with poverty background to continue their studies, and earn a better quality of life.</edu>
  <edu id="e5" lang="ru" trans="google">С суммой налога, за которые они платят, богатые могут помочь огромное количеству студентов из семей с фоном бедности продолжать свои исследования, и получить лучшее качество жизни.</edu>
  <edu id="e6" lang="en">Secondly, the tax reduction for parents of children studying in private schools would lead to a waste of public capital.</edu>
  <edu id="e6" lang="ru" trans="google">Во-вторых, снижение налогов для родителей детей, обучающихся в частных школах, приведет к растрате государственного капитала.</edu>
  <edu id="e7" lang="en">Obviously, this reduction would cause a difficulty to the tax calculation.</edu>
  <edu id="e7" lang="ru" trans="google">Очевидно, что это сокращение может вызвать трудности для расчета налога.</edu>
  <edu id="e8" lang="en">Therefore, the government would have to recruit a greater workforce in order to handle this sophisticated issue.</edu>
  <edu id="e8" lang="ru" trans="google">Таким образом, правительству придется набирать большую рабочую силу для того, чтобы справиться с этой сложной проблемой.</edu>
  <edu id="e9" lang="en">In addition, the government would also pay the salary for the excessive officials, and this would result in insufficient investments in other crucial public sectors such as education or health care.</edu>
  <edu id="e9" lang="ru" trans="google">Кроме того, правительство также будет платить зарплату за чрезмерные чиновник, и это приведет к нехватке инвестиций в других важных общественных секторах, такие как образование или здравоохранение.</edu>
  <edu id="e10" lang="en">Many parents supporting for the idea of tax discounts claim that such tax payments are unfair for them.</edu>
  <edu id="e10" lang="ru" trans="google">Многие родители, поддерживающие за идею налоговых скидок утверждают, что такие налоговые платежи являются несправедливыми для них.</edu>
  <edu id="e11" lang="en">They point out that it is irrational to require them to pay for the taxes they do not use.</edu>
  <edu id="e11" lang="ru" trans="google">Они указывают на то, что это нерационально требовать от них оплаты за налогов, которые они не используют.</edu>
  <edu id="e12" lang="en">Nevertheless, we also pay for the public services that we even do not experience a chance to employ like police or fire brigade.</edu>
  <edu id="e12" lang="ru" trans="google">Тем не менее, мы также оплачивать коммунальные услуги, которые мы даже не испытывают шанс на работу, как полиции или пожарной бригады.</edu>
  <edu id="e13" lang="en">We certainly do not hope for a reduction for these sorts of taxes.</edu>
  <edu id="e13" lang="ru" trans="google">Мы, конечно, не надеяться на сокращения этих видов налогов.</edu>
  <edu id="e14" lang="en">On the whole, I do believe that taxes paying for state schools are necessary to be compulsory for all members of society no matter where their children enroll in.</edu>
  <edu id="e14" lang="ru" trans="google">В целом, я считаю, что налоги платят за государственные школы необходимы, чтобы быть обязательными для всех членов общества, независимо от того, где их дети поступают в.</edu>
  <adu id="a1" type="neut"/>
  <adu id="a2" type="mcl"/>
  <adu id="a3" type="pro"/>
  <adu id="a4" type="pro"/>
  <adu id="a5" type="pro"/>
  <adu id="a6" type="pro"/>
  <adu id="a7" type="pro"/>
  <adu id="a8" type="pro"/>
  <adu id="a9" type="pro"/>
  <adu id="a10" type="opp"/>
  <adu id="a11" type="opp"/>
  <adu id="a12" type="pro"/>
  <adu id="a13" type="pro"/>
  <adu id="a14" type="mcl"/>
  <edge id="c15" src="e1" trg="a1" type="seg"/>
  <edge id="c16" src="e2" trg="a2" type="seg"/>
  <edge id="c17" src="e3" trg="a3" type="seg"/>
  <edge id="c18" src="e4" trg="a4" type="seg"/>
  <edge id="c19" src="e5" trg="a5" type="seg"/>
  <edge id="c20" src="e6" trg="a6" type="seg"/>
  <edge id="c21" src="e7" trg="a7" type="seg"/>
  <edge id="c22" src="e8" trg="a8" type="seg"/>
  <edge id="c23" src="e9" trg="a9" type="seg"/>
  <edge id="c24" src="e10" trg="a10" type="seg"/>
  <edge id="c25" src="e11" trg="a11" type="seg"/>
  <edge id="c26" src="e12" trg="a12" type="seg"/>
  <edge id="c27" src="e13" trg="a13" type="seg"/>
  <edge id="c28" src="e14" trg="a14" type="seg"/>
  <edge id="c1" src="a3" trg="a2" type="sup"/>
  <edge id="c2" src="a3" trg="a14" type="sup"/>
  <edge id="c3" src="a4" trg="a3" type="sup"/>
  <edge id="c4" src="a5" trg="a3" type="sup"/>
  <edge id="c5" src="a6" trg="a2" type="sup"/>
  <edge id="c6" src="a6" trg="a14" type="sup"/>
  <edge id="c7" src="a7" trg="a8" type="sup"/>
  <edge id="c8" src="a8" trg="a6" type="sup"/>
  <edge id="c9" src="a9" trg="a6" type="sup"/>
  <edge id="c10" src="a10" trg="a2" type="reb"/>
  <edge id="c11" src="a10" trg="a14" type="reb"/>
  <edge id="c12" src="a11" trg="a10" type="sup"/>
  <edge id="c13" src="a12" trg="a10" type="reb"/>
  <edge id="c14" src="a13" trg="a10" type="reb"/>
</arggraph>
