<?xml version='1.0' encoding='UTF-8'?>
<arggraph id="micro_e355" stance="pro" topic_id="Modern forms of communication; ' electronic letter '" topic_ru="Современные формы общения; «Электронное письмо»">
  <edu id="e1" lang="en">Undoubtedly, the movement of modern forms of communication has changed better, which help people to interact to others, such as email and messaging without limitation time.</edu>
  <edu id="e1" lang="ru" trans="google">Несомненно, движение современных форм коммуникации изменилась лучше, что помогает людям взаимодействовать с другими, такими как электронная почта и обмен сообщениями без ограничений по времени.</edu>
  <edu id="e2" lang="en">I totally agree that using of these soft devices have cut much of time people need to see with their relatives.</edu>
  <edu id="e2" lang="ru" trans="google">Я полностью согласен, что с помощью этих мягких устройств резало много времени людей должно видеть со своими родственниками.</edu>
  <edu id="e3" lang="en">However, it is had some demerits on their social lives.</edu>
  <edu id="e3" lang="ru" trans="google">Тем не менее, он имел некоторые недостатки на их социальной жизни.</edu>
  <edu id="e4" lang="en">Mentioned to societies life style, they constantly use these kinds of electronic letter for making fellowship or just continuing theirs what they already had.</edu>
  <edu id="e4" lang="ru" trans="google">Упоминается в стиль жизни общества, они постоянно используют эти виды электронного письма для получения стипендии или просто продолжать то, что они из Их уже.</edu>
  <edu id="e5" lang="en">Obviousness, there are other ways like social media that they could to use it for meeting theirs buddies such as Twitter and Facebook, also make the communication become feasible and limitless of time.</edu>
  <edu id="e5" lang="ru" trans="google">Очевидность, есть и другие способы, как социальные медиа, чтобы они могли использовать его для удовлетворения ихних приятелей, таких как Twitter и Facebook, а также сделать общение стало возможным и безгранично время.</edu>
  <edu id="e6" lang="en">Another perspective, using of these facilities has influenced netizens to keep themselves becoming unsociable.</edu>
  <edu id="e6" lang="ru" trans="google">Другая точка зрения, использование этих средств повлияло на пользователь Интернет, чтобы держать себя становится нелюдимым.</edu>
  <edu id="e7" lang="en">It caused they were swept away by virtual atmosphere.</edu>
  <edu id="e7" lang="ru" trans="google">Это вызвало они были сметены виртуальной атмосферой.</edu>
  <edu id="e8" lang="en">So they do not do much social live interactions with others.</edu>
  <edu id="e8" lang="ru" trans="google">Таким образом, они не делают много социальных живых взаимодействий с другими.</edu>
  <edu id="e9" lang="en">The consequence of this case made some people become geek, as too much of using email and messaging, without direct contacts.</edu>
  <edu id="e9" lang="ru" trans="google">Следствие этого дела сделало некоторые люди становятся выродком, так как слишком много с помощью электронной почты и обмена сообщений, без прямых контактов.</edu>
  <edu id="e10" lang="en">However, people have had own minded to keep connection with their friends as a good relationship, meet them and talk by face to face directly.</edu>
  <edu id="e10" lang="ru" trans="google">Тем не менее, люди имеют собственные мыслящие держать связь со своими друзьями, как хорошие отношения, встретиться с ними и поговорить по лицом к лицу непосредственно.</edu>
  <edu id="e11" lang="en">In conclusion, I admittedly and strongly agree that the merits of email and messaging have reduced amount of ours time to communicate to.</edu>
  <edu id="e11" lang="ru" trans="google">В заключение, я правда и полностью согласны с тем, что достоинства электронной почты и обмена сообщениями сократили количество нашего времени, чтобы общаться с.</edu>
  <edu id="e12" lang="en">Besides, we need to make sure for the real gathering with our colleague.</edu>
  <edu id="e12" lang="ru" trans="google">Кроме того, мы должны убедиться, что для реального сбора с нашим коллегой.</edu>
  <adu id="a1" type="neut"/>
  <adu id="a2" type="mcl"/>
  <adu id="a3" type="opp"/>
  <adu id="a4" type="pro"/>
  <adu id="a5" type="pro"/>
  <adu id="a6" type="opp"/>
  <adu id="a7" type="opp"/>
  <adu id="a8" type="opp"/>
  <adu id="a9" type="opp"/>
  <adu id="a10" type="pro"/>
  <adu id="a11" type="mcl"/>
  <adu id="a12" type="opp"/>
  <edge id="c14" src="e1" trg="a1" type="seg"/>
  <edge id="c15" src="e2" trg="a2" type="seg"/>
  <edge id="c16" src="e3" trg="a3" type="seg"/>
  <edge id="c17" src="e4" trg="a4" type="seg"/>
  <edge id="c18" src="e5" trg="a5" type="seg"/>
  <edge id="c19" src="e6" trg="a6" type="seg"/>
  <edge id="c20" src="e7" trg="a7" type="seg"/>
  <edge id="c21" src="e8" trg="a8" type="seg"/>
  <edge id="c22" src="e9" trg="a9" type="seg"/>
  <edge id="c23" src="e10" trg="a10" type="seg"/>
  <edge id="c24" src="e11" trg="a11" type="seg"/>
  <edge id="c25" src="e12" trg="a12" type="seg"/>
  <edge id="c1" src="a3" trg="a2" type="reb"/>
  <edge id="c2" src="a3" trg="a11" type="reb"/>
  <edge id="c3" src="a4" trg="a5" type="sup"/>
  <edge id="c4" src="a5" trg="a2" type="sup"/>
  <edge id="c5" src="a5" trg="a11" type="sup"/>
  <edge id="c6" src="a6" trg="a9" type="sup"/>
  <edge id="c7" src="a7" trg="a8" type="sup"/>
  <edge id="c8" src="a8" trg="a9" type="sup"/>
  <edge id="c9" src="a9" trg="a2" type="reb"/>
  <edge id="c10" src="a9" trg="a11" type="reb"/>
  <edge id="c11" src="a10" trg="a9" type="reb"/>
  <edge id="c12" src="a12" trg="a2" type="reb"/>
  <edge id="c13" src="a12" trg="a11" type="reb"/>
</arggraph>
