<?xml version='1.0' encoding='UTF-8'?>
<arggraph id="micro_e99" stance="pro" topic_id="More important to work quickly and risk making mistakes" topic_ru="Более важный для работы быстро и риски делают ошибки">
  <edu id="e1" lang="en">Organizations, these days, seek to find people who can work extraordinary fast and carefully.</edu>
  <edu id="e1" lang="ru" trans="google">Организации, в эти дни, стремятся найти человек, которые могут работать необыкновенными быстро и тщательно.</edu>
  <edu id="e2" lang="en">These people play an important role to increase effectiveness of a company.</edu>
  <edu id="e2" lang="ru" trans="google">Эти люди играют важную роль для повышения эффективности компании.</edu>
  <edu id="e3" lang="en">Working fast yet risky has a place near the ideal goal mentioned before.</edu>
  <edu id="e3" lang="ru" trans="google">Работа еще быстро рискованный имеет место вблизи упомянутой до идеальной цели.</edu>
  <edu id="e4" lang="en">I am totally agrees with the statement for some reasons.</edu>
  <edu id="e4" lang="ru" trans="google">Я полностью согласен с утверждением, по каким-либо причинам.</edu>
  <edu id="e5" lang="en">Trying to learn skills, working in two places in a week and gaining more tasks are the reasons which take into account as the most important causes of my choice.</edu>
  <edu id="e5" lang="ru" trans="google">Попытка изучить навыки, работающие в двух местах в неделе и завоевывает все больше задач, являются причинами, которые принимают во внимание в качестве наиболее важных причин моего выбора.</edu>
  <edu id="e6" lang="en">To begin with, if persons work rapidly, they will have more chance to study.</edu>
  <edu id="e6" lang="ru" trans="google">Начнем с того, если человек быстро работать, они будут иметь больше шансов учиться.</edu>
  <edu id="e7" lang="en">Attending in some classes which try to increase the skills of employees can be considered as an absolutely effective parameter.</edu>
  <edu id="e7" lang="ru" trans="google">Участие в некоторых классах, которые пытаются повысить навыки сотрудников можно рассматривать как абсолютно эффективный параметр.</edu>
  <edu id="e8" lang="en">If people learn how should increase their speed at work by studying, they can stares in their workplace.</edu>
  <edu id="e8" lang="ru" trans="google">Если люди узнают, как следует увеличить скорость работы по изучению, они могут глядит на своем рабочем месте.</edu>
  <edu id="e9" lang="en">For example, I have a friend who was working so slowly.</edu>
  <edu id="e9" lang="ru" trans="google">Например, у меня есть друг, который работает так медленно.</edu>
  <edu id="e10" lang="en">He has been threatened by his boss who was going to fire him.</edu>
  <edu id="e10" lang="ru" trans="google">Он угрожал его боссу, который собирался его уволить.</edu>
  <edu id="e11" lang="en">My friend went to a course where he learned how should work rapidly and now he is working.</edu>
  <edu id="e11" lang="ru" trans="google">Мой друг пошел в ход, когда он узнал, как должно работать быстро, и теперь он работает.</edu>
  <edu id="e12" lang="en">Most importantly, people prone to work in two or three firms in a week.</edu>
  <edu id="e12" lang="ru" trans="google">Самое главное, что люди склонны работать в двух или трех фирм в неделю.</edu>
  <edu id="e13" lang="en">Because the expenses have been increased.</edu>
  <edu id="e13" lang="ru" trans="google">Поскольку расходы были увеличены.</edu>
  <edu id="e14" lang="en">If they work just in one organization they cannot earn enough money.</edu>
  <edu id="e14" lang="ru" trans="google">Если они работают только в одной организации, которую они не могут заработать достаточно денег.</edu>
  <edu id="e15" lang="en">This fact pushes them to work faster and faster.</edu>
  <edu id="e15" lang="ru" trans="google">Этот факт заставляет их работать быстрее и быстрее.</edu>
  <edu id="e16" lang="en">For example, because applying to study abroad needs a lot of money.</edu>
  <edu id="e16" lang="ru" trans="google">Например, из-за применения на учебу за границу нужно много денег.</edu>
  <edu id="e17" lang="en">I am working in two organization to gain more salary.</edu>
  <edu id="e17" lang="ru" trans="google">Я работаю в два организации, чтобы получить больше зарплаты.</edu>
  <edu id="e18" lang="en">The more money, the more chances.</edu>
  <edu id="e18" lang="ru" trans="google">Чем больше денег, тем больше шансов.</edu>
  <edu id="e19" lang="en">Last but not least, people who work slowly can no longer handle more tasks.</edu>
  <edu id="e19" lang="ru" trans="google">Последнее, но не менее, люди, которые медленно работают больше не может обрабатывать больше задач.</edu>
  <edu id="e20" lang="en">If you show in your workplace that you are the one who can work more than other even carelessly, your boss will assign you more tasks.</edu>
  <edu id="e20" lang="ru" trans="google">Если вы показываете на своем рабочем месте, что вы тот, кто может работать больше, чем другие, даже небрежно, ваш босс назначит вам больше задач.</edu>
  <edu id="e21" lang="en">If you do them fast too, the first acknowledgement of your boss encourages you to work harder.</edu>
  <edu id="e21" lang="ru" trans="google">Если вы их слишком быстро, то первое подтверждение вашего босса призывает вас работать.</edu>
  <edu id="e22" lang="en">It turns you to a person who has skill of working without hesitation.</edu>
  <edu id="e22" lang="ru" trans="google">Это превращает вас к человеку, который имеет навыки работы без колебаний.</edu>
  <edu id="e23" lang="en">Even if we ignore this result, by the same token, you can get higher position and more money.</edu>
  <edu id="e23" lang="ru" trans="google">Даже если мы будем игнорировать этот результат, к тому же, вы можете получить более высокую позицию и больше денег.</edu>
  <edu id="e24" lang="en">To sum up, I completely approve of the statement which says people should work faster even more risky.</edu>
  <edu id="e24" lang="ru" trans="google">Подводя итог, я полностью одобряю заявление, в котором говорится, что люди должны работать быстрее, еще более рискованным.</edu>
  <edu id="e25" lang="en">Gaining more skills by study, having more than one job, and handling more tasks are the benefits of it which overweighs its disadvantages.</edu>
  <edu id="e25" lang="ru" trans="google">Получить больше навыков по изучению, имеющие более чем одну работу, и обработку больше задач преимущества, которые ему перевешивает ее недостатки.</edu>
  <edu id="e26" lang="en">I hope people gain this skill because after that they will endorse my choice.</edu>
  <edu id="e26" lang="ru" trans="google">Я надеюсь, что люди приобретают этот навык, потому что после того, что они одобрят мой выбор.</edu>
  <adu id="a1" type="neut"/>
  <adu id="a2" type="neut"/>
  <adu id="a3" type="mcl"/>
  <adu id="a4" type="neut"/>
  <adu id="a5" type="pro"/>
  <adu id="a6" type="pro"/>
  <adu id="a7" type="pro"/>
  <adu id="a8" type="pro"/>
  <adu id="a9" type="pro"/>
  <adu id="a10" type="pro"/>
  <adu id="a11" type="pro"/>
  <adu id="a12" type="pro"/>
  <adu id="a13" type="pro"/>
  <adu id="a14" type="pro"/>
  <adu id="a15" type="pro"/>
  <adu id="a16" type="pro"/>
  <adu id="a17" type="pro"/>
  <adu id="a18" type="pro"/>
  <adu id="a19" type="pro"/>
  <adu id="a20" type="pro"/>
  <adu id="a21" type="pro"/>
  <adu id="a22" type="pro"/>
  <adu id="a23" type="pro"/>
  <adu id="a24" type="mcl"/>
  <adu id="a25" type="pro"/>
  <adu id="a26" type="neut"/>
  <edge id="c26" src="e1" trg="a1" type="seg"/>
  <edge id="c27" src="e2" trg="a2" type="seg"/>
  <edge id="c28" src="e3" trg="a3" type="seg"/>
  <edge id="c29" src="e4" trg="a4" type="seg"/>
  <edge id="c30" src="e5" trg="a5" type="seg"/>
  <edge id="c31" src="e6" trg="a6" type="seg"/>
  <edge id="c32" src="e7" trg="a7" type="seg"/>
  <edge id="c33" src="e8" trg="a8" type="seg"/>
  <edge id="c34" src="e9" trg="a9" type="seg"/>
  <edge id="c35" src="e10" trg="a10" type="seg"/>
  <edge id="c36" src="e11" trg="a11" type="seg"/>
  <edge id="c37" src="e12" trg="a12" type="seg"/>
  <edge id="c38" src="e13" trg="a13" type="seg"/>
  <edge id="c39" src="e14" trg="a14" type="seg"/>
  <edge id="c40" src="e15" trg="a15" type="seg"/>
  <edge id="c41" src="e16" trg="a16" type="seg"/>
  <edge id="c42" src="e17" trg="a17" type="seg"/>
  <edge id="c43" src="e18" trg="a18" type="seg"/>
  <edge id="c44" src="e19" trg="a19" type="seg"/>
  <edge id="c45" src="e20" trg="a20" type="seg"/>
  <edge id="c46" src="e21" trg="a21" type="seg"/>
  <edge id="c47" src="e22" trg="a22" type="seg"/>
  <edge id="c48" src="e23" trg="a23" type="seg"/>
  <edge id="c49" src="e24" trg="a24" type="seg"/>
  <edge id="c50" src="e25" trg="a25" type="seg"/>
  <edge id="c51" src="e26" trg="a26" type="seg"/>
  <edge id="c1" src="a5" trg="a3" type="sup"/>
  <edge id="c2" src="a5" trg="a24" type="sup"/>
  <edge id="c3" src="a6" trg="a3" type="sup"/>
  <edge id="c4" src="a6" trg="a24" type="sup"/>
  <edge id="c5" src="a7" trg="a6" type="sup"/>
  <edge id="c6" src="a8" trg="a6" type="sup"/>
  <edge id="c7" src="a9" trg="a8" type="exa"/>
  <edge id="c8" src="a10" trg="a8" type="sup"/>
  <edge id="c9" src="a11" trg="a8" type="sup"/>
  <edge id="c10" src="a12" trg="a3" type="sup"/>
  <edge id="c11" src="a12" trg="a24" type="sup"/>
  <edge id="c12" src="a13" trg="a12" type="sup"/>
  <edge id="c13" src="a14" trg="a12" type="sup"/>
  <edge id="c14" src="a15" trg="a12" type="sup"/>
  <edge id="c15" src="a16" trg="a17" type="exa"/>
  <edge id="c16" src="a17" trg="a12" type="sup"/>
  <edge id="c17" src="a18" trg="a12" type="sup"/>
  <edge id="c18" src="a19" trg="a3" type="sup"/>
  <edge id="c19" src="a19" trg="a24" type="sup"/>
  <edge id="c20" src="a20" trg="a19" type="sup"/>
  <edge id="c21" src="a21" trg="a19" type="sup"/>
  <edge id="c22" src="a22" trg="a19" type="sup"/>
  <edge id="c23" src="a23" trg="a19" type="sup"/>
  <edge id="c24" src="a25" trg="a3" type="sup"/>
  <edge id="c25" src="a25" trg="a24" type="sup"/>
</arggraph>
