<?xml version='1.0' encoding='UTF-8'?>
<arggraph id="micro_e57" stance="pro" topic_id="One or two close friends vs. a large number of casual acquaintances" topic_ru="Один или два близкие друзья против большого числа случайных знакомых">
  <edu id="e1" lang="en">There is no need for me to put any emphasis on the advantage of having a large number of casual acquaintance.</edu>
  <edu id="e1" lang="ru" trans="google">Там нет необходимости для меня, чтобы поставить любой акцент на преимуществе наличия большого количества случайного знакомого.</edu>
  <edu id="e2" lang="en">However, I still agree that it's better to have one or two close friends than to have a large number of casual acquaintances.</edu>
  <edu id="e2" lang="ru" trans="google">Тем не менее, я все еще согласен, что лучше иметь один или два близких друзей, чем иметь большое количество случайных знакомых.</edu>
  <edu id="e3" lang="en">We can not deny that being a friend with someone is different from only being acquaintant.</edu>
  <edu id="e3" lang="ru" trans="google">Мы не можем отрицать, что быть другом с кем-то отличается от только будучи acquaintant.</edu>
  <edu id="e4" lang="en">First, it's not easy to make friend with anyone.</edu>
  <edu id="e4" lang="ru" trans="google">Во-первых, это не так легко сделать друга с кем.</edu>
  <edu id="e5" lang="en">I believe friends are people who have great compatibility with each other.</edu>
  <edu id="e5" lang="ru" trans="google">Я считаю, что друзья это люди, которые имеют большую совместимость друг с другом.</edu>
  <edu id="e6" lang="en">After two years in college I have found sometimes there is more differences between people than similarities, for we are growing in the different families and was educated in various ways.</edu>
  <edu id="e6" lang="ru" trans="google">После двух лет в колледже я нашел иногда есть больше различий между людьми, чем сходства, ибо мы растем в разных семьях и образованные различных способами.</edu>
  <edu id="e7" lang="en">Sometimes acquaintances are just acquaintances.</edu>
  <edu id="e7" lang="ru" trans="google">Иногда знакомые просто знакомые.</edu>
  <edu id="e8" lang="en">We spend time together but we could never be friend.</edu>
  <edu id="e8" lang="ru" trans="google">Мы проводим время вместе, но мы никогда не могли быть другом.</edu>
  <edu id="e9" lang="en">So, it's much easier to have some casual acquaintances than have some close friends.</edu>
  <edu id="e9" lang="ru" trans="google">Таким образом, это намного легче иметь несколько случайных знакомых, чем у некоторых близких друзей.</edu>
  <edu id="e10" lang="en">Second, close friends can easily understand each others feelings.</edu>
  <edu id="e10" lang="ru" trans="google">Во-вторых, близкие друзья могут легко понять друг друга чувства.</edu>
  <edu id="e11" lang="en">Because of the similarity I talked before, acquaintances probably not able to understand you better than your friends.</edu>
  <edu id="e11" lang="ru" trans="google">Из-за сходства я говорил раньше, знакомых, вероятно, не в состоянии понять вас лучше, чем ваши друзья.</edu>
  <edu id="e12" lang="en">Moreover, they wouldn't even spare time to consider your feelings.</edu>
  <edu id="e12" lang="ru" trans="google">Более того, они не были бы даже свободное время, чтобы рассмотреть ваши чувства.</edu>
  <edu id="e13" lang="en">Everyone play the role of acquaintance and friend at the same time.</edu>
  <edu id="e13" lang="ru" trans="google">Каждый играет роль знакомого и друга одновременно.</edu>
  <edu id="e14" lang="en">Being friendly is a good way to treat a acquaintance but way not enough for a friend.</edu>
  <edu id="e14" lang="ru" trans="google">Будучи дружественным является хорошим способом для лечения знакомого, но так не хватает для друга.</edu>
  <edu id="e15" lang="en">When my friend is sick, I would not only ask if he is okay like an acquaintance but do my best to make him get well as soon as possible.</edu>
  <edu id="e15" lang="ru" trans="google">Когда мой друг болен, я бы не только спросить, если он в порядке, как знакомый, но сделать все возможное, чтобы сделать его выздороветь как можно скорее.</edu>
  <edu id="e16" lang="en">If my friend is going to the wrong direction in his life trail, I will try my best to pull him back, but not stand and stare like it's not of my business.</edu>
  <edu id="e16" lang="ru" trans="google">Если мой друг собирается в неправильном направлении в его жизни след, я буду стараться изо всех сил, чтобы вытащить его обратно, но не стоять и смотреть, как это не мое дело.</edu>
  <edu id="e17" lang="en">And I believe my friend will do the same to me.</edu>
  <edu id="e17" lang="ru" trans="google">И я полагаю, что мой друг будет делать то же самое для меня.</edu>
  <edu id="e18" lang="en">In conclusion, a friend is a person you care about.</edu>
  <edu id="e18" lang="ru" trans="google">В заключение, друг человека, которого вы заботитесь о.</edu>
  <edu id="e19" lang="en">To me, friends are the most important people in my life second to my family.</edu>
  <edu id="e19" lang="ru" trans="google">Для меня, друзья являются самыми важными людьми в моей жизни второй в моей семье.</edu>
  <edu id="e20" lang="en">I am the kind of person who has only one or two close friends, and I am fully content that I have such nice friends.</edu>
  <edu id="e20" lang="ru" trans="google">Я такой человек, который имеет только один или два близких друзей, и я полностью содержание, что у меня есть такие хорошие друзья.</edu>
  <edu id="e21" lang="en">If someone exchange my friends with thousands of acquaintances, I will definitely say NO.</edu>
  <edu id="e21" lang="ru" trans="google">Если кто-то обменивать свои друг с тысячами знакомых, я определенно сказать НЕТ.</edu>
  <adu id="a1" type="neut"/>
  <adu id="a2" type="mcl"/>
  <adu id="a3" type="pro"/>
  <adu id="a4" type="pro"/>
  <adu id="a5" type="pro"/>
  <adu id="a6" type="pro"/>
  <adu id="a7" type="pro"/>
  <adu id="a8" type="pro"/>
  <adu id="a9" type="pro"/>
  <adu id="a10" type="pro"/>
  <adu id="a11" type="pro"/>
  <adu id="a12" type="pro"/>
  <adu id="a13" type="pro"/>
  <adu id="a14" type="pro"/>
  <adu id="a15" type="pro"/>
  <adu id="a16" type="pro"/>
  <adu id="a17" type="pro"/>
  <adu id="a18" type="pro"/>
  <adu id="a19" type="mcl"/>
  <adu id="a20" type="neut"/>
  <adu id="a21" type="neut"/>
  <edge id="c20" src="e1" trg="a1" type="seg"/>
  <edge id="c21" src="e2" trg="a2" type="seg"/>
  <edge id="c22" src="e3" trg="a3" type="seg"/>
  <edge id="c23" src="e4" trg="a4" type="seg"/>
  <edge id="c24" src="e5" trg="a5" type="seg"/>
  <edge id="c25" src="e6" trg="a6" type="seg"/>
  <edge id="c26" src="e7" trg="a7" type="seg"/>
  <edge id="c27" src="e8" trg="a8" type="seg"/>
  <edge id="c28" src="e9" trg="a9" type="seg"/>
  <edge id="c29" src="e10" trg="a10" type="seg"/>
  <edge id="c30" src="e11" trg="a11" type="seg"/>
  <edge id="c31" src="e12" trg="a12" type="seg"/>
  <edge id="c32" src="e13" trg="a13" type="seg"/>
  <edge id="c33" src="e14" trg="a14" type="seg"/>
  <edge id="c34" src="e15" trg="a15" type="seg"/>
  <edge id="c35" src="e16" trg="a16" type="seg"/>
  <edge id="c36" src="e17" trg="a17" type="seg"/>
  <edge id="c37" src="e18" trg="a18" type="seg"/>
  <edge id="c38" src="e19" trg="a19" type="seg"/>
  <edge id="c39" src="e20" trg="a20" type="seg"/>
  <edge id="c40" src="e21" trg="a21" type="seg"/>
  <edge id="c1" src="a3" trg="a9" type="sup"/>
  <edge id="c2" src="a4" trg="a3" type="sup"/>
  <edge id="c3" src="a5" trg="a3" type="sup"/>
  <edge id="c4" src="a6" trg="a3" type="sup"/>
  <edge id="c5" src="a7" trg="a9" type="sup"/>
  <edge id="c6" src="a8" trg="a9" type="sup"/>
  <edge id="c7" src="a9" trg="a2" type="sup"/>
  <edge id="c8" src="a9" trg="a19" type="sup"/>
  <edge id="c9" src="a10" trg="a2" type="sup"/>
  <edge id="c10" src="a10" trg="a19" type="sup"/>
  <edge id="c11" src="a11" trg="a10" type="sup"/>
  <edge id="c12" src="a12" trg="a10" type="sup"/>
  <edge id="c13" src="a13" trg="a10" type="sup"/>
  <edge id="c14" src="a14" trg="a10" type="sup"/>
  <edge id="c15" src="a15" trg="a18" type="sup"/>
  <edge id="c16" src="a16" trg="a18" type="sup"/>
  <edge id="c17" src="a17" trg="a18" type="sup"/>
  <edge id="c18" src="a18" trg="a2" type="sup"/>
  <edge id="c19" src="a18" trg="a19" type="sup"/>
</arggraph>
