<?xml version='1.0' encoding='UTF-8'?>
<arggraph id="micro_e159" stance="pro" topic_id="Creativity - should it be given freedom or restrictions" topic_ru="Творчество - она ​​должна быть предоставлена ​​свобода или ограничения">
  <edu id="e1" lang="en">Creativity is the ability to think beyond the obvious.</edu>
  <edu id="e1" lang="ru" trans="google">Творчество является способность мыслить за пределами очевидного.</edu>
  <edu id="e2" lang="en">Many governments restrict the artistic works of the creative minds.</edu>
  <edu id="e2" lang="ru" trans="google">Многие правительства ограничивают художественные произведения творческих умов.</edu>
  <edu id="e3" lang="en">Creativity originates in a free mind.</edu>
  <edu id="e3" lang="ru" trans="google">Творчество берет свое начало в свободном уме.</edu>
  <edu id="e4" lang="en">Hence, creative artists must be given the freedom to express their ideas without any restrictions.</edu>
  <edu id="e4" lang="ru" trans="google">Следовательно, творческие люди должны дать свободу выражать свои идеи без каких-либо ограничений.</edu>
  <edu id="e5" lang="en">Time and again, creative artists like Michaelangelo, Picasso, Salman Rushdie, Shakespeare etc. have made artistic works which gave a social message.</edu>
  <edu id="e5" lang="ru" trans="google">Снова и снова, творческие художники, как Микеланджело, Пикассо, Салман Рушди, Шекспир и т.д. сделали художественные произведения, которые дали социальное сообщение.</edu>
  <edu id="e6" lang="en">Right from sculptures to paintings, books to drama and movies, all these artistic works have reflected the contemporary social issues of different eras.</edu>
  <edu id="e6" lang="ru" trans="google">Справа от скульптур до картин, книги для драмы и кино, все эти художественные произведения отражали современные социальные проблемы разных эпох.</edu>
  <edu id="e7" lang="en">Creative works help to create social awareness by giving a social message.</edu>
  <edu id="e7" lang="ru" trans="google">Творческие работы помогают создать общественное сознание, давая социальное сообщение.</edu>
  <edu id="e8" lang="en">Nonetheless, innovative works makes people realize things in a peaceful way and peep into their own conscience.</edu>
  <edu id="e8" lang="ru" trans="google">Тем не менее, инновационные работы заставляет людей осознать вещи мирным путем и писк в их собственной совести.</edu>
  <edu id="e9" lang="en">It helps to raise issues and criticize the wrong doings of the governments.</edu>
  <edu id="e9" lang="ru" trans="google">Это помогает поднимать вопросы и критиковать неправильные деяния правительства.</edu>
  <edu id="e10" lang="en">For instance, Bangladeshi writer Taslima Nasrin was accused of acting against the government, just because she raised a social issue.</edu>
  <edu id="e10" lang="ru" trans="google">Например, бангладешского писатель Насрин был обвинен в действиях против правительства, только потому, что она поднимала социальную проблему.</edu>
  <edu id="e11" lang="en">This type of approach is a hurdle in promoting creative minds.</edu>
  <edu id="e11" lang="ru" trans="google">Такой подход является препятствием в развитии творческих умов.</edu>
  <edu id="e12" lang="en">In addition, creativity also gives aesthetic charm.</edu>
  <edu id="e12" lang="ru" trans="google">Кроме того, творчество также дает эстетическое очарование.</edu>
  <edu id="e13" lang="en">Unfortunately, many governments restrict the artists.</edu>
  <edu id="e13" lang="ru" trans="google">К сожалению, многие правительства ограничивают художник.</edu>
  <edu id="e14" lang="en">Frank Zappa once said, " Mind is like a parachute, it doesn't work if its not open “.</edu>
  <edu id="e14" lang="ru" trans="google">Фрэнк Заппа однажды сказал: "Ум как парашют, он не работает, если его не открыто«.</edu>
  <edu id="e15" lang="en">Restrictions would just curb the innovative ideas of the artists and would limit their brains.</edu>
  <edu id="e15" lang="ru" trans="google">Ограничения бы просто обуздать инновационные идеи художников и ограничивали бы их мозги.</edu>
  <edu id="e16" lang="en">Like the media, artists should also be given the freedom to express their ideas freely.</edu>
  <edu id="e16" lang="ru" trans="google">Как и в средствах массовой информации, художники также должна быть предоставлена ​​свобода выражать свои мысли свободно.</edu>
  <edu id="e17" lang="en">However, artists should also know not to hurt the sentiments of the people.</edu>
  <edu id="e17" lang="ru" trans="google">Тем не менее, художники должны также знать, чтобы не задеть чувства людей.</edu>
  <edu id="e18" lang="en">Many artists have been involved in controversies because of hurting the religious or social beliefs of the common people.</edu>
  <edu id="e18" lang="ru" trans="google">Многие художники были вовлечены в споры из-за задевая религиозные или социальные убеждения простых людей.</edu>
  <edu id="e19" lang="en">Artists should have self-awareness not to create vulgar, hurtful or useless works which do not serve any purpose.</edu>
  <edu id="e19" lang="ru" trans="google">Художники должны быть самоосознание, чтобы не создавать вульгарные, обидные или бесполезные дела, которые не служат какой-либо цели.</edu>
  <edu id="e20" lang="en">I firmly believe that artists should be given the freedom of expression.</edu>
  <edu id="e20" lang="ru" trans="google">Я твердо верю, что художники должны дать свободу выражения.</edu>
  <edu id="e21" lang="en">Mind can not work when it is chained in boundaries.</edu>
  <edu id="e21" lang="ru" trans="google">Ум не может работать, когда он прикован в границах.</edu>
  <edu id="e22" lang="en">Imagination is at its best when the mind is relaxed and free from the fear of government or any restrictive laws.</edu>
  <edu id="e22" lang="ru" trans="google">Воображение в лучшем случае, когда ум расслаблен и свободен от страха правительства или каких-либо ограничительных законов.</edu>
  <adu id="a1" type="neut"/>
  <adu id="a2" type="neut"/>
  <adu id="a3" type="pro"/>
  <adu id="a4" type="mcl"/>
  <adu id="a5" type="pro"/>
  <adu id="a6" type="pro"/>
  <adu id="a7" type="pro"/>
  <adu id="a8" type="pro"/>
  <adu id="a9" type="pro"/>
  <adu id="a10" type="pro"/>
  <adu id="a11" type="pro"/>
  <adu id="a12" type="pro"/>
  <adu id="a13" type="neut"/>
  <adu id="a14" type="pro"/>
  <adu id="a15" type="pro"/>
  <adu id="a16" type="pro"/>
  <adu id="a17" type="pro"/>
  <adu id="a18" type="pro"/>
  <adu id="a19" type="pro"/>
  <adu id="a20" type="mcl"/>
  <adu id="a21" type="pro"/>
  <adu id="a22" type="pro"/>
  <edge id="c25" src="e1" trg="a1" type="seg"/>
  <edge id="c26" src="e2" trg="a2" type="seg"/>
  <edge id="c27" src="e3" trg="a3" type="seg"/>
  <edge id="c28" src="e4" trg="a4" type="seg"/>
  <edge id="c29" src="e5" trg="a5" type="seg"/>
  <edge id="c30" src="e6" trg="a6" type="seg"/>
  <edge id="c31" src="e7" trg="a7" type="seg"/>
  <edge id="c32" src="e8" trg="a8" type="seg"/>
  <edge id="c33" src="e9" trg="a9" type="seg"/>
  <edge id="c34" src="e10" trg="a10" type="seg"/>
  <edge id="c35" src="e11" trg="a11" type="seg"/>
  <edge id="c36" src="e12" trg="a12" type="seg"/>
  <edge id="c37" src="e13" trg="a13" type="seg"/>
  <edge id="c38" src="e14" trg="a14" type="seg"/>
  <edge id="c39" src="e15" trg="a15" type="seg"/>
  <edge id="c40" src="e16" trg="a16" type="seg"/>
  <edge id="c41" src="e17" trg="a17" type="seg"/>
  <edge id="c42" src="e18" trg="a18" type="seg"/>
  <edge id="c43" src="e19" trg="a19" type="seg"/>
  <edge id="c44" src="e20" trg="a20" type="seg"/>
  <edge id="c45" src="e21" trg="a21" type="seg"/>
  <edge id="c46" src="e22" trg="a22" type="seg"/>
  <edge id="c1" src="a3" trg="a4" type="sup"/>
  <edge id="c2" src="a3" trg="a20" type="sup"/>
  <edge id="c3" src="a5" trg="a7" type="sup"/>
  <edge id="c4" src="a6" trg="a7" type="sup"/>
  <edge id="c5" src="a7" trg="a4" type="sup"/>
  <edge id="c6" src="a7" trg="a20" type="sup"/>
  <edge id="c7" src="a8" trg="a4" type="sup"/>
  <edge id="c8" src="a8" trg="a20" type="sup"/>
  <edge id="c9" src="a9" trg="a8" type="sup"/>
  <edge id="c10" src="a10" trg="a9" type="exa"/>
  <edge id="c11" src="a11" trg="a9" type="sup"/>
  <edge id="c12" src="a12" trg="a8" type="sup"/>
  <edge id="c13" src="a14" trg="a16" type="sup"/>
  <edge id="c14" src="a15" trg="a16" type="sup"/>
  <edge id="c15" src="a16" trg="a4" type="sup"/>
  <edge id="c16" src="a16" trg="a20" type="sup"/>
  <edge id="c17" src="a17" trg="a19" type="sup"/>
  <edge id="c18" src="a18" trg="a19" type="sup"/>
  <edge id="c19" src="a19" trg="a4" type="sup"/>
  <edge id="c20" src="a19" trg="a20" type="sup"/>
  <edge id="c21" src="a21" trg="a4" type="sup"/>
  <edge id="c22" src="a21" trg="a20" type="sup"/>
  <edge id="c23" src="a22" trg="a4" type="sup"/>
  <edge id="c24" src="a22" trg="a20" type="sup"/>
</arggraph>
