<?xml version='1.0' encoding='UTF-8'?>
<arggraph id="micro_e326" stance="pro" topic_id="Technology designed to make people's lives simpler often make them more complicated" topic_ru="Технология разработана, чтобы сделать жизнь людей проще всего сделать их более сложными">
  <edu id="e1" lang="en">Many people think they are blessed to be in the era of high technology.</edu>
  <edu id="e1" lang="ru" trans="google">Многие люди думают, что они благословлены, чтобы быть в эпоху высоких технологий.</edu>
  <edu id="e2" lang="en">With newly developing technologies, people are able to carry various tasks more convenient and easy.</edu>
  <edu id="e2" lang="ru" trans="google">С новой разработкой технологий, люди способны выполнять различные задачи, более удобно и легко.</edu>
  <edu id="e3" lang="en">For example, we no longer have to travel to DMV to renew our driver's license or drive to bank for sending money.</edu>
  <edu id="e3" lang="ru" trans="google">нет, например, у нас больше не нужно ехать в DMV, чтобы возобновить свои водительские права или диск в банк для отправки денег.</edu>
  <edu id="e4" lang="en">Ancient people would probably think that we are like magicians.</edu>
  <edu id="e4" lang="ru" trans="google">Древние люди, вероятно, думают, что мы похожи на волшебников.</edu>
  <edu id="e5" lang="en">However, even with all the conveniences, we would have to admit that technologies made our lives more complicated.</edu>
  <edu id="e5" lang="ru" trans="google">Однако, даже со всеми удобствами, мы должны признать, что технологии делают нашу жизнь более сложной.</edu>
  <edu id="e6" lang="en">There are couple reasons and examples to support my answer.</edu>
  <edu id="e6" lang="ru" trans="google">Есть несколько причин, и примеры, чтобы поддержать мой ответ.</edu>
  <edu id="e7" lang="en">Of course, new technologies are always great.</edu>
  <edu id="e7" lang="ru" trans="google">Конечно, новые технологии всегда велики.</edu>
  <edu id="e8" lang="en">However, it takes time for people to adapt them.</edu>
  <edu id="e8" lang="ru" trans="google">Тем не менее, это требует времени для людей, чтобы приспособить их.</edu>
  <edu id="e9" lang="en">Since we are informed with devices that are produced with new features nearly every day.</edu>
  <edu id="e9" lang="ru" trans="google">Поскольку мы в курсе с устройствами, которые производятся с новыми функциями, почти каждый день.</edu>
  <edu id="e10" lang="en">many people often get lost.</edu>
  <edu id="e10" lang="ru" trans="google">многие люди часто теряются.</edu>
  <edu id="e11" lang="en">For instance, I use new Iphone which I personally think is great.</edu>
  <edu id="e11" lang="ru" trans="google">Например, я использую новый Iphone, который я лично думаю, это здорово.</edu>
  <edu id="e12" lang="en">However, even though I used it for couple months, I still do not know how to use all the features proficiently.</edu>
  <edu id="e12" lang="ru" trans="google">Тем не менее, хотя я использовал его в течение нескольких месяцев, я до сих пор не знаю, как использовать все возможности квалифицированно.</edu>
  <edu id="e13" lang="en">At first, I tried to go through all the instructions but, soon, I gave up.</edu>
  <edu id="e13" lang="ru" trans="google">Сначала я пытался пройти через все инструкции, но в ближайшее время, я сдался.</edu>
  <edu id="e14" lang="en">Because I found out that it is time-consuming and there are too many things to learn.</edu>
  <edu id="e14" lang="ru" trans="google">Потому что я узнал, что это отнимает много времени и слишком много вещей, чтобы узнать.</edu>
  <edu id="e15" lang="en">Next, technology destroys the language.</edu>
  <edu id="e15" lang="ru" trans="google">Далее технология разрушает язык.</edu>
  <edu id="e16" lang="en">Ever since people used computers or cellphones to chat with others.</edu>
  <edu id="e16" lang="ru" trans="google">С тех пор люди использовали компьютеры или мобильные телефоны, чтобы общаться с другими людьми.</edu>
  <edu id="e17" lang="en">they created their own language to communicate.</edu>
  <edu id="e17" lang="ru" trans="google">они создали свой собственный язык для общения.</edu>
  <edu id="e18" lang="en">Because people try to type as fast as they are talking.</edu>
  <edu id="e18" lang="ru" trans="google">Потому что люди пытаются ввести так быстро, как они говорят.</edu>
  <edu id="e19" lang="en">they use a lot of abbreviations and broken language.</edu>
  <edu id="e19" lang="ru" trans="google">они используют много сокращений и разбитого языка.</edu>
  <edu id="e20" lang="en">This has gotten worse with twitter, myspace, and facebook.</edu>
  <edu id="e20" lang="ru" trans="google">Это становится хуже с Twitter, MySpace и Facebook.</edu>
  <edu id="e21" lang="en">What are even worse, young people who are still in the early ages are exposed to them and impeded by the newly developed inventions.</edu>
  <edu id="e21" lang="ru" trans="google">Что еще хуже, молодые люди, которые еще в раннем возрасте подвергаются им и препятствует вновь разработанных изобретений.</edu>
  <edu id="e22" lang="en">To clarify, my younger brother does not know how to spell the words correctly and he talks to his friends with terms that I have never heard of.</edu>
  <edu id="e22" lang="ru" trans="google">Чтобы уточнить, мой младший брат не знает, как правильно пишется слово, и он говорит со своими друзьями с точкой зрения, что я никогда не слышал.</edu>
  <edu id="e23" lang="en">I have tried to correct him for couple times but he just thinks that I am too conservative.</edu>
  <edu id="e23" lang="ru" trans="google">Я попытался исправить его пару раз, но он просто думает, что я слишком консервативен.</edu>
  <edu id="e24" lang="en">Although technologies allowed us to have a convenient life.</edu>
  <edu id="e24" lang="ru" trans="google">Хотя технологии позволили нам иметь удобную жизнь.</edu>
  <edu id="e25" lang="en">it has made our lives more chaotic according to the reasons mentioned above.</edu>
  <edu id="e25" lang="ru" trans="google">это сделало нашу жизнь более хаотичным по причинам, указанным выше.</edu>
  <adu id="a1" type="neut"/>
  <adu id="a2" type="neut"/>
  <adu id="a3" type="neut"/>
  <adu id="a4" type="neut"/>
  <adu id="a5" type="mcl"/>
  <adu id="a6" type="neut"/>
  <adu id="a7" type="opp"/>
  <adu id="a8" type="pro"/>
  <adu id="a9" type="pro"/>
  <adu id="a10" type="pro"/>
  <adu id="a11" type="pro"/>
  <adu id="a12" type="pro"/>
  <adu id="a13" type="pro"/>
  <adu id="a14" type="pro"/>
  <adu id="a15" type="pro"/>
  <adu id="a16" type="pro"/>
  <adu id="a17" type="pro"/>
  <adu id="a18" type="pro"/>
  <adu id="a19" type="pro"/>
  <adu id="a20" type="pro"/>
  <adu id="a21" type="pro"/>
  <adu id="a22" type="pro"/>
  <adu id="a23" type="pro"/>
  <adu id="a24" type="opp"/>
  <adu id="a25" type="mcl"/>
  <edge id="c22" src="e1" trg="a1" type="seg"/>
  <edge id="c23" src="e2" trg="a2" type="seg"/>
  <edge id="c24" src="e3" trg="a3" type="seg"/>
  <edge id="c25" src="e4" trg="a4" type="seg"/>
  <edge id="c26" src="e5" trg="a5" type="seg"/>
  <edge id="c27" src="e6" trg="a6" type="seg"/>
  <edge id="c28" src="e7" trg="a7" type="seg"/>
  <edge id="c29" src="e8" trg="a8" type="seg"/>
  <edge id="c30" src="e9" trg="a9" type="seg"/>
  <edge id="c31" src="e10" trg="a10" type="seg"/>
  <edge id="c32" src="e11" trg="a11" type="seg"/>
  <edge id="c33" src="e12" trg="a12" type="seg"/>
  <edge id="c34" src="e13" trg="a13" type="seg"/>
  <edge id="c35" src="e14" trg="a14" type="seg"/>
  <edge id="c36" src="e15" trg="a15" type="seg"/>
  <edge id="c37" src="e16" trg="a16" type="seg"/>
  <edge id="c38" src="e17" trg="a17" type="seg"/>
  <edge id="c39" src="e18" trg="a18" type="seg"/>
  <edge id="c40" src="e19" trg="a19" type="seg"/>
  <edge id="c41" src="e20" trg="a20" type="seg"/>
  <edge id="c42" src="e21" trg="a21" type="seg"/>
  <edge id="c43" src="e22" trg="a22" type="seg"/>
  <edge id="c44" src="e23" trg="a23" type="seg"/>
  <edge id="c45" src="e24" trg="a24" type="seg"/>
  <edge id="c46" src="e25" trg="a25" type="seg"/>
  <edge id="c1" src="a7" trg="a5" type="reb"/>
  <edge id="c2" src="a7" trg="a25" type="reb"/>
  <edge id="c3" src="a8" trg="a7" type="reb"/>
  <edge id="c4" src="a9" trg="a10" type="sup"/>
  <edge id="c5" src="a10" trg="a7" type="reb"/>
  <edge id="c6" src="a11" trg="a12" type="exa"/>
  <edge id="c7" src="a12" trg="a7" type="reb"/>
  <edge id="c8" src="a13" trg="a12" type="sup"/>
  <edge id="c9" src="a14" trg="a13" type="sup"/>
  <edge id="c10" src="a15" trg="a5" type="sup"/>
  <edge id="c11" src="a15" trg="a25" type="sup"/>
  <edge id="c12" src="a16" trg="a17" type="sup"/>
  <edge id="c13" src="a17" trg="a15" type="sup"/>
  <edge id="c14" src="a18" trg="a19" type="sup"/>
  <edge id="c15" src="a19" trg="a15" type="sup"/>
  <edge id="c16" src="a20" trg="a15" type="sup"/>
  <edge id="c17" src="a21" trg="a15" type="sup"/>
  <edge id="c18" src="a22" trg="a15" type="sup"/>
  <edge id="c19" src="a23" trg="a15" type="sup"/>
  <edge id="c20" src="a24" trg="a5" type="reb"/>
  <edge id="c21" src="a24" trg="a25" type="reb"/>
</arggraph>
