<?xml version='1.0' encoding='UTF-8'?>
<arggraph id="micro_e259" stance="pro" topic_id="People learn in different ways and what teaching method do you prefer ?" topic_ru="Люди учатся по-разному и что учение метод вы предпочитаете?">
  <edu id="e1" lang="en">People have a lot of things to learn in their lives.</edu>
  <edu id="e1" lang="ru" trans="google">У людей есть много вещей, чтобы узнать в своей жизни.</edu>
  <edu id="e2" lang="en">They use several ways to broaden their knowledge and their skills.</edu>
  <edu id="e2" lang="ru" trans="google">Они используют несколько способов, чтобы расширить свои знания и свои навыки.</edu>
  <edu id="e3" lang="en">One of these several ways of learning that I prefer is doing things by my self rather than learning by reading about things or learning by listening to people talking about.</edu>
  <edu id="e3" lang="ru" trans="google">Один из этих нескольких способов обучения, что я предпочитаю это делать вещи от моей личности, а не учиться, читая о том, или учиться, слушая человек, говорящих о.</edu>
  <edu id="e4" lang="en">There are a lot of reasons to recommend this method for who is serious about learning some thing in their lives.</edu>
  <edu id="e4" lang="ru" trans="google">Есть много причин, чтобы рекомендовать этот метод для тех, кто серьезно относится к обучению некоторых вещей в своей жизни.</edu>
  <edu id="e5" lang="en">First of all, learning by doing things develops our maturity.</edu>
  <edu id="e5" lang="ru" trans="google">Прежде всего, обучение, делая вещи, развивает нашу зрелость.</edu>
  <edu id="e6" lang="en">When you do things by your self, you learn to depend on yourself.</edu>
  <edu id="e6" lang="ru" trans="google">Когда вы делаете вещи вашей собственной личности, вы научитесь полагаться на себя.</edu>
  <edu id="e7" lang="en">You will not be in need to refer to books or persons.</edu>
  <edu id="e7" lang="ru" trans="google">Вы не будете в необходимости обращаться к книгам или лицам.</edu>
  <edu id="e8" lang="en">The fact of doing things by ourselves can help us to get some experiences that would strong our maturity.</edu>
  <edu id="e8" lang="ru" trans="google">Тот факт, что делать вещи сами по себе могут помочь нам, чтобы получить некоторый опыт, который будет сильной наша зрелость.</edu>
  <edu id="e9" lang="en">For example if some one wants to learn how to be a leader, they have to experience this by being in a real situation of leading a team or a group, or even a situation.</edu>
  <edu id="e9" lang="ru" trans="google">Например, если кто-то хочет, чтобы узнать, как быть лидером, они должны испытать это, будучи в реальной ситуации, ведущие команды или группы, или даже ситуации.</edu>
  <edu id="e10" lang="en">We can not be leaders by reading books or by listening to person talking about leading.</edu>
  <edu id="e10" lang="ru" trans="google">Мы не можем быть лидеров, читая книгу или слушая человек, говорить о ведущих.</edu>
  <edu id="e11" lang="en">Secondly, learning by doing things is more exciting than learning by reading about things or listening to people talking about.</edu>
  <edu id="e11" lang="ru" trans="google">Во-вторых, обучение, делая вещи более захватывающим, чем научиться, читая о том, или слушать людей, говорящих о.</edu>
  <edu id="e12" lang="en">There are a lot of things in life that should be learnt by doing them.</edu>
  <edu id="e12" lang="ru" trans="google">Есть много вещей в жизни, которые должны быть извлечены, делая их.</edu>
  <edu id="e13" lang="en">Reading about things or listening to people talking about can rarely submit the same sensation or the same excitement to some one who wants to learn about the same thing.</edu>
  <edu id="e13" lang="ru" trans="google">Чтение о вещах или слушать людей, которые говорят о том, может редко представить те же ощущения или же волнение к какой-то, кто хочет узнать о том же.</edu>
  <edu id="e14" lang="en">People who want to learn how to swim have to go to the beach or to the swimpool and laid themselves in the water to feel and know what is swimming.</edu>
  <edu id="e14" lang="ru" trans="google">Люди, которые хотят научиться плавать придется пойти на пляж или к Swimpool и положил себя в воде, чтобы чувствовать и знать, что это плавание.</edu>
  <edu id="e15" lang="en">Nor listening to people or reading about can teach them swimming.</edu>
  <edu id="e15" lang="ru" trans="google">И не слушать людей или читать о том, может научить их плавать.</edu>
  <edu id="e16" lang="en">Another reason that makes learning by doing things more advantageous than learning by reading about things or listening to people talking about is that we find more motivation to continuing on learning by doing things.</edu>
  <edu id="e16" lang="ru" trans="google">Еще одна причина того, что делает обучение, делая вещи более выгодные, чем научиться, читая о том, или слушать людей, говорящих о том, что мы находим больше мотивации для продолжения на обучение, делая вещи.</edu>
  <edu id="e17" lang="en">With the time, Reading about things or listening to people talking about could become more and more boring.</edu>
  <edu id="e17" lang="ru" trans="google">Со временем, Чтение о вещах или слушать людей, которые говорят о том, может становиться все более и более скучной.</edu>
  <edu id="e18" lang="en">Learning by doing things gives us more and more pleasure especially if we success in learning perfectly this things.</edu>
  <edu id="e18" lang="ru" trans="google">Учимся делать вещи, дает нам все больше и больше удовольствия, особенно если мы успеха в изучении прекрасно это вещи.</edu>
  <edu id="e19" lang="en">So we become motivated to learn other things by doing them.</edu>
  <edu id="e19" lang="ru" trans="google">Таким образом, мы становимся мотивированы, чтобы узнать другие вещи, делая их.</edu>
  <edu id="e20" lang="en">The history shows that learning by doing things is the best way and the best method to learn things.</edu>
  <edu id="e20" lang="ru" trans="google">История показывает, что обучение, делая вещи, это лучший способ и самый лучший способ, чтобы узнать вещи.</edu>
  <edu id="e21" lang="en">People should not depend only on reading or listening to people talking about things to learn.</edu>
  <edu id="e21" lang="ru" trans="google">Люди не должны зависеть только от чтения или слушать людей, говорящих о том, чтобы учиться.</edu>
  <edu id="e22" lang="en">They should try and keep trying until they learn what they want to learn.</edu>
  <edu id="e22" lang="ru" trans="google">Они должны стараться и стараться, пока они не узнают, что они хотят учиться.</edu>
  <adu id="a1" type="neut"/>
  <adu id="a2" type="neut"/>
  <adu id="a3" type="mcl"/>
  <adu id="a4" type="neut"/>
  <adu id="a5" type="pro"/>
  <adu id="a6" type="pro"/>
  <adu id="a7" type="pro"/>
  <adu id="a8" type="pro"/>
  <adu id="a9" type="pro"/>
  <adu id="a10" type="pro"/>
  <adu id="a11" type="pro"/>
  <adu id="a12" type="pro"/>
  <adu id="a13" type="pro"/>
  <adu id="a14" type="pro"/>
  <adu id="a15" type="pro"/>
  <adu id="a16" type="pro"/>
  <adu id="a17" type="pro"/>
  <adu id="a18" type="pro"/>
  <adu id="a19" type="pro"/>
  <adu id="a20" type="mcl"/>
  <adu id="a21" type="neut"/>
  <adu id="a22" type="neut"/>
  <edge id="c19" src="e1" trg="a1" type="seg"/>
  <edge id="c20" src="e2" trg="a2" type="seg"/>
  <edge id="c21" src="e3" trg="a3" type="seg"/>
  <edge id="c22" src="e4" trg="a4" type="seg"/>
  <edge id="c23" src="e5" trg="a5" type="seg"/>
  <edge id="c24" src="e6" trg="a6" type="seg"/>
  <edge id="c25" src="e7" trg="a7" type="seg"/>
  <edge id="c26" src="e8" trg="a8" type="seg"/>
  <edge id="c27" src="e9" trg="a9" type="seg"/>
  <edge id="c28" src="e10" trg="a10" type="seg"/>
  <edge id="c29" src="e11" trg="a11" type="seg"/>
  <edge id="c30" src="e12" trg="a12" type="seg"/>
  <edge id="c31" src="e13" trg="a13" type="seg"/>
  <edge id="c32" src="e14" trg="a14" type="seg"/>
  <edge id="c33" src="e15" trg="a15" type="seg"/>
  <edge id="c34" src="e16" trg="a16" type="seg"/>
  <edge id="c35" src="e17" trg="a17" type="seg"/>
  <edge id="c36" src="e18" trg="a18" type="seg"/>
  <edge id="c37" src="e19" trg="a19" type="seg"/>
  <edge id="c38" src="e20" trg="a20" type="seg"/>
  <edge id="c39" src="e21" trg="a21" type="seg"/>
  <edge id="c40" src="e22" trg="a22" type="seg"/>
  <edge id="c1" src="a5" trg="a3" type="sup"/>
  <edge id="c2" src="a5" trg="a20" type="sup"/>
  <edge id="c3" src="a6" trg="a5" type="sup"/>
  <edge id="c4" src="a7" trg="a5" type="sup"/>
  <edge id="c5" src="a8" trg="a5" type="sup"/>
  <edge id="c6" src="a9" trg="a5" type="sup"/>
  <edge id="c7" src="a10" trg="a5" type="sup"/>
  <edge id="c8" src="a11" trg="a3" type="sup"/>
  <edge id="c9" src="a11" trg="a20" type="sup"/>
  <edge id="c10" src="a12" trg="a11" type="sup"/>
  <edge id="c11" src="a13" trg="a11" type="sup"/>
  <edge id="c12" src="a14" trg="a11" type="sup"/>
  <edge id="c13" src="a15" trg="a11" type="sup"/>
  <edge id="c14" src="a16" trg="a19" type="sup"/>
  <edge id="c15" src="a17" trg="a19" type="sup"/>
  <edge id="c16" src="a18" trg="a19" type="sup"/>
  <edge id="c17" src="a19" trg="a3" type="sup"/>
  <edge id="c18" src="a19" trg="a20" type="sup"/>
</arggraph>
