<?xml version='1.0' encoding='UTF-8'?>
<arggraph id="micro_e228" stance="pro" topic_id="Various local languages are becoming extinct" topic_ru="Различные местные языки вымирают">
  <edu id="e1" lang="en">Today, English is commonly used language across the world.</edu>
  <edu id="e1" lang="ru" trans="google">Сегодня, обычно используется английский язык по всему миру.</edu>
  <edu id="e2" lang="en">Its usage is increasing day by day.</edu>
  <edu id="e2" lang="ru" trans="google">Его использование растет день ото дня.</edu>
  <edu id="e3" lang="en">As a consequence, various local languages are becoming extinct.</edu>
  <edu id="e3" lang="ru" trans="google">Как следствие, различные местные языки вымирают.</edu>
  <edu id="e4" lang="en">Some people argue that, this is a positive change and would help people to easily communicate.</edu>
  <edu id="e4" lang="ru" trans="google">Некоторые люди утверждают, что это положительное изменение и поможет людям легко общаться.</edu>
  <edu id="e5" lang="en">While there are others who disagree with this and are more concerned about dying local languages.</edu>
  <edu id="e5" lang="ru" trans="google">Хотя есть и другие, которые не согласны с этим и более обеспокоены умирающим местными языками.</edu>
  <edu id="e6" lang="en">In my opinion, I believe using single language through out the world is a positive change which is helping the world to become a better place to live.</edu>
  <edu id="e6" lang="ru" trans="google">На мой взгляд, я считаю, используя один язык через мир является позитивным изменением, которое помогает миру стать лучшим местом для жизни.</edu>
  <edu id="e7" lang="en">A world with fewer languages helps us interact with each other in a better way.</edu>
  <edu id="e7" lang="ru" trans="google">Мир с меньшим количеством языков помогает нам взаимодействовать друг с другом в лучшую сторону.</edu>
  <edu id="e8" lang="en">Due to globalization, many people are traveling for professional trips.</edu>
  <edu id="e8" lang="ru" trans="google">Из-за глобализации, многие люди путешествуют для профессиональных поездок.</edu>
  <edu id="e9" lang="en">So, communicating in single language will reduce the problems of travelers in daily activities like ordering food in a restaurant or in going around places.</edu>
  <edu id="e9" lang="ru" trans="google">Таким образом, общение на одном языке уменьшит проблемы путешественников в повседневной деятельности, как заказать еду в ресторане или при обходе места.</edu>
  <edu id="e10" lang="en">Furthermore, students who migrate for better education would not have to go through lot of stress.</edu>
  <edu id="e10" lang="ru" trans="google">Кроме того, студенты, которые мигрируют для лучшего образования не придется пройти через много стресса.</edu>
  <edu id="e11" lang="en">As they can easily make new friends and can be part of any discussions which is otherwise not possible in a world with multiple languages; this in turn makes it easy to adjust in new environment.</edu>
  <edu id="e11" lang="ru" trans="google">Как они могут легко найти новых друзей и может быть частью каких-либо обсуждений, которые в противном случае не представляется возможным в мире с несколькими языками; это, в свою очередь, позволяет легко настроить в новой среде.</edu>
  <edu id="e12" lang="en">Single language also reduces misunderstandings between people.</edu>
  <edu id="e12" lang="ru" trans="google">Single язык также уменьшает недопонимание между людьми.</edu>
  <edu id="e13" lang="en">Adding to that, exchange of knowledge in different sectors of research like electronics, medical, astronomy etc would become easier.</edu>
  <edu id="e13" lang="ru" trans="google">Добавление к этому, обмен знаниями в различных областях исследований, как электроника, медицинские, астрономии и т.д. стало бы легче.</edu>
  <edu id="e14" lang="en">On the other hand, few people are worried about the dying local languages.</edu>
  <edu id="e14" lang="ru" trans="google">С другой стороны, мало кто беспокоится о умирающих местных языках.</edu>
  <edu id="e15" lang="en">These languages are the basis for the origination and initial communication between different cultures.</edu>
  <edu id="e15" lang="ru" trans="google">Эти языки являются основой для возникновения и первоначального общения между различными культурами.</edu>
  <edu id="e16" lang="en">They represent local culture.</edu>
  <edu id="e16" lang="ru" trans="google">Они представляют собой местную культуру.</edu>
  <edu id="e17" lang="en">As the usage of these languages decrease, culture also changes accordingly.</edu>
  <edu id="e17" lang="ru" trans="google">Поскольку использование этих языков уменьшается, культура изменяется соответственно.</edu>
  <edu id="e18" lang="en">Further, these languages are tightly coupled with history; all the olden day literature and scripts will be impossible to decipher if these languages are lost.</edu>
  <edu id="e18" lang="ru" trans="google">Кроме того, эти языки тесно связаны с историей; весь старина день литературы и сценарии будет невозможно расшифровать, если эти языки будут потеряны.</edu>
  <edu id="e19" lang="en">To conclude, I believe change is inevitable and that usage of one language across the world is a positive one.</edu>
  <edu id="e19" lang="ru" trans="google">В заключение, я считаю, изменения неизбежны, и что использование одного языка по всему миру является положительным.</edu>
  <edu id="e20" lang="en">We have to accept these changes for a world to be a better place.</edu>
  <edu id="e20" lang="ru" trans="google">Мы должны принять эти изменения для мира, чтобы быть лучше.</edu>
  <edu id="e21" lang="en">Communication in single language would improve the productivity of the world and brings everyone on to the same page.</edu>
  <edu id="e21" lang="ru" trans="google">Связь в одном языке позволит повысить производительность труда в мире и приносит все на той же странице.</edu>
  <adu id="a1" type="neut"/>
  <adu id="a2" type="neut"/>
  <adu id="a3" type="neut"/>
  <adu id="a4" type="neut"/>
  <adu id="a5" type="neut"/>
  <adu id="a6" type="mcl"/>
  <adu id="a7" type="pro"/>
  <adu id="a8" type="pro"/>
  <adu id="a9" type="pro"/>
  <adu id="a10" type="pro"/>
  <adu id="a11" type="pro"/>
  <adu id="a12" type="pro"/>
  <adu id="a13" type="pro"/>
  <adu id="a14" type="pro"/>
  <adu id="a15" type="pro"/>
  <adu id="a16" type="pro"/>
  <adu id="a17" type="pro"/>
  <adu id="a18" type="pro"/>
  <adu id="a19" type="mcl"/>
  <adu id="a20" type="neut"/>
  <adu id="a21" type="pro"/>
  <edge id="c17" src="e1" trg="a1" type="seg"/>
  <edge id="c18" src="e2" trg="a2" type="seg"/>
  <edge id="c19" src="e3" trg="a3" type="seg"/>
  <edge id="c20" src="e4" trg="a4" type="seg"/>
  <edge id="c21" src="e5" trg="a5" type="seg"/>
  <edge id="c22" src="e6" trg="a6" type="seg"/>
  <edge id="c23" src="e7" trg="a7" type="seg"/>
  <edge id="c24" src="e8" trg="a8" type="seg"/>
  <edge id="c25" src="e9" trg="a9" type="seg"/>
  <edge id="c26" src="e10" trg="a10" type="seg"/>
  <edge id="c27" src="e11" trg="a11" type="seg"/>
  <edge id="c28" src="e12" trg="a12" type="seg"/>
  <edge id="c29" src="e13" trg="a13" type="seg"/>
  <edge id="c30" src="e14" trg="a14" type="seg"/>
  <edge id="c31" src="e15" trg="a15" type="seg"/>
  <edge id="c32" src="e16" trg="a16" type="seg"/>
  <edge id="c33" src="e17" trg="a17" type="seg"/>
  <edge id="c34" src="e18" trg="a18" type="seg"/>
  <edge id="c35" src="e19" trg="a19" type="seg"/>
  <edge id="c36" src="e20" trg="a20" type="seg"/>
  <edge id="c37" src="e21" trg="a21" type="seg"/>
  <edge id="c1" src="a7" trg="a6" type="sup"/>
  <edge id="c2" src="a7" trg="a19" type="sup"/>
  <edge id="c3" src="a8" trg="a9" type="sup"/>
  <edge id="c4" src="a9" trg="a7" type="sup"/>
  <edge id="c5" src="a10" trg="a7" type="sup"/>
  <edge id="c6" src="a11" trg="a10" type="sup"/>
  <edge id="c7" src="a12" trg="a7" type="sup"/>
  <edge id="c8" src="a13" trg="a7" type="sup"/>
  <edge id="c9" src="a14" trg="a6" type="sup"/>
  <edge id="c10" src="a14" trg="a19" type="sup"/>
  <edge id="c11" src="a15" trg="a14" type="sup"/>
  <edge id="c12" src="a16" trg="a15" type="sup"/>
  <edge id="c13" src="a17" trg="a14" type="sup"/>
  <edge id="c14" src="a18" trg="a14" type="sup"/>
  <edge id="c15" src="a21" trg="a6" type="sup"/>
  <edge id="c16" src="a21" trg="a19" type="sup"/>
</arggraph>
