<?xml version='1.0' encoding='UTF-8'?>
<arggraph id="micro_e112" stance="pro" topic_id="Technology helps student learn more information and learn more quickly ?" topic_ru="Технология помогает студенту узнать больше информации и узнать более быстро?">
  <edu id="e1" lang="en">Nowadays, technology plays an indispensable role in almost all spheres of life.</edu>
  <edu id="e1" lang="ru" trans="google">В настоящее время, технология играет незаменимую роль практически во всех сферах жизни.</edu>
  <edu id="e2" lang="en">In education, it is believed that technology help the students improve their scholastic performances.</edu>
  <edu id="e2" lang="ru" trans="google">В образовании, полагают, что технологии помогают студентам улучшить свои схоластические представления.</edu>
  <edu id="e3" lang="en">From my viewpoint, the richness as well as convenience of technology are two main factors that contribute to the students' progress.</edu>
  <edu id="e3" lang="ru" trans="google">С моей точки зрения, богатство, а также удобство технологии являются двумя основными факторами, которые способствуют прогрессу студентов.</edu>
  <edu id="e4" lang="en">To start with, since technology was introduced, student have been exposed to a wide range of information, which neccessarily broaden their minds.</edu>
  <edu id="e4" lang="ru" trans="google">Начнем с того, поскольку технология была введена, студент подверглись воздействию широкого спектра информации, которая расширит их провайдер блокирует сознание.</edu>
  <edu id="e5" lang="en">The internet, for example, provide knowledge in the form of news, radio talks, tapes or reseachs on any particular fields.</edu>
  <edu id="e5" lang="ru" trans="google">Интернет, например, предоставление знаний в виде новостей, переговоров радио, кассеты или reseachs на каких-либо конкретных областях.</edu>
  <edu id="e6" lang="en">There, the students can not only ascertain concerned subjects but they can also get access to relevant issues and discuss with people worldwide.</edu>
  <edu id="e6" lang="ru" trans="google">Там, студенты могут не только констатирует заинтересованные субъекты, но они также могут получить доступ к соответствующим вопросам и обсудить с людьми по всему миру.</edu>
  <edu id="e7" lang="en">Another point that students may benefit from technology is the shortened time for learning.</edu>
  <edu id="e7" lang="ru" trans="google">Еще один момент, что студенты могут извлечь выгоду из технологии является сокращенное время для обучения.</edu>
  <edu id="e8" lang="en">The modern world provides learners with the mp3, the mobile phone or the laptop that help them, especially language learners, listen to recordings everywhre or read documents anytime.</edu>
  <edu id="e8" lang="ru" trans="google">Современный мир предоставляет учащиеся с mp3, мобильным телефоном или ноутбуком, которые помогают им, особенно изучающего языку, слушать записи everywhre или читать документы в любое время.</edu>
  <edu id="e9" lang="en">Therefore, students will develop their skills at a greater pace.</edu>
  <edu id="e9" lang="ru" trans="google">Таким образом, студенты будут развивать свои навыки более быстрыми темпами.</edu>
  <edu id="e10" lang="en">Moreover, the internet again, is an inexhaustible resource of visual aids, such as educational games, sounds or images with which students may absorb abstract concepts taught at school more briskly and thoroughly.</edu>
  <edu id="e10" lang="ru" trans="google">Кроме того, в интернете опять же, это неисчерпаемый ресурс визуальных средств, таких как образовательные игры, звуки или изображения, с которыми студенты могут абсорбировать абстрактные понятия, преподаваемые в школе более оживленно и тщательно.</edu>
  <edu id="e11" lang="en">On balance, I have to consent to the use of technology in education.</edu>
  <edu id="e11" lang="ru" trans="google">В конечном счете, я должен дать согласие на использование технологии в образовании.</edu>
  <edu id="e12" lang="en">As it expedites data availability and accelarates students' learning process.</edu>
  <edu id="e12" lang="ru" trans="google">Как ускорено доступность данных и ускоряет процесс обучения студентов.</edu>
  <edu id="e13" lang="en">It is highly recommended that apart from education, technology should be applied in every aspect of life which assures of a better future.</edu>
  <edu id="e13" lang="ru" trans="google">Настоятельно рекомендуется, что помимо образования, технологии должны применяться в каждом аспекте жизни, который уверяет лучшего будущего.</edu>
  <adu id="a1" type="neut"/>
  <adu id="a2" type="neut"/>
  <adu id="a3" type="mcl"/>
  <adu id="a4" type="pro"/>
  <adu id="a5" type="pro"/>
  <adu id="a6" type="pro"/>
  <adu id="a7" type="pro"/>
  <adu id="a8" type="pro"/>
  <adu id="a9" type="pro"/>
  <adu id="a10" type="pro"/>
  <adu id="a11" type="mcl"/>
  <adu id="a12" type="pro"/>
  <adu id="a13" type="neut"/>
  <edge id="c12" src="e1" trg="a1" type="seg"/>
  <edge id="c13" src="e2" trg="a2" type="seg"/>
  <edge id="c14" src="e3" trg="a3" type="seg"/>
  <edge id="c15" src="e4" trg="a4" type="seg"/>
  <edge id="c16" src="e5" trg="a5" type="seg"/>
  <edge id="c17" src="e6" trg="a6" type="seg"/>
  <edge id="c18" src="e7" trg="a7" type="seg"/>
  <edge id="c19" src="e8" trg="a8" type="seg"/>
  <edge id="c20" src="e9" trg="a9" type="seg"/>
  <edge id="c21" src="e10" trg="a10" type="seg"/>
  <edge id="c22" src="e11" trg="a11" type="seg"/>
  <edge id="c23" src="e12" trg="a12" type="seg"/>
  <edge id="c24" src="e13" trg="a13" type="seg"/>
  <edge id="c1" src="a4" trg="a3" type="sup"/>
  <edge id="c2" src="a4" trg="a11" type="sup"/>
  <edge id="c3" src="a5" trg="a4" type="exa"/>
  <edge id="c4" src="a6" trg="a4" type="sup"/>
  <edge id="c5" src="a7" trg="a3" type="sup"/>
  <edge id="c6" src="a7" trg="a11" type="sup"/>
  <edge id="c7" src="a8" trg="a9" type="sup"/>
  <edge id="c8" src="a9" trg="a7" type="sup"/>
  <edge id="c9" src="a10" trg="a7" type="sup"/>
  <edge id="c10" src="a12" trg="a3" type="sup"/>
  <edge id="c11" src="a12" trg="a11" type="sup"/>
</arggraph>
