<?xml version='1.0' encoding='UTF-8'?>
<arggraph id="micro_e101" stance="pro" topic_id="Replacing old buildings is important for any city but it should not affect historic houses" topic_ru="Замена старых зданий важно для любого города, но это не должно влиять на исторические дома">
  <edu id="e1" lang="en">It is important for any city to replace old buildings with new ones, but these revolutions should not include historic buildings.</edu>
  <edu id="e1" lang="ru" trans="google">Это важно для любого города, чтобы заменить старые здания на новые, но эти революции не должны включать в себя исторические здания.</edu>
  <edu id="e2" lang="en">The historic buildings show the history of our ancestors.</edu>
  <edu id="e2" lang="ru" trans="google">Исторические здания показывают историю наших предков.</edu>
  <edu id="e3" lang="en">In addition, they can develop tourism industries by attracting tourists.</edu>
  <edu id="e3" lang="ru" trans="google">Кроме того, они могут развивать отрасли туризма путем привлечения туристов.</edu>
  <edu id="e4" lang="en">Historic buildings answer many questions, which are mysterious about our previous ancestors; thereby no one can determine the price of the historic buildings.</edu>
  <edu id="e4" lang="ru" trans="google">Исторические здания ответить на многие вопросы, которые таинственное наших предыдущих предков; таким образом, никто не может определить цену исторических зданий.</edu>
  <edu id="e5" lang="en">They show the history of nations and previous generations who lived in the city.</edu>
  <edu id="e5" lang="ru" trans="google">Они показывают историю народов и предыдущих поколений, которые жили в городе.</edu>
  <edu id="e6" lang="en">They show the lifestyle of people who lived in thousands of years ago.</edu>
  <edu id="e6" lang="ru" trans="google">Они показывают образ жизни людей, которые жили тысячи лет назад.</edu>
  <edu id="e7" lang="en">They show us how they survive, or how they defend themselves etc.</edu>
  <edu id="e7" lang="ru" trans="google">Они показывают нам, как они выживают, или, как они защищают себя и т.д.</edu>
  <edu id="e8" lang="en">By investigating about their structures, we can understand how much they knew about the architecture of building.</edu>
  <edu id="e8" lang="ru" trans="google">Исследуя об их структурах, мы можем понять, насколько они знали об архитектуре здания.</edu>
  <edu id="e9" lang="en">In the other hand, historic buildings are important treasures, which provide an area to learn valuable lessons.</edu>
  <edu id="e9" lang="ru" trans="google">В другой стороны, исторические здания являются важным сокровищем, которые обеспечивают область, чтобы узнать ценные уроки.</edu>
  <edu id="e10" lang="en">Another advantage of historic buildings is their capabilities to attract more tourists to the city.</edu>
  <edu id="e10" lang="ru" trans="google">Еще одно преимущество исторических зданий их возможности, чтобы привлечь больше туристов в город.</edu>
  <edu id="e11" lang="en">It is interesting for most people to know about the way people live in thousands years ago.</edu>
  <edu id="e11" lang="ru" trans="google">Это интересно для большинства людей, чтобы знать о том, как живут люди в тысячи лет назад.</edu>
  <edu id="e12" lang="en">Therefore, It is a valuable opportunities for any city having historic buildings to show them to new visitors.</edu>
  <edu id="e12" lang="ru" trans="google">Таким образом, она является ценными возможностями для любого города, имеющий исторические здания, чтобы показать их новые посетитель.</edu>
  <edu id="e13" lang="en">Historic building can develop other industries such as restaurants or other food industries and handicrafts shops and so on.</edu>
  <edu id="e13" lang="ru" trans="google">Историческое здание может развивать и другие отрасли промышленности, такие как рестораны или других пищевых производств и магазинов ремесленных и так далее.</edu>
  <edu id="e14" lang="en">These are reasons that why we should preserve historic buildings in the city.</edu>
  <edu id="e14" lang="ru" trans="google">Эти причины, что почему мы должны сохранить исторические здания в городе.</edu>
  <edu id="e15" lang="en">They can benefit us financially by developing other industries.</edu>
  <edu id="e15" lang="ru" trans="google">Они могут принести пользу нам в финансовом отношении за счет развития других отраслей промышленности.</edu>
  <edu id="e16" lang="en">Moreover, they are the symbols of our nations, which can show the historical culture of our previous ancestors.</edu>
  <edu id="e16" lang="ru" trans="google">Кроме того, они являются символами наших народов, которые могут показать историческую культуру наших предыдущих предков.</edu>
  <adu id="a1" type="mcl"/>
  <adu id="a2" type="pro"/>
  <adu id="a3" type="pro"/>
  <adu id="a4" type="pro"/>
  <adu id="a5" type="pro"/>
  <adu id="a6" type="pro"/>
  <adu id="a7" type="pro"/>
  <adu id="a8" type="pro"/>
  <adu id="a9" type="pro"/>
  <adu id="a10" type="pro"/>
  <adu id="a11" type="pro"/>
  <adu id="a12" type="pro"/>
  <adu id="a13" type="pro"/>
  <adu id="a14" type="mcl"/>
  <adu id="a15" type="pro"/>
  <adu id="a16" type="pro"/>
  <edge id="c21" src="e1" trg="a1" type="seg"/>
  <edge id="c22" src="e2" trg="a2" type="seg"/>
  <edge id="c23" src="e3" trg="a3" type="seg"/>
  <edge id="c24" src="e4" trg="a4" type="seg"/>
  <edge id="c25" src="e5" trg="a5" type="seg"/>
  <edge id="c26" src="e6" trg="a6" type="seg"/>
  <edge id="c27" src="e7" trg="a7" type="seg"/>
  <edge id="c28" src="e8" trg="a8" type="seg"/>
  <edge id="c29" src="e9" trg="a9" type="seg"/>
  <edge id="c30" src="e10" trg="a10" type="seg"/>
  <edge id="c31" src="e11" trg="a11" type="seg"/>
  <edge id="c32" src="e12" trg="a12" type="seg"/>
  <edge id="c33" src="e13" trg="a13" type="seg"/>
  <edge id="c34" src="e14" trg="a14" type="seg"/>
  <edge id="c35" src="e15" trg="a15" type="seg"/>
  <edge id="c36" src="e16" trg="a16" type="seg"/>
  <edge id="c1" src="a2" trg="a1" type="sup"/>
  <edge id="c2" src="a2" trg="a14" type="sup"/>
  <edge id="c3" src="a3" trg="a1" type="sup"/>
  <edge id="c4" src="a3" trg="a14" type="sup"/>
  <edge id="c5" src="a4" trg="a1" type="sup"/>
  <edge id="c6" src="a4" trg="a14" type="sup"/>
  <edge id="c7" src="a5" trg="a4" type="sup"/>
  <edge id="c8" src="a6" trg="a4" type="sup"/>
  <edge id="c9" src="a7" trg="a4" type="sup"/>
  <edge id="c10" src="a8" trg="a4" type="sup"/>
  <edge id="c11" src="a9" trg="a4" type="sup"/>
  <edge id="c12" src="a10" trg="a1" type="sup"/>
  <edge id="c13" src="a10" trg="a14" type="sup"/>
  <edge id="c14" src="a11" trg="a12" type="sup"/>
  <edge id="c15" src="a12" trg="a10" type="sup"/>
  <edge id="c16" src="a13" trg="a10" type="sup"/>
  <edge id="c17" src="a15" trg="a1" type="sup"/>
  <edge id="c18" src="a15" trg="a14" type="sup"/>
  <edge id="c19" src="a16" trg="a1" type="sup"/>
  <edge id="c20" src="a16" trg="a14" type="sup"/>
</arggraph>
