<?xml version='1.0' encoding='UTF-8'?>
<arggraph id="micro_e168" stance="pro" topic_id="Creative Artists" topic_ru="Творческие художники">
  <edu id="e1" lang="en">Innovative artists bring enjoyment and inspiration to our sometimes tedious life; however, some people deem that artists have been entrusted with too much freedom and power and should be restricted by the government.</edu>
  <edu id="e1" lang="ru" trans="google">Инновационные художники приносят радость и вдохновение нашей иногда утомительную жизнь; Однако, некоторые люди считают, что художники доверили слишком много свободы и власти, и должны быть ограничены государством.</edu>
  <edu id="e2" lang="en">It is my personal belief that freedom of expressing thoughts and ideas should always be eulogized and it's rather iniquitous to impose a shackle on artists' will to create.</edu>
  <edu id="e2" lang="ru" trans="google">Это мое личное убеждение в том, что свобода выражения мыслей и идей, всегда должны быть восхваляли, и это довольно несправедливый наложить кандалы на художников будет создавать.</edu>
  <edu id="e3" lang="en">One of the major concerns against freeing artists' creation derives from the fear of social misleading which would destabilize the society;.</edu>
  <edu id="e3" lang="ru" trans="google">Одна из основных проблем в отношении освобождения, проистекает создание художников из страха социального вводящие в заблуждение, которое приведет к дестабилизации общества ;.</edu>
  <edu id="e4" lang="en">However, I believe the audiences have their own judgement and are not likely to be misled or influenced by some art work.</edu>
  <edu id="e4" lang="ru" trans="google">Тем не менее, я считаю, что зрители имеют свое собственное суждение и, вероятно, не будут введены в заблуждении или под влиянием какого-то произведение искусства.</edu>
  <edu id="e5" lang="en">It is needless to say that art inevitably involves imagination, exaggeration and sometimes is purely fabricated; regardless of whether the work of art is based on truth or not, it is the public's authority to determine how to interpret its meaning.</edu>
  <edu id="e5" lang="ru" trans="google">Излишне говорить, что искусство неизбежно влечет за собой воображение, преувеличение, а иногда и чисто сфабриковано; независимо от того, является ли произведение искусства основано на истине или нет, это орган общественности, чтобы определить, как интерпретировать его значение.</edu>
  <edu id="e6" lang="en">If the art displays unreality, the public audiences certainly have the acumen to recognise its untruthfulness and only appreciate its art value; if the art reflects the reality, then what would be the intention to ban it if it was not for covering the dirty truth ?</edu>
  <edu id="e6" lang="ru" trans="google">Если искусство отображает нереальность, общественные аудитории, безусловно, есть проницательность, чтобы признать его неправдивость и только оценить его художественную ценность; если искусство отражает реальность, то, что было бы намерение запретить его, если он не был для покрытия грязной правды?</edu>
  <edu id="e7" lang="en">Would it be autocratic if the government clamp down the artists who are telling the truth ?</edu>
  <edu id="e7" lang="ru" trans="google">Будет ли это быть самодержавным, если правительство зажима вниз художников, которые говорят правду?</edu>
  <edu id="e8" lang="en">In a word, the notion of being afraid of social misleading is unjustified.</edu>
  <edu id="e8" lang="ru" trans="google">Одним словом, понятие, опасаясь социального вводящие в заблуждение является необоснованным.</edu>
  <edu id="e9" lang="en">Let's then take a look at the impact that art has posed on individuals.</edu>
  <edu id="e9" lang="ru" trans="google">Давайте тогда посмотрим на влияние, которое искусство поставленной на людей.</edu>
  <edu id="e10" lang="en">It is undeniable that some of the art work may contain negative implications such as insanity, violence, eroticism etc.</edu>
  <edu id="e10" lang="ru" trans="google">Нельзя отрицать, что некоторые произведения искусства может содержать негативные последствия, такие как маразм, насилия, эротики и т.д.</edu>
  <edu id="e11" lang="en">I absolutely agree that restrictions on exposure to adolescents should apply.</edu>
  <edu id="e11" lang="ru" trans="google">Я абсолютно согласен, что следует применять ограничения в отношении воздействия на подростков.</edu>
  <edu id="e12" lang="en">As adolescents are not mature enough to avoid being led astray by these contents.</edu>
  <edu id="e12" lang="ru" trans="google">Как подростки не доросли, чтобы избежать уведен содержание этих сайтов.</edu>
  <edu id="e13" lang="en">However, in the case of adults being the audience, there's really nothing to hide – these negative things objectively exist on this planet and it is impossible for adults to be brain-washed only because of some pieces of creative art.</edu>
  <edu id="e13" lang="ru" trans="google">Однако, в случае взрослыми являются аудиторией, там действительно нечего скрывать - эти негативные вещи объективно существует на этой планете, и это невозможно для взрослых, чтобы быть мозгом промывает только из-за некоторые части творчества.</edu>
  <edu id="e14" lang="en">By way of conclusion, I do not root for the idea that restrictions should be put on artists work; on the contrary, they should be encouraged to express their innovative ideas.</edu>
  <edu id="e14" lang="ru" trans="google">В заключение, я не корень идеи о том, что ограничения должны положить на работу художников; напротив, их следует поощрять, чтобы выразить свои инновационные идеи.</edu>
  <edu id="e15" lang="en">– this world needs them to make itself colourful.</edu>
  <edu id="e15" lang="ru" trans="google">- этот мир нуждается в них, чтобы сделать себя красочным.</edu>
  <adu id="a1" type="neut"/>
  <adu id="a2" type="mcl"/>
  <adu id="a3" type="opp"/>
  <adu id="a4" type="pro"/>
  <adu id="a5" type="pro"/>
  <adu id="a6" type="pro"/>
  <adu id="a7" type="neut"/>
  <adu id="a8" type="pro"/>
  <adu id="a9" type="neut"/>
  <adu id="a10" type="pro"/>
  <adu id="a11" type="pro"/>
  <adu id="a12" type="pro"/>
  <adu id="a13" type="pro"/>
  <adu id="a14" type="mcl"/>
  <adu id="a15" type="pro"/>
  <edge id="c14" src="e1" trg="a1" type="seg"/>
  <edge id="c15" src="e2" trg="a2" type="seg"/>
  <edge id="c16" src="e3" trg="a3" type="seg"/>
  <edge id="c17" src="e4" trg="a4" type="seg"/>
  <edge id="c18" src="e5" trg="a5" type="seg"/>
  <edge id="c19" src="e6" trg="a6" type="seg"/>
  <edge id="c20" src="e7" trg="a7" type="seg"/>
  <edge id="c21" src="e8" trg="a8" type="seg"/>
  <edge id="c22" src="e9" trg="a9" type="seg"/>
  <edge id="c23" src="e10" trg="a10" type="seg"/>
  <edge id="c24" src="e11" trg="a11" type="seg"/>
  <edge id="c25" src="e12" trg="a12" type="seg"/>
  <edge id="c26" src="e13" trg="a13" type="seg"/>
  <edge id="c27" src="e14" trg="a14" type="seg"/>
  <edge id="c28" src="e15" trg="a15" type="seg"/>
  <edge id="c1" src="a3" trg="a2" type="reb"/>
  <edge id="c2" src="a3" trg="a14" type="reb"/>
  <edge id="c3" src="a4" trg="a3" type="reb"/>
  <edge id="c4" src="a5" trg="a3" type="reb"/>
  <edge id="c5" src="a6" trg="a3" type="reb"/>
  <edge id="c6" src="a8" trg="a3" type="reb"/>
  <edge id="c7" src="a10" trg="a11" type="sup"/>
  <edge id="c8" src="a11" trg="a2" type="sup"/>
  <edge id="c9" src="a11" trg="a14" type="sup"/>
  <edge id="c10" src="a12" trg="a11" type="sup"/>
  <edge id="c11" src="a13" trg="a11" type="sup"/>
  <edge id="c12" src="a15" trg="a2" type="sup"/>
  <edge id="c13" src="a15" trg="a14" type="sup"/>
</arggraph>
