<?xml version='1.0' encoding='UTF-8'?>
<arggraph id="micro_e161" stance="pro" topic_id="Capital punishment - necessary or not" topic_ru="Смертная казнь - нужно или нет">
  <edu id="e1" lang="en">Crime is always punishable.</edu>
  <edu id="e1" lang="ru" trans="google">Преступление всегда наказуемо.</edu>
  <edu id="e2" lang="en">Retribution is the method for countering criminals.</edu>
  <edu id="e2" lang="ru" trans="google">Возмездие является способом борьбы с преступниками.</edu>
  <edu id="e3" lang="en">Some countries have stringent rules, like capital punishment, while other have a lot of flexibility in the judicial system.</edu>
  <edu id="e3" lang="ru" trans="google">В некоторых странах существуют строгие правила, как смертная казнь, в то время как другие имеют большую гибкость в судебной системе.</edu>
  <edu id="e4" lang="en">However, strict laws, like capital punishment, are essential in a society.</edu>
  <edu id="e4" lang="ru" trans="google">Тем не менее, строгие законы, как и смертной казни, имеют важное значение в обществе.</edu>
  <edu id="e5" lang="en">Capital punishment is given only in the " rarest of the rare " cases.</edu>
  <edu id="e5" lang="ru" trans="google">Смертная казнь дается только в «редчайших из редких» случаев.</edu>
  <edu id="e6" lang="en">Its first and foremost objective is safety of other human beings.</edu>
  <edu id="e6" lang="ru" trans="google">Его первой и важнейшей задачей является обеспечение безопасности других людей.</edu>
  <edu id="e7" lang="en">When a criminal becomes a threat to the society, such that they can commit heinous crimes, then they are given capital punishment.</edu>
  <edu id="e7" lang="ru" trans="google">Когда преступник становится угрозой для общества, таким образом, что они могут совершать чудовищные преступления, то они получают смертную казнь.</edu>
  <edu id="e8" lang="en">Thus, capital punishment protects the society from hardcore criminals.</edu>
  <edu id="e8" lang="ru" trans="google">Таким образом, смертная казнь защищает общество от хардкорных преступников.</edu>
  <edu id="e9" lang="en">Moreover, capital punishment curbs the inspiration and prospects of other hateful crimes.</edu>
  <edu id="e9" lang="ru" trans="google">Кроме того, смертная казнь бордюры вдохновения и перспектив других отвратительных преступлений.</edu>
  <edu id="e10" lang="en">When a criminal mind knows the quantum of punishment, they will fear and not commit such crimes.</edu>
  <edu id="e10" lang="ru" trans="google">Когда преступник ум знает квант наказания, они будут бояться и не совершать такие преступления.</edu>
  <edu id="e11" lang="en">Thus, the rate of crime and violence is effectively decreased.</edu>
  <edu id="e11" lang="ru" trans="google">Таким образом, уровень преступности и насилия эффективно уменьшается.</edu>
  <edu id="e12" lang="en">Importantly, capital punishment saves a lot of government funding which is wasted in maintenance of these hardcore criminals.</edu>
  <edu id="e12" lang="ru" trans="google">Важно отметить, что смертная казнь экономит много государственного финансирования, которое тратится на содержание этих ужасных преступников.</edu>
  <edu id="e13" lang="en">Criminals who don't have any chance of improvement or who have a past record of such crimes are, therefore, given capital punishment.</edu>
  <edu id="e13" lang="ru" trans="google">Преступники, которые не имеют никаких шансов на улучшение или которые имеют прошлый опыт подобных преступлений, поэтому, учитывая смертную казнь.</edu>
  <edu id="e14" lang="en">However, the jury giving the verdict are also humans.</edu>
  <edu id="e14" lang="ru" trans="google">Тем не менее, жюри дает вердикт также люди.</edu>
  <edu id="e15" lang="en">They have the life of a person at their discretion.</edu>
  <edu id="e15" lang="ru" trans="google">У них есть жизнь человека, по своему усмотрению.</edu>
  <edu id="e16" lang="en">They can make mistakes which can sometimes affect an innocent, circumstantially marred criminals.</edu>
  <edu id="e16" lang="ru" trans="google">Они могут совершать ошибки, которые иногда могут повлиять на невинные, обстоятельнее омрачил преступник.</edu>
  <edu id="e17" lang="en">The jury must therefore, take into account the circumstances of committing a crime.</edu>
  <edu id="e17" lang="ru" trans="google">Жюри должно поэтому, примите во внимание обстоятельства совершения преступления.</edu>
  <edu id="e18" lang="en">For example, if an individual murders someone for self-defense, then such a crime is not heinous.</edu>
  <edu id="e18" lang="ru" trans="google">Например, если человек убивает кого-то для самообороны, то такое преступление не отвратительное.</edu>
  <edu id="e19" lang="en">Only deserving criminals, who commit such hateful crimes in their proper senses are subjected to capital punishment.</edu>
  <edu id="e19" lang="ru" trans="google">Только заслуживающие преступники, которые совершают такие злобные преступления в их собственных чувствах, подвергаются смертной казни.</edu>
  <edu id="e20" lang="en">Capital punishment is essential to control violence in the society.</edu>
  <edu id="e20" lang="ru" trans="google">Смертная казнь имеет важное значение для контроля насилия в обществе.</edu>
  <edu id="e21" lang="en">I firmly believe that psychopaths, terrorists or any other criminal who lacks empathy for other human lives deserve capital punishment.</edu>
  <edu id="e21" lang="ru" trans="google">Я твердо верю, что психопаты, террористы или любой другой преступник, который испытывает недостаток сопереживания для других человеческих жизней, заслуживает смертной казни.</edu>
  <edu id="e22" lang="en">Capital punishment helps to safeguard human rights in a strict and effective manner.</edu>
  <edu id="e22" lang="ru" trans="google">Смертная казнь помогает защищать права человека в строгом и эффективным образом.</edu>
  <edu id="e23" lang="en">However, it should be considered as the last option by the jury and all circumstances must be taken into account before pronouncing the final verdict.</edu>
  <edu id="e23" lang="ru" trans="google">Тем не менее, следует рассматривать как последний вариант жюри и все обстоятельства должны быть приняты во внимание, прежде произнесения окончательного вердикта.</edu>
  <adu id="a1" type="neut"/>
  <adu id="a2" type="neut"/>
  <adu id="a3" type="neut"/>
  <adu id="a4" type="mcl"/>
  <adu id="a5" type="pro"/>
  <adu id="a6" type="pro"/>
  <adu id="a7" type="pro"/>
  <adu id="a8" type="pro"/>
  <adu id="a9" type="pro"/>
  <adu id="a10" type="pro"/>
  <adu id="a11" type="pro"/>
  <adu id="a12" type="pro"/>
  <adu id="a13" type="pro"/>
  <adu id="a14" type="opp"/>
  <adu id="a15" type="opp"/>
  <adu id="a16" type="opp"/>
  <adu id="a17" type="opp"/>
  <adu id="a18" type="opp"/>
  <adu id="a19" type="opp"/>
  <adu id="a20" type="mcl"/>
  <adu id="a21" type="mcl"/>
  <adu id="a22" type="pro"/>
  <adu id="a23" type="neut"/>
  <edge id="c27" src="e1" trg="a1" type="seg"/>
  <edge id="c28" src="e2" trg="a2" type="seg"/>
  <edge id="c29" src="e3" trg="a3" type="seg"/>
  <edge id="c30" src="e4" trg="a4" type="seg"/>
  <edge id="c31" src="e5" trg="a5" type="seg"/>
  <edge id="c32" src="e6" trg="a6" type="seg"/>
  <edge id="c33" src="e7" trg="a7" type="seg"/>
  <edge id="c34" src="e8" trg="a8" type="seg"/>
  <edge id="c35" src="e9" trg="a9" type="seg"/>
  <edge id="c36" src="e10" trg="a10" type="seg"/>
  <edge id="c37" src="e11" trg="a11" type="seg"/>
  <edge id="c38" src="e12" trg="a12" type="seg"/>
  <edge id="c39" src="e13" trg="a13" type="seg"/>
  <edge id="c40" src="e14" trg="a14" type="seg"/>
  <edge id="c41" src="e15" trg="a15" type="seg"/>
  <edge id="c42" src="e16" trg="a16" type="seg"/>
  <edge id="c43" src="e17" trg="a17" type="seg"/>
  <edge id="c44" src="e18" trg="a18" type="seg"/>
  <edge id="c45" src="e19" trg="a19" type="seg"/>
  <edge id="c46" src="e20" trg="a20" type="seg"/>
  <edge id="c47" src="e21" trg="a21" type="seg"/>
  <edge id="c48" src="e22" trg="a22" type="seg"/>
  <edge id="c49" src="e23" trg="a23" type="seg"/>
  <edge id="c1" src="a5" trg="a8" type="sup"/>
  <edge id="c2" src="a6" trg="a8" type="sup"/>
  <edge id="c3" src="a7" trg="a8" type="sup"/>
  <edge id="c4" src="a8" trg="a4" type="sup"/>
  <edge id="c5" src="a8" trg="a20" type="sup"/>
  <edge id="c6" src="a8" trg="a21" type="sup"/>
  <edge id="c7" src="a9" trg="a11" type="sup"/>
  <edge id="c8" src="a10" trg="a11" type="sup"/>
  <edge id="c9" src="a11" trg="a4" type="sup"/>
  <edge id="c10" src="a11" trg="a20" type="sup"/>
  <edge id="c11" src="a11" trg="a21" type="sup"/>
  <edge id="c12" src="a12" trg="a13" type="sup"/>
  <edge id="c13" src="a13" trg="a4" type="sup"/>
  <edge id="c14" src="a13" trg="a20" type="sup"/>
  <edge id="c15" src="a13" trg="a21" type="sup"/>
  <edge id="c16" src="a14" trg="a16" type="sup"/>
  <edge id="c17" src="a15" trg="a16" type="sup"/>
  <edge id="c18" src="a16" trg="a4" type="reb"/>
  <edge id="c19" src="a16" trg="a20" type="reb"/>
  <edge id="c20" src="a16" trg="a21" type="reb"/>
  <edge id="c21" src="a17" trg="a16" type="sup"/>
  <edge id="c22" src="a18" trg="a17" type="exa"/>
  <edge id="c23" src="a19" trg="a17" type="sup"/>
  <edge id="c24" src="a22" trg="a4" type="sup"/>
  <edge id="c25" src="a22" trg="a20" type="sup"/>
  <edge id="c26" src="a22" trg="a21" type="sup"/>
</arggraph>
