<?xml version='1.0' encoding='UTF-8'?>
<arggraph id="micro_e28" stance="pro" topic_id="Mobile phone; &quot; Iron man &quot; / &quot; Weichat &quot; - destroy social interactions ?" topic_ru="Мобильный телефон; «Железный человек» / «Weichat» - уничтожить социальное взаимодействие?">
  <edu id="e1" lang="en">Recently, there has been a social concern in regards to whether mobile phones have a negative effect in our social communication.</edu>
  <edu id="e1" lang="ru" trans="google">В последнее время наблюдается социальная проблема относительно того, мобильные телефоны имеют отрицательный эффект в нашей социальной коммуникации.</edu>
  <edu id="e2" lang="en">Indeed, mobile phones have been widely used for people of all ages, bringing convenience and entertainment into our life.</edu>
  <edu id="e2" lang="ru" trans="google">Действительно, мобильные телефоны широко используются для людей всех возрастов, в результате чего удобства и развлечения в нашу жизнь.</edu>
  <edu id="e3" lang="en">However, as far as I am concerned, I strongly agree with the view that this great invention causes many social problems.</edu>
  <edu id="e3" lang="ru" trans="google">Однако, насколько я обеспокоен, я полностью согласен с мнением, что это великое изобретение вызывает множество социальных проблем.</edu>
  <edu id="e4" lang="en">In the first place, spending too much time on phones may exert adverse effects on social life.</edu>
  <edu id="e4" lang="ru" trans="google">В первую очередь, тратят слишком много времени на телефоны могут оказывать неблагоприятное воздействие на общественную жизнь.</edu>
  <edu id="e5" lang="en">In the first place, as people increasingly tend to focus and relay on phones, they may lose their interest on daily activities like meeting with their friends.</edu>
  <edu id="e5" lang="ru" trans="google">В первую очередь, так как люди все чаще фокусируются и реле на телефонах, они могут потерять интерес на повседневной деятельности, как встреча с друзьями.</edu>
  <edu id="e6" lang="en">So that distraction may be developed during study or social activities.</edu>
  <edu id="e6" lang="ru" trans="google">Так что отвлечение может развиваться во время учебы или общественной деятельности.</edu>
  <edu id="e7" lang="en">Moreover, continuous use of mobile phone may damage both eyesight and physical posture of the children.</edu>
  <edu id="e7" lang="ru" trans="google">Кроме того, постоянное использование мобильного телефона может привести к повреждению зрения и физической осанке детей.</edu>
  <edu id="e8" lang="en">Furthermore, there are many types of games available in the phone and many of them are very aggressive in nature such as " Iron man ".</edu>
  <edu id="e8" lang="ru" trans="google">Кроме того, существует много видов игр, доступных в телефоне, и многие из них очень агрессивны по своей природе, такие как «Железный человек».</edu>
  <edu id="e9" lang="en">In those games, children are rewarded for being more violent, and this violence is repeated again and again.</edu>
  <edu id="e9" lang="ru" trans="google">В этих играх, дети будут вознаграждены за то, что более жестокими, и это насилие повторяется снова и снова.</edu>
  <edu id="e10" lang="en">For instance, many games involve children helping their character to kill or shoot, which many lead to increased aggressive feelings, thoughts and behaviours.</edu>
  <edu id="e10" lang="ru" trans="google">Например, многие игры предполагают дети помогают их характер, чтобы убить или стрелять, что многие приводят к росту агрессивных чувств, мыслей и поведения.</edu>
  <edu id="e11" lang="en">Therefore, the hardship of communication may be developed.</edu>
  <edu id="e11" lang="ru" trans="google">Таким образом, могут быть разработаны в трудных условиях общения.</edu>
  <edu id="e12" lang="en">However, other people may perceive this issue from different viewpoint.</edu>
  <edu id="e12" lang="ru" trans="google">Тем не менее, другие люди могут воспринимать эту проблему с другой точки зрения.</edu>
  <edu id="e13" lang="en">With rapid development of the internet, people are able to enjoy quick electronic communication via internet.</edu>
  <edu id="e13" lang="ru" trans="google">С быстрым развитием Интернета, люди могут наслаждаться быстрой электронной связи через Интернет.</edu>
  <edu id="e14" lang="en">For instance, as lots of chatting apps available online such as " Weichat ", people tend to send instant messages free of charge by using their phones rather than face to face communication.</edu>
  <edu id="e14" lang="ru" trans="google">Например, как много приложений, доступных в чате в Интернете, таких, как «Weichat», люди, как правило, отправлять мгновенные сообщения бесплатно с помощью своих телефонов, а не лицом к лицу.</edu>
  <edu id="e15" lang="en">Therefore, mobile phones have shortened the distance of communicatio n.</edu>
  <edu id="e15" lang="ru" trans="google">Таким образом, мобильные телефоны сократили дистанцию ​​общения.</edu>
  <edu id="e16" lang="en">After having considered all the problems that I have discussed above, we can finally draw a conclusion that although mobile phones brings convenience of communication.</edu>
  <edu id="e16" lang="ru" trans="google">Рассмотрев все проблемы, о которых я говорил выше, мы можем, наконец, сделать вывод о том, что, хотя мобильных телефонов приносит удобство общения.</edu>
  <edu id="e17" lang="en">they also contribute to some social problems.</edu>
  <edu id="e17" lang="ru" trans="google">они также способствуют некоторым социальным проблемам.</edu>
  <adu id="a1" type="neut"/>
  <adu id="a2" type="neut"/>
  <adu id="a3" type="mcl"/>
  <adu id="a4" type="pro"/>
  <adu id="a5" type="pro"/>
  <adu id="a6" type="pro"/>
  <adu id="a7" type="pro"/>
  <adu id="a8" type="pro"/>
  <adu id="a9" type="pro"/>
  <adu id="a10" type="pro"/>
  <adu id="a11" type="pro"/>
  <adu id="a12" type="neut"/>
  <adu id="a13" type="opp"/>
  <adu id="a14" type="opp"/>
  <adu id="a15" type="opp"/>
  <adu id="a16" type="opp"/>
  <adu id="a17" type="mcl"/>
  <edge id="c17" src="e1" trg="a1" type="seg"/>
  <edge id="c18" src="e2" trg="a2" type="seg"/>
  <edge id="c19" src="e3" trg="a3" type="seg"/>
  <edge id="c20" src="e4" trg="a4" type="seg"/>
  <edge id="c21" src="e5" trg="a5" type="seg"/>
  <edge id="c22" src="e6" trg="a6" type="seg"/>
  <edge id="c23" src="e7" trg="a7" type="seg"/>
  <edge id="c24" src="e8" trg="a8" type="seg"/>
  <edge id="c25" src="e9" trg="a9" type="seg"/>
  <edge id="c26" src="e10" trg="a10" type="seg"/>
  <edge id="c27" src="e11" trg="a11" type="seg"/>
  <edge id="c28" src="e12" trg="a12" type="seg"/>
  <edge id="c29" src="e13" trg="a13" type="seg"/>
  <edge id="c30" src="e14" trg="a14" type="seg"/>
  <edge id="c31" src="e15" trg="a15" type="seg"/>
  <edge id="c32" src="e16" trg="a16" type="seg"/>
  <edge id="c33" src="e17" trg="a17" type="seg"/>
  <edge id="c1" src="a4" trg="a3" type="sup"/>
  <edge id="c2" src="a4" trg="a17" type="sup"/>
  <edge id="c3" src="a5" trg="a6" type="sup"/>
  <edge id="c4" src="a6" trg="a4" type="sup"/>
  <edge id="c5" src="a7" trg="a4" type="sup"/>
  <edge id="c6" src="a8" trg="a11" type="sup"/>
  <edge id="c7" src="a9" trg="a11" type="sup"/>
  <edge id="c8" src="a10" trg="a11" type="exa"/>
  <edge id="c9" src="a11" trg="a3" type="sup"/>
  <edge id="c10" src="a11" trg="a17" type="sup"/>
  <edge id="c11" src="a13" trg="a15" type="sup"/>
  <edge id="c12" src="a14" trg="a15" type="exa"/>
  <edge id="c13" src="a15" trg="a3" type="reb"/>
  <edge id="c14" src="a15" trg="a17" type="reb"/>
  <edge id="c15" src="a16" trg="a3" type="reb"/>
  <edge id="c16" src="a16" trg="a17" type="reb"/>
</arggraph>
