<?xml version='1.0' encoding='UTF-8'?>
<arggraph id="micro_e268" stance="pro" topic_id="Basic economic class can help the students touch the surface of this field" topic_ru="Основной экономический класс может помочь студентам прикоснуться к поверхности этого поля">
  <edu id="e1" lang="en">In today's community, economy becomes the order of the day.</edu>
  <edu id="e1" lang="ru" trans="google">В современном обществе, экономика становится повесткой дня.</edu>
  <edu id="e2" lang="en">Getting to know the theory in this area seems really important for our students.</edu>
  <edu id="e2" lang="ru" trans="google">Знакомство с теорией в этой области, кажется, очень важно для наших студентов.</edu>
  <edu id="e3" lang="en">Then, the earlier we jump into this area, the more skillful we will be.</edu>
  <edu id="e3" lang="ru" trans="google">Тогда, ранее мы прыгаем в этой области, тем более умелым мы будем.</edu>
  <edu id="e4" lang="en">Thus, in my point of view, although it will take some time on it.</edu>
  <edu id="e4" lang="ru" trans="google">Таким образом, в моей точке зрения, хотя это займет некоторое время на нем.</edu>
  <edu id="e5" lang="en">high school students should take a course on basic economics.</edu>
  <edu id="e5" lang="ru" trans="google">старшеклассники должны пройти курс по основам экономики.</edu>
  <edu id="e6" lang="en">Let me explain it in detail.</edu>
  <edu id="e6" lang="ru" trans="google">Позвольте мне объяснить это в деталях.</edu>
  <edu id="e7" lang="en">For the primary concern, it can provide students a sense of direction in academy.</edu>
  <edu id="e7" lang="ru" trans="google">Для основного интереса, он может обеспечить студент чувство направления в академии.</edu>
  <edu id="e8" lang="en">Basic economic class can help the students touch the surface of this field, let them to know what this subject mainly discuss.</edu>
  <edu id="e8" lang="ru" trans="google">Основной экономический класс может помочь студентам прикоснуться к поверхности этого поля, пусть знать, что эта тема в основном обсуждать.</edu>
  <edu id="e9" lang="en">That will help the students cultivate their own interest and a sense of career orientation.</edu>
  <edu id="e9" lang="ru" trans="google">Это поможет студентам культивировать свой собственный интерес и чувство профессиональной ориентации.</edu>
  <edu id="e10" lang="en">Finally, students may study harder for their economic dreams.</edu>
  <edu id="e10" lang="ru" trans="google">Наконец, студенты могут изучать труднее их экономические мечты.</edu>
  <edu id="e11" lang="en">On the other hand, economy is always correlate with politics.</edu>
  <edu id="e11" lang="ru" trans="google">С другой стороны, экономика всегда коррелирует с политикой.</edu>
  <edu id="e12" lang="en">students can study specialized knowledge along with some Politian status, which may open their vision toward the nation and don't get limited in the textbooks.</edu>
  <edu id="e12" lang="ru" trans="google">студенты могут изучать специализированные знания наряду с некоторыми Полициано~d статусом, который может открыть свое видение по отношению к стране и не получают ограниченный в учебниках.</edu>
  <edu id="e13" lang="en">Besides, there is also an intimate connection between economy and enterprises.</edu>
  <edu id="e13" lang="ru" trans="google">Кроме того, существует также тесная связь между экономикой и предприятиями.</edu>
  <edu id="e14" lang="en">students can also gain knowledge more practical and vivid.</edu>
  <edu id="e14" lang="ru" trans="google">студенты могут также получить знания более практичными и яркими.</edu>
  <edu id="e15" lang="en">In addition, the basic economic course can also help with the students when they go to college.</edu>
  <edu id="e15" lang="ru" trans="google">Кроме того, основной экономический курс также может помочь студентам, когда они идут в колледж.</edu>
  <edu id="e16" lang="en">They may feel more readily to learn the knowledge in this field and save much time, with that they are able to study more efficiently and more deeply than other students.</edu>
  <edu id="e16" lang="ru" trans="google">Они могут чувствовать себя более легко узнать знания в этой области и сэкономить много времени, с тем они способны более эффективно и более глубоко, чем другие студенты изучают.</edu>
  <edu id="e17" lang="en">That as well would provide the students with more confidence and let them become more compatible.</edu>
  <edu id="e17" lang="ru" trans="google">Это, а также обеспечит студент с большей уверенностью, и пусть они станут более совместимыми.</edu>
  <edu id="e18" lang="en">Considering all those factors above, I suggest the basic course of economic is necessary.</edu>
  <edu id="e18" lang="ru" trans="google">Принимая во внимание все эти факторы выше, я предлагаю базовый курс экономической необходим.</edu>
  <adu id="a1" type="neut"/>
  <adu id="a2" type="neut"/>
  <adu id="a3" type="neut"/>
  <adu id="a4" type="opp"/>
  <adu id="a5" type="mcl"/>
  <adu id="a6" type="neut"/>
  <adu id="a7" type="pro"/>
  <adu id="a8" type="pro"/>
  <adu id="a9" type="pro"/>
  <adu id="a10" type="pro"/>
  <adu id="a11" type="pro"/>
  <adu id="a12" type="pro"/>
  <adu id="a13" type="pro"/>
  <adu id="a14" type="pro"/>
  <adu id="a15" type="pro"/>
  <adu id="a16" type="pro"/>
  <adu id="a17" type="pro"/>
  <adu id="a18" type="mcl"/>
  <edge id="c17" src="e1" trg="a1" type="seg"/>
  <edge id="c18" src="e2" trg="a2" type="seg"/>
  <edge id="c19" src="e3" trg="a3" type="seg"/>
  <edge id="c20" src="e4" trg="a4" type="seg"/>
  <edge id="c21" src="e5" trg="a5" type="seg"/>
  <edge id="c22" src="e6" trg="a6" type="seg"/>
  <edge id="c23" src="e7" trg="a7" type="seg"/>
  <edge id="c24" src="e8" trg="a8" type="seg"/>
  <edge id="c25" src="e9" trg="a9" type="seg"/>
  <edge id="c26" src="e10" trg="a10" type="seg"/>
  <edge id="c27" src="e11" trg="a11" type="seg"/>
  <edge id="c28" src="e12" trg="a12" type="seg"/>
  <edge id="c29" src="e13" trg="a13" type="seg"/>
  <edge id="c30" src="e14" trg="a14" type="seg"/>
  <edge id="c31" src="e15" trg="a15" type="seg"/>
  <edge id="c32" src="e16" trg="a16" type="seg"/>
  <edge id="c33" src="e17" trg="a17" type="seg"/>
  <edge id="c34" src="e18" trg="a18" type="seg"/>
  <edge id="c1" src="a4" trg="a5" type="reb"/>
  <edge id="c2" src="a4" trg="a18" type="reb"/>
  <edge id="c3" src="a7" trg="a5" type="sup"/>
  <edge id="c4" src="a7" trg="a18" type="sup"/>
  <edge id="c5" src="a8" trg="a7" type="sup"/>
  <edge id="c6" src="a9" trg="a7" type="sup"/>
  <edge id="c7" src="a10" trg="a7" type="sup"/>
  <edge id="c8" src="a11" trg="a14" type="sup"/>
  <edge id="c9" src="a12" trg="a11" type="sup"/>
  <edge id="c10" src="a13" trg="a14" type="sup"/>
  <edge id="c11" src="a14" trg="a5" type="sup"/>
  <edge id="c12" src="a14" trg="a18" type="sup"/>
  <edge id="c13" src="a15" trg="a5" type="sup"/>
  <edge id="c14" src="a15" trg="a18" type="sup"/>
  <edge id="c15" src="a16" trg="a15" type="sup"/>
  <edge id="c16" src="a17" trg="a15" type="sup"/>
</arggraph>
