<?xml version='1.0' encoding='UTF-8'?>
<arggraph id="micro_e123" stance="pro" topic_id="Technology inspires children's creativity instead of weakening it" topic_ru="Технология вдохновляет детское творчество вместо того, чтобы ослабить его">
  <edu id="e1" lang="en">Technology accelerates human's evolving pace.</edu>
  <edu id="e1" lang="ru" trans="google">Технология ускоряет развивающуюся темп человека.</edu>
  <edu id="e2" lang="en">With advanced technology, many things that seemed impossible in the past, have become realities.</edu>
  <edu id="e2" lang="ru" trans="google">С помощью передовых технологий, многие вещи, которые казались невозможными в прошлом, стали реальностью.</edu>
  <edu id="e3" lang="en">For example, people in the past never dreamed of talking to anyone whenever they wanted or see someone overseas on a computer screen, both of these can be achieved with cellphone and internet.</edu>
  <edu id="e3" lang="ru" trans="google">Например, люди в прошлом никогда не мечтал разговаривать с кем, когда они хотели или увидеть кого-то за границей на экране компьютера, как это может быть достигнуто с мобильным телефоном и интернетом.</edu>
  <edu id="e4" lang="en">However, some people point that technology has made children less creative.</edu>
  <edu id="e4" lang="ru" trans="google">Тем не менее, некоторые люди отмечают, что технология сделала ребенок менее творческим.</edu>
  <edu id="e5" lang="en">I don't deny that technology may have some negative effects on children.</edu>
  <edu id="e5" lang="ru" trans="google">Я не отрицаю, что технология может иметь негативные последствия для детей.</edu>
  <edu id="e6" lang="en">But I think technology makes children even more creative.</edu>
  <edu id="e6" lang="ru" trans="google">Но я думаю, что технология делает детей еще более творческим.</edu>
  <edu id="e7" lang="en">First, technology inspires children to create new things.</edu>
  <edu id="e7" lang="ru" trans="google">Во-первых, технология вдохновляет детей создавать новые вещи.</edu>
  <edu id="e8" lang="en">Children are curious about everything around them.</edu>
  <edu id="e8" lang="ru" trans="google">Дети любопытны обо всем вокруг них.</edu>
  <edu id="e9" lang="en">So when they come across a high-tech product like a cellphone, they will be obsessed with its mysterious functions and eager to know how it works.</edu>
  <edu id="e9" lang="ru" trans="google">Так что, когда они приходят через высокотехнологичный продукт, как мобильный телефон, они будут одержимы своими таинственными функциями и хочет знать, как это работает.</edu>
  <edu id="e10" lang="en">For example, Bill Gates was attracted by the original huge computer, then he did everything he could to understand how it worked.</edu>
  <edu id="e10" lang="ru" trans="google">К примеру, Билл Гейтс привлекает оригинальный огромный компьютер, то он сделал все, что мог, чтобы понять, как это работает.</edu>
  <edu id="e11" lang="en">After he had figured out all the stuff, he then began to promote the computer.</edu>
  <edu id="e11" lang="ru" trans="google">После того, как он понял, весь материал, затем он начал продвигать компьютер.</edu>
  <edu id="e12" lang="en">In the end, he successfully invented a computer that was easy to use and lightweight.</edu>
  <edu id="e12" lang="ru" trans="google">В конце концов, он успешно изобрел компьютер, который был прост в использовании и легкий.</edu>
  <edu id="e13" lang="en">Therefore, instead of interfering children's creativity, technology actually encourages children to learn and to create.</edu>
  <edu id="e13" lang="ru" trans="google">Поэтому, вместо того, чтобы мешать детское творчество, технология фактически поощряет детей учиться и творить.</edu>
  <edu id="e14" lang="en">Second, technology widen children's knowledge.</edu>
  <edu id="e14" lang="ru" trans="google">Во-вторых, технология расширить знания детей.</edu>
  <edu id="e15" lang="en">In the past, children were only able to see things from one perspective.</edu>
  <edu id="e15" lang="ru" trans="google">В прошлом, дети были только в состоянии видеть вещи с одной точки зрения.</edu>
  <edu id="e16" lang="en">However, with highly advanced technology, children are able to get information from foreign countries and even communicate with foreign friends.</edu>
  <edu id="e16" lang="ru" trans="google">Тем не менее, с высокоразвитой технологией, дети имеют возможность получить информацию из зарубежных стран и даже общаться с иностранными друзьями.</edu>
  <edu id="e17" lang="en">Therefore, they will be able to learn about different cultures and different ways of thinking.</edu>
  <edu id="e17" lang="ru" trans="google">Таким образом, они смогут узнать о различных культурах и разных способах мышления.</edu>
  <edu id="e18" lang="en">Knowledge is the base of creativity.</edu>
  <edu id="e18" lang="ru" trans="google">Знание является основой творчества.</edu>
  <edu id="e19" lang="en">The diverse knowledge that children gained from different parts of the world, inspires children and encourage them to create new things.</edu>
  <edu id="e19" lang="ru" trans="google">Разнообразные знания, которые дети получили из различных частей мира, вдохновляет детей и поощрять их, чтобы создать новые вещи.</edu>
  <edu id="e20" lang="en">Admittedly, technology may have negative effects on children.</edu>
  <edu id="e20" lang="ru" trans="google">Следует признать, что технология может иметь негативные последствия для детей.</edu>
  <edu id="e21" lang="en">Technology has made life too easy for most children.</edu>
  <edu id="e21" lang="ru" trans="google">Технология сделала жизнь слишком легко для большинства детей.</edu>
  <edu id="e22" lang="en">In comfortable conditions, children may be satisfied with the world around them and refuse to make a change.</edu>
  <edu id="e22" lang="ru" trans="google">В комфортных условиях, дети могут быть удовлетворены с миром вокруг них и отказаться от внесения изменений.</edu>
  <edu id="e23" lang="en">Nonetheless, with the development of technology, increasingly more young people become obsessed with high-tech products.</edu>
  <edu id="e23" lang="ru" trans="google">Тем не менее, с развитием технологий, все больше молодых людей становятся одержимы высокотехнологичной продукции.</edu>
  <edu id="e24" lang="en">They kept researching new technology and became successful at a very young age.</edu>
  <edu id="e24" lang="ru" trans="google">Они продолжали исследовать новые технологии и стал успешным в очень молодом возрасте.</edu>
  <adu id="a1" type="neut"/>
  <adu id="a2" type="neut"/>
  <adu id="a3" type="neut"/>
  <adu id="a4" type="neut"/>
  <adu id="a5" type="opp"/>
  <adu id="a6" type="mcl"/>
  <adu id="a7" type="pro"/>
  <adu id="a8" type="pro"/>
  <adu id="a9" type="pro"/>
  <adu id="a10" type="pro"/>
  <adu id="a11" type="pro"/>
  <adu id="a12" type="pro"/>
  <adu id="a13" type="pro"/>
  <adu id="a14" type="pro"/>
  <adu id="a15" type="pro"/>
  <adu id="a16" type="pro"/>
  <adu id="a17" type="pro"/>
  <adu id="a18" type="pro"/>
  <adu id="a19" type="pro"/>
  <adu id="a20" type="opp"/>
  <adu id="a21" type="opp"/>
  <adu id="a22" type="opp"/>
  <adu id="a23" type="pro"/>
  <adu id="a24" type="mcl"/>
  <edge id="c23" src="e1" trg="a1" type="seg"/>
  <edge id="c24" src="e2" trg="a2" type="seg"/>
  <edge id="c25" src="e3" trg="a3" type="seg"/>
  <edge id="c26" src="e4" trg="a4" type="seg"/>
  <edge id="c27" src="e5" trg="a5" type="seg"/>
  <edge id="c28" src="e6" trg="a6" type="seg"/>
  <edge id="c29" src="e7" trg="a7" type="seg"/>
  <edge id="c30" src="e8" trg="a8" type="seg"/>
  <edge id="c31" src="e9" trg="a9" type="seg"/>
  <edge id="c32" src="e10" trg="a10" type="seg"/>
  <edge id="c33" src="e11" trg="a11" type="seg"/>
  <edge id="c34" src="e12" trg="a12" type="seg"/>
  <edge id="c35" src="e13" trg="a13" type="seg"/>
  <edge id="c36" src="e14" trg="a14" type="seg"/>
  <edge id="c37" src="e15" trg="a15" type="seg"/>
  <edge id="c38" src="e16" trg="a16" type="seg"/>
  <edge id="c39" src="e17" trg="a17" type="seg"/>
  <edge id="c40" src="e18" trg="a18" type="seg"/>
  <edge id="c41" src="e19" trg="a19" type="seg"/>
  <edge id="c42" src="e20" trg="a20" type="seg"/>
  <edge id="c43" src="e21" trg="a21" type="seg"/>
  <edge id="c44" src="e22" trg="a22" type="seg"/>
  <edge id="c45" src="e23" trg="a23" type="seg"/>
  <edge id="c46" src="e24" trg="a24" type="seg"/>
  <edge id="c1" src="a5" trg="a6" type="reb"/>
  <edge id="c2" src="a5" trg="a24" type="reb"/>
  <edge id="c3" src="a7" trg="a13" type="sup"/>
  <edge id="c4" src="a8" trg="a9" type="sup"/>
  <edge id="c5" src="a9" trg="a13" type="sup"/>
  <edge id="c6" src="a10" trg="a13" type="exa"/>
  <edge id="c7" src="a11" trg="a13" type="sup"/>
  <edge id="c8" src="a12" trg="a13" type="sup"/>
  <edge id="c9" src="a13" trg="a6" type="sup"/>
  <edge id="c10" src="a13" trg="a24" type="sup"/>
  <edge id="c11" src="a14" trg="a19" type="sup"/>
  <edge id="c12" src="a15" trg="a19" type="sup"/>
  <edge id="c13" src="a16" trg="a17" type="sup"/>
  <edge id="c14" src="a17" trg="a19" type="sup"/>
  <edge id="c15" src="a18" trg="a19" type="sup"/>
  <edge id="c16" src="a19" trg="a6" type="sup"/>
  <edge id="c17" src="a19" trg="a24" type="sup"/>
  <edge id="c18" src="a20" trg="a6" type="reb"/>
  <edge id="c19" src="a20" trg="a24" type="reb"/>
  <edge id="c20" src="a21" trg="a20" type="sup"/>
  <edge id="c21" src="a22" trg="a20" type="sup"/>
  <edge id="c22" src="a23" trg="a20" type="reb"/>
</arggraph>
