<?xml version='1.0' encoding='UTF-8'?>
<arggraph id="micro_e276" stance="pro" topic_id="Tv has NO negative effects on children" topic_ru="Телевидение оказывает отрицательное воздействие на детях">
  <edu id="e1" lang="en">Nowadays, we have undergone many technology innovations such as Tv.</edu>
  <edu id="e1" lang="ru" trans="google">В настоящее время мы претерпели множество технологических новшеств, таких как телевизор.</edu>
  <edu id="e2" lang="en">Many people say that television has negative effects on children, since it can be violent or inappropriate for children.</edu>
  <edu id="e2" lang="ru" trans="google">Многие люди говорят, что телевидение оказывает негативное воздействие на детях, так как он может быть сильным или неподходящим для детей.</edu>
  <edu id="e3" lang="en">However, I strongly believe that television has more positive effects than negative effects.</edu>
  <edu id="e3" lang="ru" trans="google">Тем не менее, я твердо убежден, что телевидение имеет больше положительных эффектов, чем негативные последствия.</edu>
  <edu id="e4" lang="en">There are two reasons to support my idea.</edu>
  <edu id="e4" lang="ru" trans="google">Есть две причины, чтобы поддержать мою идею.</edu>
  <edu id="e5" lang="en">First of all, television has useful and educational programs.</edu>
  <edu id="e5" lang="ru" trans="google">Прежде всего, телевидение имеет полезные и образовательные программы.</edu>
  <edu id="e6" lang="en">Not only the up-to-date news, but also there are many programs which has educational purposes.</edu>
  <edu id="e6" lang="ru" trans="google">Не только новости уточненного, но также есть много программ, которые есть в образовательных целях.</edu>
  <edu id="e7" lang="en">If children can use those programs wisely, they can learn many information from it.</edu>
  <edu id="e7" lang="ru" trans="google">Если дети могут использовать эти программы с умом, они могут узнать много информации из него.</edu>
  <edu id="e8" lang="en">For example, in Korea, there's program called EBS.</edu>
  <edu id="e8" lang="ru" trans="google">Например, в Корее есть программа под названием EBS.</edu>
  <edu id="e9" lang="en">It is targeted for children to teenager.</edu>
  <edu id="e9" lang="ru" trans="google">Она предназначена для детей в подростковый возраст.</edu>
  <edu id="e10" lang="en">We can study subjects through EBS lecture.</edu>
  <edu id="e10" lang="ru" trans="google">Мы можем изучать предметы через EBS лекции.</edu>
  <edu id="e11" lang="en">Also, there are many documentary films such as the life of a great man in Korea.</edu>
  <edu id="e11" lang="ru" trans="google">Кроме того, есть много документальных фильмов, такие как жизнь великого человека в Корее.</edu>
  <edu id="e12" lang="en">Using those education programs let people get a lot of inspirations instead of having negative effects.</edu>
  <edu id="e12" lang="ru" trans="google">Используя эти образовательные программы пусть люди получают много вдохновения, а не имеющие негативные последствия.</edu>
  <edu id="e13" lang="en">In addition, Tv is helpful to relieve our stresses.</edu>
  <edu id="e13" lang="ru" trans="google">Кроме того, Tv полезно, чтобы облегчить наши стрессы.</edu>
  <edu id="e14" lang="en">There are many Tv programs such as sports programs.</edu>
  <edu id="e14" lang="ru" trans="google">Есть много телевизионных программ, таких как спортивные программы.</edu>
  <edu id="e15" lang="en">Many children have a lot of stresses recently.</edu>
  <edu id="e15" lang="ru" trans="google">У многих детей есть много стрессов в последнее время.</edu>
  <edu id="e16" lang="en">Since they have so much pressure about study.</edu>
  <edu id="e16" lang="ru" trans="google">Так как они имеют так много давления относительно исследования.</edu>
  <edu id="e17" lang="en">When they are watching sports programs, it's easy to relieve those stresses.</edu>
  <edu id="e17" lang="ru" trans="google">Когда они смотрят спортивные программы, легко снять эти напряжения.</edu>
  <edu id="e18" lang="en">As an example, I got too much stress from the school.</edu>
  <edu id="e18" lang="ru" trans="google">В качестве примера, я получил слишком много стресса из школы.</edu>
  <edu id="e19" lang="en">So, I was quite aggressive, however.</edu>
  <edu id="e19" lang="ru" trans="google">Таким образом, я был довольно агрессивным, однако.</edu>
  <edu id="e20" lang="en">After I watch the soccer match between Korea and Japan, the stress was gone.</edu>
  <edu id="e20" lang="ru" trans="google">После того, как я смотрю футбольный матч между Кореей и Японией, стресс ушел.</edu>
  <edu id="e21" lang="en">Instead, this soccer match helped me to continue my academic career in the school.</edu>
  <edu id="e21" lang="ru" trans="google">Вместо этого футбольный матч помог мне продолжить академическую карьеру в школе.</edu>
  <edu id="e22" lang="en">Since it helped me to relieve my stress.</edu>
  <edu id="e22" lang="ru" trans="google">Так как он помог мне снять мое напряжение.</edu>
  <edu id="e23" lang="en">In conclusion, of course, the television can have violent programs.</edu>
  <edu id="e23" lang="ru" trans="google">В заключении, конечно, телевидение может иметь жестокие программы.</edu>
  <edu id="e24" lang="en">However, if children can use Tv programs wisely, there are more positive effects than negative effects.</edu>
  <edu id="e24" lang="ru" trans="google">Однако, если дети могут использовать телевизионные программы с умом, есть более позитивные эффекты, чем отрицательные эффекты.</edu>
  <edu id="e25" lang="en">Now that, it has useful and educational programs and quite helpful to relieve stresses for children.</edu>
  <edu id="e25" lang="ru" trans="google">Теперь, когда она имеет полезные и образовательные программы и весьма полезные для снятия напряжений для детей.</edu>
  <edu id="e26" lang="en">For these reasons, I strongly disagree with the statement that television has negative effects on children.</edu>
  <edu id="e26" lang="ru" trans="google">По этим причинам, я категорически не согласен с утверждением, что телевидение оказывает негативное воздействие на детей.</edu>
  <adu id="a1" type="neut"/>
  <adu id="a2" type="neut"/>
  <adu id="a3" type="mcl"/>
  <adu id="a4" type="neut"/>
  <adu id="a5" type="pro"/>
  <adu id="a6" type="pro"/>
  <adu id="a7" type="pro"/>
  <adu id="a8" type="pro"/>
  <adu id="a9" type="pro"/>
  <adu id="a10" type="pro"/>
  <adu id="a11" type="pro"/>
  <adu id="a12" type="pro"/>
  <adu id="a13" type="pro"/>
  <adu id="a14" type="neut"/>
  <adu id="a15" type="pro"/>
  <adu id="a16" type="pro"/>
  <adu id="a17" type="pro"/>
  <adu id="a18" type="pro"/>
  <adu id="a19" type="pro"/>
  <adu id="a20" type="pro"/>
  <adu id="a21" type="pro"/>
  <adu id="a22" type="pro"/>
  <adu id="a23" type="opp"/>
  <adu id="a24" type="pro"/>
  <adu id="a25" type="pro"/>
  <adu id="a26" type="mcl"/>
  <edge id="c24" src="e1" trg="a1" type="seg"/>
  <edge id="c25" src="e2" trg="a2" type="seg"/>
  <edge id="c26" src="e3" trg="a3" type="seg"/>
  <edge id="c27" src="e4" trg="a4" type="seg"/>
  <edge id="c28" src="e5" trg="a5" type="seg"/>
  <edge id="c29" src="e6" trg="a6" type="seg"/>
  <edge id="c30" src="e7" trg="a7" type="seg"/>
  <edge id="c31" src="e8" trg="a8" type="seg"/>
  <edge id="c32" src="e9" trg="a9" type="seg"/>
  <edge id="c33" src="e10" trg="a10" type="seg"/>
  <edge id="c34" src="e11" trg="a11" type="seg"/>
  <edge id="c35" src="e12" trg="a12" type="seg"/>
  <edge id="c36" src="e13" trg="a13" type="seg"/>
  <edge id="c37" src="e14" trg="a14" type="seg"/>
  <edge id="c38" src="e15" trg="a15" type="seg"/>
  <edge id="c39" src="e16" trg="a16" type="seg"/>
  <edge id="c40" src="e17" trg="a17" type="seg"/>
  <edge id="c41" src="e18" trg="a18" type="seg"/>
  <edge id="c42" src="e19" trg="a19" type="seg"/>
  <edge id="c43" src="e20" trg="a20" type="seg"/>
  <edge id="c44" src="e21" trg="a21" type="seg"/>
  <edge id="c45" src="e22" trg="a22" type="seg"/>
  <edge id="c46" src="e23" trg="a23" type="seg"/>
  <edge id="c47" src="e24" trg="a24" type="seg"/>
  <edge id="c48" src="e25" trg="a25" type="seg"/>
  <edge id="c49" src="e26" trg="a26" type="seg"/>
  <edge id="c1" src="a5" trg="a3" type="sup"/>
  <edge id="c2" src="a5" trg="a26" type="sup"/>
  <edge id="c3" src="a6" trg="a5" type="sup"/>
  <edge id="c4" src="a7" trg="a5" type="sup"/>
  <edge id="c5" src="a8" trg="a5" type="exa"/>
  <edge id="c6" src="a9" trg="a5" type="sup"/>
  <edge id="c7" src="a10" trg="a5" type="sup"/>
  <edge id="c8" src="a11" trg="a5" type="sup"/>
  <edge id="c9" src="a12" trg="a5" type="sup"/>
  <edge id="c10" src="a13" trg="a3" type="sup"/>
  <edge id="c11" src="a13" trg="a26" type="sup"/>
  <edge id="c12" src="a15" trg="a13" type="sup"/>
  <edge id="c13" src="a16" trg="a15" type="sup"/>
  <edge id="c14" src="a17" trg="a13" type="sup"/>
  <edge id="c15" src="a18" trg="a19" type="exa"/>
  <edge id="c16" src="a19" trg="a13" type="sup"/>
  <edge id="c17" src="a20" trg="a13" type="sup"/>
  <edge id="c18" src="a21" trg="a13" type="sup"/>
  <edge id="c19" src="a22" trg="a21" type="sup"/>
  <edge id="c20" src="a23" trg="a3" type="reb"/>
  <edge id="c21" src="a23" trg="a26" type="reb"/>
  <edge id="c22" src="a24" trg="a23" type="reb"/>
  <edge id="c23" src="a25" trg="a23" type="reb"/>
</arggraph>
