<?xml version='1.0' encoding='UTF-8'?>
<arggraph id="micro_e200" stance="pro" topic_id="There will be soon no role for teachers in classrooms" topic_ru="Там не будет в ближайшее время никакой роли учителей в классах">
  <edu id="e1" lang="en">In recent years it has become more common for teachers to use technological tools in the learning process.</edu>
  <edu id="e1" lang="ru" trans="google">В последние годы стало более распространенным для учителей по использованию технических средств в процессе обучения.</edu>
  <edu id="e2" lang="en">However, I do not agree that this explosion in technology will ' innovate ' the education system, by replacing teachers with computers.</edu>
  <edu id="e2" lang="ru" trans="google">Тем не менее, я не согласен, что этот взрыв в технологии будет система образования «Инновация», путем замены учителей с компьютерами.</edu>
  <edu id="e3" lang="en">There are several reasons why teachers will never be replaced by computers.</edu>
  <edu id="e3" lang="ru" trans="google">Есть несколько причин, почему учителя никогда не будут заменены компьютерами.</edu>
  <edu id="e4" lang="en">Firstly, computers need to be operated by people.</edu>
  <edu id="e4" lang="ru" trans="google">Во-первых, компьютеры должны работать люди.</edu>
  <edu id="e5" lang="en">No one can argue that technological tools are must-haves for the classroom of today.</edu>
  <edu id="e5" lang="ru" trans="google">Никто не может утверждать, что технологические инструменты должны имущими для аудитории сегодня.</edu>
  <edu id="e6" lang="en">For example, lessons are more attractive and easier to understand when they are put on a Power Point presentation and then presented with a LCD Projector.</edu>
  <edu id="e6" lang="ru" trans="google">Например, уроки являются более привлекательными и легче понять, когда они ставятся на презентации Power Point, а затем представлены ЖК-проектор.</edu>
  <edu id="e7" lang="en">However, scientists prove that every classroom needs trained staff to use these interactive and innovative ways of teaching.</edu>
  <edu id="e7" lang="ru" trans="google">Тем не менее, ученые доказывают, что каждый нуждается класс обученного персонала, чтобы использовать эти интерактивные и инновационные методы обучения.</edu>
  <edu id="e8" lang="en">I agree that nowadays the learning process benefits greatly from computers, but they are just tools for teachers and they cannot work properly without human's touch.</edu>
  <edu id="e8" lang="ru" trans="google">Я согласен, что сегодня преимущество процесса обучения значительно от компьютеров, но они являются лишь инструментами для учителей, и они не могут работать без прикосновения человека.</edu>
  <edu id="e9" lang="en">Secondly, children need human interactions.</edu>
  <edu id="e9" lang="ru" trans="google">Во-вторых, дети нуждаются в человеческих взаимодействий.</edu>
  <edu id="e10" lang="en">No matter how advanced technology will be, it is clear that a computer will never be able to communicate with its pupils.</edu>
  <edu id="e10" lang="ru" trans="google">Независимо от того, как передовые технологии будет, это ясно, что компьютер никогда не сможет общаться со своими учениками.</edu>
  <edu id="e11" lang="en">As a recent interview with Josh Trumm – the founder of the ' Teachers Global Group '- reveals, human interactions will never be imitated by computers: " This verbal and non-verbal communication between teachers and children is the first step towards a proper education ".</edu>
  <edu id="e11" lang="ru" trans="google">В недавнем интервью с Джошем Trumm - основатель «Учителей Global Group» - не откосов, человеческие взаимодействия не будут имитируемого компьютерами: „Это вербальной и невербальной коммуникации между учителями и детьми является первым шагом на пути надлежащего образования“ ,</edu>
  <edu id="e12" lang="en">" Without someone who can explain and understand their problems, pupils cannot actually learn ".</edu>
  <edu id="e12" lang="ru" trans="google">«Без кого-то, кто может объяснить и понять их проблемы, ученики не могут фактически учиться».</edu>
  <edu id="e13" lang="en">I am inclined to agree with this scientific view, because only a teacher can feel and connect with pupils, be a friend and a model.</edu>
  <edu id="e13" lang="ru" trans="google">Я склонен согласиться с этим научной точкой зрения, потому что только учитель может чувствовать и общаться с учениками, быть другим и модель.</edu>
  <edu id="e14" lang="en">In conclusion, there can be no school without a teacher.</edu>
  <edu id="e14" lang="ru" trans="google">В заключение отметим, что не может быть ни одной школы без учителя.</edu>
  <edu id="e15" lang="en">I think that computers will continue to be used by teachers in the learning process, but they will never take their place.</edu>
  <edu id="e15" lang="ru" trans="google">Я думаю, что компьютеры по-прежнему будут использоваться учителями в процессе обучения, но они никогда не займут свое место.</edu>
  <edu id="e16" lang="en">Teachers are not just teachers, they are also friends and conseilieurs.</edu>
  <edu id="e16" lang="ru" trans="google">Учителя не просто учителя, они также друзья и conseilieurs.</edu>
  <adu id="a1" type="neut"/>
  <adu id="a2" type="mcl"/>
  <adu id="a3" type="neut"/>
  <adu id="a4" type="pro"/>
  <adu id="a5" type="pro"/>
  <adu id="a6" type="pro"/>
  <adu id="a7" type="pro"/>
  <adu id="a8" type="pro"/>
  <adu id="a9" type="pro"/>
  <adu id="a10" type="pro"/>
  <adu id="a11" type="pro"/>
  <adu id="a12" type="pro"/>
  <adu id="a13" type="pro"/>
  <adu id="a14" type="mcl"/>
  <adu id="a15" type="mcl"/>
  <adu id="a16" type="pro"/>
  <edge id="c18" src="e1" trg="a1" type="seg"/>
  <edge id="c19" src="e2" trg="a2" type="seg"/>
  <edge id="c20" src="e3" trg="a3" type="seg"/>
  <edge id="c21" src="e4" trg="a4" type="seg"/>
  <edge id="c22" src="e5" trg="a5" type="seg"/>
  <edge id="c23" src="e6" trg="a6" type="seg"/>
  <edge id="c24" src="e7" trg="a7" type="seg"/>
  <edge id="c25" src="e8" trg="a8" type="seg"/>
  <edge id="c26" src="e9" trg="a9" type="seg"/>
  <edge id="c27" src="e10" trg="a10" type="seg"/>
  <edge id="c28" src="e11" trg="a11" type="seg"/>
  <edge id="c29" src="e12" trg="a12" type="seg"/>
  <edge id="c30" src="e13" trg="a13" type="seg"/>
  <edge id="c31" src="e14" trg="a14" type="seg"/>
  <edge id="c32" src="e15" trg="a15" type="seg"/>
  <edge id="c33" src="e16" trg="a16" type="seg"/>
  <edge id="c1" src="a4" trg="a2" type="sup"/>
  <edge id="c2" src="a4" trg="a14" type="sup"/>
  <edge id="c3" src="a4" trg="a15" type="sup"/>
  <edge id="c4" src="a5" trg="a4" type="sup"/>
  <edge id="c5" src="a6" trg="a4" type="exa"/>
  <edge id="c6" src="a7" trg="a4" type="sup"/>
  <edge id="c7" src="a8" trg="a4" type="sup"/>
  <edge id="c8" src="a9" trg="a2" type="sup"/>
  <edge id="c9" src="a9" trg="a14" type="sup"/>
  <edge id="c10" src="a9" trg="a15" type="sup"/>
  <edge id="c11" src="a10" trg="a9" type="sup"/>
  <edge id="c12" src="a11" trg="a9" type="sup"/>
  <edge id="c13" src="a12" trg="a9" type="sup"/>
  <edge id="c14" src="a13" trg="a9" type="sup"/>
  <edge id="c15" src="a16" trg="a2" type="sup"/>
  <edge id="c16" src="a16" trg="a14" type="sup"/>
  <edge id="c17" src="a16" trg="a15" type="sup"/>
</arggraph>
