<?xml version='1.0' encoding='UTF-8'?>
<arggraph id="micro_e163" stance="pro" topic_id="Should universities accept equal number of males / females or not" topic_ru="Должны ли университеты принимают равное количество самцов / самок или нет">
  <edu id="e1" lang="en">Education is important for the development of the world.</edu>
  <edu id="e1" lang="ru" trans="google">Образование имеет важное значение для развития мира.</edu>
  <edu id="e2" lang="en">Its a debatable issue whether universities should accept equal number of males and females in a course or not.</edu>
  <edu id="e2" lang="ru" trans="google">Его вопрос дискуссионным, следует ли университеты принимают равное количество мужчин и женщин в курсе или нет.</edu>
  <edu id="e3" lang="en">However, since both genders are equally important, both must be given equal opportunities.</edu>
  <edu id="e3" lang="ru" trans="google">Однако, поскольку оба пола одинаково важны, оба должны быть предоставлены равные возможности.</edu>
  <edu id="e4" lang="en">Universities must admit both in equal numbers, depending on their choices.</edu>
  <edu id="e4" lang="ru" trans="google">Университеты должны признать, как в равном количестве, в зависимости от их выбора.</edu>
  <edu id="e5" lang="en">Right to education is a basic human right of both, males and females.</edu>
  <edu id="e5" lang="ru" trans="google">Право на образование является одним из основных прав человека обоих, мужчин и женщин.</edu>
  <edu id="e6" lang="en">The whole world aims for women empowerment.</edu>
  <edu id="e6" lang="ru" trans="google">Весь мир цель для женщин возможностей.</edu>
  <edu id="e7" lang="en">And to achieve this, females should be given equal opportunities as males.</edu>
  <edu id="e7" lang="ru" trans="google">А добиться этого, женщины должны быть предоставлены равные возможности, как и мужчины.</edu>
  <edu id="e8" lang="en">When universities will accept them in equal number, both genders will be able to nurture their talent and a healthy competitive environment will develop.</edu>
  <edu id="e8" lang="ru" trans="google">Когда университеты будут принимать их в равном количестве, оба пол будет иметь возможность развивать свой талант и здоровую конкурентную среду будет развиваться.</edu>
  <edu id="e9" lang="en">Co-education helps both genders to gel well with each other.</edu>
  <edu id="e9" lang="ru" trans="google">Совместное обучение помогает обоих полов хорошо гель друг с другом.</edu>
  <edu id="e10" lang="en">It helps them how to behave and cooperate and work together.</edu>
  <edu id="e10" lang="ru" trans="google">Это помогает им, как вести себя и сотрудничать и работать вместе.</edu>
  <edu id="e11" lang="en">For example, students studying in boy's colleges do not generally know how to talk to a female or behave in front of them.</edu>
  <edu id="e11" lang="ru" trans="google">Например, студенты, обучающиеся в колледжах мальчика вообще не знают, как разговаривать с женщиной или вести себя перед ними.</edu>
  <edu id="e12" lang="en">On the other hand, females studying in girl's colleges are too shy to face boys.</edu>
  <edu id="e12" lang="ru" trans="google">С другой стороны, женщины, обучающиеся в колледжах девушки слишком застенчивы, чтобы лица мальчик.</edu>
  <edu id="e13" lang="en">Co-education will help to eradicate this kind of demerit in both.</edu>
  <edu id="e13" lang="ru" trans="google">Совместное обучение будет способствовать искоренению такого рода выговор в обоих.</edu>
  <edu id="e14" lang="en">Universities giving both genders equal opportunities, will prepare them for future challenges and will help in the long run.</edu>
  <edu id="e14" lang="ru" trans="google">Университеты, дающие обоих полов равные возможности, подготовит их к будущим вызовам и поможет в долгосрочной перспективе.</edu>
  <edu id="e15" lang="en">Unfortunately, some male chauvinists think that women are incapable in particular fields, like maths, mechanical engineering, defense etc.</edu>
  <edu id="e15" lang="ru" trans="google">К сожалению, некоторые мужчины шовинисты считают, что женщины не способны в определенных областях, как математика, машиностроение, оборона и т.д.</edu>
  <edu id="e16" lang="en">This kind of gender biased approach is detrimental for the development of the society.</edu>
  <edu id="e16" lang="ru" trans="google">Этот вид гендерного предвзятого подхода является вредным для развития общества.</edu>
  <edu id="e17" lang="en">Time and again, women have proved their mettle in every field.</edu>
  <edu id="e17" lang="ru" trans="google">Снова и снова, женщины доказали свою храбрость в каждой области.</edu>
  <edu id="e18" lang="en">Women like Margaret Thatcher, Indira Gandhi, Mari Curie etc ., are symbols of women's intelligence and skills.</edu>
  <edu id="e18" lang="ru" trans="google">Такие женщины, как Маргарет Тэтчер, Индира Ганди, Мари Кюри и др., Являются символами интеллекта и навыков женщин.</edu>
  <edu id="e19" lang="en">Thus, I firmly believe that both genders have equal rights and universities should accept them in equal numbers.</edu>
  <edu id="e19" lang="ru" trans="google">Таким образом, я твердо убежден, что оба пола имеют равные права и университеты должны принимать их в равных количествах.</edu>
  <edu id="e20" lang="en">Equality in education will help in development of the society.</edu>
  <edu id="e20" lang="ru" trans="google">Равенство в сфере образования будет способствовать развитию общества.</edu>
  <edu id="e21" lang="en">Both genders are the fulcrum of the society and none of them is superior or inferior.</edu>
  <edu id="e21" lang="ru" trans="google">Оба пола является опорой общества, и ни один из них не является лучше или хуже.</edu>
  <edu id="e22" lang="en">Choice of course should be the discretion of the student and their merit, irrespective of the gender.</edu>
  <edu id="e22" lang="ru" trans="google">Выбор, конечно, должен быть по своему усмотрению студента и их заслуг, независимо от пола.</edu>
  <edu id="e23" lang="en">Educational rights must be given to both genders.</edu>
  <edu id="e23" lang="ru" trans="google">Учебные права должны быть предоставлены для обоих полов.</edu>
  <adu id="a1" type="neut"/>
  <adu id="a2" type="neut"/>
  <adu id="a3" type="neut"/>
  <adu id="a4" type="mcl"/>
  <adu id="a5" type="pro"/>
  <adu id="a6" type="pro"/>
  <adu id="a7" type="pro"/>
  <adu id="a8" type="pro"/>
  <adu id="a9" type="pro"/>
  <adu id="a10" type="pro"/>
  <adu id="a11" type="pro"/>
  <adu id="a12" type="pro"/>
  <adu id="a13" type="pro"/>
  <adu id="a14" type="pro"/>
  <adu id="a15" type="opp"/>
  <adu id="a16" type="pro"/>
  <adu id="a17" type="pro"/>
  <adu id="a18" type="pro"/>
  <adu id="a19" type="mcl"/>
  <adu id="a20" type="pro"/>
  <adu id="a21" type="pro"/>
  <adu id="a22" type="neut"/>
  <adu id="a23" type="neut"/>
  <edge id="c21" src="e1" trg="a1" type="seg"/>
  <edge id="c22" src="e2" trg="a2" type="seg"/>
  <edge id="c23" src="e3" trg="a3" type="seg"/>
  <edge id="c24" src="e4" trg="a4" type="seg"/>
  <edge id="c25" src="e5" trg="a5" type="seg"/>
  <edge id="c26" src="e6" trg="a6" type="seg"/>
  <edge id="c27" src="e7" trg="a7" type="seg"/>
  <edge id="c28" src="e8" trg="a8" type="seg"/>
  <edge id="c29" src="e9" trg="a9" type="seg"/>
  <edge id="c30" src="e10" trg="a10" type="seg"/>
  <edge id="c31" src="e11" trg="a11" type="seg"/>
  <edge id="c32" src="e12" trg="a12" type="seg"/>
  <edge id="c33" src="e13" trg="a13" type="seg"/>
  <edge id="c34" src="e14" trg="a14" type="seg"/>
  <edge id="c35" src="e15" trg="a15" type="seg"/>
  <edge id="c36" src="e16" trg="a16" type="seg"/>
  <edge id="c37" src="e17" trg="a17" type="seg"/>
  <edge id="c38" src="e18" trg="a18" type="seg"/>
  <edge id="c39" src="e19" trg="a19" type="seg"/>
  <edge id="c40" src="e20" trg="a20" type="seg"/>
  <edge id="c41" src="e21" trg="a21" type="seg"/>
  <edge id="c42" src="e22" trg="a22" type="seg"/>
  <edge id="c43" src="e23" trg="a23" type="seg"/>
  <edge id="c1" src="a5" trg="a7" type="sup"/>
  <edge id="c2" src="a6" trg="a7" type="sup"/>
  <edge id="c3" src="a7" trg="a4" type="sup"/>
  <edge id="c4" src="a7" trg="a19" type="sup"/>
  <edge id="c5" src="a8" trg="a7" type="sup"/>
  <edge id="c6" src="a9" trg="a14" type="sup"/>
  <edge id="c7" src="a10" trg="a14" type="sup"/>
  <edge id="c8" src="a11" trg="a10" type="exa"/>
  <edge id="c9" src="a12" trg="a10" type="sup"/>
  <edge id="c10" src="a13" trg="a10" type="sup"/>
  <edge id="c11" src="a14" trg="a4" type="sup"/>
  <edge id="c12" src="a14" trg="a19" type="sup"/>
  <edge id="c13" src="a15" trg="a4" type="reb"/>
  <edge id="c14" src="a15" trg="a19" type="reb"/>
  <edge id="c15" src="a16" trg="a15" type="reb"/>
  <edge id="c16" src="a17" trg="a16" type="sup"/>
  <edge id="c17" src="a18" trg="a16" type="sup"/>
  <edge id="c18" src="a20" trg="a4" type="sup"/>
  <edge id="c19" src="a20" trg="a19" type="sup"/>
  <edge id="c20" src="a21" trg="a20" type="sup"/>
</arggraph>
