<?xml version='1.0' encoding='UTF-8'?>
<arggraph id="micro_e80" stance="pro" topic_id="Do you agree or disagree with the statement that a zoo has no useful purpose" topic_ru="Вы согласны или не согласны с утверждением о том, что зоопарк не имеет никакой полезной цели">
  <edu id="e1" lang="en">Some people may believe that a zoo is futile in the era of globalization, which people can develop their knowledge fast and easily.</edu>
  <edu id="e1" lang="ru" trans="google">Некоторые люди считают, что зоопарк бесполезен в эпохе глобализации, люди могут развивать свои знания быстро и легко.</edu>
  <edu id="e2" lang="en">However, I do not agree with them.</edu>
  <edu id="e2" lang="ru" trans="google">Тем не менее, я не согласен с ними.</edu>
  <edu id="e3" lang="en">I believe that the zoo is invaluable for human beings.</edu>
  <edu id="e3" lang="ru" trans="google">Я считаю, что зоопарк неоценим для человека.</edu>
  <edu id="e4" lang="en">It is very crucial for learning.</edu>
  <edu id="e4" lang="ru" trans="google">Это очень важно для обучения.</edu>
  <edu id="e5" lang="en">It helps animals out of extinction.</edu>
  <edu id="e5" lang="ru" trans="google">Это помогает животным из вымирания.</edu>
  <edu id="e6" lang="en">Also, it is a interesting travel location.</edu>
  <edu id="e6" lang="ru" trans="google">Кроме того, это интересное место путешествия.</edu>
  <edu id="e7" lang="en">First of all, the zoo gives humans new knowledge.</edu>
  <edu id="e7" lang="ru" trans="google">Прежде всего, зоопарк дает человекам новые знания.</edu>
  <edu id="e8" lang="en">When you were so young that you did not know many kinds of animals, what should you do if there were no zoo ?</edu>
  <edu id="e8" lang="ru" trans="google">Когда вы были так молоды, что вы не знаете много видов животных, что вы должны сделать, если бы не было зоопарка?</edu>
  <edu id="e9" lang="en">Inevitably, the zoo is the important place for innate learning.</edu>
  <edu id="e9" lang="ru" trans="google">Неизбежно, зоопарк является важным местом для врожденного обучения.</edu>
  <edu id="e10" lang="en">The zoo also let students have a chance to learning biology practically.</edu>
  <edu id="e10" lang="ru" trans="google">В зоопарке также позволяет студентам есть шанс обучения биологии на практике.</edu>
  <edu id="e11" lang="en">They are able to observe animals' behaviors and features.</edu>
  <edu id="e11" lang="ru" trans="google">Они могут наблюдать поведение и особенности животных.</edu>
  <edu id="e12" lang="en">Moreover, practical learning help students relax from a boring lecture class.</edu>
  <edu id="e12" lang="ru" trans="google">Кроме того, практические студенты обучений помогают отдохнуть от класса скучных лекций.</edu>
  <edu id="e13" lang="en">Besides, researchers need the zoo to pick up some examples of animals for their researches.</edu>
  <edu id="e13" lang="ru" trans="google">Кроме того, исследователи нуждаются в зоопарке, чтобы забрать некоторые примеры животных для своих исследований.</edu>
  <edu id="e14" lang="en">Because it has diverse species of animals.</edu>
  <edu id="e14" lang="ru" trans="google">Потому что она имеет различные виды животных.</edu>
  <edu id="e15" lang="en">Secondly, the zoo preserves a large number of rare animals and provides them safe habitats.</edu>
  <edu id="e15" lang="ru" trans="google">Во-вторых, зоопарк сохраняет большое количество редких животных и обеспечивает им безопасные места обитания.</edu>
  <edu id="e16" lang="en">In the zoo, there is not so harmful as a forest.</edu>
  <edu id="e16" lang="ru" trans="google">В зоопарке есть не так вредно, как лес.</edu>
  <edu id="e17" lang="en">They, fed by zookeepers, do not need to find food themselves.</edu>
  <edu id="e17" lang="ru" trans="google">Они питаются Zookeepers, не нужно, чтобы найти пищу сами.</edu>
  <edu id="e18" lang="en">Furthermore, we can do artificial insemenation to maintain nearly extinct wildlife.</edu>
  <edu id="e18" lang="ru" trans="google">Кроме того, мы можем сделать искусственное оплодотворение, чтобы сохранить почти исчезнувшие дикие животное.</edu>
  <edu id="e19" lang="en">Last but not least, because of all weird, acute, and beautiful animals in the zoo, it can be a great tourist attraction.</edu>
  <edu id="e19" lang="ru" trans="google">И последнее, но не в последнюю очередь, из-за всех странных, острых и красивых животных в зоопарке, это может быть очень привлекателен для туристов.</edu>
  <edu id="e20" lang="en">There are a lot of tourists who seek to see those animals closely.</edu>
  <edu id="e20" lang="ru" trans="google">Есть много туристов, которые стремятся увидеть этих животных тесно.</edu>
  <edu id="e21" lang="en">If the zoo has a large number of both national and foreign tourists, it will receive a great deal of money.</edu>
  <edu id="e21" lang="ru" trans="google">Если зоопарк имеет большое количество как национальных, так и иностранных туристов, он получит много денег.</edu>
  <edu id="e22" lang="en">That also make money flow, and then economics become better.</edu>
  <edu id="e22" lang="ru" trans="google">Это также делает деньги поток, а затем экономика стала лучше.</edu>
  <edu id="e23" lang="en">It benefits to a certain country.</edu>
  <edu id="e23" lang="ru" trans="google">Она приносит пользу в ту или иную страну.</edu>
  <edu id="e24" lang="en">In conclusion, the zoo not only saves animals in danger of extinction, but also helps people around the world have better lives.</edu>
  <edu id="e24" lang="ru" trans="google">В заключение отметим, что зоопарк не только спасает животных под угрозой исчезновения, но и помогает людям во всем мире имеют лучшую жизнь.</edu>
  <edu id="e25" lang="en">I firmly believe that the zoo is so useful for the earth.</edu>
  <edu id="e25" lang="ru" trans="google">Я твердо убежден, что зоопарк так полезно для земли.</edu>
  <adu id="a1" type="neut"/>
  <adu id="a2" type="neut"/>
  <adu id="a3" type="mcl"/>
  <adu id="a4" type="pro"/>
  <adu id="a5" type="pro"/>
  <adu id="a6" type="pro"/>
  <adu id="a7" type="pro"/>
  <adu id="a8" type="neut"/>
  <adu id="a9" type="pro"/>
  <adu id="a10" type="pro"/>
  <adu id="a11" type="pro"/>
  <adu id="a12" type="pro"/>
  <adu id="a13" type="pro"/>
  <adu id="a14" type="pro"/>
  <adu id="a15" type="pro"/>
  <adu id="a16" type="pro"/>
  <adu id="a17" type="pro"/>
  <adu id="a18" type="pro"/>
  <adu id="a19" type="pro"/>
  <adu id="a20" type="pro"/>
  <adu id="a21" type="pro"/>
  <adu id="a22" type="pro"/>
  <adu id="a23" type="pro"/>
  <adu id="a24" type="pro"/>
  <adu id="a25" type="mcl"/>
  <edge id="c28" src="e1" trg="a1" type="seg"/>
  <edge id="c29" src="e2" trg="a2" type="seg"/>
  <edge id="c30" src="e3" trg="a3" type="seg"/>
  <edge id="c31" src="e4" trg="a4" type="seg"/>
  <edge id="c32" src="e5" trg="a5" type="seg"/>
  <edge id="c33" src="e6" trg="a6" type="seg"/>
  <edge id="c34" src="e7" trg="a7" type="seg"/>
  <edge id="c35" src="e8" trg="a8" type="seg"/>
  <edge id="c36" src="e9" trg="a9" type="seg"/>
  <edge id="c37" src="e10" trg="a10" type="seg"/>
  <edge id="c38" src="e11" trg="a11" type="seg"/>
  <edge id="c39" src="e12" trg="a12" type="seg"/>
  <edge id="c40" src="e13" trg="a13" type="seg"/>
  <edge id="c41" src="e14" trg="a14" type="seg"/>
  <edge id="c42" src="e15" trg="a15" type="seg"/>
  <edge id="c43" src="e16" trg="a16" type="seg"/>
  <edge id="c44" src="e17" trg="a17" type="seg"/>
  <edge id="c45" src="e18" trg="a18" type="seg"/>
  <edge id="c46" src="e19" trg="a19" type="seg"/>
  <edge id="c47" src="e20" trg="a20" type="seg"/>
  <edge id="c48" src="e21" trg="a21" type="seg"/>
  <edge id="c49" src="e22" trg="a22" type="seg"/>
  <edge id="c50" src="e23" trg="a23" type="seg"/>
  <edge id="c51" src="e24" trg="a24" type="seg"/>
  <edge id="c52" src="e25" trg="a25" type="seg"/>
  <edge id="c1" src="a4" trg="a3" type="sup"/>
  <edge id="c2" src="a4" trg="a25" type="sup"/>
  <edge id="c3" src="a5" trg="a3" type="sup"/>
  <edge id="c4" src="a5" trg="a25" type="sup"/>
  <edge id="c5" src="a6" trg="a3" type="sup"/>
  <edge id="c6" src="a6" trg="a25" type="sup"/>
  <edge id="c7" src="a7" trg="a3" type="sup"/>
  <edge id="c8" src="a7" trg="a25" type="sup"/>
  <edge id="c9" src="a9" trg="a7" type="sup"/>
  <edge id="c10" src="a10" trg="a7" type="sup"/>
  <edge id="c11" src="a11" trg="a7" type="sup"/>
  <edge id="c12" src="a12" trg="a7" type="sup"/>
  <edge id="c13" src="a13" trg="a7" type="sup"/>
  <edge id="c14" src="a14" trg="a13" type="sup"/>
  <edge id="c15" src="a15" trg="a3" type="sup"/>
  <edge id="c16" src="a15" trg="a25" type="sup"/>
  <edge id="c17" src="a16" trg="a15" type="sup"/>
  <edge id="c18" src="a17" trg="a15" type="sup"/>
  <edge id="c19" src="a18" trg="a15" type="sup"/>
  <edge id="c20" src="a19" trg="a23" type="sup"/>
  <edge id="c21" src="a20" trg="a23" type="sup"/>
  <edge id="c22" src="a21" trg="a23" type="sup"/>
  <edge id="c23" src="a22" trg="a23" type="sup"/>
  <edge id="c24" src="a23" trg="a3" type="sup"/>
  <edge id="c25" src="a23" trg="a25" type="sup"/>
  <edge id="c26" src="a24" trg="a3" type="sup"/>
  <edge id="c27" src="a24" trg="a25" type="sup"/>
</arggraph>
