<?xml version='1.0' encoding='UTF-8'?>
<arggraph id="micro_e41" stance="pro" topic_id="Advantages and disadvantages of the prevalent of English" topic_ru="Преимущества и недостатки Распространения английского языка">
  <edu id="e1" lang="en">With the development of globalization, English became the dominated language in national trade, conference and many important events.</edu>
  <edu id="e1" lang="ru" trans="google">С развитием глобализации, английский стал языком доминирует в национальной торговле, конференции и много важных событий.</edu>
  <edu id="e2" lang="en">This phenomenon has aroused a heated discussion in public.</edu>
  <edu id="e2" lang="ru" trans="google">Это явление вызвало бурную дискуссию в общественных местах.</edu>
  <edu id="e3" lang="en">Some people claim that the prevalent of English brings a great number of benefits for people.</edu>
  <edu id="e3" lang="ru" trans="google">Некоторые люди утверждают, что преобладающий английский язык приносит большое количество преимуществ для людей.</edu>
  <edu id="e4" lang="en">First of all, it promotes the communication and interaction between different countries more conveniently and clearly.</edu>
  <edu id="e4" lang="ru" trans="google">В первую очередь, это способствует общению и взаимодействию между различными странами более удобно и понятно.</edu>
  <edu id="e5" lang="en">In the ancient time, the different languages and geography set barriers for people to exchange their goods and ideas.</edu>
  <edu id="e5" lang="ru" trans="google">В древние времена, разные языки и география устанавливать барьеры для людей, чтобы обменять свои товары и идеи.</edu>
  <edu id="e6" lang="en">Fortunately, the innovation of plane and train solved the geographical barriers.</edu>
  <edu id="e6" lang="ru" trans="google">К счастью, инновации самолета и поезда решали географические барьеры.</edu>
  <edu id="e7" lang="en">If we can popularize the use of English, the language hinder will disappear as well.</edu>
  <edu id="e7" lang="ru" trans="google">Если мы можем популяризировать использование английского языка, язык препятствует исчезнут, а также.</edu>
  <edu id="e8" lang="en">In addition, English is a beautiful language, which is more systematical and extensive than many other languages.</edu>
  <edu id="e8" lang="ru" trans="google">Кроме того, английский язык является красивым языком, который является более систематическим и обширнее, чем на многих других языках.</edu>
  <edu id="e9" lang="en">Learning English can foster people's sentiment and nourish their literature and art.</edu>
  <edu id="e9" lang="ru" trans="google">Изучение английского языка может способствовать настроения людей и питают их литературу и искусство.</edu>
  <edu id="e10" lang="en">However, the opponents believe that the dominated status of English has destroyed culture diversity and many less-used languages become extinct.</edu>
  <edu id="e10" lang="ru" trans="google">Тем не менее, противники считают, что доминирующее положение английского языка разрушило разнообразие культуры и много менее используемых языков вымерло.</edu>
  <edu id="e11" lang="en">Even English is a sophisticated language.</edu>
  <edu id="e11" lang="ru" trans="google">Даже английский язык сложный язык.</edu>
  <edu id="e12" lang="en">it does not express every detail of life especially in Asia countries, which have totally different linguistic system.</edu>
  <edu id="e12" lang="ru" trans="google">она не выражает каждую деталь жизни, особенно в странах Азии, которые имеют совершенно иную языковую систему.</edu>
  <edu id="e13" lang="en">It is undeniable that language contains many aspects of people's daily life, which is influenced by culture, environment as well as religious.</edu>
  <edu id="e13" lang="ru" trans="google">Нельзя отрицать, что язык содержит многие аспекты повседневной жизни людей, которая находится под влиянием культуры, окружающей среды, а также религиозные.</edu>
  <edu id="e14" lang="en">Obviously, these languages have special significance for people who belong to them and using English to replace them is crudity.</edu>
  <edu id="e14" lang="ru" trans="google">Очевидно, что эти языки имеют особое значение для людей, которые принадлежат к ним и используя английский язык, чтобы заменить их в грубости.</edu>
  <edu id="e15" lang="en">Personally, English as an elegant language should be advocated in many fields to expand the global trade and communications.</edu>
  <edu id="e15" lang="ru" trans="google">Лично английский как элегантный язык должен быть выступал во многих областях, чтобы расширить глобальную торговлю и коммуникации.</edu>
  <edu id="e16" lang="en">But, we still need preserve other languages for sake of keeping the linguistic and cultural diversity.</edu>
  <edu id="e16" lang="ru" trans="google">Но мы по-прежнему необходимо сохранять другие языки, ради сохранения языкового и культурного разнообразия.</edu>
  <adu id="a1" type="neut"/>
  <adu id="a2" type="neut"/>
  <adu id="a3" type="pro"/>
  <adu id="a4" type="pro"/>
  <adu id="a5" type="pro"/>
  <adu id="a6" type="pro"/>
  <adu id="a7" type="pro"/>
  <adu id="a8" type="pro"/>
  <adu id="a9" type="pro"/>
  <adu id="a10" type="opp"/>
  <adu id="a11" type="opp"/>
  <adu id="a12" type="opp"/>
  <adu id="a13" type="opp"/>
  <adu id="a14" type="opp"/>
  <adu id="a15" type="mcl"/>
  <adu id="a16" type="opp"/>
  <edge id="c14" src="e1" trg="a1" type="seg"/>
  <edge id="c15" src="e2" trg="a2" type="seg"/>
  <edge id="c16" src="e3" trg="a3" type="seg"/>
  <edge id="c17" src="e4" trg="a4" type="seg"/>
  <edge id="c18" src="e5" trg="a5" type="seg"/>
  <edge id="c19" src="e6" trg="a6" type="seg"/>
  <edge id="c20" src="e7" trg="a7" type="seg"/>
  <edge id="c21" src="e8" trg="a8" type="seg"/>
  <edge id="c22" src="e9" trg="a9" type="seg"/>
  <edge id="c23" src="e10" trg="a10" type="seg"/>
  <edge id="c24" src="e11" trg="a11" type="seg"/>
  <edge id="c25" src="e12" trg="a12" type="seg"/>
  <edge id="c26" src="e13" trg="a13" type="seg"/>
  <edge id="c27" src="e14" trg="a14" type="seg"/>
  <edge id="c28" src="e15" trg="a15" type="seg"/>
  <edge id="c29" src="e16" trg="a16" type="seg"/>
  <edge id="c1" src="a3" trg="a15" type="sup"/>
  <edge id="c2" src="a4" trg="a3" type="sup"/>
  <edge id="c3" src="a5" trg="a3" type="sup"/>
  <edge id="c4" src="a6" trg="a3" type="sup"/>
  <edge id="c5" src="a7" trg="a3" type="sup"/>
  <edge id="c6" src="a8" trg="a3" type="sup"/>
  <edge id="c7" src="a9" trg="a3" type="sup"/>
  <edge id="c8" src="a10" trg="a15" type="reb"/>
  <edge id="c9" src="a11" trg="a10" type="sup"/>
  <edge id="c10" src="a12" trg="a11" type="sup"/>
  <edge id="c11" src="a13" trg="a14" type="sup"/>
  <edge id="c12" src="a14" trg="a10" type="sup"/>
  <edge id="c13" src="a16" trg="a15" type="reb"/>
</arggraph>
