<?xml version='1.0' encoding='UTF-8'?>
<arggraph id="micro_e386" stance="pro" topic_id="Negative effects of technological process" topic_ru="Отрицательные последствия технологического процесса">
  <edu id="e1" lang="en">It is undeniable that technological process has brought numerous benefits making human life become more and more comfortable and easy.</edu>
  <edu id="e1" lang="ru" trans="google">Нельзя отрицать, что технологический процесс принес многочисленные выгоды делает жизнь человек становится все более и более удобным и легким.</edu>
  <edu id="e2" lang="en">Some individuals assume that this technological development also causes many drawbacks impacting seriously on our lives.</edu>
  <edu id="e2" lang="ru" trans="google">Некоторые люди предполагают, что это технологическое развитие также вызывает много недостатков, влияющих серьезно на нашу жизнь.</edu>
  <edu id="e3" lang="en">I personally disagree with this view.</edu>
  <edu id="e3" lang="ru" trans="google">Я лично не согласен с этой точкой зрения.</edu>
  <edu id="e4" lang="en">In the following paragraphs, both sides of the above matter as well as my own view's explanations would be analyzed and given, respectively.</edu>
  <edu id="e4" lang="ru" trans="google">В следующих пунктах, обе стороны выше материи, а также разъяснения моей точки зрения был бы быть проанализированы и приведены, соответственно.</edu>
  <edu id="e5" lang="en">Firstly, it is undoubtedly that thanks to modern technology invented recently, human life has been improved dramatically.</edu>
  <edu id="e5" lang="ru" trans="google">Во-первых, это, несомненно, что благодаря современной технологии изобретены в последнее время, человеческая жизнь была значительно улучшена.</edu>
  <edu id="e6" lang="en">Air-conditioners, computers, cellphones, washing machines, for example, is likely to be seen as greatest inventions helping people to reduce stress and time for other activities.</edu>
  <edu id="e6" lang="ru" trans="google">Кондиционеры, компьютеры, мобильные телефоны, стиральные машины, например, скорее всего, будет рассматриваться как величайшие изобретения помогают людям уменьшить стресс и время для других видов деятельности.</edu>
  <edu id="e7" lang="en">Moreover, applying technological science into the preparation of medications also plays a significant role in saving the number of patients' lives.</edu>
  <edu id="e7" lang="ru" trans="google">Кроме того, применение технологической науки в подготовку лекарственных препаратов также играет важную роль в сохранении количества жизни пациентов.</edu>
  <edu id="e8" lang="en">However, some negative aspects of technological process need to be mentioned clearly.</edu>
  <edu id="e8" lang="ru" trans="google">Тем не менее, некоторые негативные аспекты технологической потребности процесса следует отметить четко.</edu>
  <edu id="e9" lang="en">In spite of bring fantastic advantages, technological products have devastated the natural environment indirectly through its production process.</edu>
  <edu id="e9" lang="ru" trans="google">Несмотря принести фантастические преимущества, технологические продукты опустошен природную среду косвенно через его производственного процесса.</edu>
  <edu id="e10" lang="en">This is because exploiting and collecting raw materials as well as essential fuels to serve the production of technological products have destroyed nature seriously.</edu>
  <edu id="e10" lang="ru" trans="google">Это происходит потому, эксплуатации и сбора сырья, а также основные виды топлива служить производство технологической продукции уничтожили природу серьезно.</edu>
  <edu id="e11" lang="en">Last but not least, technology may decrease a great deal of creativity in certain groups of people especially children and the youth due to the dependence upon available achievements.</edu>
  <edu id="e11" lang="ru" trans="google">И последнее, но не в последнюю очередь, технология может уменьшить много творчества в определенных групп людей, особенно детей и молодежи из-за зависимости от имеющихся достижений.</edu>
  <edu id="e12" lang="en">In conclusion, I totally believe that technology has a great contribution to our lives and civilization.</edu>
  <edu id="e12" lang="ru" trans="google">В заключении, я полностью верю, что технология имеет большой вклад в нашу жизнь и цивилизации.</edu>
  <edu id="e13" lang="en">We can not neglect profound impact of great technological process on human life.</edu>
  <edu id="e13" lang="ru" trans="google">Мы не можем пренебрегать глубокое воздействие большого технологического процесса на жизнь человека.</edu>
  <edu id="e14" lang="en">Nonetheless, its adverse effects need controlling more reasonably.</edu>
  <edu id="e14" lang="ru" trans="google">Тем не менее, его побочные эффекты должны управлять более разумно.</edu>
  <adu id="a1" type="neut"/>
  <adu id="a2" type="neut"/>
  <adu id="a3" type="neut"/>
  <adu id="a4" type="neut"/>
  <adu id="a5" type="pro"/>
  <adu id="a6" type="pro"/>
  <adu id="a7" type="pro"/>
  <adu id="a8" type="neut"/>
  <adu id="a9" type="opp"/>
  <adu id="a10" type="opp"/>
  <adu id="a11" type="opp"/>
  <adu id="a12" type="mcl"/>
  <adu id="a13" type="pro"/>
  <adu id="a14" type="neut"/>
  <edge id="c8" src="e1" trg="a1" type="seg"/>
  <edge id="c9" src="e2" trg="a2" type="seg"/>
  <edge id="c10" src="e3" trg="a3" type="seg"/>
  <edge id="c11" src="e4" trg="a4" type="seg"/>
  <edge id="c12" src="e5" trg="a5" type="seg"/>
  <edge id="c13" src="e6" trg="a6" type="seg"/>
  <edge id="c14" src="e7" trg="a7" type="seg"/>
  <edge id="c15" src="e8" trg="a8" type="seg"/>
  <edge id="c16" src="e9" trg="a9" type="seg"/>
  <edge id="c17" src="e10" trg="a10" type="seg"/>
  <edge id="c18" src="e11" trg="a11" type="seg"/>
  <edge id="c19" src="e12" trg="a12" type="seg"/>
  <edge id="c20" src="e13" trg="a13" type="seg"/>
  <edge id="c21" src="e14" trg="a14" type="seg"/>
  <edge id="c1" src="a5" trg="a12" type="sup"/>
  <edge id="c2" src="a6" trg="a5" type="sup"/>
  <edge id="c3" src="a7" trg="a5" type="sup"/>
  <edge id="c4" src="a9" trg="a12" type="reb"/>
  <edge id="c5" src="a10" trg="a9" type="sup"/>
  <edge id="c6" src="a11" trg="a12" type="reb"/>
  <edge id="c7" src="a13" trg="a12" type="sup"/>
</arggraph>
