<?xml version='1.0' encoding='UTF-8'?>
<arggraph id="micro_e75" stance="pro" topic_id="Distance learning and online computer classes should replace classroom" topic_ru="Дистанционное обучение и онлайн компьютерные классы должны заменить класс">
  <edu id="e1" lang="en">During these digital age, the online classes has become more interest and more common in the society.</edu>
  <edu id="e1" lang="ru" trans="google">Во время этого цифрового века, онлайны-классы стали больше интереса и более распространенного в обществе.</edu>
  <edu id="e2" lang="en">Almost every school develops their online class systems.</edu>
  <edu id="e2" lang="ru" trans="google">Почти каждая школа разрабатывает свои системы онлайн-класса.</edu>
  <edu id="e3" lang="en">One question I always thought about is whether online computer classes should replace classroom learning.</edu>
  <edu id="e3" lang="ru" trans="google">Один вопрос, который я всегда думал о том, следует ли онлайновых компьютерных классов заменить обучения в классе.</edu>
  <edu id="e4" lang="en">Although, online classes have many advantages.</edu>
  <edu id="e4" lang="ru" trans="google">Хотя, онлайн-классы имеют много преимуществ.</edu>
  <edu id="e5" lang="en">For me, I prefer traditional learning classes for several reasons.</edu>
  <edu id="e5" lang="ru" trans="google">Для меня, я предпочитаю традиционные классы обучения по нескольким причинам.</edu>
  <edu id="e6" lang="en">First, the participant with the others like classmates or professors is still an important factor in studying.</edu>
  <edu id="e6" lang="ru" trans="google">Во-первых, участник с другими, как одноклассники или профессора по-прежнему является важным фактором в изучении.</edu>
  <edu id="e7" lang="en">Working in group leads to more discussion and more opinion among the class.</edu>
  <edu id="e7" lang="ru" trans="google">Работа в группе приводит к более детальному обсуждению и больше мнений среди класса.</edu>
  <edu id="e8" lang="en">Consequently, the discussion class results in expanded children vision and their respect to others roommate's ideas.</edu>
  <edu id="e8" lang="ru" trans="google">Следовательно, результаты обсуждения в классе в развернутых детях видения и их уважение к идеям других людей соседа по комнате.</edu>
  <edu id="e9" lang="en">Unlike the distance learning that children have few opportunities to discuss with their friends.</edu>
  <edu id="e9" lang="ru" trans="google">В отличие от дистанционного обучения, что дети имеют мало возможностей, чтобы обсудить со своими друзьями.</edu>
  <edu id="e10" lang="en">Second, classroom learning provides other activities than studying.</edu>
  <edu id="e10" lang="ru" trans="google">Во-вторых, обучение в классе предоставляет другие виды деятельности, чем изучение.</edu>
  <edu id="e11" lang="en">During student's free time, they have a number of activities that they can join, such as playing sports, going to lab, or going to library.</edu>
  <edu id="e11" lang="ru" trans="google">В свободное время студента, они имеют целый ряд мероприятий, которые они могут присоединиться, например, заниматься спортом, ходить в лабораторию, или идти в библиотеку.</edu>
  <edu id="e12" lang="en">These activities lead to more interact with their friends.</edu>
  <edu id="e12" lang="ru" trans="google">Эти действия приводят к большему количеству взаимодействует со своими друзьями.</edu>
  <edu id="e13" lang="en">Connection with friends improves their IQ abilities.</edu>
  <edu id="e13" lang="ru" trans="google">Связь с друзьями улучшает их IQ способность.</edu>
  <edu id="e14" lang="en">Furthermore, they have a chance to learn about their societies.</edu>
  <edu id="e14" lang="ru" trans="google">Кроме того, у них есть шанс узнать о своих обществах.</edu>
  <edu id="e15" lang="en">While the online course keeps the children at their home only.</edu>
  <edu id="e15" lang="ru" trans="google">В то время как онлайн курс держит ребенок в только их доме.</edu>
  <edu id="e16" lang="en">Lastly, in school, there are professors that guided you during you had a problem or needed an advice.</edu>
  <edu id="e16" lang="ru" trans="google">И, наконец, в школе, есть профессора, которые направляли вас во время вы были проблемы или нужен совет.</edu>
  <edu id="e17" lang="en">The professor provides good answers to you.</edu>
  <edu id="e17" lang="ru" trans="google">Профессор дает хорошие ответы на вас.</edu>
  <edu id="e18" lang="en">They do not mind helping you, and they never leave you alone when you got a problem.</edu>
  <edu id="e18" lang="ru" trans="google">Они не против помочь вам, и они никогда не оставят вас в покое, когда вы получили проблему.</edu>
  <edu id="e19" lang="en">In contrast, in distance learning, these aspects of the professor had reduced their important.</edu>
  <edu id="e19" lang="ru" trans="google">В отличие от этого, в области дистанционного обучения, эти аспекты профессора уменьшили их значение.</edu>
  <edu id="e20" lang="en">The professor has been assigned to teach only.</edu>
  <edu id="e20" lang="ru" trans="google">Профессор был назначен только учить.</edu>
  <edu id="e21" lang="en">Moreover, there will be a long response from the teachers when children ask them a question.</edu>
  <edu id="e21" lang="ru" trans="google">Кроме того, там будет долгий ответ от учителей, когда дети просят их вопрос.</edu>
  <edu id="e22" lang="en">In conclusion, traditional learning still has many benefits to the students.</edu>
  <edu id="e22" lang="ru" trans="google">В заключении, традиционное обучение по-прежнему имеет много преимуществ для студентов.</edu>
  <edu id="e23" lang="en">But in the future, it seems that the distance learning become more popular and ordinary in schools.</edu>
  <edu id="e23" lang="ru" trans="google">Но в будущем, кажется, что дистанционное обучение становится все более популярным и обыденности в школах.</edu>
  <adu id="a1" type="neut"/>
  <adu id="a2" type="neut"/>
  <adu id="a3" type="neut"/>
  <adu id="a4" type="opp"/>
  <adu id="a5" type="mcl"/>
  <adu id="a6" type="pro"/>
  <adu id="a7" type="pro"/>
  <adu id="a8" type="pro"/>
  <adu id="a9" type="pro"/>
  <adu id="a10" type="pro"/>
  <adu id="a11" type="pro"/>
  <adu id="a12" type="pro"/>
  <adu id="a13" type="pro"/>
  <adu id="a14" type="pro"/>
  <adu id="a15" type="pro"/>
  <adu id="a16" type="pro"/>
  <adu id="a17" type="pro"/>
  <adu id="a18" type="pro"/>
  <adu id="a19" type="pro"/>
  <adu id="a20" type="pro"/>
  <adu id="a21" type="pro"/>
  <adu id="a22" type="mcl"/>
  <adu id="a23" type="neut"/>
  <edge id="c22" src="e1" trg="a1" type="seg"/>
  <edge id="c23" src="e2" trg="a2" type="seg"/>
  <edge id="c24" src="e3" trg="a3" type="seg"/>
  <edge id="c25" src="e4" trg="a4" type="seg"/>
  <edge id="c26" src="e5" trg="a5" type="seg"/>
  <edge id="c27" src="e6" trg="a6" type="seg"/>
  <edge id="c28" src="e7" trg="a7" type="seg"/>
  <edge id="c29" src="e8" trg="a8" type="seg"/>
  <edge id="c30" src="e9" trg="a9" type="seg"/>
  <edge id="c31" src="e10" trg="a10" type="seg"/>
  <edge id="c32" src="e11" trg="a11" type="seg"/>
  <edge id="c33" src="e12" trg="a12" type="seg"/>
  <edge id="c34" src="e13" trg="a13" type="seg"/>
  <edge id="c35" src="e14" trg="a14" type="seg"/>
  <edge id="c36" src="e15" trg="a15" type="seg"/>
  <edge id="c37" src="e16" trg="a16" type="seg"/>
  <edge id="c38" src="e17" trg="a17" type="seg"/>
  <edge id="c39" src="e18" trg="a18" type="seg"/>
  <edge id="c40" src="e19" trg="a19" type="seg"/>
  <edge id="c41" src="e20" trg="a20" type="seg"/>
  <edge id="c42" src="e21" trg="a21" type="seg"/>
  <edge id="c43" src="e22" trg="a22" type="seg"/>
  <edge id="c44" src="e23" trg="a23" type="seg"/>
  <edge id="c1" src="a4" trg="a5" type="reb"/>
  <edge id="c2" src="a4" trg="a22" type="reb"/>
  <edge id="c3" src="a6" trg="a5" type="sup"/>
  <edge id="c4" src="a6" trg="a22" type="sup"/>
  <edge id="c5" src="a7" trg="a8" type="sup"/>
  <edge id="c6" src="a8" trg="a6" type="sup"/>
  <edge id="c7" src="a9" trg="a6" type="sup"/>
  <edge id="c8" src="a10" trg="a5" type="sup"/>
  <edge id="c9" src="a10" trg="a22" type="sup"/>
  <edge id="c10" src="a11" trg="a10" type="sup"/>
  <edge id="c11" src="a12" trg="a10" type="sup"/>
  <edge id="c12" src="a13" trg="a10" type="sup"/>
  <edge id="c13" src="a14" trg="a10" type="sup"/>
  <edge id="c14" src="a15" trg="a10" type="sup"/>
  <edge id="c15" src="a16" trg="a5" type="sup"/>
  <edge id="c16" src="a16" trg="a22" type="sup"/>
  <edge id="c17" src="a17" trg="a16" type="sup"/>
  <edge id="c18" src="a18" trg="a16" type="sup"/>
  <edge id="c19" src="a19" trg="a16" type="sup"/>
  <edge id="c20" src="a20" trg="a16" type="sup"/>
  <edge id="c21" src="a21" trg="a16" type="sup"/>
</arggraph>
