<?xml version='1.0' encoding='UTF-8'?>
<arggraph id="micro_e10" stance="pro" topic_id="Whether athletes and singers are overpaid ?" topic_ru="Ли спортсмены и певцы переплатили?">
  <edu id="e1" lang="en">Some people believe that professional athletes and entertainers are paid reasonable salaries, which can be up to millions of dollars each year.</edu>
  <edu id="e1" lang="ru" trans="google">Некоторые люди считают, что профессиональные спортсмены и артисты платят разумные зарплаты, которые могут быть до миллионов долларов каждый год.</edu>
  <edu id="e2" lang="en">However, that is not equal to their actual contributions to the society.</edu>
  <edu id="e2" lang="ru" trans="google">Однако, это не равно их реального вклада в развитие общества.</edu>
  <edu id="e3" lang="en">I believe that their salary at a lower level would be more appropriate compared with other peoples in scientific or social, economic fields.</edu>
  <edu id="e3" lang="ru" trans="google">Я считаю, что их зарплата на более низком уровне, было бы более целесообразным по сравнению с другими народами в научной или социальной, экономической областях.</edu>
  <edu id="e4" lang="en">First of all, some people claim that athletes and singers deserve their current salary.</edu>
  <edu id="e4" lang="ru" trans="google">Прежде всего, некоторые люди утверждают, что спортсмены и певцы заслуживают их текущей зарплаты.</edu>
  <edu id="e5" lang="en">Because they have an exceptional ability that other people do not own.</edu>
  <edu id="e5" lang="ru" trans="google">Потому что они имеют исключительную способность, что другие люди не имеют.</edu>
  <edu id="e6" lang="en">For example, hardly anyone could play basketball as skillfully as Michael Jordan - a legendary former American player who won several times in the NBA championship.</edu>
  <edu id="e6" lang="ru" trans="google">Например, вряд ли кто-то может играть в баскетбол, как умело, как Майкл Джордан - легендарный бывший американский игрок, который выиграл несколько раз в чемпионате НБА.</edu>
  <edu id="e7" lang="en">They also point out that these people have to undergo painstaking and industrious training, let alone participate in a great number of contests to be recognized and prove themselves.</edu>
  <edu id="e7" lang="ru" trans="google">Они также указывают на то, что эти люди должны пройти кропотливой и трудолюбивый подготовки, не говоря уже участвовать в большом количестве конкурсов, которые будут признаны и самоутвердиться.</edu>
  <edu id="e8" lang="en">In addition, although there are many singers and athletes, few of whom could rise to fame and victory ultimately.</edu>
  <edu id="e8" lang="ru" trans="google">Кроме того, хотя есть много певцов и спортсменов, некоторые из которых могут подняться к славе и победе в конечном счете.</edu>
  <edu id="e9" lang="en">Overcoming all these obstacles, they should be paid a great deal of money for their extraordinary efforts.</edu>
  <edu id="e9" lang="ru" trans="google">Преодолевая все эти препятствия, они должны получать много денег за их выдающиеся усилия.</edu>
  <edu id="e10" lang="en">However, their talents should not be overrated.</edu>
  <edu id="e10" lang="ru" trans="google">Тем не менее, их таланты не следует переоценивать.</edu>
  <edu id="e11" lang="en">Other people say that singers and athletes, in fact, contribute insignificantly to the development of the society.</edu>
  <edu id="e11" lang="ru" trans="google">Другие люди говорят, что певцы и спортсмены, на самом деле, внести свой вклад незначительного вклада в развитие общества.</edu>
  <edu id="e12" lang="en">It is assumed the amazing performances they give to the audiences are only valuable in aesthetic and entertaining terms.</edu>
  <edu id="e12" lang="ru" trans="google">Предполагается, удивительные спектакли, которые они дают зрителям ценны только в эстетических и развлекательных терминов.</edu>
  <edu id="e13" lang="en">While scientists invent machines serving daily lives, doctors take care of patients and cure their diseases and policemen help to ensure the safety and stability of the nation, singers and athletes do not play a helpful part in improving the material life.</edu>
  <edu id="e13" lang="ru" trans="google">В то время как ученые изобрели машины служить повседневной жизни, врачи заботиться о больных и лечить их болезни и полицейские помогают обеспечить безопасность и стабильность нации, певцы и спортсмены не играют полезную роль в улучшении материальной жизни.</edu>
  <edu id="e14" lang="en">They commit themselves to promoting relaxation and enjoyment for the audience.</edu>
  <edu id="e14" lang="ru" trans="google">Они берут на себя обязательство поощрения расслабления и удовольствия для зрителей.</edu>
  <edu id="e15" lang="en">Indeed, their contribution is less important than those from doctors or scientists, albeit necessary.</edu>
  <edu id="e15" lang="ru" trans="google">Действительно, их вклад менее важен, чем от врачей или ученых, хотя и необходимо.</edu>
  <edu id="e16" lang="en">Hence, their privilege of salary seems groundless, while the main work forces receive modest salaries which only enable them to afford bare necessities.</edu>
  <edu id="e16" lang="ru" trans="google">Следовательно, их привилегия зарплаты кажется необоснованным, в то время как основные рабочие силы получают скромные зарплаты, которые только позволяют им позволить себе самое необходимое.</edu>
  <edu id="e17" lang="en">From all analysis suggested above, professional athletes and singers are overpaid in terms of their contributions.</edu>
  <edu id="e17" lang="ru" trans="google">Из всего анализа было отмечено выше, профессиональные спортсмены и певцы переплата с точки зрения их вклада.</edu>
  <edu id="e18" lang="en">I think that there should be a modification in the salary of professional singers and athletes to balance with those of people in other fields, namely science and society, who are the driving forces for the prosperity of the nation.</edu>
  <edu id="e18" lang="ru" trans="google">Я думаю, что должно быть изменение в зарплате профессиональных певцов и спортсменов, чтобы сбалансировать с теми людьми в других областях, а именно науки и обществе, которые являются движущей силой для процветания нации.</edu>
  <adu id="a1" type="neut"/>
  <adu id="a2" type="neut"/>
  <adu id="a3" type="mcl"/>
  <adu id="a4" type="opp"/>
  <adu id="a5" type="opp"/>
  <adu id="a6" type="opp"/>
  <adu id="a7" type="opp"/>
  <adu id="a8" type="opp"/>
  <adu id="a9" type="opp"/>
  <adu id="a10" type="neut"/>
  <adu id="a11" type="opp"/>
  <adu id="a12" type="opp"/>
  <adu id="a13" type="pro"/>
  <adu id="a14" type="pro"/>
  <adu id="a15" type="pro"/>
  <adu id="a16" type="pro"/>
  <adu id="a17" type="mcl"/>
  <adu id="a18" type="neut"/>
  <edge id="c15" src="e1" trg="a1" type="seg"/>
  <edge id="c16" src="e2" trg="a2" type="seg"/>
  <edge id="c17" src="e3" trg="a3" type="seg"/>
  <edge id="c18" src="e4" trg="a4" type="seg"/>
  <edge id="c19" src="e5" trg="a5" type="seg"/>
  <edge id="c20" src="e6" trg="a6" type="seg"/>
  <edge id="c21" src="e7" trg="a7" type="seg"/>
  <edge id="c22" src="e8" trg="a8" type="seg"/>
  <edge id="c23" src="e9" trg="a9" type="seg"/>
  <edge id="c24" src="e10" trg="a10" type="seg"/>
  <edge id="c25" src="e11" trg="a11" type="seg"/>
  <edge id="c26" src="e12" trg="a12" type="seg"/>
  <edge id="c27" src="e13" trg="a13" type="seg"/>
  <edge id="c28" src="e14" trg="a14" type="seg"/>
  <edge id="c29" src="e15" trg="a15" type="seg"/>
  <edge id="c30" src="e16" trg="a16" type="seg"/>
  <edge id="c31" src="e17" trg="a17" type="seg"/>
  <edge id="c32" src="e18" trg="a18" type="seg"/>
  <edge id="c1" src="a4" trg="a3" type="reb"/>
  <edge id="c2" src="a4" trg="a17" type="reb"/>
  <edge id="c3" src="a5" trg="a4" type="sup"/>
  <edge id="c4" src="a6" trg="a4" type="exa"/>
  <edge id="c5" src="a7" trg="a4" type="sup"/>
  <edge id="c6" src="a8" trg="a4" type="sup"/>
  <edge id="c7" src="a9" trg="a4" type="sup"/>
  <edge id="c8" src="a11" trg="a16" type="reb"/>
  <edge id="c9" src="a12" trg="a11" type="sup"/>
  <edge id="c10" src="a13" trg="a16" type="sup"/>
  <edge id="c11" src="a14" trg="a13" type="sup"/>
  <edge id="c12" src="a15" trg="a16" type="sup"/>
  <edge id="c13" src="a16" trg="a3" type="sup"/>
  <edge id="c14" src="a16" trg="a17" type="sup"/>
</arggraph>
