<?xml version='1.0' encoding='UTF-8'?>
<arggraph id="micro_e55" stance="pro" topic_id="Can technology alone solve the world's environmental problems ?" topic_ru="Может одна технология решения экологических проблем в мире?">
  <edu id="e1" lang="en">It is irrefutable that progress in technology leads to environmental problems.</edu>
  <edu id="e1" lang="ru" trans="google">Это неопровержимо, что прогресс в технологии приводит к экологическим проблемам.</edu>
  <edu id="e2" lang="en">Some individuals are of the opinion that if people live a simple life and do not use the things that technology has brought us then these problems can be solved whereas others opine that only technology can solve these problems.</edu>
  <edu id="e2" lang="ru" trans="google">Некоторые люди считают, что если люди живут простой жизнью и не использовать то, что технология принесла нам тогда эти проблемы могут быть решены в то время как другие полагают, что только технология может решить эти проблемы.</edu>
  <edu id="e3" lang="en">In the following paragraphs, I intend to discuss both viewpoints.</edu>
  <edu id="e3" lang="ru" trans="google">В следующих пунктах, я намерен обсудить обе точки зрения.</edu>
  <edu id="e4" lang="en">Some people say that if humans stop using technology and lead a simple way of life then only we can save the environment.</edu>
  <edu id="e4" lang="ru" trans="google">Некоторые люди говорят, что если люди прекратить использование технологии и ведут простой образ жизни, то только мы можем сохранить окружающую среду.</edu>
  <edu id="e5" lang="en">They argue that it is the luxuries people use which damages the environment.</edu>
  <edu id="e5" lang="ru" trans="google">Они утверждают, что это роскошь люди используют который повреждает окружающую среду.</edu>
  <edu id="e6" lang="en">If people don't use air conditioners, automobiles and other such things that technology has brought us, then naturally there would be less pollution and natural resources like fossil fuels would be saved and all this would save the environment.</edu>
  <edu id="e6" lang="ru" trans="google">Если люди не используют кондиционеры, автомобили и другие подобные вещи, которые технология принесла нам, то, естественно, будет меньше загрязнения окружающей среды и природных ресурсов, таких как ископаемое топливо будет сохранен, и все это было бы сохранить окружающую среду.</edu>
  <edu id="e7" lang="en">On the other hand there are people who say that technology alone could save the environment.</edu>
  <edu id="e7" lang="ru" trans="google">С другой стороны, есть люди, которые говорят, что технология может в одиночку спасти окружающую среду.</edu>
  <edu id="e8" lang="en">They opine that now we have come so far ahead in technology that there is no going back.</edu>
  <edu id="e8" lang="ru" trans="google">Они полагают, что теперь мы зашли так далеко вперед в технологии, что нет пути назад.</edu>
  <edu id="e9" lang="en">We cannot ask the people of the jet age to go back to the age of the bullock cart.</edu>
  <edu id="e9" lang="ru" trans="google">Мы не можем просить людей струйного возраста, чтобы вернуться к возрасту повозке.</edu>
  <edu id="e10" lang="en">There are a lot of advances going on technology which are helping the environment a lot.</edu>
  <edu id="e10" lang="ru" trans="google">Есть много достижений, идущие на технологию, которые помогают окружающей среде много.</edu>
  <edu id="e11" lang="en">One prime example is finding solutions to water problems in developing countries such as Africa.</edu>
  <edu id="e11" lang="ru" trans="google">Ярким примером является нахождение решения водных проблем в развивающихся странах, таких как Африка.</edu>
  <edu id="e12" lang="en">By pressurising sea water to produce vapour jets and filtering them through carbon nano tubes, we can get clean drinking water from sea water - an almost inexhaustible resource.</edu>
  <edu id="e12" lang="ru" trans="google">Под давление морской воды для производства струй пара и их фильтрации через уголь нано трубок, мы можем получить чистую питьевую воду из морской воды - почти неисчерпаемый ресурс.</edu>
  <edu id="e13" lang="en">Furthermore, Japan is working to build a working space solar power system by 2030.</edu>
  <edu id="e13" lang="ru" trans="google">Кроме того, Япония работает над созданием рабочего пространства системы солнечной энергии к 2030 году.</edu>
  <edu id="e14" lang="en">By drawing on the colossal energy of the sun, it could meet the entire world's electricity requirements indefinitely without nuclear or GHG emissions.</edu>
  <edu id="e14" lang="ru" trans="google">Опираясь на энергии колоссального солнца, он может удовлетворить потребности всей мировой электроэнергии на неопределенный срок без ядерных или ПГА выбросов.</edu>
  <edu id="e15" lang="en">If successful, the impact on the world would be monumental.</edu>
  <edu id="e15" lang="ru" trans="google">В случае успеха, влияние на мир будет монументальным.</edu>
  <edu id="e16" lang="en">It would mean energy for schools, hospitals, and homes.</edu>
  <edu id="e16" lang="ru" trans="google">Это будет означать энергию для школ, больниц и домов.</edu>
  <edu id="e17" lang="en">It would mean another industrial revolution.</edu>
  <edu id="e17" lang="ru" trans="google">Это будет означать еще один промышленный переворот.</edu>
  <edu id="e18" lang="en">To put it in a nutshell, I pen down saying that, technology alone can solve the world's environmental problems.</edu>
  <edu id="e18" lang="ru" trans="google">Для того, чтобы поставить его в двух словах, я ручку вниз говоря, что технология может в одиночку решить экологические проблемы в мире.</edu>
  <edu id="e19" lang="en">We are finally entering an era where engineering and technology are making the world a better place.</edu>
  <edu id="e19" lang="ru" trans="google">Мы, наконец, вступаем в эпоху, когда инженеры и технологии делают мир лучше.</edu>
  <edu id="e20" lang="en">It would be highly unpractical to ask people to adopt a simpler way of life.</edu>
  <edu id="e20" lang="ru" trans="google">Было бы весьма непрактично просить людей, чтобы принять более простой образ жизни.</edu>
  <adu id="a1" type="neut"/>
  <adu id="a2" type="neut"/>
  <adu id="a3" type="neut"/>
  <adu id="a4" type="opp"/>
  <adu id="a5" type="opp"/>
  <adu id="a6" type="opp"/>
  <adu id="a7" type="pro"/>
  <adu id="a8" type="pro"/>
  <adu id="a9" type="pro"/>
  <adu id="a10" type="pro"/>
  <adu id="a11" type="pro"/>
  <adu id="a12" type="pro"/>
  <adu id="a13" type="pro"/>
  <adu id="a14" type="pro"/>
  <adu id="a15" type="pro"/>
  <adu id="a16" type="pro"/>
  <adu id="a17" type="pro"/>
  <adu id="a18" type="mcl"/>
  <adu id="a19" type="neut"/>
  <adu id="a20" type="neut"/>
  <edge id="c15" src="e1" trg="a1" type="seg"/>
  <edge id="c16" src="e2" trg="a2" type="seg"/>
  <edge id="c17" src="e3" trg="a3" type="seg"/>
  <edge id="c18" src="e4" trg="a4" type="seg"/>
  <edge id="c19" src="e5" trg="a5" type="seg"/>
  <edge id="c20" src="e6" trg="a6" type="seg"/>
  <edge id="c21" src="e7" trg="a7" type="seg"/>
  <edge id="c22" src="e8" trg="a8" type="seg"/>
  <edge id="c23" src="e9" trg="a9" type="seg"/>
  <edge id="c24" src="e10" trg="a10" type="seg"/>
  <edge id="c25" src="e11" trg="a11" type="seg"/>
  <edge id="c26" src="e12" trg="a12" type="seg"/>
  <edge id="c27" src="e13" trg="a13" type="seg"/>
  <edge id="c28" src="e14" trg="a14" type="seg"/>
  <edge id="c29" src="e15" trg="a15" type="seg"/>
  <edge id="c30" src="e16" trg="a16" type="seg"/>
  <edge id="c31" src="e17" trg="a17" type="seg"/>
  <edge id="c32" src="e18" trg="a18" type="seg"/>
  <edge id="c33" src="e19" trg="a19" type="seg"/>
  <edge id="c34" src="e20" trg="a20" type="seg"/>
  <edge id="c1" src="a4" trg="a18" type="reb"/>
  <edge id="c2" src="a5" trg="a4" type="sup"/>
  <edge id="c3" src="a6" trg="a4" type="sup"/>
  <edge id="c4" src="a7" trg="a18" type="sup"/>
  <edge id="c5" src="a8" trg="a7" type="sup"/>
  <edge id="c6" src="a9" trg="a7" type="sup"/>
  <edge id="c7" src="a10" trg="a18" type="sup"/>
  <edge id="c8" src="a11" trg="a10" type="exa"/>
  <edge id="c9" src="a12" trg="a11" type="sup"/>
  <edge id="c10" src="a13" trg="a10" type="sup"/>
  <edge id="c11" src="a14" trg="a10" type="sup"/>
  <edge id="c12" src="a15" trg="a10" type="sup"/>
  <edge id="c13" src="a16" trg="a15" type="sup"/>
  <edge id="c14" src="a17" trg="a15" type="sup"/>
</arggraph>
