<?xml version='1.0' encoding='UTF-8'?>
<arggraph id="micro_e272" stance="pro" topic_id="Government should regard investing in building roads as the most important" topic_ru="Правительство должно рассматривать инвестирование в строительство дорог в качестве наиболее важных">
  <edu id="e1" lang="en">The population explosion results in the high demands of transportation.</edu>
  <edu id="e1" lang="ru" trans="google">Демографический взрыв приводит к высоким требованиям транспортировки.</edu>
  <edu id="e2" lang="en">Many countries have suffered from pollution, noisy and casualty for a long time.</edu>
  <edu id="e2" lang="ru" trans="google">Многие страны страдают от загрязнения, шумного и несчастного случая в течение длительного времени.</edu>
  <edu id="e3" lang="en">From my perspective, the most possible solution to these problems is improving roads and highways because of three crucial reasons.</edu>
  <edu id="e3" lang="ru" trans="google">С моей точки зрения, наиболее возможное решение этих проблем является улучшение дорог и автомагистралей из-за три важные причины.</edu>
  <edu id="e4" lang="en">First and foremost, we all know that upgrading public transportation will surely aggravate the pollution and accidents.</edu>
  <edu id="e4" lang="ru" trans="google">Прежде всего, все мы знаем, что модернизация общественного транспорта, безусловно, приведет к обострению загрязнения окружающей среды и несчастных случаев.</edu>
  <edu id="e5" lang="en">The buses, cars and trains regularly emit a noxious gas which causes lots of fatal diseases such as lung cancer and pneumonia.</edu>
  <edu id="e5" lang="ru" trans="google">Автобусы, автомобили и поезда регулярно испускают вредный газ, который вызывает много смертельных заболеваний, таких как рак легких и пневмонии.</edu>
  <edu id="e6" lang="en">Moreover, the sound emanates from the engines can worsen our hearing.</edu>
  <edu id="e6" lang="ru" trans="google">Кроме того, звук исходит из двигателей может ухудшить наш слух.</edu>
  <edu id="e7" lang="en">Most importantly, there are many accidents happening on the roads.</edu>
  <edu id="e7" lang="ru" trans="google">Самое главное, что есть много аварий происходит на дорогах.</edu>
  <edu id="e8" lang="en">For example, in my country, buses are attributed to the cause of skyrocketing of accidents.</edu>
  <edu id="e8" lang="ru" trans="google">Например, в моей стране, автобусы приписаны причиной стремительного роста дорожно-транспортных происшествий.</edu>
  <edu id="e9" lang="en">Each year, Vietnam has approximately twelve thousand people die of accidents which is equivalent to the death toll of the tsunami in Japan.</edu>
  <edu id="e9" lang="ru" trans="google">Каждый год, Вьетнам имеет примерно двенадцать тысяч людей умирают от несчастных случаев, что эквивалентно числом жертв цунами в Японии.</edu>
  <edu id="e10" lang="en">Secondly, investing in roads and highways can broaden the area and allow more public transportation to work.</edu>
  <edu id="e10" lang="ru" trans="google">Во-вторых, инвестиции в строительство дорог и автомагистралей могут расширить зону и обеспечить более общественный транспорт к работе.</edu>
  <edu id="e11" lang="en">Not only buses but also other personal vehicles can move easily on the roads.</edu>
  <edu id="e11" lang="ru" trans="google">Не только автобусы, но и другие личные транспортные средства могут легко перемещаться по дорогам.</edu>
  <edu id="e12" lang="en">For instance, I always leave school at the time that everybody rushes into the roads and hastily goes home.</edu>
  <edu id="e12" lang="ru" trans="google">Например, я всегда оставляю школу в то время, когда все устремляется на дороги и торопливо идет домой.</edu>
  <edu id="e13" lang="en">It is extremely troublesome for me to escape from the crowd on the roads in only one hour.</edu>
  <edu id="e13" lang="ru" trans="google">Это очень трудный для меня, чтобы уйти от толпы на дорогах только один час.</edu>
  <edu id="e14" lang="en">In contrast, if the roads are enlarged, everyone can go home in short time and there are hardly any collisions.</edu>
  <edu id="e14" lang="ru" trans="google">В противоположность этому, если дороги увеличены, каждый может вернуться домой в короткий промежуток времени, и почти не существует столкновений.</edu>
  <edu id="e15" lang="en">Last but not least, spending on renovating the highways and roads can improve the quality.</edu>
  <edu id="e15" lang="ru" trans="google">И последнее, но не в последнюю очередь, расходы на ремонт шоссе и дороги могут улучшить качество.</edu>
  <edu id="e16" lang="en">All of us are afraid of moving on the rough roads with lots of portholes.</edu>
  <edu id="e16" lang="ru" trans="google">Все мы боимся двигаться по неровным дорогам с большим количеством иллюминаторов.</edu>
  <edu id="e17" lang="en">Those bad conditions result in many terrible accidents and make several people feel worried.</edu>
  <edu id="e17" lang="ru" trans="google">Эти плохие условия приводят во многих ужасных авариях и сделать несколько людей чувствовать себя беспокоились.</edu>
  <edu id="e18" lang="en">We should not accuse the drivers of causing accidents.</edu>
  <edu id="e18" lang="ru" trans="google">Мы не должны обвинять водителей, вызывающих несчастные случаи.</edu>
  <edu id="e19" lang="en">Because a part of the responsibility belongs to the authorities.</edu>
  <edu id="e19" lang="ru" trans="google">Поскольку часть ответственности принадлежит к властям.</edu>
  <edu id="e20" lang="en">What's more, a smooth surface makes the transportation and movement become safer and easier.</edu>
  <edu id="e20" lang="ru" trans="google">Более того, гладкая поверхность делает транспортировку и перемещение стало легче и безопаснее.</edu>
  <edu id="e21" lang="en">In a nutshell, the advantages of upgrading the roads which I mentioned above are totally convincing and indispensable.</edu>
  <edu id="e21" lang="ru" trans="google">В двух словах, преимущества модернизации дорог, которые я упоминал выше, полностью убедительным и необходимым.</edu>
  <edu id="e22" lang="en">I am usually inclined to this idea and I hope that the government will regard the investment in building roads as the most important thing.</edu>
  <edu id="e22" lang="ru" trans="google">Я обычно склонен к этой идее, и я надеюсь, что правительство будет рассматривать инвестиции в строительстве дорог, как самое главное.</edu>
  <adu id="a1" type="neut"/>
  <adu id="a2" type="neut"/>
  <adu id="a3" type="mcl"/>
  <adu id="a4" type="pro"/>
  <adu id="a5" type="pro"/>
  <adu id="a6" type="pro"/>
  <adu id="a7" type="pro"/>
  <adu id="a8" type="pro"/>
  <adu id="a9" type="pro"/>
  <adu id="a10" type="pro"/>
  <adu id="a11" type="pro"/>
  <adu id="a12" type="pro"/>
  <adu id="a13" type="pro"/>
  <adu id="a14" type="pro"/>
  <adu id="a15" type="pro"/>
  <adu id="a16" type="pro"/>
  <adu id="a17" type="pro"/>
  <adu id="a18" type="pro"/>
  <adu id="a19" type="pro"/>
  <adu id="a20" type="pro"/>
  <adu id="a21" type="mcl"/>
  <adu id="a22" type="neut"/>
  <edge id="c21" src="e1" trg="a1" type="seg"/>
  <edge id="c22" src="e2" trg="a2" type="seg"/>
  <edge id="c23" src="e3" trg="a3" type="seg"/>
  <edge id="c24" src="e4" trg="a4" type="seg"/>
  <edge id="c25" src="e5" trg="a5" type="seg"/>
  <edge id="c26" src="e6" trg="a6" type="seg"/>
  <edge id="c27" src="e7" trg="a7" type="seg"/>
  <edge id="c28" src="e8" trg="a8" type="seg"/>
  <edge id="c29" src="e9" trg="a9" type="seg"/>
  <edge id="c30" src="e10" trg="a10" type="seg"/>
  <edge id="c31" src="e11" trg="a11" type="seg"/>
  <edge id="c32" src="e12" trg="a12" type="seg"/>
  <edge id="c33" src="e13" trg="a13" type="seg"/>
  <edge id="c34" src="e14" trg="a14" type="seg"/>
  <edge id="c35" src="e15" trg="a15" type="seg"/>
  <edge id="c36" src="e16" trg="a16" type="seg"/>
  <edge id="c37" src="e17" trg="a17" type="seg"/>
  <edge id="c38" src="e18" trg="a18" type="seg"/>
  <edge id="c39" src="e19" trg="a19" type="seg"/>
  <edge id="c40" src="e20" trg="a20" type="seg"/>
  <edge id="c41" src="e21" trg="a21" type="seg"/>
  <edge id="c42" src="e22" trg="a22" type="seg"/>
  <edge id="c1" src="a4" trg="a3" type="sup"/>
  <edge id="c2" src="a4" trg="a21" type="sup"/>
  <edge id="c3" src="a5" trg="a4" type="sup"/>
  <edge id="c4" src="a6" trg="a4" type="sup"/>
  <edge id="c5" src="a7" trg="a4" type="sup"/>
  <edge id="c6" src="a8" trg="a7" type="exa"/>
  <edge id="c7" src="a9" trg="a7" type="sup"/>
  <edge id="c8" src="a10" trg="a3" type="sup"/>
  <edge id="c9" src="a10" trg="a21" type="sup"/>
  <edge id="c10" src="a11" trg="a10" type="sup"/>
  <edge id="c11" src="a12" trg="a10" type="exa"/>
  <edge id="c12" src="a13" trg="a10" type="sup"/>
  <edge id="c13" src="a14" trg="a10" type="sup"/>
  <edge id="c14" src="a15" trg="a3" type="sup"/>
  <edge id="c15" src="a15" trg="a21" type="sup"/>
  <edge id="c16" src="a16" trg="a15" type="sup"/>
  <edge id="c17" src="a17" trg="a15" type="sup"/>
  <edge id="c18" src="a18" trg="a15" type="sup"/>
  <edge id="c19" src="a19" trg="a18" type="sup"/>
  <edge id="c20" src="a20" trg="a15" type="sup"/>
</arggraph>
