<?xml version='1.0' encoding='UTF-8'?>
<arggraph id="micro_e191" stance="pro" topic_id="University education is needed for success" topic_ru="Высшее образование необходимо для успеха">
  <edu id="e1" lang="en">In today's modern and competitive society, it is undeniable that we must equip ourselves with plenty of knowledge and skills in order to shine and to be successful in life.</edu>
  <edu id="e1" lang="ru" trans="google">В современном и конкурентном обществе, нельзя отрицать, что мы должны вооружить себя с большим количеством знаний и навыков для того, чтобы блеск и быть успешным в жизни.</edu>
  <edu id="e2" lang="en">Many opine that the aforementioned aspects are mostly obtained through learning in academic institutions.</edu>
  <edu id="e2" lang="ru" trans="google">Многие полагают, что вышеупомянутые аспекты в основном получены путем обучения в учебных заведениях.</edu>
  <edu id="e3" lang="en">I do agree to that opinion to a certain degree.</edu>
  <edu id="e3" lang="ru" trans="google">Я согласен с этим мнением в определенной степени.</edu>
  <edu id="e4" lang="en">Nevertheless, I feel that one can also shine without even having to attend universities.</edu>
  <edu id="e4" lang="ru" trans="google">Тем не менее, я чувствую, что один также может светить даже без участия университетов.</edu>
  <edu id="e5" lang="en">First and foremost, it is certainly true that university education is of paramount importance for certain professions such as doctor, engineer and lawyer.</edu>
  <edu id="e5" lang="ru" trans="google">В первую очередь, это, конечно, правда, что высшее образование имеет первостепенное значение для определенных профессий, таких как врач, инженер и юрист.</edu>
  <edu id="e6" lang="en">Without proper training and knowledge, it would be impossible for them to perform their best in their careers.</edu>
  <edu id="e6" lang="ru" trans="google">Без надлежащей подготовки и знаний, было бы невозможно для них, чтобы выполнять их лучше в своей карьере.</edu>
  <edu id="e7" lang="en">Not only that, when they are in a university, they will have the opportunity to share their knowledge as well as to network for business associates and partners.</edu>
  <edu id="e7" lang="ru" trans="google">Мало того, что, когда они находятся в университете, они будут иметь возможность поделиться своими знаниями, а также к сети для деловых партнеров и партнеров.</edu>
  <edu id="e8" lang="en">This can benefit them in future when they intend to open up their own companies or hospitals.</edu>
  <edu id="e8" lang="ru" trans="google">Это может принести им пользу в будущем, когда они намерены открыть свои собственные компании или больницы.</edu>
  <edu id="e9" lang="en">Looking from another perspective, there are also a significant number of people who are very successful in their fields without going to university.</edu>
  <edu id="e9" lang="ru" trans="google">Глядя с другой точки зрения, есть также значительное число людей, которые очень успешны в своих областях, не вдаваясь в университет.</edu>
  <edu id="e10" lang="en">Take for instance those who start their own business.</edu>
  <edu id="e10" lang="ru" trans="google">Возьмем, например, те, кто начинает свой бизнес.</edu>
  <edu id="e11" lang="en">These people depend solely on hard work and luck.</edu>
  <edu id="e11" lang="ru" trans="google">Эти люди зависят исключительно от тяжелой работы и удачи.</edu>
  <edu id="e12" lang="en">Interestingly, for some of them it proved to be a profitable job.</edu>
  <edu id="e12" lang="ru" trans="google">Интересно, что для некоторых из них она оказалась прибыльной работы.</edu>
  <edu id="e13" lang="en">To cite an example, Michael Dell who is the founder and the CEO of Dell left college at 19.</edu>
  <edu id="e13" lang="ru" trans="google">Приведу пример, Майкл Делл, который является основателем и генеральным директором Dell покинул колледж в 19 лет.</edu>
  <edu id="e14" lang="en">Initially, he started his computer company in his college dorm room.</edu>
  <edu id="e14" lang="ru" trans="google">Первоначально он начал свою компьютерную компанию в своем общежитии колледжа комнате.</edu>
  <edu id="e15" lang="en">Eventually, he used his earnings as well as his family's loan in order to progress to be who he is now.</edu>
  <edu id="e15" lang="ru" trans="google">В конце концов, он использовал свои доходы, а также кредит своей семьи для того, чтобы прогрессировать, чтобы быть, кто он сейчас.</edu>
  <edu id="e16" lang="en">In addition, people with natural talents are also most likely to excel in their life.</edu>
  <edu id="e16" lang="ru" trans="google">Кроме того, люди с природными талантами также, скорее всего, чтобы преуспеть в жизни.</edu>
  <edu id="e17" lang="en">This is especially true in sectors like entertainment and sports.</edu>
  <edu id="e17" lang="ru" trans="google">Это особенно актуально в таких отраслях, как развлечения и спорт.</edu>
  <edu id="e18" lang="en">The introduction of increasing number of reality shows have made it possible for all those lucky ones to triumph.</edu>
  <edu id="e18" lang="ru" trans="google">Введение увеличения количества реалити-шоу сделали возможным для всех тех счастливчиков восторжествовать.</edu>
  <edu id="e19" lang="en">To illustrate this further, David Archuleta who was once a nobody has now taken up a large space in hearts of many.</edu>
  <edu id="e19" lang="ru" trans="google">Чтобы проиллюстрировать это дальше, Дэвид Archuleta, который был когда-то никто не теперь занял большое место в сердцах многих людей.</edu>
  <edu id="e20" lang="en">Hence, it is evident that individuals born with talents have also a high chance to be successful.</edu>
  <edu id="e20" lang="ru" trans="google">Таким образом, очевидно, что люди, рожденные с талантами также имеют высокий шанс быть успешным.</edu>
  <edu id="e21" lang="en">To wrap it all up, it is indeed true that university education is pivotal in a person's life in order for one to prosper.</edu>
  <edu id="e21" lang="ru" trans="google">Для того, чтобы обернуть все это, это действительно так, что высшее образование играет важнейшую роль в жизни человека, для того, чтобы один процветать.</edu>
  <edu id="e22" lang="en">However, it would be wrong to say that one's success completely depends on the education he or she receives at the institutions.</edu>
  <edu id="e22" lang="ru" trans="google">Тем не менее, было бы неправильно сказать, что один Успех полностью зависит от образования, он или она получает в учреждениях.</edu>
  <edu id="e23" lang="en">Natural talent and hard work also contribute to their progress.</edu>
  <edu id="e23" lang="ru" trans="google">Природный талант и трудолюбие также способствуют их прогрессу.</edu>
  <adu id="a1" type="neut"/>
  <adu id="a2" type="neut"/>
  <adu id="a3" type="neut"/>
  <adu id="a4" type="mcl"/>
  <adu id="a5" type="opp"/>
  <adu id="a6" type="opp"/>
  <adu id="a7" type="opp"/>
  <adu id="a8" type="opp"/>
  <adu id="a9" type="pro"/>
  <adu id="a10" type="pro"/>
  <adu id="a11" type="pro"/>
  <adu id="a12" type="pro"/>
  <adu id="a13" type="pro"/>
  <adu id="a14" type="pro"/>
  <adu id="a15" type="pro"/>
  <adu id="a16" type="pro"/>
  <adu id="a17" type="pro"/>
  <adu id="a18" type="pro"/>
  <adu id="a19" type="pro"/>
  <adu id="a20" type="pro"/>
  <adu id="a21" type="opp"/>
  <adu id="a22" type="mcl"/>
  <adu id="a23" type="neut"/>
  <edge id="c22" src="e1" trg="a1" type="seg"/>
  <edge id="c23" src="e2" trg="a2" type="seg"/>
  <edge id="c24" src="e3" trg="a3" type="seg"/>
  <edge id="c25" src="e4" trg="a4" type="seg"/>
  <edge id="c26" src="e5" trg="a5" type="seg"/>
  <edge id="c27" src="e6" trg="a6" type="seg"/>
  <edge id="c28" src="e7" trg="a7" type="seg"/>
  <edge id="c29" src="e8" trg="a8" type="seg"/>
  <edge id="c30" src="e9" trg="a9" type="seg"/>
  <edge id="c31" src="e10" trg="a10" type="seg"/>
  <edge id="c32" src="e11" trg="a11" type="seg"/>
  <edge id="c33" src="e12" trg="a12" type="seg"/>
  <edge id="c34" src="e13" trg="a13" type="seg"/>
  <edge id="c35" src="e14" trg="a14" type="seg"/>
  <edge id="c36" src="e15" trg="a15" type="seg"/>
  <edge id="c37" src="e16" trg="a16" type="seg"/>
  <edge id="c38" src="e17" trg="a17" type="seg"/>
  <edge id="c39" src="e18" trg="a18" type="seg"/>
  <edge id="c40" src="e19" trg="a19" type="seg"/>
  <edge id="c41" src="e20" trg="a20" type="seg"/>
  <edge id="c42" src="e21" trg="a21" type="seg"/>
  <edge id="c43" src="e22" trg="a22" type="seg"/>
  <edge id="c44" src="e23" trg="a23" type="seg"/>
  <edge id="c1" src="a5" trg="a4" type="reb"/>
  <edge id="c2" src="a5" trg="a22" type="reb"/>
  <edge id="c3" src="a6" trg="a5" type="sup"/>
  <edge id="c4" src="a7" trg="a5" type="sup"/>
  <edge id="c5" src="a8" trg="a5" type="sup"/>
  <edge id="c6" src="a9" trg="a4" type="sup"/>
  <edge id="c7" src="a9" trg="a22" type="sup"/>
  <edge id="c8" src="a10" trg="a9" type="sup"/>
  <edge id="c9" src="a11" trg="a9" type="sup"/>
  <edge id="c10" src="a12" trg="a9" type="sup"/>
  <edge id="c11" src="a13" trg="a9" type="exa"/>
  <edge id="c12" src="a14" trg="a9" type="sup"/>
  <edge id="c13" src="a15" trg="a9" type="sup"/>
  <edge id="c14" src="a16" trg="a20" type="sup"/>
  <edge id="c15" src="a17" trg="a20" type="sup"/>
  <edge id="c16" src="a18" trg="a20" type="sup"/>
  <edge id="c17" src="a19" trg="a18" type="sup"/>
  <edge id="c18" src="a20" trg="a4" type="sup"/>
  <edge id="c19" src="a20" trg="a22" type="sup"/>
  <edge id="c20" src="a21" trg="a4" type="reb"/>
  <edge id="c21" src="a21" trg="a22" type="reb"/>
</arggraph>
