<?xml version='1.0' encoding='UTF-8'?>
<arggraph id="micro_e360" stance="pro" topic_id="High sum of money of modern artist" topic_ru="Высокая сумма современного художника">
  <edu id="e1" lang="en">The amount of money people earning sometimes is unfair.</edu>
  <edu id="e1" lang="ru" trans="google">Количество денег люди зарабатывают иногда несправедливо.</edu>
  <edu id="e2" lang="en">In a field of art, modern artist may receive high salary for their masterpiece creation while labors should be break their bone for years to get similar amount of money.</edu>
  <edu id="e2" lang="ru" trans="google">В области искусства, современный художник может получить высокую зарплату за их создание шедевра, а роды должны быть сломать их кости в течение многих лет, чтобы получить аналогичную сумму денег.</edu>
  <edu id="e3" lang="en">Although some people view that government should be take a responsibility for this unfair situation, critics against such view.</edu>
  <edu id="e3" lang="ru" trans="google">Хотя некоторые люди считают, что правительство должно взять на себя ответственность за эту несправедливую ситуацию, критики в отношении такого вида.</edu>
  <edu id="e4" lang="en">I agree that in this occasion the government is not granted to hand in.</edu>
  <edu id="e4" lang="ru" trans="google">Я согласен, что в этом случае правительство не предоставляется в руки.</edu>
  <edu id="e5" lang="en">Proficiency brings perfectness in terms of art work.</edu>
  <edu id="e5" lang="ru" trans="google">Профицит приносит совершенство с точкой зрения искусства.</edu>
  <edu id="e6" lang="en">It is true while the modern artists who implement their creative thinking onto high value creation are paid with immense sum by the art collector.</edu>
  <edu id="e6" lang="ru" trans="google">Это правда, в то время как современные художники, которые реализуют свое творческое мышление, на создание высокой стоимости выплачивается с огромной суммой по коллекционеру.</edu>
  <edu id="e7" lang="en">Also, the high sum which modern artists receive is related to the quality instead of the quantity and their rare talent.</edu>
  <edu id="e7" lang="ru" trans="google">Кроме того, высокая сумма, которую получают современные художники связаны с вместо качества количества и их редкого таланта.</edu>
  <edu id="e8" lang="en">For example, a 15 centimeter Buddha temple made by hand is granted times in comparison with factory production.</edu>
  <edu id="e8" lang="ru" trans="google">Например, 15 сантиметра Будда храм сделаны вручную предоставляется раз по сравнению с фабричным производством.</edu>
  <edu id="e9" lang="en">On the other hand, modern artists also devote themselves find a unique concept in which ordinary people cannot do, such making impossible become possible.</edu>
  <edu id="e9" lang="ru" trans="google">С другой стороны, современные художники посвящают себя найти уникальную концепцию, в которой обычные люди не могут сделать, такие решения невозможно стать возможными.</edu>
  <edu id="e10" lang="en">Pieter Padang, Minion creator, has brilliant idea to alter part of song lyric " I swear " become " underwear " when the Minion sing in Despicable Me.</edu>
  <edu id="e10" lang="ru" trans="google">Pieter Паданг, Minion создатель, имеет блестящую идею альтер часть песни лирического «Я клянусь» стать «нижнее белье», когда Minion поют Гадкий я.</edu>
  <edu id="e11" lang="en">He granted huge sums for such idea.</edu>
  <edu id="e11" lang="ru" trans="google">Он получил огромные суммы за такую ​​идею.</edu>
  <edu id="e12" lang="en">Striking contrast, labor working in the merchandise factory receive coin of dollar even they make a hundred of 15 cm Buddha temples a day.</edu>
  <edu id="e12" lang="ru" trans="google">Поражает контраст, труд рабочего в товарной фабрике получить монету доллара даже они делают сотни 15 см Будда храмы в день.</edu>
  <edu id="e13" lang="en">In any case, a musician playing " I swear " several times receives different earnings that Padang got.</edu>
  <edu id="e13" lang="ru" trans="google">В любом случае, когда музыкант играет «Я клянусь» несколько раз получают различные доходы, которые Паданг получил.</edu>
  <edu id="e14" lang="en">Because the musician re-plays the song without any creation.</edu>
  <edu id="e14" lang="ru" trans="google">Поскольку музыкант вновь играет песню без создания.</edu>
  <edu id="e15" lang="en">Moreover, government cannot equalize the price of creation of modern artist.</edu>
  <edu id="e15" lang="ru" trans="google">Кроме того, правительство не может уравнять стоимость создания современного художника.</edu>
  <edu id="e16" lang="en">Because there is no certain parameter to value it.</edu>
  <edu id="e16" lang="ru" trans="google">Потому что нет определенного параметра значения его.</edu>
  <edu id="e17" lang="en">art value is about taste.</edu>
  <edu id="e17" lang="ru" trans="google">искусство значение о вкусе.</edu>
  <edu id="e18" lang="en">Having said that the huge sums of modern artists receives related to their struggle in the field of art, while the term of struggle might different with other field of job.</edu>
  <edu id="e18" lang="ru" trans="google">Сказав, что огромные суммы современных художников получают связанные с их борьбой в области искусства, в то время как срок борьбы с силами иных другой областью работы.</edu>
  <edu id="e19" lang="en">I agree that government cannot take steps to make the salary between modern artists and other job similar.</edu>
  <edu id="e19" lang="ru" trans="google">Я согласен, что правительство не может предпринять шаги, чтобы сделать зарплату между современными художниками и другой работой подобными.</edu>
  <edu id="e20" lang="en">Because art price is about taste.</edu>
  <edu id="e20" lang="ru" trans="google">Потому что искусство цена о вкусе.</edu>
  <adu id="a1" type="neut"/>
  <adu id="a2" type="neut"/>
  <adu id="a3" type="neut"/>
  <adu id="a4" type="mcl"/>
  <adu id="a5" type="pro"/>
  <adu id="a6" type="pro"/>
  <adu id="a7" type="pro"/>
  <adu id="a8" type="pro"/>
  <adu id="a9" type="pro"/>
  <adu id="a10" type="pro"/>
  <adu id="a11" type="pro"/>
  <adu id="a12" type="pro"/>
  <adu id="a13" type="pro"/>
  <adu id="a14" type="pro"/>
  <adu id="a15" type="pro"/>
  <adu id="a16" type="pro"/>
  <adu id="a17" type="pro"/>
  <adu id="a18" type="pro"/>
  <adu id="a19" type="mcl"/>
  <adu id="a20" type="pro"/>
  <edge id="c20" src="e1" trg="a1" type="seg"/>
  <edge id="c21" src="e2" trg="a2" type="seg"/>
  <edge id="c22" src="e3" trg="a3" type="seg"/>
  <edge id="c23" src="e4" trg="a4" type="seg"/>
  <edge id="c24" src="e5" trg="a5" type="seg"/>
  <edge id="c25" src="e6" trg="a6" type="seg"/>
  <edge id="c26" src="e7" trg="a7" type="seg"/>
  <edge id="c27" src="e8" trg="a8" type="seg"/>
  <edge id="c28" src="e9" trg="a9" type="seg"/>
  <edge id="c29" src="e10" trg="a10" type="seg"/>
  <edge id="c30" src="e11" trg="a11" type="seg"/>
  <edge id="c31" src="e12" trg="a12" type="seg"/>
  <edge id="c32" src="e13" trg="a13" type="seg"/>
  <edge id="c33" src="e14" trg="a14" type="seg"/>
  <edge id="c34" src="e15" trg="a15" type="seg"/>
  <edge id="c35" src="e16" trg="a16" type="seg"/>
  <edge id="c36" src="e17" trg="a17" type="seg"/>
  <edge id="c37" src="e18" trg="a18" type="seg"/>
  <edge id="c38" src="e19" trg="a19" type="seg"/>
  <edge id="c39" src="e20" trg="a20" type="seg"/>
  <edge id="c1" src="a5" trg="a4" type="sup"/>
  <edge id="c2" src="a5" trg="a19" type="sup"/>
  <edge id="c3" src="a6" trg="a5" type="sup"/>
  <edge id="c4" src="a7" trg="a5" type="sup"/>
  <edge id="c5" src="a8" trg="a7" type="exa"/>
  <edge id="c6" src="a9" trg="a5" type="sup"/>
  <edge id="c7" src="a10" trg="a9" type="sup"/>
  <edge id="c8" src="a11" trg="a9" type="sup"/>
  <edge id="c9" src="a12" trg="a15" type="sup"/>
  <edge id="c10" src="a13" trg="a15" type="sup"/>
  <edge id="c11" src="a14" trg="a13" type="sup"/>
  <edge id="c12" src="a15" trg="a4" type="sup"/>
  <edge id="c13" src="a15" trg="a19" type="sup"/>
  <edge id="c14" src="a16" trg="a15" type="sup"/>
  <edge id="c15" src="a17" trg="a16" type="sup"/>
  <edge id="c16" src="a18" trg="a4" type="sup"/>
  <edge id="c17" src="a18" trg="a19" type="sup"/>
  <edge id="c18" src="a20" trg="a4" type="sup"/>
  <edge id="c19" src="a20" trg="a19" type="sup"/>
</arggraph>
