<?xml version='1.0' encoding='UTF-8'?>
<arggraph id="micro_e349" stance="pro" topic_id="Is it necessary for children or not ?" topic_ru="Нужно ли дети или нет?">
  <edu id="e1" lang="en">Learning a foreign language is necessary for children to strengthen their ability to learn.</edu>
  <edu id="e1" lang="ru" trans="google">Изучение иностранного языка необходимо для детей, чтобы усилить их способность к обучению.</edu>
  <edu id="e2" lang="en">Whether children should start learning a foreign language as they start school or not might be a controversial issue.</edu>
  <edu id="e2" lang="ru" trans="google">Если дети должны начать изучать иностранный язык, как они начинают ходить в школу или не может быть спорным вопросом.</edu>
  <edu id="e3" lang="en">It seems to me that students should start learning that as they start school.</edu>
  <edu id="e3" lang="ru" trans="google">Мне кажется, что студенты должны начать обучение, что, когда они идут в школу.</edu>
  <edu id="e4" lang="en">Learning that not only help them to improve their minds and memories, but can extend their visions about the other countries.</edu>
  <edu id="e4" lang="ru" trans="google">Узнав, что не только помочь им улучшить свои мысли и воспоминания, но могут расширить свои видения о других странах.</edu>
  <edu id="e5" lang="en">First, the ability of Learning in the childhood period is more powerful than other periods of life.</edu>
  <edu id="e5" lang="ru" trans="google">Во-первых, способность обучения в период детства является более мощным, чем в другие периоды жизни.</edu>
  <edu id="e6" lang="en">Thereby students in the beginning of their education can learn faster and easier in compare to a young one to understand a foreign language.</edu>
  <edu id="e6" lang="ru" trans="google">Таким образом студенты в начале их образования могут учиться быстрее и легче в сравнении с молодой один понимать иностранный язык.</edu>
  <edu id="e7" lang="en">They can easily understand the language structure and memorize the vocabularies.</edu>
  <edu id="e7" lang="ru" trans="google">Они могут легко понять структуру языка и запоминать словари.</edu>
  <edu id="e8" lang="en">It is out of of the questioned that the persistence of learning a knowledge in the childhood is more than other period of lives.</edu>
  <edu id="e8" lang="ru" trans="google">Именно из опрошенных отмечают, что сохранение обучения знания в детстве больше, чем другой период жизни.</edu>
  <edu id="e9" lang="en">By considering this and being aware of that students have not any responsibility and other difficulty in comparison with a young man, we can infer that why this time is the best time to learn any language.</edu>
  <edu id="e9" lang="ru" trans="google">При рассмотрении этого и быть в курсе того, что студенты не имеют никакой ответственности и другие трудности, по сравнению с молодым человеком, мы можем сделать вывод, что, почему на этот раз лучшее время, чтобы выучить любой язык.</edu>
  <edu id="e10" lang="en">In addition, Learning a foreign language helps students tremendously to comprehend what happens in the around World.</edu>
  <edu id="e10" lang="ru" trans="google">Кроме того, Изучение иностранного языка помогает студентам чрезвычайно понять, что происходит в мире вокруг.</edu>
  <edu id="e11" lang="en">They would be able to understand other cultures and costumes.</edu>
  <edu id="e11" lang="ru" trans="google">Они смогут понять другие культуры и костюмы.</edu>
  <edu id="e12" lang="en">Moreover, It can give them a sense of power to communicate better with peers in other parts of the World.</edu>
  <edu id="e12" lang="ru" trans="google">Кроме того, он может дать им ощущение власти, чтобы лучше общаться с коллегами в других частях мира.</edu>
  <edu id="e13" lang="en">Having knowledge about other countries and their languages lead to extend the child's vision.</edu>
  <edu id="e13" lang="ru" trans="google">Имея знания о других странах и их языках ведут расширить видение ребенка.</edu>
  <edu id="e14" lang="en">Therefore, they would be able to develop their personalities and sense of reliance.</edu>
  <edu id="e14" lang="ru" trans="google">Таким образом, они смогут развивать свою личность и чувство уверенности.</edu>
  <edu id="e15" lang="en">Overall, it is easy to distinguish between a child having two languages and a child having just his native language while comparing their ability to communicate, understanding other studies, etc,.</edu>
  <edu id="e15" lang="ru" trans="google">В целом, легко отличить ребенка, имеющего два языка и ребенка, имеющего только свой родной язык, а сравнивая их способность к общению, пониманию других исследований, и т.д ,.</edu>
  <edu id="e16" lang="en">To find that why children should start learning a foreign language in the beginning of the education.</edu>
  <edu id="e16" lang="ru" trans="google">Для того, чтобы найти то, почему дети должны начать изучать иностранный язык в начале обучения.</edu>
  <adu id="a1" type="neut"/>
  <adu id="a2" type="neut"/>
  <adu id="a3" type="mcl"/>
  <adu id="a4" type="pro"/>
  <adu id="a5" type="pro"/>
  <adu id="a6" type="pro"/>
  <adu id="a7" type="pro"/>
  <adu id="a8" type="pro"/>
  <adu id="a9" type="pro"/>
  <adu id="a10" type="pro"/>
  <adu id="a11" type="pro"/>
  <adu id="a12" type="pro"/>
  <adu id="a13" type="pro"/>
  <adu id="a14" type="pro"/>
  <adu id="a15" type="pro"/>
  <adu id="a16" type="mcl"/>
  <edge id="c17" src="e1" trg="a1" type="seg"/>
  <edge id="c18" src="e2" trg="a2" type="seg"/>
  <edge id="c19" src="e3" trg="a3" type="seg"/>
  <edge id="c20" src="e4" trg="a4" type="seg"/>
  <edge id="c21" src="e5" trg="a5" type="seg"/>
  <edge id="c22" src="e6" trg="a6" type="seg"/>
  <edge id="c23" src="e7" trg="a7" type="seg"/>
  <edge id="c24" src="e8" trg="a8" type="seg"/>
  <edge id="c25" src="e9" trg="a9" type="seg"/>
  <edge id="c26" src="e10" trg="a10" type="seg"/>
  <edge id="c27" src="e11" trg="a11" type="seg"/>
  <edge id="c28" src="e12" trg="a12" type="seg"/>
  <edge id="c29" src="e13" trg="a13" type="seg"/>
  <edge id="c30" src="e14" trg="a14" type="seg"/>
  <edge id="c31" src="e15" trg="a15" type="seg"/>
  <edge id="c32" src="e16" trg="a16" type="seg"/>
  <edge id="c1" src="a4" trg="a3" type="sup"/>
  <edge id="c2" src="a4" trg="a16" type="sup"/>
  <edge id="c3" src="a5" trg="a9" type="sup"/>
  <edge id="c4" src="a6" trg="a5" type="sup"/>
  <edge id="c5" src="a7" trg="a9" type="sup"/>
  <edge id="c6" src="a8" trg="a9" type="sup"/>
  <edge id="c7" src="a9" trg="a3" type="sup"/>
  <edge id="c8" src="a9" trg="a16" type="sup"/>
  <edge id="c9" src="a10" trg="a14" type="sup"/>
  <edge id="c10" src="a11" trg="a14" type="sup"/>
  <edge id="c11" src="a12" trg="a14" type="sup"/>
  <edge id="c12" src="a13" trg="a14" type="sup"/>
  <edge id="c13" src="a14" trg="a3" type="sup"/>
  <edge id="c14" src="a14" trg="a16" type="sup"/>
  <edge id="c15" src="a15" trg="a3" type="sup"/>
  <edge id="c16" src="a15" trg="a16" type="sup"/>
</arggraph>
