<?xml version='1.0' encoding='UTF-8'?>
<arggraph id="micro_e133" stance="pro" topic_id="Influence of large factories" topic_ru="Влияние крупных заводов">
  <edu id="e1" lang="en">Nowadays, whether to establish large factories nearby housing areas has become a controversial issue in our society.</edu>
  <edu id="e1" lang="ru" trans="google">В настоящее время, устанавливать ли крупные заводы поблизости жилых районов стала спорным вопросом в нашем обществе.</edu>
  <edu id="e2" lang="en">Out of the case of economic development, industrial buildings are a necessary part of modern society.</edu>
  <edu id="e2" lang="ru" trans="google">Из случае экономического развития, промышленные здания являются необходимой частью современного общества.</edu>
  <edu id="e3" lang="en">However a vast number of people are against building a factory near their community because of pollution.</edu>
  <edu id="e3" lang="ru" trans="google">Однако огромное количество людей против строительства завода вблизи их сообществ из-за загрязнения окружающей среды.</edu>
  <edu id="e4" lang="en">From my point of view, the advantages of building a factory will outweigh its disadvantages, if we tackle the environmental problems brought by factories.</edu>
  <edu id="e4" lang="ru" trans="google">С моей точки зрения, преимущества строительства завода перевешивают его недостатки, если мы будем решать экологические проблемы, на заводах.</edu>
  <edu id="e5" lang="en">First of all, a large factory can stimulate local economic growth and reduce the unemployment rate.</edu>
  <edu id="e5" lang="ru" trans="google">Прежде всего, крупный завод может стимулировать местный экономический рост и снизить уровень безработицы.</edu>
  <edu id="e6" lang="en">To manufacture goods, there must be the demand of laborers, from which the local residents can benefit.</edu>
  <edu id="e6" lang="ru" trans="google">Для производства товаров, должно быть требование рабочих, из которых могут принести пользу местным жителям.</edu>
  <edu id="e7" lang="en">What is more, the factory is not isolated, other industries and business will be quickly established, resulting in economic growth of local area.</edu>
  <edu id="e7" lang="ru" trans="google">Более того, завод не изолирован, других отраслей промышленности и бизнеса будет быстро создана, в результате экономического роста района.</edu>
  <edu id="e8" lang="en">For example, the estate industry will be boosted in order to satisfy the workers' accommodation need.</edu>
  <edu id="e8" lang="ru" trans="google">Например, отрасль недвижимости будет повышена для того, чтобы удовлетворить потребности размещения рабочих.</edu>
  <edu id="e9" lang="en">The main disadvantage is contamination.</edu>
  <edu id="e9" lang="ru" trans="google">Основным недостатком является загрязнение.</edu>
  <edu id="e10" lang="en">It is true that some area are suffering the dire consequences caused by overdeveloping the industry, such as water pollution, overcrowded traffic and medical problems.</edu>
  <edu id="e10" lang="ru" trans="google">Это правда, что некоторая область страдает от ужасных последствий, вызванного overdeveloping промышленности, таких как загрязнение воды, переполненное движение и медицинских проблемы.</edu>
  <edu id="e11" lang="en">For instance, in some industrial cities, a large proportion of the workers are suffering various breathing problems, such as asthma which can be caused by waste ashes and certain chemical substances.</edu>
  <edu id="e11" lang="ru" trans="google">Например, в некоторых промышленных городах, большая часть рабочих страдают различные проблемы с дыханием, такие как астма, которые могут быть вызваны золами отходов и некоторыми химическими веществами.</edu>
  <edu id="e12" lang="en">However, it is inevitable that there will be more factories built with the development of our society.</edu>
  <edu id="e12" lang="ru" trans="google">Однако, это неизбежно, что там будет больше заводов, построенных с развитием нашего общества.</edu>
  <edu id="e13" lang="en">Therefore, how to improve the disadvantages of building a factory would be more important than whether to build it.</edu>
  <edu id="e13" lang="ru" trans="google">Поэтому, как улучшить недостатки строительства завода будет более важным, чем строить ли это.</edu>
  <edu id="e14" lang="en">In fact most problems can be avoidable if the factories put in real and great effort to manage their waste well.</edu>
  <edu id="e14" lang="ru" trans="google">На самом деле большинство проблем могут быть расторгнуты, если заводы положить в реальных и больших усилиях, чтобы управлять своими отходами хорошо.</edu>
  <edu id="e15" lang="en">In conclusion, installation of manufacturing plant is a trend of industrialization for many countries.</edu>
  <edu id="e15" lang="ru" trans="google">В заключении, установка производства завода является тенденцией индустриализации многих стран.</edu>
  <edu id="e16" lang="en">Its advantages will outweigh disadvantages as long as the factories dispose their waste and pollution in the correct way.</edu>
  <edu id="e16" lang="ru" trans="google">Его преимущества перевешивают недостатки, пока заводы утилизировать свои отходы и загрязнение окружающей среды в правильном пути.</edu>
  <adu id="a1" type="neut"/>
  <adu id="a2" type="neut"/>
  <adu id="a3" type="neut"/>
  <adu id="a4" type="mcl"/>
  <adu id="a5" type="pro"/>
  <adu id="a6" type="pro"/>
  <adu id="a7" type="pro"/>
  <adu id="a8" type="pro"/>
  <adu id="a9" type="opp"/>
  <adu id="a10" type="opp"/>
  <adu id="a11" type="opp"/>
  <adu id="a12" type="pro"/>
  <adu id="a13" type="pro"/>
  <adu id="a14" type="pro"/>
  <adu id="a15" type="neut"/>
  <adu id="a16" type="neut"/>
  <edge id="c11" src="e1" trg="a1" type="seg"/>
  <edge id="c12" src="e2" trg="a2" type="seg"/>
  <edge id="c13" src="e3" trg="a3" type="seg"/>
  <edge id="c14" src="e4" trg="a4" type="seg"/>
  <edge id="c15" src="e5" trg="a5" type="seg"/>
  <edge id="c16" src="e6" trg="a6" type="seg"/>
  <edge id="c17" src="e7" trg="a7" type="seg"/>
  <edge id="c18" src="e8" trg="a8" type="seg"/>
  <edge id="c19" src="e9" trg="a9" type="seg"/>
  <edge id="c20" src="e10" trg="a10" type="seg"/>
  <edge id="c21" src="e11" trg="a11" type="seg"/>
  <edge id="c22" src="e12" trg="a12" type="seg"/>
  <edge id="c23" src="e13" trg="a13" type="seg"/>
  <edge id="c24" src="e14" trg="a14" type="seg"/>
  <edge id="c25" src="e15" trg="a15" type="seg"/>
  <edge id="c26" src="e16" trg="a16" type="seg"/>
  <edge id="c1" src="a5" trg="a4" type="sup"/>
  <edge id="c2" src="a6" trg="a5" type="sup"/>
  <edge id="c3" src="a7" trg="a5" type="sup"/>
  <edge id="c4" src="a8" trg="a7" type="exa"/>
  <edge id="c5" src="a9" trg="a4" type="reb"/>
  <edge id="c6" src="a10" trg="a9" type="sup"/>
  <edge id="c7" src="a11" trg="a10" type="exa"/>
  <edge id="c8" src="a12" trg="a13" type="sup"/>
  <edge id="c9" src="a13" trg="a4" type="sup"/>
  <edge id="c10" src="a14" trg="a13" type="sup"/>
</arggraph>
