<?xml version='1.0' encoding='UTF-8'?>
<arggraph id="micro_e206" stance="pro" topic_id="Parents or other adult relatives should make important decisions for their olde" topic_ru="Родители или другие взрослые родственники должны принимать важные решения для их Olde">
  <edu id="e1" lang="en">It might seem that teenaged children particularly in age of 15 - 18 are fully grown, so they do not need any help for making important decisions.</edu>
  <edu id="e1" lang="ru" trans="google">Может показаться, что дети-подростки, особенно в возрасте до 15 лет - 18 полностью выросли, поэтому они не нуждаются в какой-либо помощи для принятия важных решений.</edu>
  <edu id="e2" lang="en">However, in my opinion, teenagers need more attention and help in comparison with the higher ages.</edu>
  <edu id="e2" lang="ru" trans="google">Однако, по моему мнению, подростки нуждаются в большем внимании и помощи по сравнению с более поздним возрастом.</edu>
  <edu id="e3" lang="en">I will discuss my view in two main areas.</edu>
  <edu id="e3" lang="ru" trans="google">Я буду обсуждать мое мнение в двух основных направлениях.</edu>
  <edu id="e4" lang="en">In the first place, there is no doubt that parents and other adult relatives are more experienced towards children.</edu>
  <edu id="e4" lang="ru" trans="google">Во-первых, нет никаких сомнений в том, что родители и другие взрослые родственники опытнее по отношению к детям.</edu>
  <edu id="e5" lang="en">Therefore they are the best advisor for their children.</edu>
  <edu id="e5" lang="ru" trans="google">Поэтому они являются лучшим советником для своих детей.</edu>
  <edu id="e6" lang="en">They have experienced a large numbers of stuffs during their life.</edu>
  <edu id="e6" lang="ru" trans="google">Они испытали большое количество питания в течение их жизни.</edu>
  <edu id="e7" lang="en">So if children listen to their advices they can prevent happening worst things.</edu>
  <edu id="e7" lang="ru" trans="google">Так что, если дети слушают их советы, они могут предотвратить происходят наихудшие вещи.</edu>
  <edu id="e8" lang="en">Also, they can save value things in their life such as time and money, and enjoy they life with the best way.</edu>
  <edu id="e8" lang="ru" trans="google">Кроме того, они могут сохранить ценность вещи в их жизни, таких как время и деньги, и наслаждаться им жизнь наилучшим образом.</edu>
  <edu id="e9" lang="en">Moreover, I have always believed that parents and adults relatives are the best friends and consular for the teenagers.</edu>
  <edu id="e9" lang="ru" trans="google">Кроме того, я всегда считал, что родители и взрослые родственниками являются лучшими друзьями и консульские для подростков.</edu>
  <edu id="e10" lang="en">Because unfortunately nowadays there are some individuals who cheat the others for gaining more power and money.</edu>
  <edu id="e10" lang="ru" trans="google">Потому что, к сожалению, в настоящее время есть некоторые люди, которые обманывают другие для получения большей мощности и денег.</edu>
  <edu id="e11" lang="en">They cheat young ages.</edu>
  <edu id="e11" lang="ru" trans="google">Они обманывают молодых возрастов.</edu>
  <edu id="e12" lang="en">Because they believe they are immature and they can trap them easily.</edu>
  <edu id="e12" lang="ru" trans="google">Потому что они считают, что они являются незрелыми, и они могут подстерегать их легко.</edu>
  <edu id="e13" lang="en">To sum up, it makes no difference, people from young ages to old ages are free to make a decision, nonetheless sometimes to prevent some problems coming up for young individuals, it is a good idea to ask parents and adult relatives to give a piece of advice.</edu>
  <edu id="e13" lang="ru" trans="google">Чтобы подвести итог, то нет никакой разницы, люди с раннего возраста до старости свободно принимать решение, тем не менее, иногда, чтобы предотвратить некоторые проблемы придумывают для молодых людей, это идея хорошо попросить родителей и взрослых родственников, чтобы дать кусок советы.</edu>
  <adu id="a1" type="neut"/>
  <adu id="a2" type="mcl"/>
  <adu id="a3" type="neut"/>
  <adu id="a4" type="pro"/>
  <adu id="a5" type="pro"/>
  <adu id="a6" type="pro"/>
  <adu id="a7" type="pro"/>
  <adu id="a8" type="pro"/>
  <adu id="a9" type="pro"/>
  <adu id="a10" type="pro"/>
  <adu id="a11" type="pro"/>
  <adu id="a12" type="pro"/>
  <adu id="a13" type="mcl"/>
  <edge id="c12" src="e1" trg="a1" type="seg"/>
  <edge id="c13" src="e2" trg="a2" type="seg"/>
  <edge id="c14" src="e3" trg="a3" type="seg"/>
  <edge id="c15" src="e4" trg="a4" type="seg"/>
  <edge id="c16" src="e5" trg="a5" type="seg"/>
  <edge id="c17" src="e6" trg="a6" type="seg"/>
  <edge id="c18" src="e7" trg="a7" type="seg"/>
  <edge id="c19" src="e8" trg="a8" type="seg"/>
  <edge id="c20" src="e9" trg="a9" type="seg"/>
  <edge id="c21" src="e10" trg="a10" type="seg"/>
  <edge id="c22" src="e11" trg="a11" type="seg"/>
  <edge id="c23" src="e12" trg="a12" type="seg"/>
  <edge id="c24" src="e13" trg="a13" type="seg"/>
  <edge id="c1" src="a4" trg="a5" type="sup"/>
  <edge id="c2" src="a5" trg="a2" type="sup"/>
  <edge id="c3" src="a5" trg="a13" type="sup"/>
  <edge id="c4" src="a6" trg="a7" type="sup"/>
  <edge id="c5" src="a7" trg="a5" type="sup"/>
  <edge id="c6" src="a8" trg="a5" type="sup"/>
  <edge id="c7" src="a9" trg="a2" type="sup"/>
  <edge id="c8" src="a9" trg="a13" type="sup"/>
  <edge id="c9" src="a10" trg="a9" type="sup"/>
  <edge id="c10" src="a11" trg="a9" type="sup"/>
  <edge id="c11" src="a12" trg="a11" type="sup"/>
</arggraph>
