<?xml version='1.0' encoding='UTF-8'?>
<arggraph id="micro_e322" stance="pro" topic_id="Disagree Playing Computer Games wastes time and students should not be allowed !" topic_ru="Не согласен играть в компьютерные игры тратит время и студенты не должны быть разрешены!">
  <edu id="e1" lang="en">It is a debatable subject that children should not be allowed to play computer games.</edu>
  <edu id="e1" lang="ru" trans="google">Это спорный вопрос, который дети не должны иметь возможность играть в компьютерные игры.</edu>
  <edu id="e2" lang="en">Since playing computer games is a a waste of time.</edu>
  <edu id="e2" lang="ru" trans="google">Так, играя в компьютерные игры, это пустая трата времени.</edu>
  <edu id="e3" lang="en">I hold a positive view against this opinion.</edu>
  <edu id="e3" lang="ru" trans="google">Я считаю, позитивный взгляд против этого мнения.</edu>
  <edu id="e4" lang="en">First and foremost, a large number of students are obsessed in on-line computer games and as a result their performance in school are declined.</edu>
  <edu id="e4" lang="ru" trans="google">В первую очередь, большое количество студентов одержимы в онлайновых компьютерных игр, и в результате их работы в школе снизилась.</edu>
  <edu id="e5" lang="en">An investigation done by Beijing University shows that 80 % of the students who failed in the final exam paid 2 hours or more on-online games every week, while 90 % excellent students expressed that they did not touch computer games during the most of the days.</edu>
  <edu id="e5" lang="ru" trans="google">Исследование сделано показывает Пекинского университета, что 80% студентов, которые не смогли в выпускной экзамен заплатил за 2 часа или больше на онлайн игры каждую неделю, в то время как 90% отличники заявили, что они не трогали в компьютерные игры во время большинство дней ,</edu>
  <edu id="e6" lang="en">Recent research by Scientist also reveals that the youngs are more likely to be attacted by and lose themselves in these computer games, because of their low control ability.</edu>
  <edu id="e6" lang="ru" trans="google">Недавнее исследование, проведенное Scientist также показывает, что чем моложе, более вероятно, будет атаковано и потерять себя в этих компьютерных играх, из-за их низкую способность управления.</edu>
  <edu id="e7" lang="en">Second, children could learn nothing from these computer games.</edu>
  <edu id="e7" lang="ru" trans="google">Во-вторых, дети не могли ничего узнать из этих компьютерных игр.</edu>
  <edu id="e8" lang="en">Therefore time on this activity is really time wasting.</edu>
  <edu id="e8" lang="ru" trans="google">Поэтому время на эту деятельность действительно тратить время.</edu>
  <edu id="e9" lang="en">Since all these games are developed for commercial purpose and in order to catch the eyes of the children.</edu>
  <edu id="e9" lang="ru" trans="google">Так как все эти игры разработаны для коммерческих целей и для того, чтобы поймать глаза детей.</edu>
  <edu id="e10" lang="en">majority of the games use war, violence, bloody, or sexual subjects to lure the students.</edu>
  <edu id="e10" lang="ru" trans="google">большинство игр используют войну, насилие, кровавый или сексуальные предметы, чтобы заманить студент.</edu>
  <edu id="e11" lang="en">However, those subjects are not suitable for the students and will bring bad effects to the youths.</edu>
  <edu id="e11" lang="ru" trans="google">Тем не менее, эти предметы не подходят для студентов и принесет плохие последствия для молодых людей.</edu>
  <edu id="e12" lang="en">Admittedly, there are a few students paying considerable time on the computer games playing finally choose computer games related jobs as their career.</edu>
  <edu id="e12" lang="ru" trans="google">Правда, есть несколько студентов платят много времени на компьютерные игры играют, наконец, выбрать компьютерные игры, связанные рабочие места в своей карьере.</edu>
  <edu id="e13" lang="en">But we have to realize the fact: majority of the students failed in front of the computer games playing and they use their time for studying, sleeping and physical exerice to play these computer games.</edu>
  <edu id="e13" lang="ru" trans="google">Но мы должны осознать тот факт: большинство студентов не смогли перед компьютерными играми, играя, и они используют свое время для изучения, сна и физической exerice, чтобы играть в эти компьютерные игры.</edu>
  <edu id="e14" lang="en">It is not uncommon that the teenages are found sleepless for several days playing on-line games at public internet bar, and there are also some media reports regarding the sudden death case of the teenages in the internet bar.</edu>
  <edu id="e14" lang="ru" trans="google">Это не редкость, что найдены подростки Неспящий в течение нескольких дней, играя на онлайн-игры на открытом интернете-баре, а также есть некоторые сообщения СМИ по поводу внезапной смерти случае в подростках интернет-баре.</edu>
  <edu id="e15" lang="en">In conclusion, I believe it is better that children are not be allowed to play the computer games.</edu>
  <edu id="e15" lang="ru" trans="google">В заключение, я считаю, что лучше, чтобы дети не разрешали играть в компьютерные игры.</edu>
  <edu id="e16" lang="en">The computer games are like cigerate to adults and we need to set up rules to regulate this area.</edu>
  <edu id="e16" lang="ru" trans="google">Компьютерные игры, как сигареты для взрослых, и мы должны установить правила, регулирующие эту область.</edu>
  <adu id="a1" type="mcl"/>
  <adu id="a2" type="pro"/>
  <adu id="a3" type="neut"/>
  <adu id="a4" type="pro"/>
  <adu id="a5" type="pro"/>
  <adu id="a6" type="pro"/>
  <adu id="a7" type="pro"/>
  <adu id="a8" type="pro"/>
  <adu id="a9" type="pro"/>
  <adu id="a10" type="pro"/>
  <adu id="a11" type="pro"/>
  <adu id="a12" type="opp"/>
  <adu id="a13" type="pro"/>
  <adu id="a14" type="pro"/>
  <adu id="a15" type="mcl"/>
  <adu id="a16" type="neut"/>
  <edge id="c17" src="e1" trg="a1" type="seg"/>
  <edge id="c18" src="e2" trg="a2" type="seg"/>
  <edge id="c19" src="e3" trg="a3" type="seg"/>
  <edge id="c20" src="e4" trg="a4" type="seg"/>
  <edge id="c21" src="e5" trg="a5" type="seg"/>
  <edge id="c22" src="e6" trg="a6" type="seg"/>
  <edge id="c23" src="e7" trg="a7" type="seg"/>
  <edge id="c24" src="e8" trg="a8" type="seg"/>
  <edge id="c25" src="e9" trg="a9" type="seg"/>
  <edge id="c26" src="e10" trg="a10" type="seg"/>
  <edge id="c27" src="e11" trg="a11" type="seg"/>
  <edge id="c28" src="e12" trg="a12" type="seg"/>
  <edge id="c29" src="e13" trg="a13" type="seg"/>
  <edge id="c30" src="e14" trg="a14" type="seg"/>
  <edge id="c31" src="e15" trg="a15" type="seg"/>
  <edge id="c32" src="e16" trg="a16" type="seg"/>
  <edge id="c1" src="a2" trg="a1" type="sup"/>
  <edge id="c2" src="a2" trg="a15" type="sup"/>
  <edge id="c3" src="a4" trg="a1" type="sup"/>
  <edge id="c4" src="a4" trg="a15" type="sup"/>
  <edge id="c5" src="a5" trg="a4" type="sup"/>
  <edge id="c6" src="a6" trg="a4" type="sup"/>
  <edge id="c7" src="a7" trg="a8" type="sup"/>
  <edge id="c8" src="a8" trg="a1" type="sup"/>
  <edge id="c9" src="a8" trg="a15" type="sup"/>
  <edge id="c10" src="a9" trg="a10" type="sup"/>
  <edge id="c11" src="a10" trg="a8" type="sup"/>
  <edge id="c12" src="a11" trg="a8" type="sup"/>
  <edge id="c13" src="a12" trg="a1" type="reb"/>
  <edge id="c14" src="a12" trg="a15" type="reb"/>
  <edge id="c15" src="a13" trg="a12" type="reb"/>
  <edge id="c16" src="a14" trg="a12" type="reb"/>
</arggraph>
