<?xml version='1.0' encoding='UTF-8'?>
<arggraph id="micro_e103" stance="pro" topic_id="The city which I enjoy the most is a combination of history and modernity" topic_ru="Город, который я люблю больше всего, сочетание истории и современности">
  <edu id="e1" lang="en">The city where I was born used to be of a great antique beauty, which was surrounded with by lots of ancient style buildings.</edu>
  <edu id="e1" lang="ru" trans="google">Город, в котором я родился имел обыкновение быть великой античной красоты, который был окружен с большим количеством старинных зданий в стиле.</edu>
  <edu id="e2" lang="en">Unfortunately, the unstoppable trend of urbanization makes me only appreciate parts of those classic buildings in the pictures or in museums.</edu>
  <edu id="e2" lang="ru" trans="google">К сожалению, неуклонная тенденция к урбанизации заставляет меня только оценить части этих классических зданий в картинах или в музеях.</edu>
  <edu id="e3" lang="en">In order to prevent the disappearance of the historic buildings, some citizens suggest the government to spend money on historic buildings.</edu>
  <edu id="e3" lang="ru" trans="google">Для того, чтобы предотвратить исчезновение исторических зданий, некоторые граждане предлагают правительство тратить деньги на исторических зданиях.</edu>
  <edu id="e4" lang="en">As far as I am concerned, we should do our parts to do what ever it takes to protect old buildings, letting next generations still have a chance to look at them.</edu>
  <edu id="e4" lang="ru" trans="google">Насколько я обеспокоен, мы должны сделать наши части, чтобы делать то, что никогда не нужно, чтобы защитить старые здания, позволяя последующие поколения все еще есть шанс, чтобы посмотреть на них.</edu>
  <edu id="e5" lang="en">Here are some reasons and examples to illustrate my viewpoint.</edu>
  <edu id="e5" lang="ru" trans="google">Вот некоторые причины и примеры, чтобы проиллюстрировать мою точку зрения.</edu>
  <edu id="e6" lang="en">Historic buildings have intrinsic values.</edu>
  <edu id="e6" lang="ru" trans="google">Исторические здания имеют собственные значения.</edu>
  <edu id="e7" lang="en">Because they are significant symbols of a city.</edu>
  <edu id="e7" lang="ru" trans="google">Поскольку они являются важными символами города.</edu>
  <edu id="e8" lang="en">Old buildings are reminders of a city's culture and complexity.</edu>
  <edu id="e8" lang="ru" trans="google">Старые здания напоминают о культуре и сложности конкретного города.</edu>
  <edu id="e9" lang="en">By seeing historic buildings -- whether related to something famous or recognizably dramatic, people are able to witness the aesthetic and cultural history of an area.</edu>
  <edu id="e9" lang="ru" trans="google">Увидев исторические здания - будь то связанно с чем-то известным или узнаваемо драматическим, люди могут наблюдать за эстетическую и культурную историю области.</edu>
  <edu id="e10" lang="en">For example, when somebody mentions Beijing, China's capital city, you will immediately have Capital Palace come to appear in your mind.</edu>
  <edu id="e10" lang="ru" trans="google">Например, когда кто-то упоминает Пекин, столицу Китая, вы будете немедленно иметь Capital Palace приходят появляться в вашем уме.</edu>
  <edu id="e11" lang="en">Because it is the most remarkable sign of the city, and also it is the inevitable history of Beijing, even the entire China.</edu>
  <edu id="e11" lang="ru" trans="google">Потому что это самый замечательный знак города, а также является неизбежной историей Пекина, даже весь Китай.</edu>
  <edu id="e12" lang="en">Depending on the study of Capital Palace, researchers have a comprehensive understanding of the history and the culture.</edu>
  <edu id="e12" lang="ru" trans="google">В зависимости от исследования капитала дворца, исследователи имеют полное представление об истории и культуре.</edu>
  <edu id="e13" lang="en">Furthermore, historic buildings make our lives more colorful, provide places for citizens to relax bodies and minds.</edu>
  <edu id="e13" lang="ru" trans="google">Кроме того, исторические здания делают нашу жизнь более красочной, предоставляют места для граждан, чтобы расслабиться тела и умы.</edu>
  <edu id="e14" lang="en">The city is occupied with an abundance of modern houses and and high buildings which make it crowded, and no rooms for people to relax themselves.</edu>
  <edu id="e14" lang="ru" trans="google">Город занимает обилие современных домов и и высотных зданий, которые делают его переполнен, и нет номеров для людей, чтобы расслабиться себя.</edu>
  <edu id="e15" lang="en">However, the warmth of the materials, the heart pine, marble, or the old brick, all those old buildings features call back of our inner peace.</edu>
  <edu id="e15" lang="ru" trans="google">Тем не менее, тепло из материалов, сердце сосны, мрамора или старого кирпича, все эти старые здания имеется обратный звонок нашего внутреннего мира.</edu>
  <edu id="e16" lang="en">Lying under the roof of a historic building or sitting on the desk fill with history are both easy ways to forget life's little annoyance and feel peaceful.</edu>
  <edu id="e16" lang="ru" trans="google">Лежа под крышей исторического здания или сидя на столе заливке с историей оба простых способами забыть немного досады жизненной и чувствовать себя спокойнее.</edu>
  <edu id="e17" lang="en">Meanwhile, historic buildings can be a source of maintenance fees.</edu>
  <edu id="e17" lang="ru" trans="google">Между тем, исторические здания могут быть источником платы за обслуживание.</edu>
  <edu id="e18" lang="en">There are many historic buildings, such as Beijing Place, Shanghai Artist Museum, they are all able to support themselves financially by charging tens of thousands of tourists.</edu>
  <edu id="e18" lang="ru" trans="google">Есть много исторических зданий, таких как Пекин, Шанхай Место художника музея, все они в состоянии поддерживать себя в финансовом отношении, заряжая десятки тысяч туристов.</edu>
  <edu id="e19" lang="en">Our governments will be happy with those efficient consequences, and a majority of cities also can imitate this economical cycle.</edu>
  <edu id="e19" lang="ru" trans="google">Наши правительства будут счастливы с этими эффективными последствиями, и большинство городов также может имитировать этот экономичный цикл.</edu>
  <edu id="e20" lang="en">Overall, I believe that the city which I enjoy the most is a combination of history and modernity.</edu>
  <edu id="e20" lang="ru" trans="google">В целом, я считаю, что город, который я люблю больше всего, сочетание истории и современности.</edu>
  <edu id="e21" lang="en">However, the preservation of old buildings is a one-way street.</edu>
  <edu id="e21" lang="ru" trans="google">Тем не менее, сохранение старых зданий одна улица с односторонним движением.</edu>
  <edu id="e22" lang="en">There is no chance to renovate to save a history site once it's gone.</edu>
  <edu id="e22" lang="ru" trans="google">Там нет никаких шансов на ремонт, чтобы сохранить историю сайта, когда он ушел.</edu>
  <edu id="e23" lang="en">This reality brings us to light the importance of locating and saving old buildings of historic significance.</edu>
  <edu id="e23" lang="ru" trans="google">Эта реальность приводит нас к свету важности поиска и сохранения старых зданий исторического значения.</edu>
  <edu id="e24" lang="en">Therefore, government should spend money on preservation of old buildings.</edu>
  <edu id="e24" lang="ru" trans="google">Таким образом, правительство должно тратить деньги на сохранение старых зданий.</edu>
  <adu id="a1" type="neut"/>
  <adu id="a2" type="neut"/>
  <adu id="a3" type="neut"/>
  <adu id="a4" type="mcl"/>
  <adu id="a5" type="neut"/>
  <adu id="a6" type="pro"/>
  <adu id="a7" type="pro"/>
  <adu id="a8" type="pro"/>
  <adu id="a9" type="pro"/>
  <adu id="a10" type="pro"/>
  <adu id="a11" type="pro"/>
  <adu id="a12" type="pro"/>
  <adu id="a13" type="pro"/>
  <adu id="a14" type="pro"/>
  <adu id="a15" type="pro"/>
  <adu id="a16" type="pro"/>
  <adu id="a17" type="pro"/>
  <adu id="a18" type="pro"/>
  <adu id="a19" type="pro"/>
  <adu id="a20" type="pro"/>
  <adu id="a21" type="pro"/>
  <adu id="a22" type="pro"/>
  <adu id="a23" type="pro"/>
  <adu id="a24" type="mcl"/>
  <edge id="c23" src="e1" trg="a1" type="seg"/>
  <edge id="c24" src="e2" trg="a2" type="seg"/>
  <edge id="c25" src="e3" trg="a3" type="seg"/>
  <edge id="c26" src="e4" trg="a4" type="seg"/>
  <edge id="c27" src="e5" trg="a5" type="seg"/>
  <edge id="c28" src="e6" trg="a6" type="seg"/>
  <edge id="c29" src="e7" trg="a7" type="seg"/>
  <edge id="c30" src="e8" trg="a8" type="seg"/>
  <edge id="c31" src="e9" trg="a9" type="seg"/>
  <edge id="c32" src="e10" trg="a10" type="seg"/>
  <edge id="c33" src="e11" trg="a11" type="seg"/>
  <edge id="c34" src="e12" trg="a12" type="seg"/>
  <edge id="c35" src="e13" trg="a13" type="seg"/>
  <edge id="c36" src="e14" trg="a14" type="seg"/>
  <edge id="c37" src="e15" trg="a15" type="seg"/>
  <edge id="c38" src="e16" trg="a16" type="seg"/>
  <edge id="c39" src="e17" trg="a17" type="seg"/>
  <edge id="c40" src="e18" trg="a18" type="seg"/>
  <edge id="c41" src="e19" trg="a19" type="seg"/>
  <edge id="c42" src="e20" trg="a20" type="seg"/>
  <edge id="c43" src="e21" trg="a21" type="seg"/>
  <edge id="c44" src="e22" trg="a22" type="seg"/>
  <edge id="c45" src="e23" trg="a23" type="seg"/>
  <edge id="c46" src="e24" trg="a24" type="seg"/>
  <edge id="c1" src="a6" trg="a4" type="sup"/>
  <edge id="c2" src="a6" trg="a24" type="sup"/>
  <edge id="c3" src="a7" trg="a6" type="sup"/>
  <edge id="c4" src="a8" trg="a6" type="sup"/>
  <edge id="c5" src="a9" trg="a6" type="sup"/>
  <edge id="c6" src="a10" trg="a6" type="exa"/>
  <edge id="c7" src="a11" trg="a10" type="sup"/>
  <edge id="c8" src="a12" trg="a10" type="sup"/>
  <edge id="c9" src="a13" trg="a4" type="sup"/>
  <edge id="c10" src="a13" trg="a24" type="sup"/>
  <edge id="c11" src="a14" trg="a13" type="sup"/>
  <edge id="c12" src="a15" trg="a13" type="sup"/>
  <edge id="c13" src="a16" trg="a13" type="sup"/>
  <edge id="c14" src="a17" trg="a4" type="sup"/>
  <edge id="c15" src="a17" trg="a24" type="sup"/>
  <edge id="c16" src="a18" trg="a17" type="sup"/>
  <edge id="c17" src="a19" trg="a17" type="sup"/>
  <edge id="c18" src="a20" trg="a4" type="sup"/>
  <edge id="c19" src="a20" trg="a24" type="sup"/>
  <edge id="c20" src="a21" trg="a20" type="sup"/>
  <edge id="c21" src="a22" trg="a20" type="sup"/>
  <edge id="c22" src="a23" trg="a20" type="sup"/>
</arggraph>
