<?xml version='1.0' encoding='UTF-8'?>
<arggraph id="micro_e173" stance="pro" topic_id="Do arts and music improve the quality of life ?" topic_ru="Есть искусство и музыка улучшить качество жизни?">
  <edu id="e1" lang="en">My view is that the government should give priorities to invest more money on the basic social welfares such as education and housing instead of subsidizing arts relative programs.</edu>
  <edu id="e1" lang="ru" trans="google">Я считаю, что правительство должно дать приоритеты вкладывать больше денег на основных социальных благ, таких как образование и жилье, а не субсидировать искусствам относительно программ.</edu>
  <edu id="e2" lang="en">Art is not the key determination of quality of life, but education is.</edu>
  <edu id="e2" lang="ru" trans="google">Искусство не является ключевым определением качества жизни, но образование.</edu>
  <edu id="e3" lang="en">In order to make people better off, it is more urgent for governments to commit money to some fundamental help such as setting more scholarships in education section for all citizens.</edu>
  <edu id="e3" lang="ru" trans="google">Для того, чтобы сделать людей лучше, она более актуальна для правительства, чтобы совершить деньги в какой-то фундаментальной помощи, такие как установление больше стипендий в разделе образования для всех граждан.</edu>
  <edu id="e4" lang="en">This is simply because knowledge and wisdom is the guarantee of the enhancement of the quality of people's lives for a well-rounded social system.</edu>
  <edu id="e4" lang="ru" trans="google">Это просто потому, что знание и мудрость является залогом повышения качества жизни людей за хорошо округлена социальную систему.</edu>
  <edu id="e5" lang="en">Admittedly, art, to some extent, serve a valuable function about enriching one's daily lives.</edu>
  <edu id="e5" lang="ru" trans="google">Следует признать, что искусство, в некоторой степени, служить важную функцию о обогащая повседневную жизнь своих.</edu>
  <edu id="e6" lang="en">For example, it could bring release one's heavy burden of study pressure and refresh human bodies through a hard day from work.</edu>
  <edu id="e6" lang="ru" trans="google">Например, это может принести тяжелое бремя высвобождать один по ознакомительной давления и регенерации органов человека через жесткий день от работы.</edu>
  <edu id="e7" lang="en">However, it is unrealistic to pursuit of this high standard of life in many developing countries, in which the basic housing supply has still been a huge problem with plenty of lower income family have squeezed in a small tight room.</edu>
  <edu id="e7" lang="ru" trans="google">Тем не менее, это нереально погоня за этим высокий уровень жизни во многих развивающихся странах, в которых основное предложение жилья все еще было огромная проблема с большим количеством низкой семьи доходов сжали в небольшой тесной комнате.</edu>
  <edu id="e8" lang="en">By comparison to these issues, the pursuit of art seems unimportant at all.</edu>
  <edu id="e8" lang="ru" trans="google">По сравнению с этими вопросами, стремление к искусству кажется неважным все.</edu>
  <edu id="e9" lang="en">To conclude, art could play an active role in improving the quality of people's lives,.</edu>
  <edu id="e9" lang="ru" trans="google">В заключении, искусство может играть активную роль в улучшении качества жизни людей ,.</edu>
  <edu id="e10" lang="en">But I think that governments should attach heavier weight to other social issues such as education and housing needs.</edu>
  <edu id="e10" lang="ru" trans="google">Но я думаю, что правительства должны придавать больший вес в других социальных проблем, таких как образование и жилищные потребности.</edu>
  <edu id="e11" lang="en">Because those are the most essential ways enable to make people a decent life.</edu>
  <edu id="e11" lang="ru" trans="google">Потому что те наиболее существенные способы позволяют сделать людям достойную жизнь.</edu>
  <adu id="a1" type="mcl"/>
  <adu id="a2" type="pro"/>
  <adu id="a3" type="pro"/>
  <adu id="a4" type="pro"/>
  <adu id="a5" type="opp"/>
  <adu id="a6" type="opp"/>
  <adu id="a7" type="pro"/>
  <adu id="a8" type="pro"/>
  <adu id="a9" type="opp"/>
  <adu id="a10" type="mcl"/>
  <adu id="a11" type="pro"/>
  <edge id="c14" src="e1" trg="a1" type="seg"/>
  <edge id="c15" src="e2" trg="a2" type="seg"/>
  <edge id="c16" src="e3" trg="a3" type="seg"/>
  <edge id="c17" src="e4" trg="a4" type="seg"/>
  <edge id="c18" src="e5" trg="a5" type="seg"/>
  <edge id="c19" src="e6" trg="a6" type="seg"/>
  <edge id="c20" src="e7" trg="a7" type="seg"/>
  <edge id="c21" src="e8" trg="a8" type="seg"/>
  <edge id="c22" src="e9" trg="a9" type="seg"/>
  <edge id="c23" src="e10" trg="a10" type="seg"/>
  <edge id="c24" src="e11" trg="a11" type="seg"/>
  <edge id="c1" src="a2" trg="a1" type="sup"/>
  <edge id="c2" src="a2" trg="a10" type="sup"/>
  <edge id="c3" src="a3" trg="a2" type="sup"/>
  <edge id="c4" src="a4" trg="a3" type="sup"/>
  <edge id="c5" src="a5" trg="a1" type="reb"/>
  <edge id="c6" src="a5" trg="a10" type="reb"/>
  <edge id="c7" src="a6" trg="a5" type="exa"/>
  <edge id="c8" src="a7" trg="a5" type="reb"/>
  <edge id="c9" src="a8" trg="a5" type="reb"/>
  <edge id="c10" src="a9" trg="a1" type="reb"/>
  <edge id="c11" src="a9" trg="a10" type="reb"/>
  <edge id="c12" src="a11" trg="a1" type="sup"/>
  <edge id="c13" src="a11" trg="a10" type="sup"/>
</arggraph>
