<?xml version='1.0' encoding='UTF-8'?>
<arggraph id="micro_e270" stance="pro" topic_id="Smoking should not be promitted in restaurants or other public places" topic_ru="Курение не должно быть разрешено в ресторанах и других общественных местах">
  <edu id="e1" lang="en">Smoking brings a person great enjoyment and relief.</edu>
  <edu id="e1" lang="ru" trans="google">Курение приносит человеку большое удовольствие и облегчение.</edu>
  <edu id="e2" lang="en">However, one should not be encouraged to smoke as the cost of other people's health.</edu>
  <edu id="e2" lang="ru" trans="google">Однако, не следует поощрять курить в ущерб здоровью других людей.</edu>
  <edu id="e3" lang="en">In this case, I advocate the idea that smoking should be prohibited in restaurants as well as other public places, and that we should support states laws to ban it.</edu>
  <edu id="e3" lang="ru" trans="google">В этом случае, я защищаю идею, что курение должно быть запрещено в ресторанах, а также в других общественных местах, и что мы должны оказывать поддержку государствам законы о запрете его.</edu>
  <edu id="e4" lang="en">Because smoking not only damages the restaurant's environment, but also imposes a potential threat on others' health.</edu>
  <edu id="e4" lang="ru" trans="google">Потому что курение не только ущерб окружающей среды, то ресторан, но и налагает на потенциальную угрозу здоровья других.</edu>
  <edu id="e5" lang="en">First of all, although it is too strong to assert that smoking should be prohibited everywhere in the society, one smoking in a restaurant is considered to enjoy his time with the ignorance of others' health.</edu>
  <edu id="e5" lang="ru" trans="google">Прежде всего, хотя это слишком сильно, чтобы утверждать, что курение должно быть запрещено повсюду в обществе, один курить в ресторане считаются наслаждаться своим временем с невежеством здоровья других.</edu>
  <edu id="e6" lang="en">It is generally believed that, the second-hand smoke, which comes from the smoker's mouth, puts an even greater threat on surrounding people's health than the smoker himself.</edu>
  <edu id="e6" lang="ru" trans="google">Как правило, считается, что второй табачный дым, который исходит из уст курильщика, ставит еще большую угрозу на окружающих здоровье людей, чем сам курильщик.</edu>
  <edu id="e7" lang="en">For example, if there is only one person smoking in a restaurant, all others will smoke unconsciously and their health is under attacked.</edu>
  <edu id="e7" lang="ru" trans="google">Например, если есть только один человек, курение в ресторане, все остальные будут курить бессознательно и их здоровье под атакованы.</edu>
  <edu id="e8" lang="en">This is because some burned substance in a cigarette can easily deteriorate a person's respiratory system after he / she inhales it.</edu>
  <edu id="e8" lang="ru" trans="google">Это происходит потому, что некоторые сожгли вещество в сигарете может легко ухудшить дыхательную систему человека после того, как он / она вдыхает его.</edu>
  <edu id="e9" lang="en">Therefore, smoking in restaurants should be strictly banned.</edu>
  <edu id="e9" lang="ru" trans="google">Таким образом, курение в ресторанах должно быть строго запрещено.</edu>
  <edu id="e10" lang="en">Because it makes the restaurant a polluted place which threatens every customer's health.</edu>
  <edu id="e10" lang="ru" trans="google">Потому что это делает ресторан загрязненное место, которое угрожает здоровье каждого клиента.</edu>
  <edu id="e11" lang="en">Furthermore, even though some customers do not worry about the threat that second-hand smoke imposes on them, the disgusting smoke will severely affect their appetite, or, in other words, spoil their meals and make them an unpleasant experience.</edu>
  <edu id="e11" lang="ru" trans="google">Кроме того, несмотря на то, что некоторые клиенты не беспокойтесь об угрозе, что вторая рука дыма накладывает на них, отвратительный дым будет серьезно повлиять на их аппетит, или, другими словами, портят их питание и сделать их неприятный опыт.</edu>
  <edu id="e12" lang="en">The smoke exhaled from the smoker often makes other people feel uncomfortable or disgusted, thus affecting their mood in having their meals.</edu>
  <edu id="e12" lang="ru" trans="google">Дым, выдыхаемый из курильщика часто делает другие люди чувствуют себя некомфортно или отвращение, тем самым влияя на их настроение в том трапезой.</edu>
  <edu id="e13" lang="en">This, on the other hand, can indirectly decrease the restaurants' popularity.</edu>
  <edu id="e13" lang="ru" trans="google">Это, с другой стороны, может косвенно уменьшить популярность ресторана.</edu>
  <edu id="e14" lang="en">Because fewer people are willing to consume there due to their unpleasant experiences.</edu>
  <edu id="e14" lang="ru" trans="google">Поскольку меньше люди готовы потреблять там из-за свои неприятные переживания.</edu>
  <edu id="e15" lang="en">Lastly, smoking does no good to the smoker himself.</edu>
  <edu id="e15" lang="ru" trans="google">Наконец, курение не делает ничего хорошего для самого курильщика.</edu>
  <edu id="e16" lang="en">Not only does it aggravate his health, making him more subject to respiratory diseases, but also it damages his public image and reputation.</edu>
  <edu id="e16" lang="ru" trans="google">Мало того, что это усугубит его здоровье, что делает его более подвержены респираторным заболеваниям, но и повреждает его имидж и репутацию.</edu>
  <edu id="e17" lang="en">This is especially true when the smoker is a popular political figure or an entertainmening celebrity.</edu>
  <edu id="e17" lang="ru" trans="google">Это особенно верно, когда курильщик является популярной политической фигурой или entertainmening знаменитости.</edu>
  <edu id="e18" lang="en">Because most people see smoking in restaurants as an impolite human behavior.</edu>
  <edu id="e18" lang="ru" trans="google">Потому что большинство людей видят курение в ресторанах, как невежливо поведение человека.</edu>
  <edu id="e19" lang="en">At this point, the public are likely to believe that the smoker lacks basic civility and should not be encouraged to be a public leader.</edu>
  <edu id="e19" lang="ru" trans="google">На данный момент, общественность, вероятно, считают, что курильщик не хватает базовой вежливости и не следует поощрять, чтобы быть общественным деятелем.</edu>
  <edu id="e20" lang="en">To conclude, smoking in a restaurant is a harmful and disrespectable behavior.</edu>
  <edu id="e20" lang="ru" trans="google">В заключении, курение в ресторане является вредным и disrespectable поведения.</edu>
  <edu id="e21" lang="en">It spoils the smoker's reputation and threats other people's health.</edu>
  <edu id="e21" lang="ru" trans="google">Это портит репутацию и угрозы курильщика здоровья других людей.</edu>
  <edu id="e22" lang="en">Therefore, it is unwise to smoke in a restaurant as well as other public places, and relevant state laws should be codified to strictly prohibit it.</edu>
  <edu id="e22" lang="ru" trans="google">Поэтому неразумно курить в ресторане, а также в других общественных местах, а также соответствующие государственные законы должны быть кодифицированы строго запрещает это.</edu>
  <adu id="a1" type="neut"/>
  <adu id="a2" type="neut"/>
  <adu id="a3" type="mcl"/>
  <adu id="a4" type="pro"/>
  <adu id="a5" type="pro"/>
  <adu id="a6" type="pro"/>
  <adu id="a7" type="pro"/>
  <adu id="a8" type="pro"/>
  <adu id="a9" type="pro"/>
  <adu id="a10" type="pro"/>
  <adu id="a11" type="pro"/>
  <adu id="a12" type="pro"/>
  <adu id="a13" type="pro"/>
  <adu id="a14" type="pro"/>
  <adu id="a15" type="pro"/>
  <adu id="a16" type="pro"/>
  <adu id="a17" type="pro"/>
  <adu id="a18" type="pro"/>
  <adu id="a19" type="pro"/>
  <adu id="a20" type="pro"/>
  <adu id="a21" type="pro"/>
  <adu id="a22" type="mcl"/>
  <edge id="c24" src="e1" trg="a1" type="seg"/>
  <edge id="c25" src="e2" trg="a2" type="seg"/>
  <edge id="c26" src="e3" trg="a3" type="seg"/>
  <edge id="c27" src="e4" trg="a4" type="seg"/>
  <edge id="c28" src="e5" trg="a5" type="seg"/>
  <edge id="c29" src="e6" trg="a6" type="seg"/>
  <edge id="c30" src="e7" trg="a7" type="seg"/>
  <edge id="c31" src="e8" trg="a8" type="seg"/>
  <edge id="c32" src="e9" trg="a9" type="seg"/>
  <edge id="c33" src="e10" trg="a10" type="seg"/>
  <edge id="c34" src="e11" trg="a11" type="seg"/>
  <edge id="c35" src="e12" trg="a12" type="seg"/>
  <edge id="c36" src="e13" trg="a13" type="seg"/>
  <edge id="c37" src="e14" trg="a14" type="seg"/>
  <edge id="c38" src="e15" trg="a15" type="seg"/>
  <edge id="c39" src="e16" trg="a16" type="seg"/>
  <edge id="c40" src="e17" trg="a17" type="seg"/>
  <edge id="c41" src="e18" trg="a18" type="seg"/>
  <edge id="c42" src="e19" trg="a19" type="seg"/>
  <edge id="c43" src="e20" trg="a20" type="seg"/>
  <edge id="c44" src="e21" trg="a21" type="seg"/>
  <edge id="c45" src="e22" trg="a22" type="seg"/>
  <edge id="c1" src="a4" trg="a3" type="sup"/>
  <edge id="c2" src="a4" trg="a22" type="sup"/>
  <edge id="c3" src="a5" trg="a9" type="sup"/>
  <edge id="c4" src="a6" trg="a9" type="sup"/>
  <edge id="c5" src="a7" trg="a9" type="exa"/>
  <edge id="c6" src="a8" trg="a7" type="sup"/>
  <edge id="c7" src="a9" trg="a3" type="sup"/>
  <edge id="c8" src="a9" trg="a22" type="sup"/>
  <edge id="c9" src="a10" trg="a9" type="sup"/>
  <edge id="c10" src="a11" trg="a3" type="sup"/>
  <edge id="c11" src="a11" trg="a22" type="sup"/>
  <edge id="c12" src="a12" trg="a11" type="sup"/>
  <edge id="c13" src="a13" trg="a11" type="sup"/>
  <edge id="c14" src="a14" trg="a13" type="sup"/>
  <edge id="c15" src="a15" trg="a3" type="sup"/>
  <edge id="c16" src="a15" trg="a22" type="sup"/>
  <edge id="c17" src="a16" trg="a15" type="sup"/>
  <edge id="c18" src="a17" trg="a15" type="sup"/>
  <edge id="c19" src="a18" trg="a17" type="sup"/>
  <edge id="c20" src="a19" trg="a15" type="sup"/>
  <edge id="c21" src="a20" trg="a3" type="sup"/>
  <edge id="c22" src="a20" trg="a22" type="sup"/>
  <edge id="c23" src="a21" trg="a20" type="sup"/>
</arggraph>
