<?xml version='1.0' encoding='UTF-8'?>
<arggraph id="micro_e171" stance="pro" topic_id="Is image more powerful than the written word ?" topic_ru="Является ли изображение более мощным, чем печатное слово?">
  <edu id="e1" lang="en">" A picture is worth a thousand words " is a popular maxim that is being used for a very long time.</edu>
  <edu id="e1" lang="ru" trans="google">«Картинка стоит тысячи слов» является популярным изречение, которое используется в течение очень долгого времени.</edu>
  <edu id="e2" lang="en">This strongly depicts the power of images in conveying messages, ideas, or opinions to people.</edu>
  <edu id="e2" lang="ru" trans="google">Это сильно изображает мощь образов в передаче сообщений, идей или мнений, к людям.</edu>
  <edu id="e3" lang="en">Nevertheless, the importance of written word can never be denied as it is also another way of communication that is commonly used.</edu>
  <edu id="e3" lang="ru" trans="google">Тем не менее, важность письменного слова никогда не может быть отказано, поскольку это еще один способ общения, который обычно используется.</edu>
  <edu id="e4" lang="en">Hence, I agree only to certain degree that in today's world, image serves as a more effective means of communication.</edu>
  <edu id="e4" lang="ru" trans="google">Таким образом, я согласен только какой-то степени, что в современном мире, образ служит более эффективным средством коммуникации.</edu>
  <edu id="e5" lang="en">Firstly, pictures can influence the way people think.</edu>
  <edu id="e5" lang="ru" trans="google">Во-первых, фотографии могут влиять на то, как люди думают.</edu>
  <edu id="e6" lang="en">For example, nowadays horrendous images are displayed on the cigarette boxes to illustrate the consequences of smoking.</edu>
  <edu id="e6" lang="ru" trans="google">Например, в настоящее время ужасающие изображения отображаются на сигаретные коробки, чтобы проиллюстрировать последствия курения.</edu>
  <edu id="e7" lang="en">As a result, statistics show a slight reduction in the number of smokers, indicating that they realize the effects of the negative habit.</edu>
  <edu id="e7" lang="ru" trans="google">В результате, статистические данные показывают небольшое снижение числа курильщиков, указывая, что они понимают последствия негативной привычки.</edu>
  <edu id="e8" lang="en">Not only that, the magnificent photograph captured by Kevin Carter, which portrayed a starving Sudanese child struck by extreme poverty has successfully highlighted the plight faced by the citizens in Sudan.</edu>
  <edu id="e8" lang="ru" trans="google">Мало того, что великолепный снимок захвачена Кевин Картер, который изображал голодающих суданцев ребенок ударил по крайней нищеты успешно отметила бедственное положение, с которыми сталкиваются граждане в Судане.</edu>
  <edu id="e9" lang="en">Apart from that, images are also widely used in newspapers, magazines and advertisements.</edu>
  <edu id="e9" lang="ru" trans="google">Кроме того, изображения также широко используются в газетах, журналах и рекламе.</edu>
  <edu id="e10" lang="en">Thus, it is undeniable that images in the absence of words can obviously claim the attraction of many.</edu>
  <edu id="e10" lang="ru" trans="google">Таким образом, нельзя отрицать, что изображения в отсутствии слов, очевидно, могут претендовать на привлечение многих.</edu>
  <edu id="e11" lang="en">Looking from another perspective, written words are also vital in order to spread across certain messages.</edu>
  <edu id="e11" lang="ru" trans="google">Глядя с другой точки зрения, написанные слова также имеют важное значение для того, чтобы распространить через определенные сообщения.</edu>
  <edu id="e12" lang="en">With only pictures, everyone is left to their own interpretation on how they perceive the images.</edu>
  <edu id="e12" lang="ru" trans="google">Только с фотографиями, все, что осталось в их собственной интерпретации о том, как они воспринимают изображения.</edu>
  <edu id="e13" lang="en">Nonetheless, this is different when words are used to explain what the illustration is about.</edu>
  <edu id="e13" lang="ru" trans="google">Тем не менее, это разные, когда слова используются для объяснения того, что иллюстрации о.</edu>
  <edu id="e14" lang="en">Furthermore, the primary way of educating students is also by this way.</edu>
  <edu id="e14" lang="ru" trans="google">Кроме того, основной способ обучения студентов также по этому пути.</edu>
  <edu id="e15" lang="en">Academic textbooks these days are laden with words besides pictures to guide the readers to comprehend better.</edu>
  <edu id="e15" lang="ru" trans="google">Учебные пособия в эти дни нагруженные слов, помимо фотографий, чтобы направлять читатель лучше понять.</edu>
  <edu id="e16" lang="en">To conclude, both images and words go hand in hand and one cannot wholly emphasise on only one aspect, either images or words.</edu>
  <edu id="e16" lang="ru" trans="google">В заключение, оба изображения и слова идут рука об руку, и никто не может полностью подчеркнуть, только на одном аспекте, либо изображения или слова.</edu>
  <edu id="e17" lang="en">Hence, for a more meaningful communication, these two elements have their respective roles to play: image to exemplify and words to describe a particular subject.</edu>
  <edu id="e17" lang="ru" trans="google">Следовательно, для более содержательного общения, эти два элемента имеет свои роли, чтобы играть: изображение для иллюстрации и слова для описания конкретного объекта.</edu>
  <adu id="a1" type="neut"/>
  <adu id="a2" type="neut"/>
  <adu id="a3" type="neut"/>
  <adu id="a4" type="mcl"/>
  <adu id="a5" type="pro"/>
  <adu id="a6" type="pro"/>
  <adu id="a7" type="pro"/>
  <adu id="a8" type="pro"/>
  <adu id="a9" type="pro"/>
  <adu id="a10" type="pro"/>
  <adu id="a11" type="pro"/>
  <adu id="a12" type="pro"/>
  <adu id="a13" type="pro"/>
  <adu id="a14" type="pro"/>
  <adu id="a15" type="pro"/>
  <adu id="a16" type="mcl"/>
  <adu id="a17" type="neut"/>
  <edge id="c15" src="e1" trg="a1" type="seg"/>
  <edge id="c16" src="e2" trg="a2" type="seg"/>
  <edge id="c17" src="e3" trg="a3" type="seg"/>
  <edge id="c18" src="e4" trg="a4" type="seg"/>
  <edge id="c19" src="e5" trg="a5" type="seg"/>
  <edge id="c20" src="e6" trg="a6" type="seg"/>
  <edge id="c21" src="e7" trg="a7" type="seg"/>
  <edge id="c22" src="e8" trg="a8" type="seg"/>
  <edge id="c23" src="e9" trg="a9" type="seg"/>
  <edge id="c24" src="e10" trg="a10" type="seg"/>
  <edge id="c25" src="e11" trg="a11" type="seg"/>
  <edge id="c26" src="e12" trg="a12" type="seg"/>
  <edge id="c27" src="e13" trg="a13" type="seg"/>
  <edge id="c28" src="e14" trg="a14" type="seg"/>
  <edge id="c29" src="e15" trg="a15" type="seg"/>
  <edge id="c30" src="e16" trg="a16" type="seg"/>
  <edge id="c31" src="e17" trg="a17" type="seg"/>
  <edge id="c1" src="a5" trg="a4" type="sup"/>
  <edge id="c2" src="a5" trg="a16" type="sup"/>
  <edge id="c3" src="a6" trg="a7" type="exa"/>
  <edge id="c4" src="a7" trg="a5" type="sup"/>
  <edge id="c5" src="a8" trg="a10" type="sup"/>
  <edge id="c6" src="a9" trg="a10" type="sup"/>
  <edge id="c7" src="a10" trg="a4" type="sup"/>
  <edge id="c8" src="a10" trg="a16" type="sup"/>
  <edge id="c9" src="a11" trg="a4" type="sup"/>
  <edge id="c10" src="a11" trg="a16" type="sup"/>
  <edge id="c11" src="a12" trg="a11" type="sup"/>
  <edge id="c12" src="a13" trg="a11" type="sup"/>
  <edge id="c13" src="a14" trg="a11" type="sup"/>
  <edge id="c14" src="a15" trg="a11" type="sup"/>
</arggraph>
