<?xml version='1.0' encoding='UTF-8'?>
<arggraph id="micro_e7" stance="pro" topic_id="Keeping animals in zoos" topic_ru="Содержание животных в зоопарках">
  <edu id="e1" lang="en">Since the time they were introduced zoos have both been supported and criticized.</edu>
  <edu id="e1" lang="ru" trans="google">С того времени они были введены в зоопарках оба были поддержаны и критика.</edu>
  <edu id="e2" lang="en">Many believe that zoos could be very entertaining and ecologically important, whereas, others think that keeping animals in captivity is totally wrong.</edu>
  <edu id="e2" lang="ru" trans="google">Многие считают, что зоопарки могут быть очень интересным и экологическое значение, в то время как другие считают, что содержание животных в неволе совершенно неправильно.</edu>
  <edu id="e3" lang="en">Both sides will be discussed before a reasonable conclusion is drawn.</edu>
  <edu id="e3" lang="ru" trans="google">Обе стороны будут обсуждаться, прежде чем разумный вывод о том.</edu>
  <edu id="e4" lang="en">First, critics of zoology argue that keeping animals in captivity is wrong.</edu>
  <edu id="e4" lang="ru" trans="google">Во-первых, критики зоологии утверждают, что содержание животных в неволе не так.</edu>
  <edu id="e5" lang="en">Because animals should be considered non-human persons and they should have the right of having freedom.</edu>
  <edu id="e5" lang="ru" trans="google">Потому что животные должны рассматриваться нечеловеческими лицами, и они должны иметь право иметь свободу.</edu>
  <edu id="e6" lang="en">This is so unfair for them to be taken out of their natural environment and to be kept in small enclosures.</edu>
  <edu id="e6" lang="ru" trans="google">Это так несправедливо, чтобы они были вырваны из их естественной среды и должны храниться в небольших корпусах.</edu>
  <edu id="e7" lang="en">That is because, many zoos, especially the ones in developing countries, do not provide care and attention which their animals require.</edu>
  <edu id="e7" lang="ru" trans="google">Это происходит потому, что многие зоопарки, особенно те, в развивающихся странах, не обеспечивают заботу и внимание, которые требуют их животных.</edu>
  <edu id="e8" lang="en">The animals are often undernourished and do not have sufficient quality and quantity of medical treatment.</edu>
  <edu id="e8" lang="ru" trans="google">Эти животные часто страдают от недоедания и не имеют достаточного количества и качества медицинской помощи.</edu>
  <edu id="e9" lang="en">In addition, sometimes animals from hot countries have to survive in the cold winter of somewhere in Europe.</edu>
  <edu id="e9" lang="ru" trans="google">Кроме того, иногда животные из жарких стран, чтобы выжить в холодной зиме где-то в Европе.</edu>
  <edu id="e10" lang="en">On the other hand, the advocators believe that zoos provide the public with good entertainment and also help to ensure the balance of the ecology.</edu>
  <edu id="e10" lang="ru" trans="google">С другой стороны, advocators считают, что зоопарки предоставить общественности хорошее развлечение, а также помогают обеспечить баланс экологии.</edu>
  <edu id="e11" lang="en">Many people, especially young children enjoy going to zoos and see their favorite animals, cute baby-born animals and the animals that are from the different corners of the world.</edu>
  <edu id="e11" lang="ru" trans="google">Многие люди, особенно маленькие дети любят идти в зоопарки и видеть своих любимых животных, милый ребенок происхождения животных и животных, которые из разных уголков мира.</edu>
  <edu id="e12" lang="en">Zoos provide educational information about the lives of different animals to the public.</edu>
  <edu id="e12" lang="ru" trans="google">Зоопарки предоставить образовательную информацию о жизни различных животных для общественности.</edu>
  <edu id="e13" lang="en">Also, zoos play an important role in reserving many breeds of animal and preventing them from being missing from life.</edu>
  <edu id="e13" lang="ru" trans="google">Кроме того, зоопарки играют важную роль в бронировании много пород животных и мешает им быть не хватает от жизни.</edu>
  <edu id="e14" lang="en">This is due to the fact that, in zoos, animals are kept in enclosures which simulate their own habitats and also endangered animals are being protected from their predators or hunters.</edu>
  <edu id="e14" lang="ru" trans="google">Это связано с тем, что в зоопарках, животные содержатся в вольерах, имитирующих свои места обитания, а также находящихся под угрозой исчезновения животных, в настоящее время защищены от хищников или охотников.</edu>
  <edu id="e15" lang="en">Thus zoos are needed to keep the nature balanced.</edu>
  <edu id="e15" lang="ru" trans="google">Таким образом, зоопарки необходимы, чтобы сохранить природу сбалансированной.</edu>
  <edu id="e16" lang="en">In conclusion, both of the arguments have strong supports, but in.</edu>
  <edu id="e16" lang="ru" trans="google">В заключение, как аргументы имеют сильные опоры, но в.</edu>
  <edu id="e17" lang="en">My own view, more good come from zoos than bad.</edu>
  <edu id="e17" lang="ru" trans="google">На мой взгляд, больше пользы приходят из зоопарков, чем плохого.</edu>
  <edu id="e18" lang="en">However, it is hoped that the standards of zoos should be leveled up to ensure that the animals in zoos are provided with good care and attention.</edu>
  <edu id="e18" lang="ru" trans="google">Тем не менее, есть надежда, что стандарты зоопарков должны быть выровнены, чтобы гарантировать, что животные в зоопарках обеспечены хорошей заботу и внимание.</edu>
  <adu id="a1" type="neut"/>
  <adu id="a2" type="neut"/>
  <adu id="a3" type="neut"/>
  <adu id="a4" type="opp"/>
  <adu id="a5" type="opp"/>
  <adu id="a6" type="opp"/>
  <adu id="a7" type="opp"/>
  <adu id="a8" type="opp"/>
  <adu id="a9" type="opp"/>
  <adu id="a10" type="pro"/>
  <adu id="a11" type="pro"/>
  <adu id="a12" type="pro"/>
  <adu id="a13" type="pro"/>
  <adu id="a14" type="pro"/>
  <adu id="a15" type="pro"/>
  <adu id="a16" type="opp"/>
  <adu id="a17" type="mcl"/>
  <adu id="a18" type="neut"/>
  <edge id="c14" src="e1" trg="a1" type="seg"/>
  <edge id="c15" src="e2" trg="a2" type="seg"/>
  <edge id="c16" src="e3" trg="a3" type="seg"/>
  <edge id="c17" src="e4" trg="a4" type="seg"/>
  <edge id="c18" src="e5" trg="a5" type="seg"/>
  <edge id="c19" src="e6" trg="a6" type="seg"/>
  <edge id="c20" src="e7" trg="a7" type="seg"/>
  <edge id="c21" src="e8" trg="a8" type="seg"/>
  <edge id="c22" src="e9" trg="a9" type="seg"/>
  <edge id="c23" src="e10" trg="a10" type="seg"/>
  <edge id="c24" src="e11" trg="a11" type="seg"/>
  <edge id="c25" src="e12" trg="a12" type="seg"/>
  <edge id="c26" src="e13" trg="a13" type="seg"/>
  <edge id="c27" src="e14" trg="a14" type="seg"/>
  <edge id="c28" src="e15" trg="a15" type="seg"/>
  <edge id="c29" src="e16" trg="a16" type="seg"/>
  <edge id="c30" src="e17" trg="a17" type="seg"/>
  <edge id="c31" src="e18" trg="a18" type="seg"/>
  <edge id="c1" src="a4" trg="a17" type="reb"/>
  <edge id="c2" src="a5" trg="a4" type="sup"/>
  <edge id="c3" src="a6" trg="a4" type="sup"/>
  <edge id="c4" src="a7" trg="a6" type="sup"/>
  <edge id="c5" src="a8" trg="a4" type="sup"/>
  <edge id="c6" src="a9" trg="a4" type="sup"/>
  <edge id="c7" src="a10" trg="a17" type="sup"/>
  <edge id="c8" src="a11" trg="a10" type="sup"/>
  <edge id="c9" src="a12" trg="a10" type="sup"/>
  <edge id="c10" src="a13" trg="a15" type="sup"/>
  <edge id="c11" src="a14" trg="a13" type="sup"/>
  <edge id="c12" src="a15" trg="a10" type="sup"/>
  <edge id="c13" src="a16" trg="a17" type="reb"/>
</arggraph>
