<?xml version='1.0' encoding='UTF-8'?>
<arggraph id="micro_e288" stance="pro" topic_id="Your job has more effect on your happiness than your living environment does" topic_ru="Ваша работа имеет большее влияние на ваше счастье, чем ваша среда обитания делает">
  <edu id="e1" lang="en">With the development of the economy, people become more and more rich.</edu>
  <edu id="e1" lang="ru" trans="google">С развитием экономики, люди становятся все более и более богатыми.</edu>
  <edu id="e2" lang="en">They start to pay attention to mental requirement like happiness.</edu>
  <edu id="e2" lang="ru" trans="google">Они начинают обращать внимание на психическое требование, как счастье.</edu>
  <edu id="e3" lang="en">While I accept that job can offer happiness to some people, I believe that living environment is more important than job for most of us.</edu>
  <edu id="e3" lang="ru" trans="google">В то время как я принимаю эту работу может предложить счастье для некоторых людей, я считаю, что среда обитания является более важным, чем работа для большинства из нас.</edu>
  <edu id="e4" lang="en">Admittedly, job can bring us happiness.</edu>
  <edu id="e4" lang="ru" trans="google">Следует признать, что работа может принести нам счастье.</edu>
  <edu id="e5" lang="en">People can receive a sense of values and respected from job.</edu>
  <edu id="e5" lang="ru" trans="google">Люди могут получить чувство ценностей и уважали от работы.</edu>
  <edu id="e6" lang="en">If people receive respect from others, they will feel achievement and self-confidence.</edu>
  <edu id="e6" lang="ru" trans="google">Если люди получают уважение со стороны других людей, они будут чувствовать достижения и уверенность в себе.</edu>
  <edu id="e7" lang="en">In addition, job can provide money to us.</edu>
  <edu id="e7" lang="ru" trans="google">Кроме того, работа может предоставить нам деньги.</edu>
  <edu id="e8" lang="en">However, people should concern more about their living environment than job.</edu>
  <edu id="e8" lang="ru" trans="google">Тем не менее, люди должны относиться больше об их среде обитания, чем работа.</edu>
  <edu id="e9" lang="en">First, for most of us, job is only a tool to maintain our lives.</edu>
  <edu id="e9" lang="ru" trans="google">Во-первых, для большинства из нас, работа является лишь инструментом для поддержания нашей жизни.</edu>
  <edu id="e10" lang="en">Few people can feel happiness from their job.</edu>
  <edu id="e10" lang="ru" trans="google">Мало кто может чувствовать счастье от своей работы.</edu>
  <edu id="e11" lang="en">Because they have to continue to work more than 30 years.</edu>
  <edu id="e11" lang="ru" trans="google">Потому что они должны продолжать работать более 30 лет.</edu>
  <edu id="e12" lang="en">For example, Workers in the FOXCONN factory, which is the main manufacture of APPLE Company, just repeat one action more than 8 hours every day.</edu>
  <edu id="e12" lang="ru" trans="google">Например, рабочие на заводе FOXCONN, которая является основным производством яблочной компании, просто повторить одно действие более чем на 8 часов каждый день.</edu>
  <edu id="e13" lang="en">These labor works cannot provide workers with a lot of happiness.</edu>
  <edu id="e13" lang="ru" trans="google">Эти трудовые дела не могут обеспечить работников с большим количеством счастья.</edu>
  <edu id="e14" lang="en">Because they feel tired and frustrated after long hour work.</edu>
  <edu id="e14" lang="ru" trans="google">Потому что они чувствуют усталость и разочарование после долгих часов работы.</edu>
  <edu id="e15" lang="en">Second, beautiful environment is one of basic physiological needs, which are the most fundamental requirements for people.</edu>
  <edu id="e15" lang="ru" trans="google">Во-вторых, красивая окружающая среда является одним из основных физиологических потребностей, которые являются наиболее фундаментальными требованиями для людей.</edu>
  <edu id="e16" lang="en">Without beautiful environment, people are not able to feel happiness and will fell anxiety.</edu>
  <edu id="e16" lang="ru" trans="google">Без красивой окружающей среды, люди не в состоянии чувствовать счастье и упали тревогу.</edu>
  <edu id="e17" lang="en">Nowadays, the fast development of economy is gradually destroying our environment very quickly.</edu>
  <edu id="e17" lang="ru" trans="google">В настоящее время, быстрое развитие экономики постепенно разрушает нашу окружающую среду очень быстро.</edu>
  <edu id="e18" lang="en">Factories released a huge amount of wasters into river and soil.</edu>
  <edu id="e18" lang="ru" trans="google">Заводы выпустили огромное количество испорченных в реки и почву.</edu>
  <edu id="e19" lang="en">In order to build city and factory, people destroy huge forests.</edu>
  <edu id="e19" lang="ru" trans="google">Для того, чтобы построить город и завод, люди уничтожают огромные лесные массивы.</edu>
  <edu id="e20" lang="en">In China, some residents who live in nearby some toxic factories became sick.</edu>
  <edu id="e20" lang="ru" trans="google">В Китае, некоторые жители, которые живут в близлежащих некоторых токсичных заводов стало плохо.</edu>
  <edu id="e21" lang="en">Because these factories release a lot of toxic water and wasters into environment around people.</edu>
  <edu id="e21" lang="ru" trans="google">Поскольку эти заводы выпускают много токсичного воды и испорченные в окружающую среду вокруг людей.</edu>
  <edu id="e22" lang="en">Even though local residents benefits from an increasing number of jobs which are provided by those factories.</edu>
  <edu id="e22" lang="ru" trans="google">Несмотря на то, местные жители выгоды от увеличения числа рабочих мест, которые предусмотрены этими заводами.</edu>
  <edu id="e23" lang="en">they cannot feel happiness from high-paying job.</edu>
  <edu id="e23" lang="ru" trans="google">они не могут чувствовать счастье от высокооплачиваемой работы.</edu>
  <edu id="e24" lang="en">Yet because most of them suffer from cancer or other diseases.</edu>
  <edu id="e24" lang="ru" trans="google">Тем не менее, потому что большинство из них страдают от рака или других заболеваний.</edu>
  <edu id="e25" lang="en">In conclusion, it is far better to protect our living environment rather than focus on job or work.</edu>
  <edu id="e25" lang="ru" trans="google">В заключение, это гораздо лучше, чтобы защитить нашу среду обитания, а не сосредоточиться на работе или работе.</edu>
  <edu id="e26" lang="en">Since the goal people is for good livers.</edu>
  <edu id="e26" lang="ru" trans="google">Поскольку цель людей хороших печенок.</edu>
  <adu id="a1" type="neut"/>
  <adu id="a2" type="neut"/>
  <adu id="a3" type="mcl"/>
  <adu id="a4" type="opp"/>
  <adu id="a5" type="opp"/>
  <adu id="a6" type="opp"/>
  <adu id="a7" type="opp"/>
  <adu id="a8" type="pro"/>
  <adu id="a9" type="pro"/>
  <adu id="a10" type="pro"/>
  <adu id="a11" type="pro"/>
  <adu id="a12" type="pro"/>
  <adu id="a13" type="pro"/>
  <adu id="a14" type="pro"/>
  <adu id="a15" type="pro"/>
  <adu id="a16" type="pro"/>
  <adu id="a17" type="pro"/>
  <adu id="a18" type="pro"/>
  <adu id="a19" type="pro"/>
  <adu id="a20" type="pro"/>
  <adu id="a21" type="pro"/>
  <adu id="a22" type="opp"/>
  <adu id="a23" type="pro"/>
  <adu id="a24" type="pro"/>
  <adu id="a25" type="mcl"/>
  <adu id="a26" type="pro"/>
  <edge id="c28" src="e1" trg="a1" type="seg"/>
  <edge id="c29" src="e2" trg="a2" type="seg"/>
  <edge id="c30" src="e3" trg="a3" type="seg"/>
  <edge id="c31" src="e4" trg="a4" type="seg"/>
  <edge id="c32" src="e5" trg="a5" type="seg"/>
  <edge id="c33" src="e6" trg="a6" type="seg"/>
  <edge id="c34" src="e7" trg="a7" type="seg"/>
  <edge id="c35" src="e8" trg="a8" type="seg"/>
  <edge id="c36" src="e9" trg="a9" type="seg"/>
  <edge id="c37" src="e10" trg="a10" type="seg"/>
  <edge id="c38" src="e11" trg="a11" type="seg"/>
  <edge id="c39" src="e12" trg="a12" type="seg"/>
  <edge id="c40" src="e13" trg="a13" type="seg"/>
  <edge id="c41" src="e14" trg="a14" type="seg"/>
  <edge id="c42" src="e15" trg="a15" type="seg"/>
  <edge id="c43" src="e16" trg="a16" type="seg"/>
  <edge id="c44" src="e17" trg="a17" type="seg"/>
  <edge id="c45" src="e18" trg="a18" type="seg"/>
  <edge id="c46" src="e19" trg="a19" type="seg"/>
  <edge id="c47" src="e20" trg="a20" type="seg"/>
  <edge id="c48" src="e21" trg="a21" type="seg"/>
  <edge id="c49" src="e22" trg="a22" type="seg"/>
  <edge id="c50" src="e23" trg="a23" type="seg"/>
  <edge id="c51" src="e24" trg="a24" type="seg"/>
  <edge id="c52" src="e25" trg="a25" type="seg"/>
  <edge id="c53" src="e26" trg="a26" type="seg"/>
  <edge id="c1" src="a4" trg="a3" type="reb"/>
  <edge id="c2" src="a4" trg="a25" type="reb"/>
  <edge id="c3" src="a5" trg="a4" type="sup"/>
  <edge id="c4" src="a6" trg="a4" type="sup"/>
  <edge id="c5" src="a7" trg="a3" type="reb"/>
  <edge id="c6" src="a7" trg="a25" type="reb"/>
  <edge id="c7" src="a8" trg="a3" type="sup"/>
  <edge id="c8" src="a8" trg="a25" type="sup"/>
  <edge id="c9" src="a9" trg="a8" type="sup"/>
  <edge id="c10" src="a10" trg="a8" type="sup"/>
  <edge id="c11" src="a11" trg="a10" type="sup"/>
  <edge id="c12" src="a12" trg="a10" type="exa"/>
  <edge id="c13" src="a13" trg="a10" type="sup"/>
  <edge id="c14" src="a14" trg="a13" type="sup"/>
  <edge id="c15" src="a15" trg="a3" type="sup"/>
  <edge id="c16" src="a15" trg="a25" type="sup"/>
  <edge id="c17" src="a16" trg="a15" type="sup"/>
  <edge id="c18" src="a17" trg="a15" type="sup"/>
  <edge id="c19" src="a18" trg="a15" type="sup"/>
  <edge id="c20" src="a19" trg="a15" type="sup"/>
  <edge id="c21" src="a20" trg="a15" type="sup"/>
  <edge id="c22" src="a21" trg="a20" type="sup"/>
  <edge id="c23" src="a22" trg="a15" type="reb"/>
  <edge id="c24" src="a23" trg="a22" type="reb"/>
  <edge id="c25" src="a24" trg="a23" type="sup"/>
  <edge id="c26" src="a26" trg="a3" type="sup"/>
  <edge id="c27" src="a26" trg="a25" type="sup"/>
</arggraph>
