<?xml version='1.0' encoding='UTF-8'?>
<arggraph id="micro_e184" stance="pro" topic_id="Best way to judge about people is to be familiar with their personality - not with their look" topic_ru="Лучший способ судить о людях, должна быть знакомы с их личностью - не с их внешним видом">
  <edu id="e1" lang="en">Individuals have two features, one of them is appearance and the other one is personality.</edu>
  <edu id="e1" lang="ru" trans="google">Физические лица имеют две функции, одна из них является внешний вид, а другая является личностью.</edu>
  <edu id="e2" lang="en">From my point of view although appearance is important.</edu>
  <edu id="e2" lang="ru" trans="google">С моей точки зрения, хотя внешний вид очень важен.</edu>
  <edu id="e3" lang="en">personality is the most important.</edu>
  <edu id="e3" lang="ru" trans="google">личности является наиболее важным.</edu>
  <edu id="e4" lang="en">We can never judge about a person with his or her appearance.</edu>
  <edu id="e4" lang="ru" trans="google">Мы не можем судить о человеке, с его внешним видом.</edu>
  <edu id="e5" lang="en">Some people believes, individuals who have black skin or are frown are not good person and in opposite individuals who have pale or white skin or always have smile on their face are good person.</edu>
  <edu id="e5" lang="ru" trans="google">Некоторые люди полагают, люди, которые имеют черную кожу или являются хмуриться не хороший человек, и в противоположных людях, которые бледные или белые кожи или всегда имеют улыбку на их лице являются хорошим человеком.</edu>
  <edu id="e6" lang="en">I completely disagree with these kind of judgement which someone makes.</edu>
  <edu id="e6" lang="ru" trans="google">Я совершенно не согласен с такого рода суждения, которое кто-то делает.</edu>
  <edu id="e7" lang="en">First of all, there are people who play a role and cheat the other individuals with their playing.</edu>
  <edu id="e7" lang="ru" trans="google">Прежде всего, есть люди, которые играют определенную роль и обманывают других людей с их игрой.</edu>
  <edu id="e8" lang="en">Therefore we have to be aware to never judge with their appearance.</edu>
  <edu id="e8" lang="ru" trans="google">Поэтому мы должны знать, чтобы никогда не судить их появления.</edu>
  <edu id="e9" lang="en">For example, some people cheat their fiance before marriage by showing a cheerful face and well spoken; however, after getting marriage they show their real personality.</edu>
  <edu id="e9" lang="ru" trans="google">Например, некоторые люди обманывают их жених до брака, показывая веселое лицо и хорошо говорили; Однако, после получения брака они показывают свою реальную личность.</edu>
  <edu id="e10" lang="en">Second of all, there are some people who are black skin, fat and frown, nonetheless they might be a great person for leaving and colleague.</edu>
  <edu id="e10" lang="ru" trans="google">Во-вторых, есть некоторые люди, которые черная кожа, жир и нахмурившись, тем не менее, они могли бы быть великим человеком для ухода и коллега.</edu>
  <edu id="e11" lang="en">For instance, I have a neighbor who are old, black skin and frown and I had always panicked of her.</edu>
  <edu id="e11" lang="ru" trans="google">Например, у меня есть сосед, который стар, черная кожа и нахмурился, и я всегда запаниковал ее.</edu>
  <edu id="e12" lang="en">One day in a cold winter while I was getting back to home from school I realized that I lost my keys, so I could not do anything before my parents getting back home.</edu>
  <edu id="e12" lang="ru" trans="google">Однажды в холодную зиму, когда я получал обратно к дому из школы, я понял, что я потерял свои ключи, так что я ничего не мог сделать, прежде чем мои родители получают обратно домой.</edu>
  <edu id="e13" lang="en">She asked me to stay with her till my parents come, also she was great in hospitality and her behavior was unforgettable.</edu>
  <edu id="e13" lang="ru" trans="google">Она попросила меня остаться с ней до моих родителей приходят, также она была великолепна в гостеприимстве и ее поведение было незабываемым.</edu>
  <edu id="e14" lang="en">After that I understood, I had to never judge with people's appearance.</edu>
  <edu id="e14" lang="ru" trans="google">После этого я понял, я имел никогда не судить с появлением людей.</edu>
  <edu id="e15" lang="en">All in all, the best way to judge about individuals' is to be familiar with their personality not with their appearance.</edu>
  <edu id="e15" lang="ru" trans="google">В общем, лучший способ судить о людях должен быть знаком с их личности не с их внешностью.</edu>
  <edu id="e16" lang="en">Unfortunately, many people play role to cheat the others, and they try to hide their real personality with their appearance.</edu>
  <edu id="e16" lang="ru" trans="google">К сожалению, многие люди играют роль обмануть другие, и они пытаются скрыть свою настоящую личность со своим внешним видом.</edu>
  <adu id="a1" type="neut"/>
  <adu id="a2" type="opp"/>
  <adu id="a3" type="mcl"/>
  <adu id="a4" type="pro"/>
  <adu id="a5" type="neut"/>
  <adu id="a6" type="neut"/>
  <adu id="a7" type="pro"/>
  <adu id="a8" type="pro"/>
  <adu id="a9" type="pro"/>
  <adu id="a10" type="pro"/>
  <adu id="a11" type="pro"/>
  <adu id="a12" type="pro"/>
  <adu id="a13" type="pro"/>
  <adu id="a14" type="pro"/>
  <adu id="a15" type="mcl"/>
  <adu id="a16" type="neut"/>
  <edge id="c15" src="e1" trg="a1" type="seg"/>
  <edge id="c16" src="e2" trg="a2" type="seg"/>
  <edge id="c17" src="e3" trg="a3" type="seg"/>
  <edge id="c18" src="e4" trg="a4" type="seg"/>
  <edge id="c19" src="e5" trg="a5" type="seg"/>
  <edge id="c20" src="e6" trg="a6" type="seg"/>
  <edge id="c21" src="e7" trg="a7" type="seg"/>
  <edge id="c22" src="e8" trg="a8" type="seg"/>
  <edge id="c23" src="e9" trg="a9" type="seg"/>
  <edge id="c24" src="e10" trg="a10" type="seg"/>
  <edge id="c25" src="e11" trg="a11" type="seg"/>
  <edge id="c26" src="e12" trg="a12" type="seg"/>
  <edge id="c27" src="e13" trg="a13" type="seg"/>
  <edge id="c28" src="e14" trg="a14" type="seg"/>
  <edge id="c29" src="e15" trg="a15" type="seg"/>
  <edge id="c30" src="e16" trg="a16" type="seg"/>
  <edge id="c1" src="a2" trg="a3" type="reb"/>
  <edge id="c2" src="a2" trg="a15" type="reb"/>
  <edge id="c3" src="a4" trg="a3" type="sup"/>
  <edge id="c4" src="a4" trg="a15" type="sup"/>
  <edge id="c5" src="a7" trg="a8" type="sup"/>
  <edge id="c6" src="a8" trg="a3" type="sup"/>
  <edge id="c7" src="a8" trg="a15" type="sup"/>
  <edge id="c8" src="a9" trg="a8" type="exa"/>
  <edge id="c9" src="a10" trg="a3" type="sup"/>
  <edge id="c10" src="a10" trg="a15" type="sup"/>
  <edge id="c11" src="a11" trg="a10" type="exa"/>
  <edge id="c12" src="a12" trg="a10" type="sup"/>
  <edge id="c13" src="a13" trg="a10" type="sup"/>
  <edge id="c14" src="a14" trg="a10" type="sup"/>
</arggraph>
