<?xml version='1.0' encoding='UTF-8'?>
<arggraph id="micro_e71" stance="pro" topic_id="Spending time with a large number of friends can add more to one's life" topic_ru="Проводить время с большим количеством друзей может добавить больше жизни своей">
  <edu id="e1" lang="en">Despite friendship is one of the most important values in a man's life, people might have different preferences: some of them prefer to spend time with one or two close friends, while other prefer to be surrounded by a large number of friends.</edu>
  <edu id="e1" lang="ru" trans="google">Несмотря на дружбу это одна из самых важных ценностей в жизни человека, люди могут иметь разные предпочтения: некоторые из них предпочитают проводить время с одним или двумя близкими друзьями, в то время как другие предпочитают быть окружены большим количеством друзей.</edu>
  <edu id="e2" lang="en">In my view, I prefer the second attitude.</edu>
  <edu id="e2" lang="ru" trans="google">На мой взгляд, я предпочитаю второе отношение.</edu>
  <edu id="e3" lang="en">The first reason is that staying in contact with a large number of friends gives the opportunity to learn more from the others' experiences.</edu>
  <edu id="e3" lang="ru" trans="google">Первая причина заключается в том, что оставаясь в контакте с большим количеством друзей дает возможность узнать больше из опыта чужих.</edu>
  <edu id="e4" lang="en">For instance, among a large number of people there could be someone who practices a particular sport, or plays an instrument or likes traveling very much and from their experiences you can be attracted to try something new that you had never considered before.</edu>
  <edu id="e4" lang="ru" trans="google">Так, например, среди большого количества людей там может быть кто-то, кто практикует конкретный вид спорта, или играет на музыкальном инструменте или любит путешествовать очень много, и из их опыта вы можете быть привлечены, чтобы попробовать что-то новое, что вы никогда не считали раньше.</edu>
  <edu id="e5" lang="en">Of course, while differences give the opportunity to learn, they can also mean that sometimes it can be difficult to reach an agreement.</edu>
  <edu id="e5" lang="ru" trans="google">Конечно, в то время как различия дают возможность узнать, что они могут также означать, что иногда это может быть трудно достичь соглашения.</edu>
  <edu id="e6" lang="en">This would not happen or at least would happen rarely if one decides to spend time with one or two close friends.</edu>
  <edu id="e6" lang="ru" trans="google">Это не произойдет, или, по крайней мере, будет происходить редко, если один решает провести время с одним или двумя близкими друзьями.</edu>
  <edu id="e7" lang="en">In fact, in this case it is more likely that interests and preferences are the same.</edu>
  <edu id="e7" lang="ru" trans="google">В самом деле, в этом случае более вероятно, что интересы и предпочтения одинаковы.</edu>
  <edu id="e8" lang="en">Another reason is that a large number of friends can help you to consider all the possible solutions to a problem and to make you more open-minded.</edu>
  <edu id="e8" lang="ru" trans="google">Другая причина заключается в том, что большое количество друзей может помочь вам рассмотреть все возможные решения проблемы и сделать вас более открытыми.</edu>
  <edu id="e9" lang="en">For example, if you happen to face a problem and ask them for advice, your friends you will see that issue from their different point of views and accordingly they will help you to consider better all advantages and disadvantages.</edu>
  <edu id="e9" lang="ru" trans="google">Например, если вам случится столкнуться с проблемой и попросить у них совета, ваши друзья, вы увидите, что вопрос с их различных точек зрения и, соответственно, они помогут вам лучше рассмотреть все преимущества и недостатки.</edu>
  <edu id="e10" lang="en">When you have just few close friends, on one hand you develop a more intimate relationship with them and you feel you can trust them more, but.</edu>
  <edu id="e10" lang="ru" trans="google">Если у вас есть только несколько близких друзей, с одной стороны, вы развивать более близкие отношения с ними, и вы чувствуете, что вы можете доверять им больше, но.</edu>
  <edu id="e11" lang="en">On the other hand they often will give you viewpoints not so different from yours, adding less to your experience.</edu>
  <edu id="e11" lang="ru" trans="google">С другой стороны, они часто дают вам точку зрения не так сильно отличается от ваших, добавляя меньше ваш опыт.</edu>
  <edu id="e12" lang="en">In sum, although each choice - few close friends or a large number of friends - presents its advantages and its weak points, I think that spending time with a large number of friends can add more to one's life.</edu>
  <edu id="e12" lang="ru" trans="google">В целом, хотя каждый выбор - несколько близких друзей или большим количеством друзей - представляет свои преимущества и свои слабые стороны, я считаю, что проводить время с большим количеством друзей может прибавить к своей жизни.</edu>
  <adu id="a1" type="mcl"/>
  <adu id="a2" type="neut"/>
  <adu id="a3" type="pro"/>
  <adu id="a4" type="pro"/>
  <adu id="a5" type="opp"/>
  <adu id="a6" type="opp"/>
  <adu id="a7" type="opp"/>
  <adu id="a8" type="pro"/>
  <adu id="a9" type="pro"/>
  <adu id="a10" type="opp"/>
  <adu id="a11" type="pro"/>
  <adu id="a12" type="mcl"/>
  <edge id="c14" src="e1" trg="a1" type="seg"/>
  <edge id="c15" src="e2" trg="a2" type="seg"/>
  <edge id="c16" src="e3" trg="a3" type="seg"/>
  <edge id="c17" src="e4" trg="a4" type="seg"/>
  <edge id="c18" src="e5" trg="a5" type="seg"/>
  <edge id="c19" src="e6" trg="a6" type="seg"/>
  <edge id="c20" src="e7" trg="a7" type="seg"/>
  <edge id="c21" src="e8" trg="a8" type="seg"/>
  <edge id="c22" src="e9" trg="a9" type="seg"/>
  <edge id="c23" src="e10" trg="a10" type="seg"/>
  <edge id="c24" src="e11" trg="a11" type="seg"/>
  <edge id="c25" src="e12" trg="a12" type="seg"/>
  <edge id="c1" src="a3" trg="a1" type="sup"/>
  <edge id="c2" src="a3" trg="a12" type="sup"/>
  <edge id="c3" src="a4" trg="a3" type="exa"/>
  <edge id="c4" src="a5" trg="a1" type="reb"/>
  <edge id="c5" src="a5" trg="a12" type="reb"/>
  <edge id="c6" src="a6" trg="a5" type="sup"/>
  <edge id="c7" src="a7" trg="a5" type="sup"/>
  <edge id="c8" src="a8" trg="a1" type="sup"/>
  <edge id="c9" src="a8" trg="a12" type="sup"/>
  <edge id="c10" src="a9" trg="a8" type="exa"/>
  <edge id="c11" src="a10" trg="a1" type="reb"/>
  <edge id="c12" src="a10" trg="a12" type="reb"/>
  <edge id="c13" src="a11" trg="a10" type="reb"/>
</arggraph>
