<?xml version='1.0' encoding='UTF-8'?>
<arggraph id="micro_e139" stance="pro" topic_id="Alternative forms of transport to alleviate traffic congestion" topic_ru="Альтернативные виды транспорта для облегчения движения заторов">
  <edu id="e1" lang="en">Recently, a great deal of attention has been paid to means of transportation.</edu>
  <edu id="e1" lang="ru" trans="google">В последнее время большое внимание было уделено транспортных средств.</edu>
  <edu id="e2" lang="en">Some state that automobile is the most convenient transportation, while others assert that alternative forms of transport should be considered in view of environmental pollution.</edu>
  <edu id="e2" lang="ru" trans="google">Некоторые утверждают, что автомобиль является наиболее удобный транспорт, в то время как другие утверждают, что альтернативные виды транспорта следует рассматривать с точки зрения загрязнения окружающей среды.</edu>
  <edu id="e3" lang="en">In my opinion, I strongly agree that alternative means of transportation and international laws in controlling automobiles should be introduced.</edu>
  <edu id="e3" lang="ru" trans="google">По-моему, я полностью согласен, что альтернативные средства передвижения и международных законов, контролирующих автомобили должны быть введены.</edu>
  <edu id="e4" lang="en">In this essay, several reasons will be described carefully in the following passages.</edu>
  <edu id="e4" lang="ru" trans="google">В этой статье, несколько причин, будут тщательно описаны в следующих местах.</edu>
  <edu id="e5" lang="en">Firstly, an increase in the number of automobiles brings about environmental pollution.</edu>
  <edu id="e5" lang="ru" trans="google">Во-первых, увеличение количества автомобилей приводит к загрязнению окружающей среды.</edu>
  <edu id="e6" lang="en">Since automobile exhaust and carbon dioxides emission have bad impacts on the air.</edu>
  <edu id="e6" lang="ru" trans="google">Так как автомобильные выхлопные газы и выбросы диоксида углерода имеют плохие воздействия на воздухе.</edu>
  <edu id="e7" lang="en">the air gets to be polluted and it causes respiratory disease of the local inhabitants.</edu>
  <edu id="e7" lang="ru" trans="google">воздух попадает загрязняться и это вызывает респираторное заболевание местных жителей.</edu>
  <edu id="e8" lang="en">Therefore, it is crucial to alter automobiles to the other means of transportation and to legislate to control automobiles.</edu>
  <edu id="e8" lang="ru" trans="google">Поэтому крайне важно, чтобы изменить автомобили с другими транспортными средствами и законодательный контролем автомобилей.</edu>
  <edu id="e9" lang="en">Secondly, an increase in the number of automobiles causes terrible traffic congestion.</edu>
  <edu id="e9" lang="ru" trans="google">Во-вторых, увеличение числа автомобилей вызывает страшное заторов.</edu>
  <edu id="e10" lang="en">Once we get into the traffic jam, it forces us to waste our time for a while.</edu>
  <edu id="e10" lang="ru" trans="google">После того, как мы получим в пробке, это заставляет нас тратить время на некоторое время.</edu>
  <edu id="e11" lang="en">What is worse, traffic congestion irritates drivers and as a result, it leads to an increase of traffic accidents.</edu>
  <edu id="e11" lang="ru" trans="google">Что еще хуже, заторы раздражают водитель и, как следствие, это приводит к увеличению дорожно-транспортных происшествий.</edu>
  <edu id="e12" lang="en">Thus, the methods to reduce the number of automobiles and to control car ownership and use should be immediately planned and implemented.</edu>
  <edu id="e12" lang="ru" trans="google">Таким образом, способы, чтобы уменьшить количество автомобилей и контролировать владение и пользование автомобиля должно быть немедленно запланированы и реализованы.</edu>
  <edu id="e13" lang="en">In order to solve these problems, alternative forms of transportation and international laws to control automobiles ownership and use can work effectively.</edu>
  <edu id="e13" lang="ru" trans="google">Для того, чтобы решить эти проблемы, альтернативные виды транспорта и международного права на владение и использование управления автомобилей может работать эффективно.</edu>
  <edu id="e14" lang="en">With regard to the former, alternative forms which emit less carbon dioxides and gasses than automobiles are ideal.</edu>
  <edu id="e14" lang="ru" trans="google">Что касается бывших, альтернативных форм, которые испускают меньше диоксидов углерода и газы, чем автомобили идеальны.</edu>
  <edu id="e15" lang="en">For example, rental bicycle system has been introduced in several European countries.</edu>
  <edu id="e15" lang="ru" trans="google">Например, аренда велосипеда система была введена в ряде европейских стран.</edu>
  <edu id="e16" lang="en">This system is that at the corner of each district, the rental bicycles are placed and the people can ride it to the other districts with a small fee.</edu>
  <edu id="e16" lang="ru" trans="google">Эта система является то, что на углу каждого района, прокат велосипеды размещается и люди могут ездить на нем в других районы с небольшой платой.</edu>
  <edu id="e17" lang="en">Since bicycle expels neither carbon dioxides nor harmful gasses.</edu>
  <edu id="e17" lang="ru" trans="google">Так как велосипедного выгоняет ни двуокиси углерода, ни вредных газов.</edu>
  <edu id="e18" lang="en">it is a better form to protect environment than automobile.</edu>
  <edu id="e18" lang="ru" trans="google">это лучше форма для защиты окружающей среды, чем автомобиль.</edu>
  <edu id="e19" lang="en">As for the latter point, the introduction of international laws can be also effective.</edu>
  <edu id="e19" lang="ru" trans="google">Что касается последнего пункта, введение международных законов может быть также эффективным.</edu>
  <edu id="e20" lang="en">For instance, there are some regulations to limit the use of automobiles by time and to allow the people possess one car only.</edu>
  <edu id="e20" lang="ru" trans="google">Например, существуют некоторые правила, чтобы ограничить использование автомобилей по времени и позволить людям иметь только один автомобиль.</edu>
  <edu id="e21" lang="en">Thus, these attempts to reduce automobiles can ease traffic congestion and environmental pollution.</edu>
  <edu id="e21" lang="ru" trans="google">Таким образом, эти попытки уменьшить автомобили могут ослабить заторов и загрязнения окружающей среды.</edu>
  <edu id="e22" lang="en">In summary, even though some people claim the convenience of automobile,.</edu>
  <edu id="e22" lang="ru" trans="google">Таким образом, несмотря на то, что некоторые люди утверждают, удобство автомобиля ,.</edu>
  <edu id="e23" lang="en">I would state that alternative forms of transport and international laws on controlling automobiles are necessary due to the environmental protection and the alleviation of traffic congestion.</edu>
  <edu id="e23" lang="ru" trans="google">Я бы утверждать, что альтернативные виды транспорта и международные законы о контроле автомобилей необходимы в связи с охраной окружающей среды и сокращения заторов на дорогах.</edu>
  <adu id="a1" type="neut"/>
  <adu id="a2" type="neut"/>
  <adu id="a3" type="mcl"/>
  <adu id="a4" type="neut"/>
  <adu id="a5" type="pro"/>
  <adu id="a6" type="pro"/>
  <adu id="a7" type="pro"/>
  <adu id="a8" type="pro"/>
  <adu id="a9" type="pro"/>
  <adu id="a10" type="pro"/>
  <adu id="a11" type="pro"/>
  <adu id="a12" type="pro"/>
  <adu id="a13" type="pro"/>
  <adu id="a14" type="pro"/>
  <adu id="a15" type="pro"/>
  <adu id="a16" type="pro"/>
  <adu id="a17" type="pro"/>
  <adu id="a18" type="pro"/>
  <adu id="a19" type="pro"/>
  <adu id="a20" type="pro"/>
  <adu id="a21" type="pro"/>
  <adu id="a22" type="opp"/>
  <adu id="a23" type="mcl"/>
  <edge id="c23" src="e1" trg="a1" type="seg"/>
  <edge id="c24" src="e2" trg="a2" type="seg"/>
  <edge id="c25" src="e3" trg="a3" type="seg"/>
  <edge id="c26" src="e4" trg="a4" type="seg"/>
  <edge id="c27" src="e5" trg="a5" type="seg"/>
  <edge id="c28" src="e6" trg="a6" type="seg"/>
  <edge id="c29" src="e7" trg="a7" type="seg"/>
  <edge id="c30" src="e8" trg="a8" type="seg"/>
  <edge id="c31" src="e9" trg="a9" type="seg"/>
  <edge id="c32" src="e10" trg="a10" type="seg"/>
  <edge id="c33" src="e11" trg="a11" type="seg"/>
  <edge id="c34" src="e12" trg="a12" type="seg"/>
  <edge id="c35" src="e13" trg="a13" type="seg"/>
  <edge id="c36" src="e14" trg="a14" type="seg"/>
  <edge id="c37" src="e15" trg="a15" type="seg"/>
  <edge id="c38" src="e16" trg="a16" type="seg"/>
  <edge id="c39" src="e17" trg="a17" type="seg"/>
  <edge id="c40" src="e18" trg="a18" type="seg"/>
  <edge id="c41" src="e19" trg="a19" type="seg"/>
  <edge id="c42" src="e20" trg="a20" type="seg"/>
  <edge id="c43" src="e21" trg="a21" type="seg"/>
  <edge id="c44" src="e22" trg="a22" type="seg"/>
  <edge id="c45" src="e23" trg="a23" type="seg"/>
  <edge id="c1" src="a5" trg="a8" type="sup"/>
  <edge id="c2" src="a6" trg="a7" type="sup"/>
  <edge id="c3" src="a7" trg="a8" type="sup"/>
  <edge id="c4" src="a8" trg="a3" type="sup"/>
  <edge id="c5" src="a8" trg="a23" type="sup"/>
  <edge id="c6" src="a9" trg="a12" type="sup"/>
  <edge id="c7" src="a10" trg="a12" type="sup"/>
  <edge id="c8" src="a11" trg="a12" type="sup"/>
  <edge id="c9" src="a12" trg="a3" type="sup"/>
  <edge id="c10" src="a12" trg="a23" type="sup"/>
  <edge id="c11" src="a13" trg="a3" type="sup"/>
  <edge id="c12" src="a13" trg="a23" type="sup"/>
  <edge id="c13" src="a14" trg="a13" type="sup"/>
  <edge id="c14" src="a15" trg="a14" type="exa"/>
  <edge id="c15" src="a16" trg="a14" type="sup"/>
  <edge id="c16" src="a17" trg="a18" type="sup"/>
  <edge id="c17" src="a18" trg="a14" type="sup"/>
  <edge id="c18" src="a19" trg="a13" type="sup"/>
  <edge id="c19" src="a20" trg="a19" type="exa"/>
  <edge id="c20" src="a21" trg="a19" type="sup"/>
  <edge id="c21" src="a22" trg="a3" type="reb"/>
  <edge id="c22" src="a22" trg="a23" type="reb"/>
</arggraph>
