<?xml version='1.0' encoding='UTF-8'?>
<arggraph id="micro_e36" stance="pro" topic_id="International tourism is now more common than ever before" topic_ru="Международный туризм в настоящее время более распространен, чем когда-либо прежде">
  <edu id="e1" lang="en">The last 50 years have seen a significant increase in the number of tourist traveling worldwide.</edu>
  <edu id="e1" lang="ru" trans="google">В последние 50 лет наблюдается значительный рост числа туристов в путешествия по всему миру.</edu>
  <edu id="e2" lang="en">While some might think the tourism bring large profit for the destination countries,.</edu>
  <edu id="e2" lang="ru" trans="google">В то время как некоторые могут подумать, что туризм принесет большую прибыль для страны назначения ,.</edu>
  <edu id="e3" lang="en">I would contend that this industry has affected the cultural attributes and damaged the natural environment of the tourist destinations.</edu>
  <edu id="e3" lang="ru" trans="google">Я бы утверждать, что эта отрасль затронула культурные атрибуты и повредила природную среду туристических направлений.</edu>
  <edu id="e4" lang="en">Firstly, it is an undeniable fact that tourists from different cultures will probably cause changes to the cultural identity of the tourist destinations.</edu>
  <edu id="e4" lang="ru" trans="google">Во-первых, это неоспоримый факт, что туристы из разных культур, вероятно, вызовет изменения в культурной самобытности туристических направлений.</edu>
  <edu id="e5" lang="en">Take Thailand for example, in the Vietnam War, many American soldiers came to Thailand for a break and involved in sexual and drug activities, these huge demands caused many local businesses opened and expanded, even illegally involved in under-age prostitutes to maximize their profits.</edu>
  <edu id="e5" lang="ru" trans="google">Возьмите Таиланд, например, во время войны во Вьетнаме, многие американские солдаты пришли в Таиланд для отдыха и участия в сексуальной и наркотиках деятельности, эти огромные требования вызвало много местных предприятий, открытых и развернутые, даже незаконно участвуют в малолетних проститутках, чтобы максимизировать свою прибыль ,</edu>
  <edu id="e6" lang="en">This was due to the lack of adequate controls by authorities and lead to a bad image of Thailand tourism.</edu>
  <edu id="e6" lang="ru" trans="google">Это было связанно с отсутствием надлежащего контроля со стороны властей и приводит к плохому имиджу Таиланд туризма.</edu>
  <edu id="e7" lang="en">Therefore this proves that international tourism can create negative impacts on the destination countries.</edu>
  <edu id="e7" lang="ru" trans="google">Поэтому это доказывает, что международный туризм может создать негативное воздействие на страны назначения.</edu>
  <edu id="e8" lang="en">Secondly, there are clear evidences that tourism increasingly create harms to the natural habitats of the destination appeals.</edu>
  <edu id="e8" lang="ru" trans="google">Во-вторых, есть четкие доказательства того, что туризм все больше и больше создают вреда для естественной среды обитания обращениям назначения.</edu>
  <edu id="e9" lang="en">As the Australia's Great Barrier Reef has shown, the billion visitors per annum has generated immense destruction to this nature wonder, namely breaking the corals caused by walking or throwing boat's anchors, dropping fuel and other sorts of pollutions.</edu>
  <edu id="e9" lang="ru" trans="google">Как показал Большой Барьерный риф в Австралии, в миллиард посетителей в год вызвало огромные разрушения в этой природе чудо, а именно нарушение кораллами, вызванные ходьбе или бросали якоря лодки, сбрасывая топливо и другие виды загрязнений.</edu>
  <edu id="e10" lang="en">For this reason, many marine lives have been endangered, in the extremes part of the reef become uninhabitable for these marine species.</edu>
  <edu id="e10" lang="ru" trans="google">По этой причине, многие морские жизни находились под угрозой, в экстремумов части рифа стать непригодной для этих видов морских.</edu>
  <edu id="e11" lang="en">Thus, it is apparent that tourism has threatened the nature environments.</edu>
  <edu id="e11" lang="ru" trans="google">Таким образом, очевидно, что туризм угрожает природные среды.</edu>
  <edu id="e12" lang="en">To conclude, I strongly believe that the tourism has created threatening pressure on both the sociocultural and natural environments.</edu>
  <edu id="e12" lang="ru" trans="google">В заключение, я твердо убежден, что туризм создает угрозу давления на обеих социокультурных и природных условиях.</edu>
  <edu id="e13" lang="en">If authorities do not take steps to appropriately conserve these precious values, they will be destroyed in the near future.</edu>
  <edu id="e13" lang="ru" trans="google">Если власти не предпринимают шаги, чтобы должным образом сохранить эти драгоценные ценности, они будут уничтожены в ближайшее время.</edu>
  <adu id="a1" type="neut"/>
  <adu id="a2" type="opp"/>
  <adu id="a3" type="mcl"/>
  <adu id="a4" type="pro"/>
  <adu id="a5" type="pro"/>
  <adu id="a6" type="pro"/>
  <adu id="a7" type="pro"/>
  <adu id="a8" type="pro"/>
  <adu id="a9" type="pro"/>
  <adu id="a10" type="pro"/>
  <adu id="a11" type="pro"/>
  <adu id="a12" type="mcl"/>
  <adu id="a13" type="neut"/>
  <edge id="c13" src="e1" trg="a1" type="seg"/>
  <edge id="c14" src="e2" trg="a2" type="seg"/>
  <edge id="c15" src="e3" trg="a3" type="seg"/>
  <edge id="c16" src="e4" trg="a4" type="seg"/>
  <edge id="c17" src="e5" trg="a5" type="seg"/>
  <edge id="c18" src="e6" trg="a6" type="seg"/>
  <edge id="c19" src="e7" trg="a7" type="seg"/>
  <edge id="c20" src="e8" trg="a8" type="seg"/>
  <edge id="c21" src="e9" trg="a9" type="seg"/>
  <edge id="c22" src="e10" trg="a10" type="seg"/>
  <edge id="c23" src="e11" trg="a11" type="seg"/>
  <edge id="c24" src="e12" trg="a12" type="seg"/>
  <edge id="c25" src="e13" trg="a13" type="seg"/>
  <edge id="c1" src="a2" trg="a3" type="reb"/>
  <edge id="c2" src="a2" trg="a12" type="reb"/>
  <edge id="c3" src="a4" trg="a7" type="sup"/>
  <edge id="c4" src="a5" trg="a7" type="exa"/>
  <edge id="c5" src="a6" trg="a7" type="sup"/>
  <edge id="c6" src="a7" trg="a3" type="sup"/>
  <edge id="c7" src="a7" trg="a12" type="sup"/>
  <edge id="c8" src="a8" trg="a11" type="sup"/>
  <edge id="c9" src="a9" trg="a10" type="sup"/>
  <edge id="c10" src="a10" trg="a11" type="sup"/>
  <edge id="c11" src="a11" trg="a3" type="sup"/>
  <edge id="c12" src="a11" trg="a12" type="sup"/>
</arggraph>
