<?xml version='1.0' encoding='UTF-8'?>
<arggraph id="micro_e318" stance="pro" topic_id="Should replace normal classroom with online computer classes ?" topic_ru="Если заменить обычный класс с онлайновыми компьютерными классами?">
  <edu id="e1" lang="en">There are many advantages of distance learning, but it should not replace classroom learning.</edu>
  <edu id="e1" lang="ru" trans="google">Есть много преимуществ дистанционного обучения, но она не должна заменить обучение в классе.</edu>
  <edu id="e2" lang="en">Learning in classroom could provide more information to study.</edu>
  <edu id="e2" lang="ru" trans="google">Обучение в классе может предоставить больше информации для изучения.</edu>
  <edu id="e3" lang="en">Besides, learning in classroom are not only learning academic skills but also learning social skills, and learning how to solve problem in real situation.</edu>
  <edu id="e3" lang="ru" trans="google">Кроме того, обучение в классе не только изучение академических навыков, но и обучения социальных навыков, и научиться решать проблемы в реальной ситуации.</edu>
  <edu id="e4" lang="en">Consequently, I completely disagree with this statement that we should replace normal course with online course.</edu>
  <edu id="e4" lang="ru" trans="google">Следовательно, я совершенно не согласен с этим утверждением, что мы должны заменить нормальный курс с онлайн-курсом.</edu>
  <edu id="e5" lang="en">I will give reasons to support my opinion.</edu>
  <edu id="e5" lang="ru" trans="google">Я дам причины, чтобы поддержать мое мнение.</edu>
  <edu id="e6" lang="en">To begin with, learning in classroom could provide more information and make students more comprehend in subjects that they had learnt.</edu>
  <edu id="e6" lang="ru" trans="google">Начнем с того, обучение в классе может предоставить более подробную информацию и сделать студентам больше постигнуть в предметах, которые они научились.</edu>
  <edu id="e7" lang="en">Because in classroom have many equipment to demonstrate real example.</edu>
  <edu id="e7" lang="ru" trans="google">Потому что в классе есть много оборудования, чтобы продемонстрировать реальный пример.</edu>
  <edu id="e8" lang="en">For example, in biology class, learning anatomy by operating fog have many benefits.</edu>
  <edu id="e8" lang="ru" trans="google">Например, в классе биологии, изучение анатомии по эксплуатации туман имеет много преимуществ.</edu>
  <edu id="e9" lang="en">Learner could learn how to use tools and see actual organs of fog.</edu>
  <edu id="e9" lang="ru" trans="google">Учащийся может научиться использовать инструменты и увидеть фактические органы тумана.</edu>
  <edu id="e10" lang="en">Unlike classroom, online class just only study in textbook not learnin real situation.</edu>
  <edu id="e10" lang="ru" trans="google">В отличии от класса, онлайн-класс просто изучать только в учебнике не learnin реальной ситуации.</edu>
  <edu id="e11" lang="en">Secondly, online class could not provide knowledge about social skills.</edu>
  <edu id="e11" lang="ru" trans="google">Во-вторых, интернет-класс не может дать знания о социальных навыков.</edu>
  <edu id="e12" lang="en">For instance, In a classroom, teacher could give assignment to student to work as a group.</edu>
  <edu id="e12" lang="ru" trans="google">Например, в классе, учитель может дать задание студенту работать в группе.</edu>
  <edu id="e13" lang="en">This could help students to learn how to deal with people, how to collaborate with people in their group.</edu>
  <edu id="e13" lang="ru" trans="google">Это может помочь студентам научиться общаться с людьми, как сотрудничать с людьми в своей группе.</edu>
  <edu id="e14" lang="en">This important skill cannot be gotten in online classes.</edu>
  <edu id="e14" lang="ru" trans="google">Это важный навык не может быть получен в онлайн-классы.</edu>
  <edu id="e15" lang="en">Lastly, learning in classroom, student could have healthier life.</edu>
  <edu id="e15" lang="ru" trans="google">И, наконец, обучение в классе, студент может иметь здоровую жизнь.</edu>
  <edu id="e16" lang="en">Because in school can provide exercise class which train student to move their body.</edu>
  <edu id="e16" lang="ru" trans="google">Потому что в школе может обеспечить класс упражнений, которые обучать студента, чтобы переместить их тело.</edu>
  <edu id="e17" lang="en">Classroom have specialist trainer to teach students to it right way.</edu>
  <edu id="e17" lang="ru" trans="google">Классная у специалиста тренера, чтобы научить студентов ему правильный путь.</edu>
  <edu id="e18" lang="en">If student do it by themselves, they might be hurt themselves.</edu>
  <edu id="e18" lang="ru" trans="google">Если студент сделать это сами по себе, они могут поранить себя.</edu>
  <edu id="e19" lang="en">This make students have healthier life which online class cannot provide.</edu>
  <edu id="e19" lang="ru" trans="google">Это делает студенты имеют здоровый образ жизни, которые онлайн-класса не может обеспечить.</edu>
  <edu id="e20" lang="en">In conclusion, I personally disagree this this notion that we should replace classroom with online class.</edu>
  <edu id="e20" lang="ru" trans="google">В заключении, я лично не согласен это это понятие, что мы должны заменить класс с онлайн-классом.</edu>
  <edu id="e21" lang="en">Because, classroom could provide real actual example to make students more understand in their subject.</edu>
  <edu id="e21" lang="ru" trans="google">Так, класс может обеспечить реальный фактический пример, чтобы студенты более понять в своем предмете.</edu>
  <edu id="e22" lang="en">Besides, classroom courses are also provide students to learn social skill.</edu>
  <edu id="e22" lang="ru" trans="google">Кроме того, в классе курсы также предоставляют студентам изучать социальные навыки.</edu>
  <edu id="e23" lang="en">Moreover, classroom could provide exercise class to set students to have a good health.</edu>
  <edu id="e23" lang="ru" trans="google">Кроме того, класс может предоставить упражнения класс для набора студентов, чтобы иметь хорошее здоровье.</edu>
  <edu id="e24" lang="en">Thus, having classroom could provide abundant skills to students.</edu>
  <edu id="e24" lang="ru" trans="google">Таким образом, имея класс может обеспечить обильные навыки студентов.</edu>
  <adu id="a1" type="pro"/>
  <adu id="a2" type="pro"/>
  <adu id="a3" type="pro"/>
  <adu id="a4" type="mcl"/>
  <adu id="a5" type="neut"/>
  <adu id="a6" type="pro"/>
  <adu id="a7" type="pro"/>
  <adu id="a8" type="pro"/>
  <adu id="a9" type="pro"/>
  <adu id="a10" type="pro"/>
  <adu id="a11" type="pro"/>
  <adu id="a12" type="pro"/>
  <adu id="a13" type="pro"/>
  <adu id="a14" type="pro"/>
  <adu id="a15" type="pro"/>
  <adu id="a16" type="pro"/>
  <adu id="a17" type="pro"/>
  <adu id="a18" type="pro"/>
  <adu id="a19" type="pro"/>
  <adu id="a20" type="mcl"/>
  <adu id="a21" type="pro"/>
  <adu id="a22" type="pro"/>
  <adu id="a23" type="pro"/>
  <adu id="a24" type="pro"/>
  <edge id="c27" src="e1" trg="a1" type="seg"/>
  <edge id="c28" src="e2" trg="a2" type="seg"/>
  <edge id="c29" src="e3" trg="a3" type="seg"/>
  <edge id="c30" src="e4" trg="a4" type="seg"/>
  <edge id="c31" src="e5" trg="a5" type="seg"/>
  <edge id="c32" src="e6" trg="a6" type="seg"/>
  <edge id="c33" src="e7" trg="a7" type="seg"/>
  <edge id="c34" src="e8" trg="a8" type="seg"/>
  <edge id="c35" src="e9" trg="a9" type="seg"/>
  <edge id="c36" src="e10" trg="a10" type="seg"/>
  <edge id="c37" src="e11" trg="a11" type="seg"/>
  <edge id="c38" src="e12" trg="a12" type="seg"/>
  <edge id="c39" src="e13" trg="a13" type="seg"/>
  <edge id="c40" src="e14" trg="a14" type="seg"/>
  <edge id="c41" src="e15" trg="a15" type="seg"/>
  <edge id="c42" src="e16" trg="a16" type="seg"/>
  <edge id="c43" src="e17" trg="a17" type="seg"/>
  <edge id="c44" src="e18" trg="a18" type="seg"/>
  <edge id="c45" src="e19" trg="a19" type="seg"/>
  <edge id="c46" src="e20" trg="a20" type="seg"/>
  <edge id="c47" src="e21" trg="a21" type="seg"/>
  <edge id="c48" src="e22" trg="a22" type="seg"/>
  <edge id="c49" src="e23" trg="a23" type="seg"/>
  <edge id="c50" src="e24" trg="a24" type="seg"/>
  <edge id="c1" src="a1" trg="a4" type="sup"/>
  <edge id="c2" src="a1" trg="a20" type="sup"/>
  <edge id="c3" src="a2" trg="a1" type="sup"/>
  <edge id="c4" src="a3" trg="a1" type="sup"/>
  <edge id="c5" src="a6" trg="a4" type="sup"/>
  <edge id="c6" src="a6" trg="a20" type="sup"/>
  <edge id="c7" src="a7" trg="a6" type="sup"/>
  <edge id="c8" src="a8" trg="a6" type="exa"/>
  <edge id="c9" src="a9" trg="a6" type="sup"/>
  <edge id="c10" src="a10" trg="a6" type="sup"/>
  <edge id="c11" src="a11" trg="a4" type="sup"/>
  <edge id="c12" src="a11" trg="a20" type="sup"/>
  <edge id="c13" src="a12" trg="a11" type="exa"/>
  <edge id="c14" src="a13" trg="a11" type="sup"/>
  <edge id="c15" src="a14" trg="a11" type="sup"/>
  <edge id="c16" src="a15" trg="a4" type="sup"/>
  <edge id="c17" src="a15" trg="a20" type="sup"/>
  <edge id="c18" src="a16" trg="a15" type="sup"/>
  <edge id="c19" src="a17" trg="a15" type="sup"/>
  <edge id="c20" src="a18" trg="a15" type="sup"/>
  <edge id="c21" src="a19" trg="a15" type="sup"/>
  <edge id="c22" src="a21" trg="a24" type="sup"/>
  <edge id="c23" src="a22" trg="a24" type="sup"/>
  <edge id="c24" src="a23" trg="a24" type="sup"/>
  <edge id="c25" src="a24" trg="a4" type="sup"/>
  <edge id="c26" src="a24" trg="a20" type="sup"/>
</arggraph>
