<?xml version='1.0' encoding='UTF-8'?>
<arggraph id="micro_e31" stance="pro" topic_id="Old and young workers" topic_ru="Старые и молодые рабочие">
  <edu id="e1" lang="en">Throughout human history, the offspring has always proved its stronger adaptability and advancement than its predecessor.</edu>
  <edu id="e1" lang="ru" trans="google">На протяжении всей истории человечества, потомство всегда доказал свою сильную приспособляемость и прогресс, чем его предшественник.</edu>
  <edu id="e2" lang="en">This is still true in the industrial society nowadays, where younger workers are preferably employed and promoted rather than over - 50 workers.</edu>
  <edu id="e2" lang="ru" trans="google">Это по-прежнему верно в индустриальном обществе в наше время, когда молодые работники предпочтительно используют и способствовали, а не более - 50 рабочих.</edu>
  <edu id="e3" lang="en">There are three reasons that can explain their unresponsiveness to the modern workplace.</edu>
  <edu id="e3" lang="ru" trans="google">Есть три причины, которые могут объяснить их невосприимчивость к современному месту работы.</edu>
  <edu id="e4" lang="en">First and foremost, old workers are not a patch on the younger ones for their unchanged paradigm.</edu>
  <edu id="e4" lang="ru" trans="google">В первую очередь, старые рабочие не заплата на младших для их неизменной парадигмы.</edu>
  <edu id="e5" lang="en">The old were raised in poverty, probably caused by war, look at the world from a negative and pessimistic point of view.</edu>
  <edu id="e5" lang="ru" trans="google">Старые были подняты в нищете, вероятно, вызвано войной, смотреть на мир с негатива и пессимистической точки зрения.</edu>
  <edu id="e6" lang="en">The misery is so ingrained in their mind that they refuse to change, or more precisely, to accept the existence of such modernity.</edu>
  <edu id="e6" lang="ru" trans="google">Страдания настолько укоренилась в их виде, что они отказываются от изменений, точнее, принять существование такой современности.</edu>
  <edu id="e7" lang="en">For example, most would rather choose to piece together parts of a machine than have it done by a robot for their disbelief of its efficiency and safety compared with human's capability.</edu>
  <edu id="e7" lang="ru" trans="google">Например, большинство предпочли бы выбрать кусок вместе части машины, чем это было сделано с помощью робота для неверия его эффективности и безопасности по сравнению с возможностями человека.</edu>
  <edu id="e8" lang="en">Secondly, their unresponsiveness can be attributed to their attitude towards life.</edu>
  <edu id="e8" lang="ru" trans="google">Во-вторых, их невосприимчивость можно отнести их отношение к жизни.</edu>
  <edu id="e9" lang="en">In other words, that they are aware of their deteriorating health and lack of enthusiasm comes with their taste for monotony and safe ideology.</edu>
  <edu id="e9" lang="ru" trans="google">Другими словами, что они знают об их ухудшение здоровья и отсутствие энтузиазма приходит со своим вкусом к монотонности и безопасной идеологии.</edu>
  <edu id="e10" lang="en">This, by all means, is outweigh by youngsters' adventurousness and bravery.</edu>
  <edu id="e10" lang="ru" trans="google">Это, непременно, есть перевешивает авантюрностью и храбростью молодых людей.</edu>
  <edu id="e11" lang="en">Blatantly seen, success of most companies stems from young people, whose enterprising ideas that catch up with the world is regarded as wind of refreshment.</edu>
  <edu id="e11" lang="ru" trans="google">Откровенно видно, успех большинство компаний проистекает из молодых людей, чьи предприимчивые идеи, которые ловят с миром считаются ветром освежения.</edu>
  <edu id="e12" lang="en">Last but not least, knowledge is worth mentioning as a key factor to help young workers outrank the elderly.</edu>
  <edu id="e12" lang="ru" trans="google">И последнее, но не в последнюю очередь, знание стоит упомянуть в качестве ключевого фактора, чтобы помочь молодым работникам опередить пожилых людей.</edu>
  <edu id="e13" lang="en">Who would the employer choose, an old man with old-fashioned education and a young man who is not only good at fundermentaly subject, but also knows how to program or how to speak foreign languages.</edu>
  <edu id="e13" lang="ru" trans="google">Кто бы работодатель выбрать, старик с старомодным образованием и молодым человеком, который не только хорошо на fundermentaly предмета, но и знает, как программу или как говорят на иностранных языках.</edu>
  <edu id="e14" lang="en">Not to undermine old workers, but their lack of authority over such basically required fields in this day and age leads to their incompetence in every modern workplace.</edu>
  <edu id="e14" lang="ru" trans="google">Не подрывать старую рабочие, но их отсутствие власти над такими в основном полями, в этот день и возраст приводит к их некомпетентности в каждом современном рабочем месте.</edu>
  <edu id="e15" lang="en">All in a nutshell, workers over 50 have proven themselves subordinate to the following generation in all aspects.</edu>
  <edu id="e15" lang="ru" trans="google">Все в двух словах, работники старше 50 лет зарекомендовали себя в подчинении следующего поколения во всех аспектах.</edu>
  <edu id="e16" lang="en">However, in my point of view, it is still of great importance to remain the harmonious coexistence of both sides for the smooth sailing of the company.</edu>
  <edu id="e16" lang="ru" trans="google">Однако, в моей точки зрения, это все еще очень важно, чтобы оставаться гармоничное сосуществование обеих сторон для гладкой плавания компании.</edu>
  <adu id="a1" type="neut"/>
  <adu id="a2" type="neut"/>
  <adu id="a3" type="neut"/>
  <adu id="a4" type="pro"/>
  <adu id="a5" type="pro"/>
  <adu id="a6" type="pro"/>
  <adu id="a7" type="pro"/>
  <adu id="a8" type="pro"/>
  <adu id="a9" type="pro"/>
  <adu id="a10" type="pro"/>
  <adu id="a11" type="pro"/>
  <adu id="a12" type="pro"/>
  <adu id="a13" type="pro"/>
  <adu id="a14" type="pro"/>
  <adu id="a15" type="opp"/>
  <adu id="a16" type="mcl"/>
  <edge id="c13" src="e1" trg="a1" type="seg"/>
  <edge id="c14" src="e2" trg="a2" type="seg"/>
  <edge id="c15" src="e3" trg="a3" type="seg"/>
  <edge id="c16" src="e4" trg="a4" type="seg"/>
  <edge id="c17" src="e5" trg="a5" type="seg"/>
  <edge id="c18" src="e6" trg="a6" type="seg"/>
  <edge id="c19" src="e7" trg="a7" type="seg"/>
  <edge id="c20" src="e8" trg="a8" type="seg"/>
  <edge id="c21" src="e9" trg="a9" type="seg"/>
  <edge id="c22" src="e10" trg="a10" type="seg"/>
  <edge id="c23" src="e11" trg="a11" type="seg"/>
  <edge id="c24" src="e12" trg="a12" type="seg"/>
  <edge id="c25" src="e13" trg="a13" type="seg"/>
  <edge id="c26" src="e14" trg="a14" type="seg"/>
  <edge id="c27" src="e15" trg="a15" type="seg"/>
  <edge id="c28" src="e16" trg="a16" type="seg"/>
  <edge id="c1" src="a4" trg="a16" type="sup"/>
  <edge id="c2" src="a5" trg="a4" type="sup"/>
  <edge id="c3" src="a6" trg="a4" type="sup"/>
  <edge id="c4" src="a7" trg="a4" type="exa"/>
  <edge id="c5" src="a8" trg="a16" type="sup"/>
  <edge id="c6" src="a9" trg="a8" type="sup"/>
  <edge id="c7" src="a10" trg="a8" type="sup"/>
  <edge id="c8" src="a11" trg="a8" type="sup"/>
  <edge id="c9" src="a12" trg="a16" type="sup"/>
  <edge id="c10" src="a13" trg="a12" type="sup"/>
  <edge id="c11" src="a14" trg="a12" type="sup"/>
  <edge id="c12" src="a15" trg="a16" type="reb"/>
</arggraph>
