<?xml version='1.0' encoding='UTF-8'?>
<arggraph id="micro_e393" stance="pro" topic_id="The environment problems facing today's world are so great" topic_ru="Проблемы окружающей среды, стоящие перед сегодняшним миром настолько велики">
  <edu id="e1" lang="en">Nowadays, many countries are concerned with the environment problems.</edu>
  <edu id="e1" lang="ru" trans="google">В настоящее время многие страны обеспокоены проблемами окружающей среды.</edu>
  <edu id="e2" lang="en">There is a viewpoint that the government and big firms should assume the responsibility to protect the environment and normal citizens have nothing to do for that.</edu>
  <edu id="e2" lang="ru" trans="google">Существует точка зрения, что правительство и крупные фирмы должны взять на себя ответственность за защиту окружающей среды и нормальные граждане не имеют ничего общего для этого.</edu>
  <edu id="e3" lang="en">Personally, I think both government and common people should have the responsibility for the environment, but we need to analyze some specific situations.</edu>
  <edu id="e3" lang="ru" trans="google">Лично я думаю, что и правительство, и простые люди должны нести ответственность за окружающую среду, но мы должны проанализировать некоторые конкретные ситуации.</edu>
  <edu id="e4" lang="en">On one hand, solving some environmental problems needs large budgets and various technologies, and the government and corporations have the ability to deal with these problems.</edu>
  <edu id="e4" lang="ru" trans="google">С одной стороны, решение некоторых экологических проблем нужны большие бюджеты и различные технологии, а правительство и корпорации имеют возможность иметь дело с этими проблемами.</edu>
  <edu id="e5" lang="en">For example, air pollution and water quality has concerned many countries, and the government is able to implement some policies and invest money to reduce air pollution, while companies also can enhance their technologies to curb emission of contaminated water and substances.</edu>
  <edu id="e5" lang="ru" trans="google">Например, загрязнение воздуха и воды коснулось многих стран, и правительство в состоянии осуществить некоторые политики и вкладывать деньги, чтобы уменьшить загрязнение воздуха, в то время как компании могут также улучшить свои технологии для бордюрного эмиссии загрязненной воды и веществ.</edu>
  <edu id="e6" lang="en">However, individuals are unable to cope with these things.</edu>
  <edu id="e6" lang="ru" trans="google">Тем не менее, люди не в состоянии справиться с этими вещами.</edu>
  <edu id="e7" lang="en">Besides, the government and firms could have significant influences on environmental awareness of people.</edu>
  <edu id="e7" lang="ru" trans="google">Кроме того, правительство и фирмы могут оказывать значительное влияние на экологической осведомленности людей.</edu>
  <edu id="e8" lang="en">It is necessary for every citizen to have the awareness and knowledge of environment protection.</edu>
  <edu id="e8" lang="ru" trans="google">Это необходимо для каждого гражданина иметь понимание и знание окружающей среды.</edu>
  <edu id="e9" lang="en">This means that we should convey corresponding policies and knowledge to the public and society.</edu>
  <edu id="e9" lang="ru" trans="google">Это означает, что мы должны передать соответствующие политику и знания для общественности и общества.</edu>
  <edu id="e10" lang="en">And the government controls many influential media, such as TV stations and newspapers, which can provide plenty of environmental knowledge and related policies to citizens.</edu>
  <edu id="e10" lang="ru" trans="google">И правительство контролирует многие влиятельные средства массовой информации, такие как телевизионные станции и газеты, которые могут обеспечить множество экологических знаний и соответствующей политики для граждан.</edu>
  <edu id="e11" lang="en">On the other hand, it is possible for ordinary people to participate in some actions of environment protection, and they also can benefit from the improvement of environment.</edu>
  <edu id="e11" lang="ru" trans="google">С другой стороны, это возможно для обычных людей, чтобы участвовать в некоторых действиях по охране окружающей среды, а также они могут извлечь выгоду от улучшения окружающей среды.</edu>
  <edu id="e12" lang="en">For instance, many people driving private cars could cause air pollution, and overusing plastic packages would affect the environment.</edu>
  <edu id="e12" lang="ru" trans="google">Например, многие люди, ведущие частные автомобили могут привести к загрязнению воздуха и перерасход пластиковых пакетов будут влиять на окружающую среду.</edu>
  <edu id="e13" lang="en">If people can gradually change some lifestyles in these daily activities, this will have many significant impacts on environmental improvement.</edu>
  <edu id="e13" lang="ru" trans="google">Если люди могут постепенно изменить некоторые образ жизни в этих повседневной деятельности, это будет иметь много существенное влияние на улучшение состояния окружающей среды.</edu>
  <edu id="e14" lang="en">In conclusion, the government and corporations should take more responsibility for addressing environmental issues, but every citizen also can contribute to the environment.</edu>
  <edu id="e14" lang="ru" trans="google">В заключение отметим, что правительство и корпорации должны взять на себя больше ответственности за решение экологических проблем, но каждый гражданин также может внести свой вклад в окружающую среду.</edu>
  <adu id="a1" type="neut"/>
  <adu id="a2" type="neut"/>
  <adu id="a3" type="mcl"/>
  <adu id="a4" type="pro"/>
  <adu id="a5" type="pro"/>
  <adu id="a6" type="pro"/>
  <adu id="a7" type="pro"/>
  <adu id="a8" type="pro"/>
  <adu id="a9" type="pro"/>
  <adu id="a10" type="pro"/>
  <adu id="a11" type="pro"/>
  <adu id="a12" type="pro"/>
  <adu id="a13" type="pro"/>
  <adu id="a14" type="mcl"/>
  <edge id="c14" src="e1" trg="a1" type="seg"/>
  <edge id="c15" src="e2" trg="a2" type="seg"/>
  <edge id="c16" src="e3" trg="a3" type="seg"/>
  <edge id="c17" src="e4" trg="a4" type="seg"/>
  <edge id="c18" src="e5" trg="a5" type="seg"/>
  <edge id="c19" src="e6" trg="a6" type="seg"/>
  <edge id="c20" src="e7" trg="a7" type="seg"/>
  <edge id="c21" src="e8" trg="a8" type="seg"/>
  <edge id="c22" src="e9" trg="a9" type="seg"/>
  <edge id="c23" src="e10" trg="a10" type="seg"/>
  <edge id="c24" src="e11" trg="a11" type="seg"/>
  <edge id="c25" src="e12" trg="a12" type="seg"/>
  <edge id="c26" src="e13" trg="a13" type="seg"/>
  <edge id="c27" src="e14" trg="a14" type="seg"/>
  <edge id="c1" src="a4" trg="a3" type="sup"/>
  <edge id="c2" src="a4" trg="a14" type="sup"/>
  <edge id="c3" src="a5" trg="a4" type="exa"/>
  <edge id="c4" src="a6" trg="a4" type="sup"/>
  <edge id="c5" src="a7" trg="a9" type="sup"/>
  <edge id="c6" src="a8" trg="a9" type="sup"/>
  <edge id="c7" src="a9" trg="a3" type="sup"/>
  <edge id="c8" src="a9" trg="a14" type="sup"/>
  <edge id="c9" src="a10" trg="a9" type="sup"/>
  <edge id="c10" src="a11" trg="a3" type="sup"/>
  <edge id="c11" src="a11" trg="a14" type="sup"/>
  <edge id="c12" src="a12" trg="a11" type="exa"/>
  <edge id="c13" src="a13" trg="a11" type="sup"/>
</arggraph>
