<?xml version='1.0' encoding='UTF-8'?>
<arggraph id="micro_e380" stance="pro" topic_id="The zoo deserves maintenance and public respect" topic_ru="Зоопарк заслуживает обслуживания и общественного уважения">
  <edu id="e1" lang="en">For a long time, the zoo has been a second home to endangered animals.</edu>
  <edu id="e1" lang="ru" trans="google">В течение долгого времени, зоопарк был вторым домом для находящихся под угрозой исчезновения животных.</edu>
  <edu id="e2" lang="en">However, other people believe that the existence of zoos is next to nothing.</edu>
  <edu id="e2" lang="ru" trans="google">Тем не менее, другие считают, что существование зоопарков почти ничего.</edu>
  <edu id="e3" lang="en">In my opinion, the zoo deserves maintenance and public respect for two specific reasons.</edu>
  <edu id="e3" lang="ru" trans="google">На мой взгляд, зоопарк заслуживает обслуживания и общественного уважения к двум конкретным причинам.</edu>
  <edu id="e4" lang="en">First of all, the zoo should be considered as a means of education with regard to providing real and vivid materials for learners.</edu>
  <edu id="e4" lang="ru" trans="google">Прежде всего, зоопарк следует рассматривать как средство образования в части, касающейся обеспечения реальных и яркие материалы для учащихся.</edu>
  <edu id="e5" lang="en">With zoos, pupils will have a chance of observing the habit and unique instinct of, for instance, a lion or a crocodile.</edu>
  <edu id="e5" lang="ru" trans="google">С зоопарками, ученики будут иметь возможность наблюдать привычку и уникальный инстинкт, например, лев или крокодил.</edu>
  <edu id="e6" lang="en">At a higher level, it is of university students' benefits to do biological research based on practical statistics and live recordings, which otherwise would not be at hand.</edu>
  <edu id="e6" lang="ru" trans="google">На более высоком уровне, льгот студентов высших учебных заведений, чтобы сделать биологические исследования, основанные на практической статистике и живых записей, которые в противном случае не было бы под рукой.</edu>
  <edu id="e7" lang="en">This means that the zoos conduce to the acquisition of knowledge at various levels.</edu>
  <edu id="e7" lang="ru" trans="google">Это означает, что зоопарки ведут к приобретению знаний на различных уровнях.</edu>
  <edu id="e8" lang="en">Secondly, the zoo also serve as a means of ecological protection.</edu>
  <edu id="e8" lang="ru" trans="google">Во-вторых, зоопарк также служить в качестве средства экологической защиты.</edu>
  <edu id="e9" lang="en">Nowadays the process of globalisation is accompanied by the encroachment upon natural habitats, which consequently calls for the help of zoos.</edu>
  <edu id="e9" lang="ru" trans="google">В настоящее время процесс глобализации сопровождается посягательством на природные места обитания, которые, следовательно, призывает к помощи зоопаркам.</edu>
  <edu id="e10" lang="en">What is more, the ever-increasing huntings are having a heavy toll on rare and specious species.</edu>
  <edu id="e10" lang="ru" trans="google">Более того, постоянно расширяющийся Охотничьи возникают тяжелые потери на редких и благовидных видах.</edu>
  <edu id="e11" lang="en">Only when zoos appear are such distinction-driven animals as: giraffe, panda, koala or leopard provided with their own inaccessible territory.</edu>
  <edu id="e11" lang="ru" trans="google">Только тогда, когда появляются зоопарки такое различие управляемых животных как: жираф, панда, коала или леопарда при условии их собственной недоступной территории.</edu>
  <edu id="e12" lang="en">In sum, the role of zoos towards both human and animals is undeniably indispensable.</edu>
  <edu id="e12" lang="ru" trans="google">В целом, роль зоопарков по отношению как человека и животных, несомненно, необходимы.</edu>
  <edu id="e13" lang="en">It is highly recommended that zoos should be seen with different perspective in order to function at their most efficiency.</edu>
  <edu id="e13" lang="ru" trans="google">Настоятельно рекомендуется, чтобы зоопарки следует рассматривать с разных точек зрения, чтобы функционировать в их большей эффективности.</edu>
  <adu id="a1" type="neut"/>
  <adu id="a2" type="neut"/>
  <adu id="a3" type="mcl"/>
  <adu id="a4" type="pro"/>
  <adu id="a5" type="pro"/>
  <adu id="a6" type="pro"/>
  <adu id="a7" type="pro"/>
  <adu id="a8" type="pro"/>
  <adu id="a9" type="pro"/>
  <adu id="a10" type="pro"/>
  <adu id="a11" type="pro"/>
  <adu id="a12" type="mcl"/>
  <adu id="a13" type="neut"/>
  <edge id="c11" src="e1" trg="a1" type="seg"/>
  <edge id="c12" src="e2" trg="a2" type="seg"/>
  <edge id="c13" src="e3" trg="a3" type="seg"/>
  <edge id="c14" src="e4" trg="a4" type="seg"/>
  <edge id="c15" src="e5" trg="a5" type="seg"/>
  <edge id="c16" src="e6" trg="a6" type="seg"/>
  <edge id="c17" src="e7" trg="a7" type="seg"/>
  <edge id="c18" src="e8" trg="a8" type="seg"/>
  <edge id="c19" src="e9" trg="a9" type="seg"/>
  <edge id="c20" src="e10" trg="a10" type="seg"/>
  <edge id="c21" src="e11" trg="a11" type="seg"/>
  <edge id="c22" src="e12" trg="a12" type="seg"/>
  <edge id="c23" src="e13" trg="a13" type="seg"/>
  <edge id="c1" src="a4" trg="a3" type="sup"/>
  <edge id="c2" src="a4" trg="a12" type="sup"/>
  <edge id="c3" src="a5" trg="a4" type="sup"/>
  <edge id="c4" src="a6" trg="a4" type="sup"/>
  <edge id="c5" src="a7" trg="a4" type="sup"/>
  <edge id="c6" src="a8" trg="a3" type="sup"/>
  <edge id="c7" src="a8" trg="a12" type="sup"/>
  <edge id="c8" src="a9" trg="a8" type="sup"/>
  <edge id="c9" src="a10" trg="a8" type="sup"/>
  <edge id="c10" src="a11" trg="a8" type="sup"/>
</arggraph>
