<?xml version='1.0' encoding='UTF-8'?>
<arggraph id="micro_e253" stance="pro" topic_id="Fossil fuels will soon be replaced ?" topic_ru="Ископаемое топливо в скором времени будет заменен?">
  <edu id="e1" lang="en">Although renewable resources of energy are elements of the current and future energy strategy, as far as I'm concerned, these new forms of energy cannot soon replace fossil fuels such as gases, oil, and coal.</edu>
  <edu id="e1" lang="ru" trans="google">Хотя возобновляемые источники энергии являются элементами текущей и будущей стратегии в области энергетики, насколько я понимаю, эти новые формы энергии не может вскоре заменить ископаемые виды топлива, такие как газы, нефть и уголь.</edu>
  <edu id="e2" lang="en">Firstly, due to the limitation of technology renewable resources are relatively expensive.</edu>
  <edu id="e2" lang="ru" trans="google">Во-первых, из-за ограниченности технологии возобновляемых ресурсов являются относительно дорогими.</edu>
  <edu id="e3" lang="en">Researches in renewable energy cost a huge amount of money which developing countries cannot afford.</edu>
  <edu id="e3" lang="ru" trans="google">Исследования в области возобновляемых источников энергии стоят огромных сумм денег, которые развивающиеся страны не могут себе позволить.</edu>
  <edu id="e4" lang="en">On the other hand, fossil fuels are abundant and inexpensive in many areas.</edu>
  <edu id="e4" lang="ru" trans="google">С другой стороны, ископаемые виды топлива в изобилии и недороги во многих областях.</edu>
  <edu id="e5" lang="en">For example, it is estimated that China has the largest deposit of coal in the world and the government does not want to invest too much money on new forms of energy, say expensive solar batteries and wind farms.</edu>
  <edu id="e5" lang="ru" trans="google">Например, подсчитано, что Китай имеет крупнейшее месторождение угля в мире, и правительство не хочет вкладывать слишком много денег на новых формах энергии, скажем, дорогие солнечные батареи и ветровые.</edu>
  <edu id="e6" lang="en">Thus the plan of renewable resources of energy may face challenges in that not every country can afford the reforming.</edu>
  <edu id="e6" lang="ru" trans="google">Таким образом, план возобновляемых источников энергии могут столкнуться с трудностями в том, что не каждая страна может себе позволить реформинга.</edu>
  <edu id="e7" lang="en">Besides, although utility companies claim that renewable energy is environmentally friendly.</edu>
  <edu id="e7" lang="ru" trans="google">Кроме того, хотя коммунальные компании утверждают, что использование возобновляемых источников энергии является экологически чистым.</edu>
  <edu id="e8" lang="en">these new forms of energy may not be as clean and green as we think.</edu>
  <edu id="e8" lang="ru" trans="google">эти новые формы энергии не могут быть чистыми и зелеными, как мы думаем.</edu>
  <edu id="e9" lang="en">Latest studies have shown that these renewable resources of energy are problematic as well and they are very likely to pose long-term environmental hazards.</edu>
  <edu id="e9" lang="ru" trans="google">Последние исследования показали, что эти возобновляемые источники энергии являются проблематичными, так и они, весьма вероятно, представляют долгосрочные экологические опасности.</edu>
  <edu id="e10" lang="en">For example, the dams built for hydroelectricity influence the water flows of the rivers and sometimes cause drought in areas in front of the dams.</edu>
  <edu id="e10" lang="ru" trans="google">Так, например, плотины, построенные для гидроэлектроэнергии влияют на потоки воды из рек, а иногда причина засухи в районах, перед плотинами.</edu>
  <edu id="e11" lang="en">This damages the habitats of many valuable fish and wading birds.</edu>
  <edu id="e11" lang="ru" trans="google">Это повреждает места обитания многих ценных рыб и болотных птиц.</edu>
  <edu id="e12" lang="en">More importantly, the accumulation of heavy metal in the silt on the bottom of the rivers behind the dams is extremely difficult and expensive to clean up; leaving problems for the following generations.</edu>
  <edu id="e12" lang="ru" trans="google">Что еще более важно, накопление тяжелых металлов в иле на дне рек позади плотин крайне сложно и дорого, чтобы очистить; оставляя проблемы для следующих поколений.</edu>
  <edu id="e13" lang="en">Thus renewable resources are not as reliable as we think.</edu>
  <edu id="e13" lang="ru" trans="google">Таким образом, возобновляемые ресурсы не столь надежны, как мы думаем.</edu>
  <edu id="e14" lang="en">Admittedly contemporarily fossil fuels cause serious environmental conundrums such as acid rain, deduction of ozone layer and global warming.</edu>
  <edu id="e14" lang="ru" trans="google">По общему признанию ископаемого топливо современно вызвать серьезные экологические головоломки, такие как кислотный дождь, удержание озонового слоя и глобального потепления.</edu>
  <edu id="e15" lang="en">these problems can be solved by improving efficiency of the mechanism and reducing emissions.</edu>
  <edu id="e15" lang="ru" trans="google">эти проблемы могут быть решены за счет повышения эффективности механизма и сокращения выбросов.</edu>
  <edu id="e16" lang="en">For example we can use chemicals to desulfurize the emissions from plants and vehicles to avoid acid rain.</edu>
  <edu id="e16" lang="ru" trans="google">Например, мы можем использовать химикаты для обессеривания выбросов от установок и транспортных средств, чтобы избежать кислотных дождей.</edu>
  <edu id="e17" lang="en">These improving methods are often cheaper and simpler compared to the high-tech of renewable energy.</edu>
  <edu id="e17" lang="ru" trans="google">Эти методы, улучшающие зачастую дешевле и проще по сравнению с высокими технологиями возобновляемых источников энергии.</edu>
  <edu id="e18" lang="en">With these solutions fossil fuels seem more sustainable.</edu>
  <edu id="e18" lang="ru" trans="google">С помощью этих решений ископаемого топлива кажется более устойчивым.</edu>
  <edu id="e19" lang="en">In conclusion as promising as renewable resources of energy sound, there is no way those new forms of energy will replace fossil fuels soon.</edu>
  <edu id="e19" lang="ru" trans="google">В заключение в качестве перспективных в качестве возобновляемых источников энергии звука, нет никакого способа, эти новые формы энергии в скором времени заменить ископаемое топливо.</edu>
  <adu id="a1" type="mcl"/>
  <adu id="a2" type="pro"/>
  <adu id="a3" type="pro"/>
  <adu id="a4" type="pro"/>
  <adu id="a5" type="pro"/>
  <adu id="a6" type="pro"/>
  <adu id="a7" type="opp"/>
  <adu id="a8" type="pro"/>
  <adu id="a9" type="pro"/>
  <adu id="a10" type="pro"/>
  <adu id="a11" type="pro"/>
  <adu id="a12" type="pro"/>
  <adu id="a13" type="pro"/>
  <adu id="a14" type="opp"/>
  <adu id="a15" type="pro"/>
  <adu id="a16" type="pro"/>
  <adu id="a17" type="pro"/>
  <adu id="a18" type="pro"/>
  <adu id="a19" type="mcl"/>
  <edge id="c21" src="e1" trg="a1" type="seg"/>
  <edge id="c22" src="e2" trg="a2" type="seg"/>
  <edge id="c23" src="e3" trg="a3" type="seg"/>
  <edge id="c24" src="e4" trg="a4" type="seg"/>
  <edge id="c25" src="e5" trg="a5" type="seg"/>
  <edge id="c26" src="e6" trg="a6" type="seg"/>
  <edge id="c27" src="e7" trg="a7" type="seg"/>
  <edge id="c28" src="e8" trg="a8" type="seg"/>
  <edge id="c29" src="e9" trg="a9" type="seg"/>
  <edge id="c30" src="e10" trg="a10" type="seg"/>
  <edge id="c31" src="e11" trg="a11" type="seg"/>
  <edge id="c32" src="e12" trg="a12" type="seg"/>
  <edge id="c33" src="e13" trg="a13" type="seg"/>
  <edge id="c34" src="e14" trg="a14" type="seg"/>
  <edge id="c35" src="e15" trg="a15" type="seg"/>
  <edge id="c36" src="e16" trg="a16" type="seg"/>
  <edge id="c37" src="e17" trg="a17" type="seg"/>
  <edge id="c38" src="e18" trg="a18" type="seg"/>
  <edge id="c39" src="e19" trg="a19" type="seg"/>
  <edge id="c1" src="a2" trg="a1" type="sup"/>
  <edge id="c2" src="a2" trg="a19" type="sup"/>
  <edge id="c3" src="a3" trg="a2" type="sup"/>
  <edge id="c4" src="a4" trg="a2" type="sup"/>
  <edge id="c5" src="a5" trg="a6" type="exa"/>
  <edge id="c6" src="a6" trg="a2" type="sup"/>
  <edge id="c7" src="a7" trg="a8" type="reb"/>
  <edge id="c8" src="a8" trg="a1" type="sup"/>
  <edge id="c9" src="a8" trg="a19" type="sup"/>
  <edge id="c10" src="a9" trg="a8" type="sup"/>
  <edge id="c11" src="a10" trg="a9" type="exa"/>
  <edge id="c12" src="a11" trg="a9" type="sup"/>
  <edge id="c13" src="a12" trg="a9" type="sup"/>
  <edge id="c14" src="a13" trg="a8" type="sup"/>
  <edge id="c15" src="a14" trg="a1" type="reb"/>
  <edge id="c16" src="a14" trg="a19" type="reb"/>
  <edge id="c17" src="a15" trg="a14" type="reb"/>
  <edge id="c18" src="a16" trg="a14" type="reb"/>
  <edge id="c19" src="a17" trg="a14" type="reb"/>
  <edge id="c20" src="a18" trg="a14" type="reb"/>
</arggraph>
