<?xml version='1.0' encoding='UTF-8'?>
<arggraph id="micro_e290" stance="pro" topic_id="Haste makes waste" topic_ru="Поспешишь - людей насмешишь">
  <edu id="e1" lang="en">This saying is stating that every fast and not well thought decision is a wasted one.</edu>
  <edu id="e1" lang="ru" trans="google">Это поговорка о том, что каждый быстро и не продумано решением является потерянной один.</edu>
  <edu id="e2" lang="en">In my opinion, this statement is completely true, for these few reasons: For one thing, making a quick decision means that it's not very thought out, and that it hasn't been checked from all its aspects.</edu>
  <edu id="e2" lang="ru" trans="google">На мой взгляд, это утверждение абсолютно верно, по этим нескольким причинам: Во-первых, делая быстрое средство решения, что это не очень продуманы, и что он не был проверен со всех его аспектах.</edu>
  <edu id="e3" lang="en">Consequently, making quick decisions leads to probable bad results.</edu>
  <edu id="e3" lang="ru" trans="google">Следовательно, принятие быстрых решений приводят к вероятным плохим результатам.</edu>
  <edu id="e4" lang="en">For example: if someone decided to quit his job without really thinking about the alternative, or a plan B, he could end up being unemployed, because of his speedy decision.</edu>
  <edu id="e4" lang="ru" trans="google">Например: если кто-то решил бросить свою работу на самом деле не думать об альтернативе, или план Б, он может в конечном итоге безработных, из-за его скорейшего решения.</edu>
  <edu id="e5" lang="en">In addition, making a rushed decision could also mean that the person is missing out on a potential opportunity.</edu>
  <edu id="e5" lang="ru" trans="google">Кроме того, делая ринулись решение также может означать, что человек отсутствует на потенциальной возможности.</edu>
  <edu id="e6" lang="en">In another word, if this person had waited and thought his decision through he wouldn't have missed out on the job opening in the same firm, but at a different position.</edu>
  <edu id="e6" lang="ru" trans="google">В другом слове, если этот человек ждал и думал, что его решение через он бы не пропустил на открытии работы в одной и той же фирмы, но в другом месте.</edu>
  <edu id="e7" lang="en">Hence, he wouldn't have been unemployed.</edu>
  <edu id="e7" lang="ru" trans="google">Следовательно, он не был бы безработным.</edu>
  <edu id="e8" lang="en">Not to mention, that hasty decisions, not only goes to waste, but also, could affect the entire life of the person.</edu>
  <edu id="e8" lang="ru" trans="google">Не говоря уже, что поспешные решения, не только идет в отходы, но и, может повлиять на всю жизнь человека.</edu>
  <edu id="e9" lang="en">To put it differently, is that after this person has quit his job and became unemployed, he can no longer pay his bills nor buy what he needs for his everyday needs.</edu>
  <edu id="e9" lang="ru" trans="google">Иначе говоря, это то, что после того, как этот человек оставил свою работу и стал безработным, он больше не может платить по счетам и не покупать то, что ему нужно для его потребностей повседневной.</edu>
  <edu id="e10" lang="en">Thus, his life had taken a turn to the worst.</edu>
  <edu id="e10" lang="ru" trans="google">Таким образом, его жизнь приняла поворот к худшему.</edu>
  <edu id="e11" lang="en">As can be seen from this, is that a hurried decision is almost never a good one.</edu>
  <edu id="e11" lang="ru" trans="google">Как видно из этого, что поспешное решение почти никогда не хороший.</edu>
  <edu id="e12" lang="en">That's why one should always study his decision carefully and slowly, to ensure that the decision that the person is making is the best for him.</edu>
  <edu id="e12" lang="ru" trans="google">Вот почему нужно всегда тщательно и медленно изучать свое решение, чтобы убедиться, что решение о том, что человек делает это лучше для него.</edu>
  <adu id="a1" type="mcl"/>
  <adu id="a2" type="pro"/>
  <adu id="a3" type="pro"/>
  <adu id="a4" type="pro"/>
  <adu id="a5" type="pro"/>
  <adu id="a6" type="pro"/>
  <adu id="a7" type="pro"/>
  <adu id="a8" type="pro"/>
  <adu id="a9" type="pro"/>
  <adu id="a10" type="pro"/>
  <adu id="a11" type="mcl"/>
  <adu id="a12" type="neut"/>
  <edge id="c13" src="e1" trg="a1" type="seg"/>
  <edge id="c14" src="e2" trg="a2" type="seg"/>
  <edge id="c15" src="e3" trg="a3" type="seg"/>
  <edge id="c16" src="e4" trg="a4" type="seg"/>
  <edge id="c17" src="e5" trg="a5" type="seg"/>
  <edge id="c18" src="e6" trg="a6" type="seg"/>
  <edge id="c19" src="e7" trg="a7" type="seg"/>
  <edge id="c20" src="e8" trg="a8" type="seg"/>
  <edge id="c21" src="e9" trg="a9" type="seg"/>
  <edge id="c22" src="e10" trg="a10" type="seg"/>
  <edge id="c23" src="e11" trg="a11" type="seg"/>
  <edge id="c24" src="e12" trg="a12" type="seg"/>
  <edge id="c1" src="a2" trg="a3" type="sup"/>
  <edge id="c2" src="a3" trg="a1" type="sup"/>
  <edge id="c3" src="a3" trg="a11" type="sup"/>
  <edge id="c4" src="a4" trg="a3" type="sup"/>
  <edge id="c5" src="a5" trg="a1" type="sup"/>
  <edge id="c6" src="a5" trg="a11" type="sup"/>
  <edge id="c7" src="a6" trg="a7" type="sup"/>
  <edge id="c8" src="a7" trg="a5" type="sup"/>
  <edge id="c9" src="a8" trg="a1" type="sup"/>
  <edge id="c10" src="a8" trg="a11" type="sup"/>
  <edge id="c11" src="a9" trg="a10" type="sup"/>
  <edge id="c12" src="a10" trg="a8" type="sup"/>
</arggraph>
