<?xml version='1.0' encoding='UTF-8'?>
<arggraph id="micro_e316" stance="pro" topic_id="Universities require students to study many subjects or specialize in one subject" topic_ru="Университеты требуют, чтобы студенты изучают много предметов или специализироваться в одной теме">
  <edu id="e1" lang="en">University is the place that provides people knowledge and skills to use in their real life.</edu>
  <edu id="e1" lang="ru" trans="google">Университет является местом, которое дает людям знания и навыки для использования в их реальной жизни.</edu>
  <edu id="e2" lang="en">Some universities require students to study in one subject.</edu>
  <edu id="e2" lang="ru" trans="google">Некоторые университеты требуют от студентов учиться в одной теме.</edu>
  <edu id="e3" lang="en">On the contrary, others require students to study in several subjects.</edu>
  <edu id="e3" lang="ru" trans="google">Напротив, другие требуют от студентов для обучения в нескольких предметах.</edu>
  <edu id="e4" lang="en">In my point of view, studying many subjects is better that one.</edu>
  <edu id="e4" lang="ru" trans="google">С моей точки зрения, изучение многих предметов лучше, что один.</edu>
  <edu id="e5" lang="en">Because students can study in subjects that they interested in, they can gain knowledge more than one field and they will have more chance to choose their future.</edu>
  <edu id="e5" lang="ru" trans="google">Поскольку студенты могут обучаться по предметам, которые они заинтересованы, они могут получить знания более чем одной области, и они будут иметь больше шансов выбрать свое будущее.</edu>
  <edu id="e6" lang="en">First of all, when students finished their high schools, they are confused about subjects that they are going to choose to study in universities.</edu>
  <edu id="e6" lang="ru" trans="google">Прежде всего, когда студенты закончили вузы, они смущены о предметах, которые они собираются выбрать для обучения в университетах.</edu>
  <edu id="e7" lang="en">This is because they interested in many subjects and they want to try them all.</edu>
  <edu id="e7" lang="ru" trans="google">Это потому, что они заинтересованы во многих предметах, и они хотят, чтобы попробовать их все.</edu>
  <edu id="e8" lang="en">For example, pupil who want to study science are also like to learn music.</edu>
  <edu id="e8" lang="ru" trans="google">Например, ученик, кто хочет заниматься наукой, также как и учиться музыке.</edu>
  <edu id="e9" lang="en">Therefore, requiring students to study in many subjects is good for them.</edu>
  <edu id="e9" lang="ru" trans="google">Поэтому, требуя от студентов исследования по многим предметам, хорошо для них.</edu>
  <edu id="e10" lang="en">In addition, people who know a wide range of is better than people who know just one.</edu>
  <edu id="e10" lang="ru" trans="google">Кроме того, люди, которые знают широкий спектр лучше, чем люди, которые знают только один.</edu>
  <edu id="e11" lang="en">Students can gain more knowledge in every different subjects thy study.</edu>
  <edu id="e11" lang="ru" trans="google">Студенты могут получить больше знаний в каждом различных предметов твоих исследований.</edu>
  <edu id="e12" lang="en">For instance, university students who study business are also know history of the world.</edu>
  <edu id="e12" lang="ru" trans="google">Например, студенты университетов, исследование бизнеса также знают историю мира.</edu>
  <edu id="e13" lang="en">Furthermore, students not only gain knowledge but they also have more experience.</edu>
  <edu id="e13" lang="ru" trans="google">Кроме того, студенты получают не только знания, но они также имеют больше опыта.</edu>
  <edu id="e14" lang="en">Because they will meet new friends and teachers.</edu>
  <edu id="e14" lang="ru" trans="google">Потому что они будут встретить новых друзей и учителей.</edu>
  <edu id="e15" lang="en">Hence, they all can share opinion and knowledge to one another.</edu>
  <edu id="e15" lang="ru" trans="google">Таким образом, все они могут поделиться мнением и знаниями друг с другом.</edu>
  <edu id="e16" lang="en">Finally, students who graduated with a variety of courses during university and lots of experience are definitely have more opportunity to choose their future or career.</edu>
  <edu id="e16" lang="ru" trans="google">Наконец, студенты, окончившие с различными курсами в течение университета и большой опыт, безусловно, имеют больше возможностей для выбора своих будущих или карьеры.</edu>
  <edu id="e17" lang="en">This is because graduates can work in various kind of works which they can select a job they prefer.</edu>
  <edu id="e17" lang="ru" trans="google">Это потому, что выпускники могут работать в различного рода работ, которые они могут выбрать работу они предпочитают.</edu>
  <edu id="e18" lang="en">For example, students will choose a career that they want including the job with high salary include.</edu>
  <edu id="e18" lang="ru" trans="google">Например, студенты будут выбирать карьеру, что они хотят, включая работу с высокой зарплатой включают.</edu>
  <edu id="e19" lang="en">Moreover, bachelors can earn lots of money by working in other fields due to their knowledge.</edu>
  <edu id="e19" lang="ru" trans="google">Кроме того, бакалавры могут заработать много денег, работая в других областях из-за их знание.</edu>
  <edu id="e20" lang="en">In concluding, learning several subjects in universities is better than specialize in one subject.</edu>
  <edu id="e20" lang="ru" trans="google">В заключении, обучение нескольких предметов в университетах лучше специализироваться в одной теме.</edu>
  <edu id="e21" lang="en">Because it makes students have more chance to gain knowledge to use in their lives and opportunity to choose their own future.</edu>
  <edu id="e21" lang="ru" trans="google">Потому что это делает студенты имеют больше шансов получить знания для использования в своей жизни и возможности выбирать свое собственное будущее.</edu>
  <adu id="a1" type="neut"/>
  <adu id="a2" type="neut"/>
  <adu id="a3" type="neut"/>
  <adu id="a4" type="mcl"/>
  <adu id="a5" type="pro"/>
  <adu id="a6" type="pro"/>
  <adu id="a7" type="pro"/>
  <adu id="a8" type="pro"/>
  <adu id="a9" type="pro"/>
  <adu id="a10" type="pro"/>
  <adu id="a11" type="pro"/>
  <adu id="a12" type="pro"/>
  <adu id="a13" type="pro"/>
  <adu id="a14" type="pro"/>
  <adu id="a15" type="pro"/>
  <adu id="a16" type="pro"/>
  <adu id="a17" type="pro"/>
  <adu id="a18" type="pro"/>
  <adu id="a19" type="pro"/>
  <adu id="a20" type="mcl"/>
  <adu id="a21" type="pro"/>
  <edge id="c22" src="e1" trg="a1" type="seg"/>
  <edge id="c23" src="e2" trg="a2" type="seg"/>
  <edge id="c24" src="e3" trg="a3" type="seg"/>
  <edge id="c25" src="e4" trg="a4" type="seg"/>
  <edge id="c26" src="e5" trg="a5" type="seg"/>
  <edge id="c27" src="e6" trg="a6" type="seg"/>
  <edge id="c28" src="e7" trg="a7" type="seg"/>
  <edge id="c29" src="e8" trg="a8" type="seg"/>
  <edge id="c30" src="e9" trg="a9" type="seg"/>
  <edge id="c31" src="e10" trg="a10" type="seg"/>
  <edge id="c32" src="e11" trg="a11" type="seg"/>
  <edge id="c33" src="e12" trg="a12" type="seg"/>
  <edge id="c34" src="e13" trg="a13" type="seg"/>
  <edge id="c35" src="e14" trg="a14" type="seg"/>
  <edge id="c36" src="e15" trg="a15" type="seg"/>
  <edge id="c37" src="e16" trg="a16" type="seg"/>
  <edge id="c38" src="e17" trg="a17" type="seg"/>
  <edge id="c39" src="e18" trg="a18" type="seg"/>
  <edge id="c40" src="e19" trg="a19" type="seg"/>
  <edge id="c41" src="e20" trg="a20" type="seg"/>
  <edge id="c42" src="e21" trg="a21" type="seg"/>
  <edge id="c1" src="a5" trg="a4" type="sup"/>
  <edge id="c2" src="a5" trg="a20" type="sup"/>
  <edge id="c3" src="a6" trg="a9" type="sup"/>
  <edge id="c4" src="a7" trg="a6" type="sup"/>
  <edge id="c5" src="a8" trg="a9" type="exa"/>
  <edge id="c6" src="a9" trg="a4" type="sup"/>
  <edge id="c7" src="a9" trg="a20" type="sup"/>
  <edge id="c8" src="a10" trg="a4" type="sup"/>
  <edge id="c9" src="a10" trg="a20" type="sup"/>
  <edge id="c10" src="a11" trg="a10" type="sup"/>
  <edge id="c11" src="a12" trg="a11" type="exa"/>
  <edge id="c12" src="a13" trg="a10" type="sup"/>
  <edge id="c13" src="a14" trg="a13" type="sup"/>
  <edge id="c14" src="a15" trg="a10" type="sup"/>
  <edge id="c15" src="a16" trg="a4" type="sup"/>
  <edge id="c16" src="a16" trg="a20" type="sup"/>
  <edge id="c17" src="a17" trg="a16" type="sup"/>
  <edge id="c18" src="a18" trg="a17" type="exa"/>
  <edge id="c19" src="a19" trg="a16" type="sup"/>
  <edge id="c20" src="a21" trg="a4" type="sup"/>
  <edge id="c21" src="a21" trg="a20" type="sup"/>
</arggraph>
