<?xml version='1.0' encoding='UTF-8'?>
<arggraph id="micro_e165" stance="pro" topic_id="Traditional games or modern games in developing children's skills" topic_ru="Традиционные игры и современные игры в развитии навыков детей">
  <edu id="e1" lang="en">Games have played a key role in children's growth, especially in terms of their abilities.</edu>
  <edu id="e1" lang="ru" trans="google">Игры играют ключевую роль в росте детей, особенно с точки зрения их способностей.</edu>
  <edu id="e2" lang="en">With technological advances, children have more access to modern games currently.</edu>
  <edu id="e2" lang="ru" trans="google">С технологическими достижениями, дети имеют более широкий доступ к современным играм в настоящее время.</edu>
  <edu id="e3" lang="en">In such case, the relative importance of traditional games and modern games in children's developments of skills has become a frequent topic of discussion.</edu>
  <edu id="e3" lang="ru" trans="google">В этом случае относительная значимость традиционных игр и современных игр в детских разработках навыков стала частой темой обсуждения.</edu>
  <edu id="e4" lang="en">For me, I believe parents and educators should attach more importance to traditional games.</edu>
  <edu id="e4" lang="ru" trans="google">Для меня, я считаю, родители и педагоги должны придавать большее значение традиционных игр.</edu>
  <edu id="e5" lang="en">It is true that modern games may be, to some extent, beneficial for children to foster some skills, such as computer skills or the capacity to keep up with the latest trend.</edu>
  <edu id="e5" lang="ru" trans="google">Это правда, что современные игры могут быть, до некоторой степени, полезно для детей, чтобы стимулировать некоторые навыки, например, навыки работы с компьютером или способность идти в ногу с последними тенденциями.</edu>
  <edu id="e6" lang="en">This is because children have to be proficient at computers and the Internet if they want to join online games, which, in fact, helps children acquire a particularly powerful skill at work in future.</edu>
  <edu id="e6" lang="ru" trans="google">Это происходит потому, что дети должны быть специалистами в компьютерах и в Интернете, если они хотят присоединиться к онлайн-играм, которые, по сути, помогают детям приобрести особенно мощный навык на работе в будущем.</edu>
  <edu id="e7" lang="en">At the same time, children have the chance to experience the state-of-the-art technology, raising their awareness of innovation rather than stay conservative.</edu>
  <edu id="e7" lang="ru" trans="google">В то же время, дети имеют возможность испытать технологию внедренной, повышение их информированности инноваций, а не оставаться консервативной.</edu>
  <edu id="e8" lang="en">However, I think traditional games are still indispensible in children's learning process, even much more essential than modern games, especially in modern society.</edu>
  <edu id="e8" lang="ru" trans="google">Тем не менее, я думаю, что традиционные игры по-прежнему незаменимы в детском учебном процессе, даже гораздо более существенный, чем современные игры, особенно в современном обществе.</edu>
  <edu id="e9" lang="en">One primary merit of traditional games is that they foster children's communication skills.</edu>
  <edu id="e9" lang="ru" trans="google">Один основной заслугой традиционных игр является то, что они способствуют детские навыки общения.</edu>
  <edu id="e10" lang="en">Unlike most modern games which focus on the interactions between children and machines, traditional games provide a relaxing and enjoyable atmosphere where children can chat, laugh and cooperate face to face.</edu>
  <edu id="e10" lang="ru" trans="google">В отличии от большинства современных игр, которые сосредоточены на взаимодействии между детьми и машинами, традиционные игры обеспечивают расслабляющую и приятную атмосферу, где дети могут общаться, смеяться и сотрудничать лицом к лицу.</edu>
  <edu id="e11" lang="en">As a result, communicating with a variety of people will not be an issue for these children any more.</edu>
  <edu id="e11" lang="ru" trans="google">В результате общения с разными людьми, не будет проблемой для этих детей больше.</edu>
  <edu id="e12" lang="en">Furthermore, it is the educational functions traditional games hold that keep them alive today.</edu>
  <edu id="e12" lang="ru" trans="google">Кроме того, образовательные функции, традиционные игры держат, что держать их в живых сегодня.</edu>
  <edu id="e13" lang="en">In fact, these traditional games were elaborately devised by educators and have been proven effective in improving children's skills on different aspects in previous teaching practices.</edu>
  <edu id="e13" lang="ru" trans="google">На самом деле, эти традиционные игры были тщательно разработаны педагогами и доказали свою эффективность в улучшении навыков детей по различным аспектам в предыдущей практике обучения.</edu>
  <edu id="e14" lang="en">By contrast, modern games are developed by game companies for the purpose of profits.</edu>
  <edu id="e14" lang="ru" trans="google">Напротив, современные игры разработаны игровые компании с целью прибыли.</edu>
  <edu id="e15" lang="en">Therefore, there is a risk that children may be exposed to unhealthy contents, such as violence or pornography, arranged in the games by such companies to secure financial survival.</edu>
  <edu id="e15" lang="ru" trans="google">Таким образом, существует риск того, что дети могут подвергаться воздействию вредных содержания, таких как насилие или порнография, расположенного в играх таких компаниями, чтобы обеспечить финансовое выживание.</edu>
  <edu id="e16" lang="en">Thus, I would conclude that traditional games should be, by no means, ignored by parents and teachers with the advent of modern games.</edu>
  <edu id="e16" lang="ru" trans="google">Таким образом, я хотел бы сделать вывод, что традиционные игры должны быть, ни в коем, игнорировались родителей и учителей с появлением современных игр.</edu>
  <edu id="e17" lang="en">Only through traditional games can children be ensured a positive and healthy skills learning process.</edu>
  <edu id="e17" lang="ru" trans="google">Только с помощью традиционных игр дети могут быть обеспечен процессом обучения положительных и здоровых навыков.</edu>
  <adu id="a1" type="neut"/>
  <adu id="a2" type="neut"/>
  <adu id="a3" type="neut"/>
  <adu id="a4" type="mcl"/>
  <adu id="a5" type="opp"/>
  <adu id="a6" type="opp"/>
  <adu id="a7" type="opp"/>
  <adu id="a8" type="pro"/>
  <adu id="a9" type="pro"/>
  <adu id="a10" type="pro"/>
  <adu id="a11" type="pro"/>
  <adu id="a12" type="pro"/>
  <adu id="a13" type="pro"/>
  <adu id="a14" type="pro"/>
  <adu id="a15" type="pro"/>
  <adu id="a16" type="mcl"/>
  <adu id="a17" type="pro"/>
  <edge id="c17" src="e1" trg="a1" type="seg"/>
  <edge id="c18" src="e2" trg="a2" type="seg"/>
  <edge id="c19" src="e3" trg="a3" type="seg"/>
  <edge id="c20" src="e4" trg="a4" type="seg"/>
  <edge id="c21" src="e5" trg="a5" type="seg"/>
  <edge id="c22" src="e6" trg="a6" type="seg"/>
  <edge id="c23" src="e7" trg="a7" type="seg"/>
  <edge id="c24" src="e8" trg="a8" type="seg"/>
  <edge id="c25" src="e9" trg="a9" type="seg"/>
  <edge id="c26" src="e10" trg="a10" type="seg"/>
  <edge id="c27" src="e11" trg="a11" type="seg"/>
  <edge id="c28" src="e12" trg="a12" type="seg"/>
  <edge id="c29" src="e13" trg="a13" type="seg"/>
  <edge id="c30" src="e14" trg="a14" type="seg"/>
  <edge id="c31" src="e15" trg="a15" type="seg"/>
  <edge id="c32" src="e16" trg="a16" type="seg"/>
  <edge id="c33" src="e17" trg="a17" type="seg"/>
  <edge id="c1" src="a5" trg="a4" type="reb"/>
  <edge id="c2" src="a5" trg="a16" type="reb"/>
  <edge id="c3" src="a6" trg="a5" type="sup"/>
  <edge id="c4" src="a7" trg="a5" type="sup"/>
  <edge id="c5" src="a8" trg="a4" type="sup"/>
  <edge id="c6" src="a8" trg="a16" type="sup"/>
  <edge id="c7" src="a9" trg="a8" type="sup"/>
  <edge id="c8" src="a10" trg="a11" type="sup"/>
  <edge id="c9" src="a11" trg="a9" type="sup"/>
  <edge id="c10" src="a12" trg="a4" type="sup"/>
  <edge id="c11" src="a12" trg="a16" type="sup"/>
  <edge id="c12" src="a13" trg="a12" type="sup"/>
  <edge id="c13" src="a14" trg="a15" type="sup"/>
  <edge id="c14" src="a15" trg="a12" type="sup"/>
  <edge id="c15" src="a17" trg="a4" type="sup"/>
  <edge id="c16" src="a17" trg="a16" type="sup"/>
</arggraph>
