<?xml version='1.0' encoding='UTF-8'?>
<arggraph id="micro_e282" stance="pro" topic_id="Easy preparation of food leads to a better life" topic_ru="Простота приготовления пищи приводит к лучшей жизни">
  <edu id="e1" lang="en">The Technology has developed a lot.</edu>
  <edu id="e1" lang="ru" trans="google">Technology разработала много.</edu>
  <edu id="e2" lang="en">With that development, food can be prepared more easily and it can taste a lot better than it used to.</edu>
  <edu id="e2" lang="ru" trans="google">С этой разработки, продукты питания могут быть получены более легко, и он может попробовать себя намного лучше, чем раньше.</edu>
  <edu id="e3" lang="en">With that change, people's lives are a lot better for several reasons.</edu>
  <edu id="e3" lang="ru" trans="google">С учетом этого изменения жизни людей являются намного лучше по нескольким причинам.</edu>
  <edu id="e4" lang="en">Some good reasons are about having more time and being able to prepare better food without being a good cook.</edu>
  <edu id="e4" lang="ru" trans="google">Некоторые причины хороших около иметь больше времени и возможность готовить лучшую пищу, не будучи хорошим поваром.</edu>
  <edu id="e5" lang="en">Firstly, people normally have lots of things to do.</edu>
  <edu id="e5" lang="ru" trans="google">Во-первых, люди, как правило, имеют много вещей, чтобы сделать.</edu>
  <edu id="e6" lang="en">Because of that, they don't have much time to spend in the kitchen.</edu>
  <edu id="e6" lang="ru" trans="google">Из-за того, что они не имеют много времени, чтобы тратить на кухне.</edu>
  <edu id="e7" lang="en">But being able to prepare a tasty food just putting it into the microwave or into the oven is awesome.</edu>
  <edu id="e7" lang="ru" trans="google">Но, будучи в состоянии приготовить вкусную пищу просто положить его в микроволновую печь или в духовку является удивительным.</edu>
  <edu id="e8" lang="en">For example, if an engineer needs to make a project, but he needs to deliver it tomorrow, he could save hours preparing a food with the microwave instead of cooking everything from scratch.</edu>
  <edu id="e8" lang="ru" trans="google">Например, если инженер должен сделать проект, но он должен доставить его завтра, он может сэкономить часы приготовления пищи с микроволновой печью, а не варить все с нуля.</edu>
  <edu id="e9" lang="en">Secondly, when someone wants to prepare a good food alone for some reason, some time ago he / she would need to be a very good cook to prepare that food, but nowadays is very easy to prepare a healthy and tasty food.</edu>
  <edu id="e9" lang="ru" trans="google">Во-вторых, когда кто-то хочет, чтобы подготовить хорошую пищу в одиночку по некоторым причинам, некоторое время назад он / она должен был бы быть очень хорошим поваром, чтобы приготовить эту еду, но в настоящее время очень легко готовить здоровую и вкусную пищу.</edu>
  <edu id="e10" lang="en">For example, if a guy wants to prepare a dinner to his girlfriend, he could just buy some food that comes with instructions.</edu>
  <edu id="e10" lang="ru" trans="google">Например, если парень хочет приготовить обед к своей подруге, он мог бы просто купить еду, которая поставляется с инструкциями.</edu>
  <edu id="e11" lang="en">Normally you just need to put it into the oven and wait some time.</edu>
  <edu id="e11" lang="ru" trans="google">Обычно нужно просто поставить его в духовку и подождать некоторое время.</edu>
  <edu id="e12" lang="en">All in all, that ease to prepare food has improved people's lives.</edu>
  <edu id="e12" lang="ru" trans="google">В целом, эта легкость для приготовления пищи улучшилась жизнь людей.</edu>
  <edu id="e13" lang="en">And that happened mainly because of the development of the technology.</edu>
  <edu id="e13" lang="ru" trans="google">И это произошло в основном из-за развития технологий.</edu>
  <edu id="e14" lang="en">But people should be careful with what they eat.</edu>
  <edu id="e14" lang="ru" trans="google">Но люди должны быть осторожны с тем, что они едят.</edu>
  <edu id="e15" lang="en">Because some industrial foods are very bad for their health.</edu>
  <edu id="e15" lang="ru" trans="google">Поскольку некоторые промышленные продукты очень вредны для их здоровья.</edu>
  <edu id="e16" lang="en">So they should buy only food from well known brands.</edu>
  <edu id="e16" lang="ru" trans="google">Таким образом, они должны покупать только еду из хорошо известных брендов.</edu>
  <adu id="a1" type="neut"/>
  <adu id="a2" type="neut"/>
  <adu id="a3" type="neut"/>
  <adu id="a4" type="neut"/>
  <adu id="a5" type="pro"/>
  <adu id="a6" type="pro"/>
  <adu id="a7" type="pro"/>
  <adu id="a8" type="pro"/>
  <adu id="a9" type="pro"/>
  <adu id="a10" type="pro"/>
  <adu id="a11" type="pro"/>
  <adu id="a12" type="mcl"/>
  <adu id="a13" type="neut"/>
  <adu id="a14" type="opp"/>
  <adu id="a15" type="opp"/>
  <adu id="a16" type="opp"/>
  <edge id="c11" src="e1" trg="a1" type="seg"/>
  <edge id="c12" src="e2" trg="a2" type="seg"/>
  <edge id="c13" src="e3" trg="a3" type="seg"/>
  <edge id="c14" src="e4" trg="a4" type="seg"/>
  <edge id="c15" src="e5" trg="a5" type="seg"/>
  <edge id="c16" src="e6" trg="a6" type="seg"/>
  <edge id="c17" src="e7" trg="a7" type="seg"/>
  <edge id="c18" src="e8" trg="a8" type="seg"/>
  <edge id="c19" src="e9" trg="a9" type="seg"/>
  <edge id="c20" src="e10" trg="a10" type="seg"/>
  <edge id="c21" src="e11" trg="a11" type="seg"/>
  <edge id="c22" src="e12" trg="a12" type="seg"/>
  <edge id="c23" src="e13" trg="a13" type="seg"/>
  <edge id="c24" src="e14" trg="a14" type="seg"/>
  <edge id="c25" src="e15" trg="a15" type="seg"/>
  <edge id="c26" src="e16" trg="a16" type="seg"/>
  <edge id="c1" src="a5" trg="a6" type="sup"/>
  <edge id="c2" src="a6" trg="a7" type="sup"/>
  <edge id="c3" src="a7" trg="a12" type="sup"/>
  <edge id="c4" src="a8" trg="a7" type="exa"/>
  <edge id="c5" src="a9" trg="a12" type="sup"/>
  <edge id="c6" src="a10" trg="a9" type="exa"/>
  <edge id="c7" src="a11" trg="a9" type="sup"/>
  <edge id="c8" src="a14" trg="a12" type="reb"/>
  <edge id="c9" src="a15" trg="a16" type="sup"/>
  <edge id="c10" src="a16" trg="a14" type="sup"/>
</arggraph>
