<?xml version='1.0' encoding='UTF-8'?>
<arggraph id="micro_e361" stance="pro" topic_id="Working Extended hours should restricted" topic_ru="Рабочие расширенные часы должны ограничиваться">
  <edu id="e1" lang="en">Working longer hours is becoming prevalent in these days.</edu>
  <edu id="e1" lang="ru" trans="google">Работая дольше становится все распространенным в эти дни.</edu>
  <edu id="e2" lang="en">There is a saying in my native village, " Health is Wealth ".</edu>
  <edu id="e2" lang="ru" trans="google">Существует поговорка, в моем родном селе, «Здоровье это богатство».</edu>
  <edu id="e3" lang="en">I believe many of people including me are not really considering the importance of health.</edu>
  <edu id="e3" lang="ru" trans="google">Я считаю, что многие из людей, включая меня, на самом деле не принимая во внимание важности здоровья.</edu>
  <edu id="e4" lang="en">The need for increased working hours might be because of enhanced competitive environment and desire to acquire much money and promotion.</edu>
  <edu id="e4" lang="ru" trans="google">Необходимость увеличения рабочего времени может быть из-за повышенную конкурентную среду и желание получить много денег и продвижения.</edu>
  <edu id="e5" lang="en">However, people working for extended hours have been found having adverse effects on their health and personal life.</edu>
  <edu id="e5" lang="ru" trans="google">Тем не менее, люди, работающие в течение длительного часов было обнаружено оказывающих неблагоприятное воздействие на их здоровье и личной жизни.</edu>
  <edu id="e6" lang="en">In my opinion, a balance between personal and professional life should be created by restricting maximum number of working hours.</edu>
  <edu id="e6" lang="ru" trans="google">На мой взгляд, баланс между личной и профессиональной жизни должны быть созданы путем ограничения максимального количества рабочих часов.</edu>
  <edu id="e7" lang="en">First of all, many of us would agree to the fact that people; who prefer working longer hours, do not find time to focus on their health.</edu>
  <edu id="e7" lang="ru" trans="google">Прежде всего, многие из нас согласятся с тем, что люди; которые предпочитают работать дольше, не находят времени, чтобы сосредоточиться на своем здоровье.</edu>
  <edu id="e8" lang="en">By working too long, they often become tired, lazy and reluctant to carry out physical exercise in order to remain fit and healthy and eventually loose health and become sick.</edu>
  <edu id="e8" lang="ru" trans="google">Работая слишком долго, они часто устают, ленивы и не хотят выполнять физические упражнения, чтобы оставаться здоровым и в конечном итоге потерять здоровье и стать больными.</edu>
  <edu id="e9" lang="en">Moreover, they become extensively addicted to their work and become workaholic type persons.</edu>
  <edu id="e9" lang="ru" trans="google">Более того, они стали широко пристрастились к своей работе и стать трудоголиком типа лицом.</edu>
  <edu id="e10" lang="en">The repercussion are so severe that their families and friends remain deprived off their attention and in the end they end up losing balance between their family and personal life.</edu>
  <edu id="e10" lang="ru" trans="google">Отголосок настолько суров, что их семья и друзья, по-прежнему лишены от их вниманий и в конце концов, они в конечном итоге потери баланса между семьей и личной жизнью.</edu>
  <edu id="e11" lang="en">Secondly, these workaholic people do not spend time for the contribution of society by actively participating in any social campaign.</edu>
  <edu id="e11" lang="ru" trans="google">Во-вторых, эти трудоголик люди не тратить время на вклад общества путем активного участия в какой-либо социальной кампании.</edu>
  <edu id="e12" lang="en">As they usually remain busy in their office.</edu>
  <edu id="e12" lang="ru" trans="google">Поскольку они, как правило, остаются заняты в их офисе.</edu>
  <edu id="e13" lang="en">So they do not find leisure time for such social activities.</edu>
  <edu id="e13" lang="ru" trans="google">Таким образом, они не находят свободное время для таких общественных мероприятий.</edu>
  <edu id="e14" lang="en">For instance, I would take my boss's example; he has been working for extended hours in office for many years.</edu>
  <edu id="e14" lang="ru" trans="google">Например, я хотел бы взять пример моего босса; он работал в течение длительных часов в офисе в течение многих лет.</edu>
  <edu id="e15" lang="en">Recently, his health and personal life was drastically affected as he broke up with his wife and his family life has totally been in chaos and cries.</edu>
  <edu id="e15" lang="ru" trans="google">В последнее время его здоровье и личная жизнь коренным образом повлияли, как он расстался со своей женой, и его семейная жизнь полностью был в хаосе и криках.</edu>
  <edu id="e16" lang="en">He started regretting afterwards and now trying to manage his work but it seems to be too late for him.</edu>
  <edu id="e16" lang="ru" trans="google">Он начал сожалеть потом, а теперь пытается управлять его работой, но это, кажется, слишком поздно для него.</edu>
  <edu id="e17" lang="en">To conclude this, I would strongly emphasis and recommend, Government must include the clause of maximum number of working hours in its Labor Law and enforce to all companies for ensuring their employees do not spend extended hours in companies.</edu>
  <edu id="e17" lang="ru" trans="google">В заключении этого, я бы настоятельно внимание и рекомендовать, правительство должно включать в себя положение максимального количества рабочих часов в Законе о труде и обеспечивать все компании для обеспечения их сотрудники не проводят расширенные часы в компаниях.</edu>
  <edu id="e18" lang="en">This will help in uplift of society, and bring the lost equilibrium between personal and professional life of each individual person.</edu>
  <edu id="e18" lang="ru" trans="google">Это поможет в поднятии общества и привести утраченное равновесие между личной и профессиональной жизнью каждого отдельного человека.</edu>
  <adu id="a1" type="neut"/>
  <adu id="a2" type="neut"/>
  <adu id="a3" type="neut"/>
  <adu id="a4" type="neut"/>
  <adu id="a5" type="pro"/>
  <adu id="a6" type="mcl"/>
  <adu id="a7" type="pro"/>
  <adu id="a8" type="pro"/>
  <adu id="a9" type="pro"/>
  <adu id="a10" type="pro"/>
  <adu id="a11" type="pro"/>
  <adu id="a12" type="pro"/>
  <adu id="a13" type="pro"/>
  <adu id="a14" type="pro"/>
  <adu id="a15" type="pro"/>
  <adu id="a16" type="pro"/>
  <adu id="a17" type="mcl"/>
  <adu id="a18" type="pro"/>
  <edge id="c17" src="e1" trg="a1" type="seg"/>
  <edge id="c18" src="e2" trg="a2" type="seg"/>
  <edge id="c19" src="e3" trg="a3" type="seg"/>
  <edge id="c20" src="e4" trg="a4" type="seg"/>
  <edge id="c21" src="e5" trg="a5" type="seg"/>
  <edge id="c22" src="e6" trg="a6" type="seg"/>
  <edge id="c23" src="e7" trg="a7" type="seg"/>
  <edge id="c24" src="e8" trg="a8" type="seg"/>
  <edge id="c25" src="e9" trg="a9" type="seg"/>
  <edge id="c26" src="e10" trg="a10" type="seg"/>
  <edge id="c27" src="e11" trg="a11" type="seg"/>
  <edge id="c28" src="e12" trg="a12" type="seg"/>
  <edge id="c29" src="e13" trg="a13" type="seg"/>
  <edge id="c30" src="e14" trg="a14" type="seg"/>
  <edge id="c31" src="e15" trg="a15" type="seg"/>
  <edge id="c32" src="e16" trg="a16" type="seg"/>
  <edge id="c33" src="e17" trg="a17" type="seg"/>
  <edge id="c34" src="e18" trg="a18" type="seg"/>
  <edge id="c1" src="a5" trg="a6" type="sup"/>
  <edge id="c2" src="a5" trg="a17" type="sup"/>
  <edge id="c3" src="a7" trg="a6" type="sup"/>
  <edge id="c4" src="a7" trg="a17" type="sup"/>
  <edge id="c5" src="a8" trg="a7" type="sup"/>
  <edge id="c6" src="a9" trg="a7" type="sup"/>
  <edge id="c7" src="a10" trg="a7" type="sup"/>
  <edge id="c8" src="a11" trg="a6" type="sup"/>
  <edge id="c9" src="a11" trg="a17" type="sup"/>
  <edge id="c10" src="a12" trg="a13" type="sup"/>
  <edge id="c11" src="a13" trg="a11" type="sup"/>
  <edge id="c12" src="a14" trg="a11" type="exa"/>
  <edge id="c13" src="a15" trg="a11" type="sup"/>
  <edge id="c14" src="a16" trg="a11" type="sup"/>
  <edge id="c15" src="a18" trg="a6" type="sup"/>
  <edge id="c16" src="a18" trg="a17" type="sup"/>
</arggraph>
