<?xml version='1.0' encoding='UTF-8'?>
<arggraph id="micro_e234" stance="pro" topic_id="Old buildings should be preserved" topic_ru="Старые здания должны быть сохранены">
  <edu id="e1" lang="en">The preservation of old buildings always is a large question for governments because conflict between the issues of housing for citizens and the protection of our culture.</edu>
  <edu id="e1" lang="ru" trans="google">Сохранение старых зданий всегда является большим вопросом для правительства, потому что конфликт между вопросами жилья для граждан и защитой нашей культуры.</edu>
  <edu id="e2" lang="en">In my opinion, all of the old building which contribute to our sense of culture should be conserved.</edu>
  <edu id="e2" lang="ru" trans="google">На мой взгляд, все старые здания, которые способствуют нашему чувству культуры должны быть сохранены.</edu>
  <edu id="e3" lang="en">There are different reasons which persuade that people should not restore old buildings.</edu>
  <edu id="e3" lang="ru" trans="google">Существуют различные причины, которые убедят, что люди не должны восстановить старые здания.</edu>
  <edu id="e4" lang="en">As a result of the rapid urbanization process, in which rural people must go to urban centers to look for job opportunities, the question of the preservation of old buildings has become more pressing.</edu>
  <edu id="e4" lang="ru" trans="google">В результате быстрого процесса урбанизации, в которой сельские люди должны идти в городские центры, чтобы искать возможности трудоустройства, вопрос о сохранении старых зданий стал еще более насущным.</edu>
  <edu id="e5" lang="en">Because of that need, governments can construct more accommodation instead of preserving old buildings.</edu>
  <edu id="e5" lang="ru" trans="google">Из-за этой потребности, правительства могут построить еще жилье вместо сохранения старых зданий.</edu>
  <edu id="e6" lang="en">Besides that, the preservation is very expensive because all components of old buildings have historical values.</edu>
  <edu id="e6" lang="ru" trans="google">Кроме того, сохранение очень дорого, так как все компоненты старых зданий имеют исторические ценности.</edu>
  <edu id="e7" lang="en">Old buildings are an essential part of history.</edu>
  <edu id="e7" lang="ru" trans="google">Старые здания являются неотъемлемой частью истории.</edu>
  <edu id="e8" lang="en">Tourist often decide to discover the culture of a country when they visit through those old buildings.</edu>
  <edu id="e8" lang="ru" trans="google">Турист часто решает открыть культуру страны, когда они посещают через эти старые здания.</edu>
  <edu id="e9" lang="en">Therefore, managers of cities can earn more money from the attraction provided by old buildings and that amount can be spent on their conservation.</edu>
  <edu id="e9" lang="ru" trans="google">Таким образом, руководители городов могут заработать больше денег от привлечения при условии старых зданий и эта сумма может быть потрачены на их сохранении.</edu>
  <edu id="e10" lang="en">Furthermore, the preservation of old buildings is also a ways to conserve our culture and everyone can learn much from them.</edu>
  <edu id="e10" lang="ru" trans="google">Кроме того, сохранение старых зданий также способы сохраняющие нашу культуру и каждый может многому научиться у них.</edu>
  <edu id="e11" lang="en">Old buildings should be used as the culture museums and provide accommodation with more convenient for people who live there.</edu>
  <edu id="e11" lang="ru" trans="google">Старые здания должны быть использованы в качестве музеев культуры и обеспечить размещение более удобным для людей, которые там живут.</edu>
  <edu id="e12" lang="en">Many cities have development strategies as a city contains both unique and modern beauty, and that preservation help to finish half of work.</edu>
  <edu id="e12" lang="ru" trans="google">Во многих городах есть стратегии развития как город содержит как уникальную и современную красоту, и что сохранение помощи, чтобы закончить половину работы.</edu>
  <edu id="e13" lang="en">, both of those view have strong arguments: the need for housing or the expense of restoration contrast with our desire to conserve culture and attract tourism.</edu>
  <edu id="e13" lang="ru" trans="google">Оба этого зрение имеет веские аргументы: необходимость в жилье или расход восстановления контраста с нашим стремлением к консервной культуре и привлечению туризма.</edu>
  <edu id="e14" lang="en">So I think we should restore those building because.</edu>
  <edu id="e14" lang="ru" trans="google">Так что я думаю, что мы должны восстановить эти здания, потому что.</edu>
  <edu id="e15" lang="en">old buildings process the most outstanding feature of areas which contain them.</edu>
  <edu id="e15" lang="ru" trans="google">старые здания обрабатывать наиболее примечательную особенность областей, которые их содержат.</edu>
  <adu id="a1" type="neut"/>
  <adu id="a2" type="mcl"/>
  <adu id="a3" type="neut"/>
  <adu id="a4" type="opp"/>
  <adu id="a5" type="opp"/>
  <adu id="a6" type="opp"/>
  <adu id="a7" type="pro"/>
  <adu id="a8" type="pro"/>
  <adu id="a9" type="pro"/>
  <adu id="a10" type="pro"/>
  <adu id="a11" type="pro"/>
  <adu id="a12" type="pro"/>
  <adu id="a13" type="neut"/>
  <adu id="a14" type="mcl"/>
  <adu id="a15" type="pro"/>
  <edge id="c16" src="e1" trg="a1" type="seg"/>
  <edge id="c17" src="e2" trg="a2" type="seg"/>
  <edge id="c18" src="e3" trg="a3" type="seg"/>
  <edge id="c19" src="e4" trg="a4" type="seg"/>
  <edge id="c20" src="e5" trg="a5" type="seg"/>
  <edge id="c21" src="e6" trg="a6" type="seg"/>
  <edge id="c22" src="e7" trg="a7" type="seg"/>
  <edge id="c23" src="e8" trg="a8" type="seg"/>
  <edge id="c24" src="e9" trg="a9" type="seg"/>
  <edge id="c25" src="e10" trg="a10" type="seg"/>
  <edge id="c26" src="e11" trg="a11" type="seg"/>
  <edge id="c27" src="e12" trg="a12" type="seg"/>
  <edge id="c28" src="e13" trg="a13" type="seg"/>
  <edge id="c29" src="e14" trg="a14" type="seg"/>
  <edge id="c30" src="e15" trg="a15" type="seg"/>
  <edge id="c1" src="a4" trg="a5" type="sup"/>
  <edge id="c2" src="a5" trg="a2" type="reb"/>
  <edge id="c3" src="a5" trg="a14" type="reb"/>
  <edge id="c4" src="a6" trg="a5" type="sup"/>
  <edge id="c5" src="a7" trg="a9" type="sup"/>
  <edge id="c6" src="a8" trg="a9" type="sup"/>
  <edge id="c7" src="a9" trg="a2" type="sup"/>
  <edge id="c8" src="a9" trg="a14" type="sup"/>
  <edge id="c9" src="a10" trg="a11" type="sup"/>
  <edge id="c10" src="a11" trg="a2" type="sup"/>
  <edge id="c11" src="a11" trg="a14" type="sup"/>
  <edge id="c12" src="a12" trg="a2" type="sup"/>
  <edge id="c13" src="a12" trg="a14" type="sup"/>
  <edge id="c14" src="a15" trg="a2" type="sup"/>
  <edge id="c15" src="a15" trg="a14" type="sup"/>
</arggraph>
