<?xml version='1.0' encoding='UTF-8'?>
<arggraph id="micro_e60" stance="pro" topic_id="Protect animals or not ?" topic_ru="Защита животных или нет?">
  <edu id="e1" lang="en">Many animals today are in danger of extinction owing to various reasons.</edu>
  <edu id="e1" lang="ru" trans="google">Многие животные сегодня находятся под угрозой исчезновения вследствие различных причин.</edu>
  <edu id="e2" lang="en">While some people believe it is important to protect these endangered species, others argue that problems of human beings deserve more attention.</edu>
  <edu id="e2" lang="ru" trans="google">В то время как некоторые люди считают, что очень важно, чтобы защитить эти вымирающие виды, другие утверждают, что проблемы человека заслуживают большего внимания.</edu>
  <edu id="e3" lang="en">In my opinion, we should give priority to our own issues.</edu>
  <edu id="e3" lang="ru" trans="google">На моем взгляде, мы должны отдавать приоритет наших собственных проблемам.</edu>
  <edu id="e4" lang="en">Animal protectionists may base their argument on the ground that biodiversity is essential to maintain the balance of ecosystem.</edu>
  <edu id="e4" lang="ru" trans="google">протекционисты животных могут основывать свои доводы на том основании, что биоразнообразие имеет важное значение для поддержания баланса экосистемы.</edu>
  <edu id="e5" lang="en">If certain species are absent from this system, such kind of balance is likely to be disrupted and other species, including human beings, will come under threat.</edu>
  <edu id="e5" lang="ru" trans="google">Если некоторые виды отсутствуют из этой системы, такого рода баланс, вероятно, будет нарушена, и другие виды, включая человека, окажется под угрозой.</edu>
  <edu id="e6" lang="en">Therefore, it is our responsibility to keep as many species on the Earth as possible.</edu>
  <edu id="e6" lang="ru" trans="google">Таким образом, это наша обязанность, чтобы сохранить как много видов на Земле, как это возможно.</edu>
  <edu id="e7" lang="en">However, I think species extinction is quite natural according to the theory of evolution.</edu>
  <edu id="e7" lang="ru" trans="google">Тем не менее, я думаю, что исчезновение видов вполне естественно, в соответствии с теорией эволюции.</edu>
  <edu id="e8" lang="en">The environment on the Earth has been transformed many times since the first species came into being.</edu>
  <edu id="e8" lang="ru" trans="google">Среда на Земле была преобразована во много раз, так как первый вид пришел в бытие.</edu>
  <edu id="e9" lang="en">A great number of plants and animals died out.</edu>
  <edu id="e9" lang="ru" trans="google">Большое количество растений и животных вымерло.</edu>
  <edu id="e10" lang="en">Because they were unable to fit into the new environment.</edu>
  <edu id="e10" lang="ru" trans="google">Потому что они не смогли вписаться в новую среду.</edu>
  <edu id="e11" lang="en">On most occasions, the process of extinction of some species is irrevocable and we can do nothing about it.</edu>
  <edu id="e11" lang="ru" trans="google">В большинстве случаев, процесс исчезновения некоторых видов является необратимым, и мы ничего не можем сделать об этом.</edu>
  <edu id="e12" lang="en">Furthermore, human beings nowadays are still faced with many urgent problems such as starvation, disease and wars.</edu>
  <edu id="e12" lang="ru" trans="google">Кроме того, люди в настоящее время по-прежнему сталкивается со многими насущными проблемами, такими как голод, болезнь и война.</edu>
  <edu id="e13" lang="en">When these problems are taken into account, extinction of some animals recedes greatly in importance and it is not sensible to devote our limited resources to animals that have been past help.</edu>
  <edu id="e13" lang="ru" trans="google">Когда эти проблемы будут приняты во внимание, исчезновение некоторых животных значительно отступает по важности, и это не имеет смысла, чтобы направить наши ограниченные ресурсы для животных, которые были в прошлом помощи.</edu>
  <edu id="e14" lang="en">We should put our own survival and sustainment in order first before considering the conservation of other species.</edu>
  <edu id="e14" lang="ru" trans="google">Мы должны поставить наше собственное выживание и самообеспечение, чтобы первый, прежде чем рассматривать сохранение других видов.</edu>
  <edu id="e15" lang="en">In conclusion, more emphasis should be laid on human beings other than animals, and it is better to let nature take its course with regard to species extinction.</edu>
  <edu id="e15" lang="ru" trans="google">В заключение, больший акцент должен быть сделан на других животных, чем людей, и это лучше позволить природе идти своим чередом в отношении исчезновения видов.</edu>
  <adu id="a1" type="neut"/>
  <adu id="a2" type="neut"/>
  <adu id="a3" type="mcl"/>
  <adu id="a4" type="pro"/>
  <adu id="a5" type="pro"/>
  <adu id="a6" type="pro"/>
  <adu id="a7" type="pro"/>
  <adu id="a8" type="pro"/>
  <adu id="a9" type="pro"/>
  <adu id="a10" type="pro"/>
  <adu id="a11" type="pro"/>
  <adu id="a12" type="pro"/>
  <adu id="a13" type="pro"/>
  <adu id="a14" type="pro"/>
  <adu id="a15" type="mcl"/>
  <edge id="c15" src="e1" trg="a1" type="seg"/>
  <edge id="c16" src="e2" trg="a2" type="seg"/>
  <edge id="c17" src="e3" trg="a3" type="seg"/>
  <edge id="c18" src="e4" trg="a4" type="seg"/>
  <edge id="c19" src="e5" trg="a5" type="seg"/>
  <edge id="c20" src="e6" trg="a6" type="seg"/>
  <edge id="c21" src="e7" trg="a7" type="seg"/>
  <edge id="c22" src="e8" trg="a8" type="seg"/>
  <edge id="c23" src="e9" trg="a9" type="seg"/>
  <edge id="c24" src="e10" trg="a10" type="seg"/>
  <edge id="c25" src="e11" trg="a11" type="seg"/>
  <edge id="c26" src="e12" trg="a12" type="seg"/>
  <edge id="c27" src="e13" trg="a13" type="seg"/>
  <edge id="c28" src="e14" trg="a14" type="seg"/>
  <edge id="c29" src="e15" trg="a15" type="seg"/>
  <edge id="c1" src="a4" trg="a6" type="sup"/>
  <edge id="c2" src="a5" trg="a6" type="sup"/>
  <edge id="c3" src="a6" trg="a3" type="sup"/>
  <edge id="c4" src="a6" trg="a15" type="sup"/>
  <edge id="c5" src="a7" trg="a3" type="sup"/>
  <edge id="c6" src="a7" trg="a15" type="sup"/>
  <edge id="c7" src="a8" trg="a7" type="sup"/>
  <edge id="c8" src="a9" trg="a7" type="sup"/>
  <edge id="c9" src="a10" trg="a9" type="sup"/>
  <edge id="c10" src="a11" trg="a7" type="sup"/>
  <edge id="c11" src="a12" trg="a14" type="sup"/>
  <edge id="c12" src="a13" trg="a14" type="sup"/>
  <edge id="c13" src="a14" trg="a3" type="sup"/>
  <edge id="c14" src="a14" trg="a15" type="sup"/>
</arggraph>
