<?xml version='1.0' encoding='UTF-8'?>
<arggraph id="micro_e359" stance="pro" topic_id="Discuss both harms and good of advertising and give your opinion" topic_ru="Обсудите оба вред и пользу рекламы и высказать свое мнение">
  <edu id="e1" lang="en">On these days, with the assistance of advertisement, people easily purchase the best products with detailed information and instruction for their requirement.</edu>
  <edu id="e1" lang="ru" trans="google">В эти дни, с помощью рекламы, люди легко приобрести самые лучшие продукты с подробной информацией и инструкциями по их требованию.</edu>
  <edu id="e2" lang="en">Although some people claim that the advantages of advertising are outweigh the advantages, I believe that advertisement bring more benefits than harms to our lives.</edu>
  <edu id="e2" lang="ru" trans="google">Хотя некоторые люди утверждают, что преимущества рекламы перевешивают преимущества, я считаю, что реклама принесет больше пользы, чем вред, в нашу жизнь.</edu>
  <edu id="e3" lang="en">On the one hand, it is clear that most advertisements so exaggerate the quality of their products that they often ignore some negative effects of what they sell.</edu>
  <edu id="e3" lang="ru" trans="google">С одной стороны, очевидно, что большинство рекламных объявлений так преувеличивать качество своей продукции, что они часто игнорируют некоторые негативные последствия того, что они продают.</edu>
  <edu id="e4" lang="en">In addition to this, all of things are advertised as the best ones result in the confusing for users in picking out the most suitable goods.</edu>
  <edu id="e4" lang="ru" trans="google">В дополнение к этому, все вещи рекламируются как лучшие из них приводят в заблуждение пользователей, выбирая наиболее подходящий товар.</edu>
  <edu id="e5" lang="en">For example, some kinds of shampoo, namely Sunsilk, Clear, Dove are publicized as magic items to recreate injured hair with the number of other benefits.</edu>
  <edu id="e5" lang="ru" trans="google">Например, некоторые виды шампуней, а именно Sunsilk, Clear, Dove оглашаются в качестве магических предметов, чтобы восстановить поврежденные волосы с рядом других преимуществ.</edu>
  <edu id="e6" lang="en">However, the fact is that not all customers are satisfied with what they bought under the introduction from advertisement.</edu>
  <edu id="e6" lang="ru" trans="google">Однако, тот факт, что не все клиенты удовлетворены тем, что они купили под введением от рекламы.</edu>
  <edu id="e7" lang="en">On the other hand, it is undeniable fact that advertising market gives lots of working opportunities from producers, writers to models and cameramen for all of people as long as their qualification adapt to the demands.</edu>
  <edu id="e7" lang="ru" trans="google">С другой стороны, нельзя отрицать тот факт, что рынок рекламы дает много рабочих возможности от производителей, писатели моделей и операторов для всех людей, пока их квалификации адаптироваться к требованиям.</edu>
  <edu id="e8" lang="en">Moreover, advertisement enables to support users in getting accustomed to enterprises and know thoroughly items sold from these producers.</edu>
  <edu id="e8" lang="ru" trans="google">Кроме того, реклама позволяет поддерживать пользователь в привыкают предприятия и досконально знает проданные детали от этих производителей.</edu>
  <edu id="e9" lang="en">Take Coca cola for an example, this drinking firm is well-known as one of companies invested a major part of their money in advertising.</edu>
  <edu id="e9" lang="ru" trans="google">Возьмите кока колу для примера, это питьевая фирма хорошо известна как одна из компаний инвестировали большую часть своих денег в рекламе.</edu>
  <edu id="e10" lang="en">No wonder why this drinking title becomes more and more familiar with customers around the world.</edu>
  <edu id="e10" lang="ru" trans="google">Не удивительно, почему это название питьевой становится все больше и больше знакомы с клиентами по всему миру.</edu>
  <edu id="e11" lang="en">Last but not least, online advertisement is one of the easiest approaches due to their potential gains such as cheaper cost, convenience and easily observing.</edu>
  <edu id="e11" lang="ru" trans="google">Последнее, но не менее, он-лайн реклама является одним из самых простых подходов в связи с их потенциальной выгоды, такие как более дешевой стоимости, удобства и легко наблюдения.</edu>
  <edu id="e12" lang="en">To sum up, everything has its own gains and losses and advertisement is not an exception.</edu>
  <edu id="e12" lang="ru" trans="google">Подводя итог, все имеет свои собственные прибыли и убытки, и реклама не является исключением.</edu>
  <edu id="e13" lang="en">From my point of view, advertising will be better if producers and advertisers are more honest in producing advertisements to give people the general view on one product.</edu>
  <edu id="e13" lang="ru" trans="google">С моей точки зрения, реклама будет лучше, если производители и рекламодатели более честны в производстве рекламы, чтобы дать людям общее представление о одном продукте.</edu>
  <adu id="a1" type="neut"/>
  <adu id="a2" type="mcl"/>
  <adu id="a3" type="opp"/>
  <adu id="a4" type="opp"/>
  <adu id="a5" type="opp"/>
  <adu id="a6" type="opp"/>
  <adu id="a7" type="opp"/>
  <adu id="a8" type="opp"/>
  <adu id="a9" type="opp"/>
  <adu id="a10" type="opp"/>
  <adu id="a11" type="opp"/>
  <adu id="a12" type="neut"/>
  <adu id="a13" type="neut"/>
  <edge id="c10" src="e1" trg="a1" type="seg"/>
  <edge id="c11" src="e2" trg="a2" type="seg"/>
  <edge id="c12" src="e3" trg="a3" type="seg"/>
  <edge id="c13" src="e4" trg="a4" type="seg"/>
  <edge id="c14" src="e5" trg="a5" type="seg"/>
  <edge id="c15" src="e6" trg="a6" type="seg"/>
  <edge id="c16" src="e7" trg="a7" type="seg"/>
  <edge id="c17" src="e8" trg="a8" type="seg"/>
  <edge id="c18" src="e9" trg="a9" type="seg"/>
  <edge id="c19" src="e10" trg="a10" type="seg"/>
  <edge id="c20" src="e11" trg="a11" type="seg"/>
  <edge id="c21" src="e12" trg="a12" type="seg"/>
  <edge id="c22" src="e13" trg="a13" type="seg"/>
  <edge id="c1" src="a3" trg="a4" type="sup"/>
  <edge id="c2" src="a4" trg="a2" type="reb"/>
  <edge id="c3" src="a5" trg="a4" type="exa"/>
  <edge id="c4" src="a6" trg="a4" type="sup"/>
  <edge id="c5" src="a7" trg="a2" type="reb"/>
  <edge id="c6" src="a8" trg="a2" type="reb"/>
  <edge id="c7" src="a9" trg="a8" type="sup"/>
  <edge id="c8" src="a10" trg="a8" type="sup"/>
  <edge id="c9" src="a11" trg="a8" type="sup"/>
</arggraph>
