<?xml version='1.0' encoding='UTF-8'?>
<arggraph id="micro_e277" stance="pro" topic_id="Businesses had better not employ the workers for the whole of their life" topic_ru="Компании лучше не нанимать рабочих для всей их жизни">
  <edu id="e1" lang="en">Many entrepreneurs hypothesize that it is safer to hire employees for their entire lives in order to ensure the productivity and efficiency of working.</edu>
  <edu id="e1" lang="ru" trans="google">Многие предприниматели предполагают, что это безопаснее, чтобы нанять сотрудников на протяжении всей своей жизни, с тем чтобы обеспечить производительность и эффективность работы.</edu>
  <edu id="e2" lang="en">From my perspective, those assumptions are not only conservative but also out-of-date.</edu>
  <edu id="e2" lang="ru" trans="google">С моей точки зрения, эти предположения не только консервативные, но и устарелый.</edu>
  <edu id="e3" lang="en">I am biased towards the opposite side that businesses had better not employ the workers for the whole of their life because of the three main crucial reasons.</edu>
  <edu id="e3" lang="ru" trans="google">Я смещена в сторону противоположную, что бизнес лучше не нанимать рабочих для всей их жизни из-за трех основных важных причин.</edu>
  <edu id="e4" lang="en">First and foremost, various ideas and creativity from different people are indispensable for a company to flourish.</edu>
  <edu id="e4" lang="ru" trans="google">В первую очередь, различные идеи и творчество разных людей необходимы для компании процветать.</edu>
  <edu id="e5" lang="en">The invaluable experience of senior employees can pass down to the young apprentices who get used to new job, but regularly give out creative and novel ideas.</edu>
  <edu id="e5" lang="ru" trans="google">Бесценный опыт старших сотрудников может пройти вниз к молодым ученикам, которые привыкают к новой работе, но регулярно выдавать творческие и новые идеи.</edu>
  <edu id="e6" lang="en">What's more, the rapid development in every field nowadays requires precise updates and access to new knowledge.</edu>
  <edu id="e6" lang="ru" trans="google">Более того, быстрое развитие во всех областях, в настоящее время требует точных обновлений и доступа к новым знаниям.</edu>
  <edu id="e7" lang="en">Therefore, the youngsters are capable of meeting those standards.</edu>
  <edu id="e7" lang="ru" trans="google">Таким образом, молодые люди способны удовлетворить эти стандарты.</edu>
  <edu id="e8" lang="en">More importantly, they have activeness, inventiveness and enterprise which allow them to complete their jobs perfectly.</edu>
  <edu id="e8" lang="ru" trans="google">Что еще более важно, у них есть активность, изобретательность и предприимчивость, которые позволяют им завершить свою работу отлично.</edu>
  <edu id="e9" lang="en">These vital factors can decide whether the company can thrive or not.</edu>
  <edu id="e9" lang="ru" trans="google">Эти жизненно важные факторы могут решить, может ли компания процветать или нет.</edu>
  <edu id="e10" lang="en">Secondly, the staff soon gets boring with their stable job in such a long time.</edu>
  <edu id="e10" lang="ru" trans="google">Во-вторых, сотрудники вскоре становится скучно с их стабильной работы в столь долгого времени.</edu>
  <edu id="e11" lang="en">At a certain time, they may presume that a securing job is the most important and necessary.</edu>
  <edu id="e11" lang="ru" trans="google">В определенное время, они могут предположить, что обеспечение работа является наиболее важной и необходимой.</edu>
  <edu id="e12" lang="en">Because they need to earn money to manage their life.</edu>
  <edu id="e12" lang="ru" trans="google">Потому что им нужно зарабатывать деньги, чтобы управлять своей жизнью.</edu>
  <edu id="e13" lang="en">Thereafter, the bulk of them realize that high promotion and competition can assist them to improve their skills and horizons also.</edu>
  <edu id="e13" lang="ru" trans="google">После этого, большая часть из них понимают, что высокое продвижение и конкуренция может помочь им улучшить свои навыки и горизонты также.</edu>
  <edu id="e14" lang="en">Many people enjoy challenging them.</edu>
  <edu id="e14" lang="ru" trans="google">Многие люди пользуются оспаривая их.</edu>
  <edu id="e15" lang="en">Because they don not want to be monotonous and passive ones.</edu>
  <edu id="e15" lang="ru" trans="google">Потому что они дон не хочет быть однообразным и пассивными.</edu>
  <edu id="e16" lang="en">The same-old-same-old environment soon makes them depressed.</edu>
  <edu id="e16" lang="ru" trans="google">Тот же старый-же-старая среда скоро делает их в депрессию.</edu>
  <edu id="e17" lang="en">So this situation will have an adverse impact on the enterprise.</edu>
  <edu id="e17" lang="ru" trans="google">Так что эта ситуация будет иметь негативное влияние на предприятие.</edu>
  <edu id="e18" lang="en">Last but not least, the economic crisis and financial recession result in a tremendous increase in unemployment.</edu>
  <edu id="e18" lang="ru" trans="google">И последнее, но не в последнюю очередь, экономический кризис и финансовый результат спад в огромном увеличении безработицы.</edu>
  <edu id="e19" lang="en">In my opinion, the businesses ought to recruit many workers so as to tackle this aching issue.</edu>
  <edu id="e19" lang="ru" trans="google">На мой взгляд, бизнес должен набирать много работников с тем, чтобы решить эту больную проблему.</edu>
  <edu id="e20" lang="en">It enables the jobless to better their life and earn a living.</edu>
  <edu id="e20" lang="ru" trans="google">Это позволяет без работы, чтобы улучшить свою жизнь и зарабатывать на жизнь.</edu>
  <edu id="e21" lang="en">Furthermore, the factories and companies will have abundant human sources to ensure the pace of manufacture and also devising lots of unique ideas.</edu>
  <edu id="e21" lang="ru" trans="google">Кроме того, заводы и компании будут иметь обильные источники человека для обеспечения темпов производства, а также разработки множества уникальных идей.</edu>
  <edu id="e22" lang="en">In a nutshell, varied characteristics of various people, feeling tired of having the same occupation and solving the unemployed problem drive me to agree with the statement that the employer should not hire the staff for a whole life.</edu>
  <edu id="e22" lang="ru" trans="google">В двух словах, варьировались характеристики различных людей, чувство усталости иметь ту же профессию и решение незанятых проблем с жестким диском меня согласиться с утверждением о том, что работодатель не должен нанимать персонал на всю жизнь.</edu>
  <edu id="e23" lang="en">I believe that the brilliant bosses are conscious of the need for giving opportunities to diverse employees.</edu>
  <edu id="e23" lang="ru" trans="google">Я считаю, что блестящие боссы осознают необходимость предоставления возможности для различных сотрудников.</edu>
  <adu id="a1" type="neut"/>
  <adu id="a2" type="neut"/>
  <adu id="a3" type="mcl"/>
  <adu id="a4" type="pro"/>
  <adu id="a5" type="pro"/>
  <adu id="a6" type="pro"/>
  <adu id="a7" type="pro"/>
  <adu id="a8" type="pro"/>
  <adu id="a9" type="pro"/>
  <adu id="a10" type="pro"/>
  <adu id="a11" type="pro"/>
  <adu id="a12" type="pro"/>
  <adu id="a13" type="pro"/>
  <adu id="a14" type="pro"/>
  <adu id="a15" type="pro"/>
  <adu id="a16" type="pro"/>
  <adu id="a17" type="pro"/>
  <adu id="a18" type="pro"/>
  <adu id="a19" type="pro"/>
  <adu id="a20" type="pro"/>
  <adu id="a21" type="pro"/>
  <adu id="a22" type="mcl"/>
  <adu id="a23" type="mcl"/>
  <edge id="c25" src="e1" trg="a1" type="seg"/>
  <edge id="c26" src="e2" trg="a2" type="seg"/>
  <edge id="c27" src="e3" trg="a3" type="seg"/>
  <edge id="c28" src="e4" trg="a4" type="seg"/>
  <edge id="c29" src="e5" trg="a5" type="seg"/>
  <edge id="c30" src="e6" trg="a6" type="seg"/>
  <edge id="c31" src="e7" trg="a7" type="seg"/>
  <edge id="c32" src="e8" trg="a8" type="seg"/>
  <edge id="c33" src="e9" trg="a9" type="seg"/>
  <edge id="c34" src="e10" trg="a10" type="seg"/>
  <edge id="c35" src="e11" trg="a11" type="seg"/>
  <edge id="c36" src="e12" trg="a12" type="seg"/>
  <edge id="c37" src="e13" trg="a13" type="seg"/>
  <edge id="c38" src="e14" trg="a14" type="seg"/>
  <edge id="c39" src="e15" trg="a15" type="seg"/>
  <edge id="c40" src="e16" trg="a16" type="seg"/>
  <edge id="c41" src="e17" trg="a17" type="seg"/>
  <edge id="c42" src="e18" trg="a18" type="seg"/>
  <edge id="c43" src="e19" trg="a19" type="seg"/>
  <edge id="c44" src="e20" trg="a20" type="seg"/>
  <edge id="c45" src="e21" trg="a21" type="seg"/>
  <edge id="c46" src="e22" trg="a22" type="seg"/>
  <edge id="c47" src="e23" trg="a23" type="seg"/>
  <edge id="c1" src="a4" trg="a3" type="sup"/>
  <edge id="c2" src="a4" trg="a22" type="sup"/>
  <edge id="c3" src="a4" trg="a23" type="sup"/>
  <edge id="c4" src="a5" trg="a4" type="sup"/>
  <edge id="c5" src="a6" trg="a7" type="sup"/>
  <edge id="c6" src="a7" trg="a4" type="sup"/>
  <edge id="c7" src="a8" trg="a7" type="sup"/>
  <edge id="c8" src="a9" trg="a7" type="sup"/>
  <edge id="c9" src="a10" trg="a3" type="sup"/>
  <edge id="c10" src="a10" trg="a22" type="sup"/>
  <edge id="c11" src="a10" trg="a23" type="sup"/>
  <edge id="c12" src="a11" trg="a10" type="sup"/>
  <edge id="c13" src="a12" trg="a11" type="sup"/>
  <edge id="c14" src="a13" trg="a10" type="sup"/>
  <edge id="c15" src="a14" trg="a10" type="sup"/>
  <edge id="c16" src="a15" trg="a14" type="sup"/>
  <edge id="c17" src="a16" trg="a17" type="sup"/>
  <edge id="c18" src="a17" trg="a10" type="sup"/>
  <edge id="c19" src="a18" trg="a19" type="sup"/>
  <edge id="c20" src="a19" trg="a3" type="sup"/>
  <edge id="c21" src="a19" trg="a22" type="sup"/>
  <edge id="c22" src="a19" trg="a23" type="sup"/>
  <edge id="c23" src="a20" trg="a19" type="sup"/>
  <edge id="c24" src="a21" trg="a19" type="sup"/>
</arggraph>
