<?xml version='1.0' encoding='UTF-8'?>
<arggraph id="micro_e150" stance="pro" topic_id="Government should make more effort to promote alternative sources of energy" topic_ru="Правительство должно прилагать больше усилий для продвижения альтернативных источников энергии">
  <edu id="e1" lang="en">The increasing population and the technological advancements demand more energy than in the past.</edu>
  <edu id="e1" lang="ru" trans="google">Рост населения и технологический прогресс требуют больше энергии, чем в прошлом.</edu>
  <edu id="e2" lang="en">It is believed that there are various other resources such as the nuclear and solar which are abundant and eco-friendly.</edu>
  <edu id="e2" lang="ru" trans="google">Считается, что существуют различные другие ресурсы, такие как ядерная и солнечная, которые имеются в изобилии и экологически чистые.</edu>
  <edu id="e3" lang="en">I will analyze these areas in the essay.</edu>
  <edu id="e3" lang="ru" trans="google">Я буду анализировать эту область в эссе.</edu>
  <edu id="e4" lang="en">Firstly, the major source of energy today is water.</edu>
  <edu id="e4" lang="ru" trans="google">Во-первых, основным источником энергии сегодня является вода.</edu>
  <edu id="e5" lang="en">Although there is a lot of water shortage to generate electricity many countries still rely only on this source.</edu>
  <edu id="e5" lang="ru" trans="google">Хотя есть много нехваток воды для выработки электроэнергии во многих странах по-прежнему полагаться только на этом источнике.</edu>
  <edu id="e6" lang="en">To generate such a vast energy the fundamental resources are falling short.</edu>
  <edu id="e6" lang="ru" trans="google">Для создания такой огромной энергии, основные ресурсы падают короткие.</edu>
  <edu id="e7" lang="en">Thus, during summer there will be a lot of power cut in the developing countries such as India.</edu>
  <edu id="e7" lang="ru" trans="google">Таким образом, в течение лета будет много отключения электроэнергии в развивающихся странах, таких как Индия.</edu>
  <edu id="e8" lang="en">If the government encourage the use of nuclear, solar or wind energy there might not be any problem in distributing the required amount electricity.</edu>
  <edu id="e8" lang="ru" trans="google">Если правительство поощрять использование ядерной, солнечной или ветровой энергии не может быть каких-либо проблем в распределении необходимого количества электроэнергии.</edu>
  <edu id="e9" lang="en">Therefore, it would be a good implication by the government to generate electricity from other available sources.</edu>
  <edu id="e9" lang="ru" trans="google">Таким образом, было бы хорошим Подразумевается правительством для выработки электроэнергии из других доступных источников.</edu>
  <edu id="e10" lang="en">Secondly, the sources most widely used currently to generate power releases extensive amount of gases into the atmosphere which increases global warming.</edu>
  <edu id="e10" lang="ru" trans="google">Во-вторых, источники наиболее широко используемых в настоящее время для получения энергии релизы в обширное количество газов в атмосферу, что увеличивает глобальное потепление.</edu>
  <edu id="e11" lang="en">For example, the use of a solar cooker instead of an electric cooker would certainly reduce the global warming.</edu>
  <edu id="e11" lang="ru" trans="google">Например, использование солнечной плиты вместо электрической плиты, безусловно, уменьшить глобальное потепление.</edu>
  <edu id="e12" lang="en">In the same way, the use of nuclear energy as an alternative to the hydro-kinetic energy causes less atmospheric pollution.</edu>
  <edu id="e12" lang="ru" trans="google">Таким же образом, использование ядерной энергии в качестве альтернативы гидро-кинетической энергии вызывает меньше атмосферное загрязнение.</edu>
  <edu id="e13" lang="en">To conclude, it would be a better implication by the government to promote other sources of energy.</edu>
  <edu id="e13" lang="ru" trans="google">В заключении, было бы лучше Подразумевается правительством для продвижения других источников энергии.</edu>
  <edu id="e14" lang="en">This can make use of the available natural resources which in turn would reduce the global warming.</edu>
  <edu id="e14" lang="ru" trans="google">Это может сделать использование имеющихся природных ресурсов, которые в свою очередь, приведет к сокращению глобального потепления.</edu>
  <edu id="e15" lang="en">Further, government should motivate and encourage the people to use alternative sources such as the solar and the nuclear energy.</edu>
  <edu id="e15" lang="ru" trans="google">Кроме того, правительство должно мотивировать и поощрять людей использовать альтернативные источники, такие как солнечная энергия и ядерной энергии.</edu>
  <adu id="a1" type="neut"/>
  <adu id="a2" type="neut"/>
  <adu id="a3" type="neut"/>
  <adu id="a4" type="pro"/>
  <adu id="a5" type="pro"/>
  <adu id="a6" type="pro"/>
  <adu id="a7" type="pro"/>
  <adu id="a8" type="pro"/>
  <adu id="a9" type="pro"/>
  <adu id="a10" type="pro"/>
  <adu id="a11" type="pro"/>
  <adu id="a12" type="pro"/>
  <adu id="a13" type="mcl"/>
  <adu id="a14" type="pro"/>
  <adu id="a15" type="neut"/>
  <edge id="c11" src="e1" trg="a1" type="seg"/>
  <edge id="c12" src="e2" trg="a2" type="seg"/>
  <edge id="c13" src="e3" trg="a3" type="seg"/>
  <edge id="c14" src="e4" trg="a4" type="seg"/>
  <edge id="c15" src="e5" trg="a5" type="seg"/>
  <edge id="c16" src="e6" trg="a6" type="seg"/>
  <edge id="c17" src="e7" trg="a7" type="seg"/>
  <edge id="c18" src="e8" trg="a8" type="seg"/>
  <edge id="c19" src="e9" trg="a9" type="seg"/>
  <edge id="c20" src="e10" trg="a10" type="seg"/>
  <edge id="c21" src="e11" trg="a11" type="seg"/>
  <edge id="c22" src="e12" trg="a12" type="seg"/>
  <edge id="c23" src="e13" trg="a13" type="seg"/>
  <edge id="c24" src="e14" trg="a14" type="seg"/>
  <edge id="c25" src="e15" trg="a15" type="seg"/>
  <edge id="c1" src="a4" trg="a9" type="sup"/>
  <edge id="c2" src="a5" trg="a9" type="sup"/>
  <edge id="c3" src="a6" trg="a7" type="sup"/>
  <edge id="c4" src="a7" trg="a9" type="sup"/>
  <edge id="c5" src="a8" trg="a9" type="sup"/>
  <edge id="c6" src="a9" trg="a13" type="sup"/>
  <edge id="c7" src="a10" trg="a13" type="sup"/>
  <edge id="c8" src="a11" trg="a10" type="exa"/>
  <edge id="c9" src="a12" trg="a10" type="sup"/>
  <edge id="c10" src="a14" trg="a13" type="sup"/>
</arggraph>
