<?xml version='1.0' encoding='UTF-8'?>
<arggraph id="micro_e382" stance="pro" topic_id="Prevention is better than cure" topic_ru="Профилактика лучше, чем лечение">
  <edu id="e1" lang="en">There has always been a saying in medicine: " Prevention is better than cure ".</edu>
  <edu id="e1" lang="ru" trans="google">Там всегда было высказывание в медицине: «Профилактика лучше, чем лечение».</edu>
  <edu id="e2" lang="en">This statement has raised a question whether the government should allocate a large sum out of the national health budget to educating and phasing in health-protected measures.</edu>
  <edu id="e2" lang="ru" trans="google">Это заявление вызвало вопрос, должно ли правительство выделить большую сумму из национального бюджета здравоохранения на образование и поэтапный медико-санитарных меры с защитой.</edu>
  <edu id="e3" lang="en">In my opinion, this plan should be put into practice for the two reasons mentioned accordingly.</edu>
  <edu id="e3" lang="ru" trans="google">На мой взгляд, этот план должен быть на практике по двум причинам, указанным соответственно.</edu>
  <edu id="e4" lang="en">No one can argue the importance to include health lessons in school programmes, especially at primary level, in the hope of raising people's awareness.</edu>
  <edu id="e4" lang="ru" trans="google">Никто не может утверждать о важности включать уроки здоровья в школьных программах, особенно на уровне начальной школы, в надежде на повышение уровня информированности населения.</edu>
  <edu id="e5" lang="en">Children should be taught about balanced diets, nutritious food as well as harmful ones.</edu>
  <edu id="e5" lang="ru" trans="google">Дети должны преподаваться о сбалансированной диете, питательные продукты питания, а также вредных.</edu>
  <edu id="e6" lang="en">Thereby they will have a fundamental grasp of how to lead a healthy lifestyle.</edu>
  <edu id="e6" lang="ru" trans="google">Таким образом, они будут иметь фундаментальное понимание того, как вести здоровый образ жизни.</edu>
  <edu id="e7" lang="en">What is more, it is much easier for people at early ages to form a habit of, for instance, not consuming too much fast food, over-fried food or intoxicants.</edu>
  <edu id="e7" lang="ru" trans="google">Более того, это гораздо проще для людей в раннем возрасте, чтобы сформировать привычку, например, не потребляет слишком много фаст-фуд, чрезмерно жареную пищу или одурманивающие.</edu>
  <edu id="e8" lang="en">In addition, it will be of economic benefit to pre-empt certain kinds of diseases.</edu>
  <edu id="e8" lang="ru" trans="google">Кроме того, он будет иметь экономическую выгоду упредить некоторые виды заболеваний.</edu>
  <edu id="e9" lang="en">Needless to say, such unpreventable illnesses as cancer or HIV will cost the victim a fortune, not to cure, but to lengthen his longevity for 1 or 2 more years.</edu>
  <edu id="e9" lang="ru" trans="google">Излишне говорить, что такие непредотвратимые болезни, как рак или ВИЧ будут стоить жертвы состояния, а не лечение, а удлинить его долговечность в течение 1 или 2 более лет.</edu>
  <edu id="e10" lang="en">Similarly, if humans tend to keep fit more regularly by participating in outdoor activities or using health-care product, obesity, myopia or other diseases that require expensive treatments will never stand a chance.</edu>
  <edu id="e10" lang="ru" trans="google">Точно так же, если люди имеют тенденцию оставаться в форме более регулярно, участвуя в мероприятиях на свежем воздухе или используя продукт здравоохранения, ожирение, близорукости или других заболеваний, требующих дорогостоящих методов лечения никогда не будет стоять шанс.</edu>
  <edu id="e11" lang="en">To sum up, I have to concede to the materialistic diversion from treatment to health education and preventative measures.</edu>
  <edu id="e11" lang="ru" trans="google">Подводя итог, я должен признать материалистическое отвлечение от обращения к санитарному просвещению и профилактическим мерам.</edu>
  <edu id="e12" lang="en">This will yield positive results on not only the people's physical and mental development but also their finance.</edu>
  <edu id="e12" lang="ru" trans="google">Это даст положительные результаты не только от людей физического и психического развития, но и их финансирования.</edu>
  <adu id="a1" type="neut"/>
  <adu id="a2" type="neut"/>
  <adu id="a3" type="mcl"/>
  <adu id="a4" type="pro"/>
  <adu id="a5" type="pro"/>
  <adu id="a6" type="pro"/>
  <adu id="a7" type="pro"/>
  <adu id="a8" type="pro"/>
  <adu id="a9" type="pro"/>
  <adu id="a10" type="pro"/>
  <adu id="a11" type="mcl"/>
  <adu id="a12" type="pro"/>
  <edge id="c12" src="e1" trg="a1" type="seg"/>
  <edge id="c13" src="e2" trg="a2" type="seg"/>
  <edge id="c14" src="e3" trg="a3" type="seg"/>
  <edge id="c15" src="e4" trg="a4" type="seg"/>
  <edge id="c16" src="e5" trg="a5" type="seg"/>
  <edge id="c17" src="e6" trg="a6" type="seg"/>
  <edge id="c18" src="e7" trg="a7" type="seg"/>
  <edge id="c19" src="e8" trg="a8" type="seg"/>
  <edge id="c20" src="e9" trg="a9" type="seg"/>
  <edge id="c21" src="e10" trg="a10" type="seg"/>
  <edge id="c22" src="e11" trg="a11" type="seg"/>
  <edge id="c23" src="e12" trg="a12" type="seg"/>
  <edge id="c1" src="a4" trg="a3" type="sup"/>
  <edge id="c2" src="a4" trg="a11" type="sup"/>
  <edge id="c3" src="a5" trg="a6" type="sup"/>
  <edge id="c4" src="a6" trg="a4" type="sup"/>
  <edge id="c5" src="a7" trg="a4" type="sup"/>
  <edge id="c6" src="a8" trg="a3" type="sup"/>
  <edge id="c7" src="a8" trg="a11" type="sup"/>
  <edge id="c8" src="a9" trg="a8" type="sup"/>
  <edge id="c9" src="a10" trg="a8" type="sup"/>
  <edge id="c10" src="a12" trg="a3" type="sup"/>
  <edge id="c11" src="a12" trg="a11" type="sup"/>
</arggraph>
