<?xml version='1.0' encoding='UTF-8'?>
<arggraph id="micro_e329" stance="pro" topic_id="One long vacation or several long vacation" topic_ru="Один длинный отпуск или несколько длительный отпуск">
  <edu id="e1" lang="en">Everybody require some break from their tight schedules likewise students also require vacation form their intense academic schedules.</edu>
  <edu id="e1" lang="ru" trans="google">Все требуют некоторого перерыва от их сжатых сроков также студенты также требуют образуют на отпуск их интенсивные академические график.</edu>
  <edu id="e2" lang="en">Many people promote one long vacation system of the school because it would help student to start their course or academic year with strong zeal of learning.</edu>
  <edu id="e2" lang="ru" trans="google">Многие люди способствуют один длинный отпуск системы в школе, потому что это поможет студенту начать свой курс или учебный год с сильным рвением обучения.</edu>
  <edu id="e3" lang="en">So other several, prefer numbers of short breaks during the year so that student can get rejuvenate periodically.</edu>
  <edu id="e3" lang="ru" trans="google">Так другие несколько, предпочитает количество коротких перерывов в течение года, так что студент может получить омолодить периодически.</edu>
  <edu id="e4" lang="en">In both the scenario students relief themselves.</edu>
  <edu id="e4" lang="ru" trans="google">В обеих студентах сценария самого рельефа.</edu>
  <edu id="e5" lang="en">However, i discern that several small breaks will help students to be active in their academics.</edu>
  <edu id="e5" lang="ru" trans="google">Тем не менее, я разглядеть, что несколько небольших перерывов помогут студентам быть активными в своих ученых.</edu>
  <edu id="e6" lang="en">Firstly, several vacations throughout the year will keep stress level of students low.</edu>
  <edu id="e6" lang="ru" trans="google">Во-первых, несколько отпусков в течение года будет держать уровень стресса студентов с низким.</edu>
  <edu id="e7" lang="en">Many educational bodies schedule its small vacations after term exams so that student's get relief form exam pressure.</edu>
  <edu id="e7" lang="ru" trans="google">Многие образовательные органы планировать свои небольшие каникулы после экзаменов срока, так что студенты получают облегчение от давления экзамена.</edu>
  <edu id="e8" lang="en">However, research done by universities proves that student's performance improves if they get regular breaks from their learning, preparation and examination schedule.</edu>
  <edu id="e8" lang="ru" trans="google">Однако исследования, проведенные университетами доказывает эффективность этого студента улучшается, если они получают регулярные перерывы от их обучения, подготовки и график экзаменов.</edu>
  <edu id="e9" lang="en">Many colleges in foreign countries provide vacations to students after each semester that facilitate student to entertain themselves as well as prepare for their next semester.</edu>
  <edu id="e9" lang="ru" trans="google">Многие колледжи в зарубежных странах обеспечивают отпуск студент после каждого семестра, которые облегчают ученик, чтобы развлечь себя, а также подготовиться к их следующему семестру.</edu>
  <edu id="e10" lang="en">Also several holidays aid these students to not only amuse themselves but also arrange fund and materials such as books and references material for their upcoming course.</edu>
  <edu id="e10" lang="ru" trans="google">Кроме того, несколько праздников помочь этим студентам не только потешить себя, но и организовать фонд и материалы, такие как книги и ссылка материалов для их предстоящего курса.</edu>
  <edu id="e11" lang="en">Secondly, scientific research provide several authentic survey of the students' performance after break.</edu>
  <edu id="e11" lang="ru" trans="google">Во-вторых, научные исследования обеспечивают несколько аутентичный обзор производительности студентов после перерыва.</edu>
  <edu id="e12" lang="en">It states that students learning capability increase after having refreshing vacation.</edu>
  <edu id="e12" lang="ru" trans="google">В нем говорится, что обучения студентов увеличения функциональных возможностей после того, как освежающий отдых.</edu>
  <edu id="e13" lang="en">To quote an instance, in my school we used to get several vacations after our quarterly exams.</edu>
  <edu id="e13" lang="ru" trans="google">Цитирую экземпляр, в моей школе мы использовали, чтобы получить несколько отпуск после наших квартальных экзаменов.</edu>
  <edu id="e14" lang="en">During those vacations i used to analyze my performance in latest examination and used to go through those question or concept again to avoid making same mistakes.</edu>
  <edu id="e14" lang="ru" trans="google">Во время этих каникул я использовал, чтобы проанализировать свою работу в последнем обследовании и используется, чтобы пройти через те вопросы или концепции еще раз, чтобы избежать тех же ошибок.</edu>
  <edu id="e15" lang="en">I also used to spend my time on developing some recreational activity or learning some sports or game.</edu>
  <edu id="e15" lang="ru" trans="google">Я также использовал, чтобы тратить свое время на развитие какой-рекреационной деятельности или обучения некоторые виды спорта или игры.</edu>
  <edu id="e16" lang="en">During my all vacations, I used to miss my school due to which I used to restart my session with great enthusiasm of learning and scoring good marks in new quarter.</edu>
  <edu id="e16" lang="ru" trans="google">Во время моих каникул все, я использовал, чтобы пропустить мою школу из-за которой я использовал, чтобы перезагрузить сессию с большим энтузиазмом обучения и забил хорошие отметки в новом квартале.</edu>
  <edu id="e17" lang="en">Vacations are not only required by students but also by professionals and housekeepers.</edu>
  <edu id="e17" lang="ru" trans="google">Отпуска требуется не только студенты, но и профессионалами и домработниц.</edu>
  <edu id="e18" lang="en">As it not only provide break to them from their regular commitment but also allows them to spend some time on themselves, heel stressful mind and boost desire of resuming to the regular schedule.</edu>
  <edu id="e18" lang="ru" trans="google">Как это не только обеспечить прорыв к ним из своих регулярных обязательств, но и позволяет им провести некоторое время на себя, пятку стрессового ума и повысить желание возобновить к обычной графике.</edu>
  <edu id="e19" lang="en">Therefore schools should consider giving several small vocations to the students during the year.</edu>
  <edu id="e19" lang="ru" trans="google">Поэтому школы должны рассмотреть вопрос о предоставлении несколько маленьких призваний к студентам в течение года.</edu>
  <adu id="a1" type="neut"/>
  <adu id="a2" type="neut"/>
  <adu id="a3" type="neut"/>
  <adu id="a4" type="neut"/>
  <adu id="a5" type="mcl"/>
  <adu id="a6" type="pro"/>
  <adu id="a7" type="pro"/>
  <adu id="a8" type="pro"/>
  <adu id="a9" type="pro"/>
  <adu id="a10" type="pro"/>
  <adu id="a11" type="neut"/>
  <adu id="a12" type="pro"/>
  <adu id="a13" type="pro"/>
  <adu id="a14" type="pro"/>
  <adu id="a15" type="pro"/>
  <adu id="a16" type="pro"/>
  <adu id="a17" type="pro"/>
  <adu id="a18" type="pro"/>
  <adu id="a19" type="mcl"/>
  <edge id="c16" src="e1" trg="a1" type="seg"/>
  <edge id="c17" src="e2" trg="a2" type="seg"/>
  <edge id="c18" src="e3" trg="a3" type="seg"/>
  <edge id="c19" src="e4" trg="a4" type="seg"/>
  <edge id="c20" src="e5" trg="a5" type="seg"/>
  <edge id="c21" src="e6" trg="a6" type="seg"/>
  <edge id="c22" src="e7" trg="a7" type="seg"/>
  <edge id="c23" src="e8" trg="a8" type="seg"/>
  <edge id="c24" src="e9" trg="a9" type="seg"/>
  <edge id="c25" src="e10" trg="a10" type="seg"/>
  <edge id="c26" src="e11" trg="a11" type="seg"/>
  <edge id="c27" src="e12" trg="a12" type="seg"/>
  <edge id="c28" src="e13" trg="a13" type="seg"/>
  <edge id="c29" src="e14" trg="a14" type="seg"/>
  <edge id="c30" src="e15" trg="a15" type="seg"/>
  <edge id="c31" src="e16" trg="a16" type="seg"/>
  <edge id="c32" src="e17" trg="a17" type="seg"/>
  <edge id="c33" src="e18" trg="a18" type="seg"/>
  <edge id="c34" src="e19" trg="a19" type="seg"/>
  <edge id="c1" src="a6" trg="a5" type="sup"/>
  <edge id="c2" src="a6" trg="a19" type="sup"/>
  <edge id="c3" src="a7" trg="a6" type="sup"/>
  <edge id="c4" src="a8" trg="a6" type="sup"/>
  <edge id="c5" src="a9" trg="a6" type="sup"/>
  <edge id="c6" src="a10" trg="a6" type="sup"/>
  <edge id="c7" src="a12" trg="a5" type="sup"/>
  <edge id="c8" src="a12" trg="a19" type="sup"/>
  <edge id="c9" src="a13" trg="a12" type="sup"/>
  <edge id="c10" src="a14" trg="a12" type="sup"/>
  <edge id="c11" src="a15" trg="a12" type="sup"/>
  <edge id="c12" src="a16" trg="a12" type="sup"/>
  <edge id="c13" src="a17" trg="a5" type="sup"/>
  <edge id="c14" src="a17" trg="a19" type="sup"/>
  <edge id="c15" src="a18" trg="a17" type="sup"/>
</arggraph>
