<?xml version='1.0' encoding='UTF-8'?>
<arggraph id="micro_e77" stance="pro" topic_id="Follow the New Customs of the New Country or Not ?" topic_ru="Следуйте новую Таможенный новую страну или нет?">
  <edu id="e1" lang="en">When people move to another country, most likely, they will face the choice between following the customs of the new country or keeping their original one.</edu>
  <edu id="e1" lang="ru" trans="google">Когда люди переезжают в другую страну, скорее всего, они будут сталкиваться с выбором между следующими обычаями новой страны или держать их оригинал.</edu>
  <edu id="e2" lang="en">Some people choose the former one to assimilate themselves into the new culture, while some insist the latter one because the new customs are difficult to be accepted.</edu>
  <edu id="e2" lang="ru" trans="google">Некоторые люди выбирают прежний ассимилировать себя в новую культуру, в то время как некоторые настаивают последние один, потому что новые обычаи трудно быть принято.</edu>
  <edu id="e3" lang="en">As for me, I would follow the new customs, if I migrated to another country.</edu>
  <edu id="e3" lang="ru" trans="google">Что касается меня, я бы следовать новым обычаям, если я мигрировал в другую страну.</edu>
  <edu id="e4" lang="en">On one hand, it will be easier for people to assimilate into a new country, if they follow the new customs.</edu>
  <edu id="e4" lang="ru" trans="google">С одной стороны, это будет проще для людей, чтобы ассимилироваться в новую страну, если они следуют новым обычаям.</edu>
  <edu id="e5" lang="en">When people migrate to a new country, they are likely to suffer the culture shock, because of the difference between two cultures.</edu>
  <edu id="e5" lang="ru" trans="google">Когда люди мигрируют в новую страну, они, вероятно, страдают культурный шок, из-за разницы между двумя культурами.</edu>
  <edu id="e6" lang="en">The custom is just a form of the culture and following the custom is a good way to know more about this culture.</edu>
  <edu id="e6" lang="ru" trans="google">Обычай просто форма культуры и следуя обычаю, это хороший способ, чтобы узнать больше об этой культуре.</edu>
  <edu id="e7" lang="en">For example, if one wore in white and went to common Viharas to observe a rather longer - than - usual, full-length Buddhist sutra in Buddha's Birthday in India, he or she would learn something about Indian religion and culture.</edu>
  <edu id="e7" lang="ru" trans="google">Например, если один носил в беле и пошел в общие вихар наблюдать гораздо дольше - чем - обычная, полнометражная буддийскую сутра в Дне рождения Будды в Индии, он или она будет узнать что-то об индийской религии и культуре.</edu>
  <edu id="e8" lang="en">As a result, people understand the culture, and then they adapt to the new country.</edu>
  <edu id="e8" lang="ru" trans="google">В результате, люди понимают культуру, а затем они приспосабливаются к новой стране.</edu>
  <edu id="e9" lang="en">On the other hand, keeping own customs stably might cause discrimination.</edu>
  <edu id="e9" lang="ru" trans="google">С другой стороны, сохраняя свои обычаи стабильно может привести к дискриминации.</edu>
  <edu id="e10" lang="en">When people insist to keep their own customs and refuse to accept the new one, they regard themselves as a special group in the new country.</edu>
  <edu id="e10" lang="ru" trans="google">Когда люди настаивают на том, чтобы сохранить свои обычаи и отказываются принять новую, они считают себя в качестве особой группы в новой стране.</edu>
  <edu id="e11" lang="en">The local people may also regard them as a special group as well and separate them from the main-stream society.</edu>
  <edu id="e11" lang="ru" trans="google">Местные жители также могут рассматривать их как особую группу, а и отделить их от основного потока общества.</edu>
  <edu id="e12" lang="en">One example of this is that the Chinese immigrants in Indonesia in 1969.</edu>
  <edu id="e12" lang="ru" trans="google">Одним из примеров этого является то, что китайские иммигранты в Индонезии в 1969 году.</edu>
  <edu id="e13" lang="en">They formed Chinatown and kept Chinese language and customs in it.</edu>
  <edu id="e13" lang="ru" trans="google">Они сформировали Чайнатаун ​​и держали китайский язык и обычаи в нем.</edu>
  <edu id="e14" lang="en">While the Indonesians stopped working at 4: 00 pm and went home for rest, Chinese immigrants were still working.</edu>
  <edu id="e14" lang="ru" trans="google">В то время как индонезийцы перестали работать в 4: 00 и пошли домой для отдыха, китайские иммигранты продолжают работать.</edu>
  <edu id="e15" lang="en">Although being much richer than local people, they faced the discrimination.</edu>
  <edu id="e15" lang="ru" trans="google">Несмотря на то, будучи намного богаче, чем местные жители, они столкнулись с дискриминацией.</edu>
  <edu id="e16" lang="en">Their houses and private cars were buried by local people.</edu>
  <edu id="e16" lang="ru" trans="google">Их дом и частные автомобили были похоронены местными жителями.</edu>
  <edu id="e17" lang="en">Because the locals were jealous of Chinese people, who had so much wealth, which should have been theirs.</edu>
  <edu id="e17" lang="ru" trans="google">Поскольку местные жители завидовали китайского народа, который имел столько богатства, которое должно было быть их.</edu>
  <edu id="e18" lang="en">If the Chinese immigrants had followed the local customs and assimilated into Indonesia, they would not have been regards as a group of Chinese and discrimination might have been alleviated.</edu>
  <edu id="e18" lang="ru" trans="google">Если китайские иммигранты следовали местные обычаи и ассимилировались в Индонезии, они не были бы уважением как группа китайцев и дискриминации, возможно, были смягчены.</edu>
  <edu id="e19" lang="en">All in all, the immigrants should follow the customs in the new country, which can help them survive from the culture shock sooner, and assimilate to a new culture.</edu>
  <edu id="e19" lang="ru" trans="google">В целом, иммигранты должны следовать обычаям в новой стране, которые могут помочь им выжить от культурного шока раньше, и ассимилировать к новой культуре.</edu>
  <adu id="a1" type="neut"/>
  <adu id="a2" type="neut"/>
  <adu id="a3" type="mcl"/>
  <adu id="a4" type="pro"/>
  <adu id="a5" type="pro"/>
  <adu id="a6" type="pro"/>
  <adu id="a7" type="pro"/>
  <adu id="a8" type="pro"/>
  <adu id="a9" type="pro"/>
  <adu id="a10" type="pro"/>
  <adu id="a11" type="pro"/>
  <adu id="a12" type="pro"/>
  <adu id="a13" type="pro"/>
  <adu id="a14" type="pro"/>
  <adu id="a15" type="pro"/>
  <adu id="a16" type="pro"/>
  <adu id="a17" type="pro"/>
  <adu id="a18" type="pro"/>
  <adu id="a19" type="mcl"/>
  <edge id="c18" src="e1" trg="a1" type="seg"/>
  <edge id="c19" src="e2" trg="a2" type="seg"/>
  <edge id="c20" src="e3" trg="a3" type="seg"/>
  <edge id="c21" src="e4" trg="a4" type="seg"/>
  <edge id="c22" src="e5" trg="a5" type="seg"/>
  <edge id="c23" src="e6" trg="a6" type="seg"/>
  <edge id="c24" src="e7" trg="a7" type="seg"/>
  <edge id="c25" src="e8" trg="a8" type="seg"/>
  <edge id="c26" src="e9" trg="a9" type="seg"/>
  <edge id="c27" src="e10" trg="a10" type="seg"/>
  <edge id="c28" src="e11" trg="a11" type="seg"/>
  <edge id="c29" src="e12" trg="a12" type="seg"/>
  <edge id="c30" src="e13" trg="a13" type="seg"/>
  <edge id="c31" src="e14" trg="a14" type="seg"/>
  <edge id="c32" src="e15" trg="a15" type="seg"/>
  <edge id="c33" src="e16" trg="a16" type="seg"/>
  <edge id="c34" src="e17" trg="a17" type="seg"/>
  <edge id="c35" src="e18" trg="a18" type="seg"/>
  <edge id="c36" src="e19" trg="a19" type="seg"/>
  <edge id="c1" src="a4" trg="a3" type="sup"/>
  <edge id="c2" src="a4" trg="a19" type="sup"/>
  <edge id="c3" src="a5" trg="a4" type="sup"/>
  <edge id="c4" src="a6" trg="a4" type="sup"/>
  <edge id="c5" src="a7" trg="a8" type="exa"/>
  <edge id="c6" src="a8" trg="a4" type="sup"/>
  <edge id="c7" src="a9" trg="a3" type="sup"/>
  <edge id="c8" src="a9" trg="a19" type="sup"/>
  <edge id="c9" src="a10" trg="a9" type="sup"/>
  <edge id="c10" src="a11" trg="a9" type="sup"/>
  <edge id="c11" src="a12" trg="a9" type="exa"/>
  <edge id="c12" src="a13" trg="a9" type="sup"/>
  <edge id="c13" src="a14" trg="a9" type="sup"/>
  <edge id="c14" src="a15" trg="a9" type="sup"/>
  <edge id="c15" src="a16" trg="a9" type="sup"/>
  <edge id="c16" src="a17" trg="a16" type="sup"/>
  <edge id="c17" src="a18" trg="a9" type="sup"/>
</arggraph>
