<?xml version='1.0' encoding='UTF-8'?>
<arggraph id="micro_e321" stance="pro" topic_id="Higher education should be available only to good students or not" topic_ru="Высшее образование должно быть доступно только для хороших студентов или нет">
  <edu id="e1" lang="en">No one can disagree that knowledge is the most important for everyone.</edu>
  <edu id="e1" lang="ru" trans="google">Никто не может не согласиться, что знание является наиболее важным для всех.</edu>
  <edu id="e2" lang="en">College and university are playing in an important role to provide academic skills to people in order to pursue their goal.</edu>
  <edu id="e2" lang="ru" trans="google">Колледж и университет играют в важной роли для обеспечения академических навыков для людей в целях достижения своей цели.</edu>
  <edu id="e3" lang="en">There are an issue that some people agree that this opportunity should be preserved for good students however there are others people who think that everyone should have this chance to gain these advance skills from college or university.</edu>
  <edu id="e3" lang="ru" trans="google">Есть проблема, что некоторые люди считают, что эта возможность должна быть сохранены для студентов хороших, однако есть и другие люди, которые думают, что каждый должен иметь этот шанс, чтобы получить эти предварительные навыки из колледжа или университета.</edu>
  <edu id="e4" lang="en">This issue will be discussed.</edu>
  <edu id="e4" lang="ru" trans="google">Этот вопрос будет обсуждаться.</edu>
  <edu id="e5" lang="en">First of all, many people think that college and university should consider students to study with them only if they are good students.</edu>
  <edu id="e5" lang="ru" trans="google">Прежде всего, многие люди думают, что колледж и университет должен рассмотреть студент изучать с ними, только если они являются хорошими студентами.</edu>
  <edu id="e6" lang="en">The reason is that studying in advance education take a huge of money.</edu>
  <edu id="e6" lang="ru" trans="google">Причина заключается в том, что изучение заранее образований взять огромные деньги.</edu>
  <edu id="e7" lang="en">College and university do not want people who not qualify for to waste their money in these expensive courses and waste their time.</edu>
  <edu id="e7" lang="ru" trans="google">Колледж и университет не хотят, чтобы люди, которые не квалифицируют для тратить свои деньги на эти дорогостоящие курсы и тратить свое время.</edu>
  <edu id="e8" lang="en">They believe that only good students have potentials to success programs more that those who are not considered as good students.</edu>
  <edu id="e8" lang="ru" trans="google">Они считают, что только хорошие студенты имеют потенциал к успеху программ более, что те, кто не считается хорошими студентами.</edu>
  <edu id="e9" lang="en">Consequently, mediocre students are not have a chance to gain these advance knowledge from college and university.</edu>
  <edu id="e9" lang="ru" trans="google">Следовательно, посредственные студенты не имеют возможности получить эти знания заранее из колледжа и университета.</edu>
  <edu id="e10" lang="en">On the other hand, there are some people think that all students should have equal opportunity to study in higher education.</edu>
  <edu id="e10" lang="ru" trans="google">С другой стороны, есть некоторые люди думают, что все студенты должны иметь равные возможности для обучения в высших учебных заведениях.</edu>
  <edu id="e11" lang="en">Of course, higher education take a lot of money and a lot of time.</edu>
  <edu id="e11" lang="ru" trans="google">Конечно, высшее образование занимает много денег и много времени.</edu>
  <edu id="e12" lang="en">However moderate students should have a chance to try.</edu>
  <edu id="e12" lang="ru" trans="google">Однако умеренные студенты должны иметь возможность попробовать.</edu>
  <edu id="e13" lang="en">Everyone that has strongly ambition could pursue and success their goal even they are not classified as a good student because people can change.</edu>
  <edu id="e13" lang="ru" trans="google">Каждый человек, который имеет сильно честолюбие может преследовать и успех их цель, даже они не классифицированы как хороший студент, потому что люди могут меняться.</edu>
  <edu id="e14" lang="en">With a good environment in college or university is encouraging students to study harder for a good future.</edu>
  <edu id="e14" lang="ru" trans="google">С хорошей средой в колледже или университете поощряют студент учиться труднее для хорошего будущего.</edu>
  <edu id="e15" lang="en">Thus, mediocre students should have opportunity to be trained in college and university.</edu>
  <edu id="e15" lang="ru" trans="google">Таким образом, посредственные студенты должны возможность пройти обучение в колледже и университете.</edu>
  <edu id="e16" lang="en">In conclusion, I personally agree with that college and university should be available for all students who want to pursue their goal.</edu>
  <edu id="e16" lang="ru" trans="google">В заключение, я лично согласен с этим колледжем и университетом должны быть доступны для всех студентов, желающих продолжить свою цель.</edu>
  <edu id="e17" lang="en">Students can have opportunity to learn, to practice, to gain more knowledge for their career and for their future.</edu>
  <edu id="e17" lang="ru" trans="google">Студенты могут иметь возможность учиться, на практике, чтобы получить больше знаний для их карьеры, и для их будущего.</edu>
  <edu id="e18" lang="en">Studying in college and university is a great opportunity that all students should have.</edu>
  <edu id="e18" lang="ru" trans="google">Обучение в колледже и университете это прекрасная возможность, что все студенты должны иметь.</edu>
  <adu id="a1" type="neut"/>
  <adu id="a2" type="neut"/>
  <adu id="a3" type="neut"/>
  <adu id="a4" type="neut"/>
  <adu id="a5" type="opp"/>
  <adu id="a6" type="opp"/>
  <adu id="a7" type="opp"/>
  <adu id="a8" type="opp"/>
  <adu id="a9" type="opp"/>
  <adu id="a10" type="pro"/>
  <adu id="a11" type="opp"/>
  <adu id="a12" type="pro"/>
  <adu id="a13" type="pro"/>
  <adu id="a14" type="pro"/>
  <adu id="a15" type="pro"/>
  <adu id="a16" type="mcl"/>
  <adu id="a17" type="pro"/>
  <adu id="a18" type="mcl"/>
  <edge id="c16" src="e1" trg="a1" type="seg"/>
  <edge id="c17" src="e2" trg="a2" type="seg"/>
  <edge id="c18" src="e3" trg="a3" type="seg"/>
  <edge id="c19" src="e4" trg="a4" type="seg"/>
  <edge id="c20" src="e5" trg="a5" type="seg"/>
  <edge id="c21" src="e6" trg="a6" type="seg"/>
  <edge id="c22" src="e7" trg="a7" type="seg"/>
  <edge id="c23" src="e8" trg="a8" type="seg"/>
  <edge id="c24" src="e9" trg="a9" type="seg"/>
  <edge id="c25" src="e10" trg="a10" type="seg"/>
  <edge id="c26" src="e11" trg="a11" type="seg"/>
  <edge id="c27" src="e12" trg="a12" type="seg"/>
  <edge id="c28" src="e13" trg="a13" type="seg"/>
  <edge id="c29" src="e14" trg="a14" type="seg"/>
  <edge id="c30" src="e15" trg="a15" type="seg"/>
  <edge id="c31" src="e16" trg="a16" type="seg"/>
  <edge id="c32" src="e17" trg="a17" type="seg"/>
  <edge id="c33" src="e18" trg="a18" type="seg"/>
  <edge id="c1" src="a5" trg="a16" type="reb"/>
  <edge id="c2" src="a5" trg="a18" type="reb"/>
  <edge id="c3" src="a6" trg="a5" type="sup"/>
  <edge id="c4" src="a7" trg="a5" type="sup"/>
  <edge id="c5" src="a8" trg="a5" type="sup"/>
  <edge id="c6" src="a9" trg="a5" type="sup"/>
  <edge id="c7" src="a10" trg="a15" type="sup"/>
  <edge id="c8" src="a11" trg="a15" type="reb"/>
  <edge id="c9" src="a12" trg="a11" type="reb"/>
  <edge id="c10" src="a13" trg="a12" type="sup"/>
  <edge id="c11" src="a14" trg="a15" type="sup"/>
  <edge id="c12" src="a15" trg="a16" type="sup"/>
  <edge id="c13" src="a15" trg="a18" type="sup"/>
  <edge id="c14" src="a17" trg="a16" type="sup"/>
  <edge id="c15" src="a17" trg="a18" type="sup"/>
</arggraph>
