<?xml version='1.0' encoding='UTF-8'?>
<arggraph id="micro_e342" stance="pro" topic_id="Drivers have to pay a fee for driving in Rush Hour" topic_ru="Водители должны заплатить плату за вождение в час пик">
  <edu id="e1" lang="en">Started in the late eighteenth century, the industrialization and urbanization witnessed the explosion in number of automobiles.</edu>
  <edu id="e1" lang="ru" trans="google">Начало в конце восемнадцатого века, индустриализация и урбанизация стали свидетелями взрыва в ряде автомобилей.</edu>
  <edu id="e2" lang="en">The very fuel that they rely on, oil, has now become the dominant pollution of cities' environment.</edu>
  <edu id="e2" lang="ru" trans="google">Само топливо, что они полагаются на, нефти, теперь стало доминирующим загрязнением окружающей среды городов.</edu>
  <edu id="e3" lang="en">While critics castigating about the exorbitant use of oil and other insisting to charged drivers with extra fee during the rush hours for their selfish conducts, I hold the contention that no additional payment should be charged on them.</edu>
  <edu id="e3" lang="ru" trans="google">В то время как критики бичевали о непомерном использовании масла и другие настаивают на заряженные водитель с дополнительной платой за часы пика для своих эгоистических себя ведут, я считаю утверждение, что никакая дополнительная оплата не должна быть заряжена на них.</edu>
  <edu id="e4" lang="en">The reasons are the followings.</edu>
  <edu id="e4" lang="ru" trans="google">Причины состоят в следующем.</edu>
  <edu id="e5" lang="en">Capitalism enfranchised people's right to own properties, and consequently, their rights to use them.</edu>
  <edu id="e5" lang="ru" trans="google">Капитализм цензового права людей на собственные свойства, и, следовательно, их права использовать их.</edu>
  <edu id="e6" lang="en">Driving cars during the rush hours might is bound to polluting cities's environment, but laws protect drivers to do so.</edu>
  <edu id="e6" lang="ru" trans="google">Вождение автомобилей в часы пик может неизбежно загрязнение окружающей среды городами, но законы защищают водителей, чтобы сделать это.</edu>
  <edu id="e7" lang="en">And accordingly, charging them extra fee might seems to be out of the jurisdiction.</edu>
  <edu id="e7" lang="ru" trans="google">И соответственно, заряжая их дополнительную плату мощь, кажется, из юрисдикции.</edu>
  <edu id="e8" lang="en">From another point of view, traffic jam is a natural phenomenon that nobody is able to shun or ban.</edu>
  <edu id="e8" lang="ru" trans="google">С другой точки зрения, пробка является естественным явлением, что никто не способен избегать или запрета.</edu>
  <edu id="e9" lang="en">So it is out of drivers' control.</edu>
  <edu id="e9" lang="ru" trans="google">Так что из-под контроля водителей.</edu>
  <edu id="e10" lang="en">Why drivers should pay a fine only for driving their own cars in a particular time ?</edu>
  <edu id="e10" lang="ru" trans="google">Почему водители должны заплатить штраф только за руль своих автомобилей в определенное время?</edu>
  <edu id="e11" lang="en">Wars are notorious, but you can't blame the soldiers who are justing fight for their countries.</edu>
  <edu id="e11" lang="ru" trans="google">Войны пресловутые, но вы не можете винить солдат, которые джастин бороться за свои страны.</edu>
  <edu id="e12" lang="en">Buying a car spends hundreds of thousand; paying for all sorts of fee takes another several - these are all ready too much for most of the families to bear.</edu>
  <edu id="e12" lang="ru" trans="google">Покупка автомобиля тратит сотни тысяч; платить за разного рода плату берет еще несколько - это все готовы слишком много для большинства семей нести.</edu>
  <edu id="e13" lang="en">Charging drivers one more fee makes no sense and is ridiculous.</edu>
  <edu id="e13" lang="ru" trans="google">Зарядка водителей еще один взнос не имеет никакого смысла и смешно.</edu>
  <edu id="e14" lang="en">Majority of the families buy cars simply for a safer and easier conveyance.</edu>
  <edu id="e14" lang="ru" trans="google">Большинство семей покупают автомобили просто для более безопасной и более легкой транспортировки.</edu>
  <edu id="e15" lang="en">And charging them too much fee adds a lot to their burden and is actually jeopardizing their rights.</edu>
  <edu id="e15" lang="ru" trans="google">И заряжая их слишком много гонорар добавляет много их бремени и фактически ставит под угрозу их права.</edu>
  <edu id="e16" lang="en">Rather than passively forcing drivers to pay another fee, government should instead, be more active on advocating the use of more efficient and environmental-friendly energy or planning out more reasonable and convenient layout that allow people to reach their destinations with less oil.</edu>
  <edu id="e16" lang="ru" trans="google">Вместо того, чтобы пассивно заставляя водителей платить другую плату, правительство должно вместо этого, быть более активными в пропаганде применения более эффективных и экологически чистой энергии или распланировать более разумный и удобный формат, который позволит людям достичь своих адресатов с меньшим количеством масла.</edu>
  <edu id="e17" lang="en">Sometimes traffic jam occur only due to the malfunction of a traffic light, or unreasonable organization of roadways.</edu>
  <edu id="e17" lang="ru" trans="google">Иногда пробке возникают только из-за неисправности светофора или необоснованной организацию выработок.</edu>
  <edu id="e18" lang="en">In these cases, the one who should be charged for a fine is the city planner, not drivers.</edu>
  <edu id="e18" lang="ru" trans="google">В этих случаях тот, кто должен платить за штрафом является градостроитель, а не водители.</edu>
  <edu id="e19" lang="en">Simply put, charging drivers fees regardless of the causes of the problems could be ridiculous and even unlawful.</edu>
  <edu id="e19" lang="ru" trans="google">Проще говоря, для зарядки водителей платы независимо от причин возникновения проблем могут быть смешными и даже незаконными.</edu>
  <edu id="e20" lang="en">In conclusion, " rush hours " are usually not the direct consequence of drivers.</edu>
  <edu id="e20" lang="ru" trans="google">В заключении, «часы пик», как правило, не является прямым следствием водителей.</edu>
  <edu id="e21" lang="en">Instead, the real causes of traffic jam may fall on various of grounds, and therefore, charging drivers for another fee for this could be unreasonable and irrational.</edu>
  <edu id="e21" lang="ru" trans="google">Вместо этого, реальные причины пробки могут упасть на различных оснований, и, следовательно, зарядка драйверов для другой платы за это может быть неразумно и нерационально.</edu>
  <adu id="a1" type="neut"/>
  <adu id="a2" type="neut"/>
  <adu id="a3" type="mcl"/>
  <adu id="a4" type="neut"/>
  <adu id="a5" type="pro"/>
  <adu id="a6" type="pro"/>
  <adu id="a7" type="pro"/>
  <adu id="a8" type="pro"/>
  <adu id="a9" type="pro"/>
  <adu id="a10" type="neut"/>
  <adu id="a11" type="pro"/>
  <adu id="a12" type="pro"/>
  <adu id="a13" type="pro"/>
  <adu id="a14" type="pro"/>
  <adu id="a15" type="pro"/>
  <adu id="a16" type="pro"/>
  <adu id="a17" type="pro"/>
  <adu id="a18" type="pro"/>
  <adu id="a19" type="pro"/>
  <adu id="a20" type="pro"/>
  <adu id="a21" type="mcl"/>
  <edge id="c21" src="e1" trg="a1" type="seg"/>
  <edge id="c22" src="e2" trg="a2" type="seg"/>
  <edge id="c23" src="e3" trg="a3" type="seg"/>
  <edge id="c24" src="e4" trg="a4" type="seg"/>
  <edge id="c25" src="e5" trg="a5" type="seg"/>
  <edge id="c26" src="e6" trg="a6" type="seg"/>
  <edge id="c27" src="e7" trg="a7" type="seg"/>
  <edge id="c28" src="e8" trg="a8" type="seg"/>
  <edge id="c29" src="e9" trg="a9" type="seg"/>
  <edge id="c30" src="e10" trg="a10" type="seg"/>
  <edge id="c31" src="e11" trg="a11" type="seg"/>
  <edge id="c32" src="e12" trg="a12" type="seg"/>
  <edge id="c33" src="e13" trg="a13" type="seg"/>
  <edge id="c34" src="e14" trg="a14" type="seg"/>
  <edge id="c35" src="e15" trg="a15" type="seg"/>
  <edge id="c36" src="e16" trg="a16" type="seg"/>
  <edge id="c37" src="e17" trg="a17" type="seg"/>
  <edge id="c38" src="e18" trg="a18" type="seg"/>
  <edge id="c39" src="e19" trg="a19" type="seg"/>
  <edge id="c40" src="e20" trg="a20" type="seg"/>
  <edge id="c41" src="e21" trg="a21" type="seg"/>
  <edge id="c1" src="a5" trg="a7" type="sup"/>
  <edge id="c2" src="a6" trg="a7" type="sup"/>
  <edge id="c3" src="a7" trg="a3" type="sup"/>
  <edge id="c4" src="a7" trg="a21" type="sup"/>
  <edge id="c5" src="a8" trg="a9" type="sup"/>
  <edge id="c6" src="a9" trg="a7" type="sup"/>
  <edge id="c7" src="a11" trg="a7" type="sup"/>
  <edge id="c8" src="a12" trg="a15" type="sup"/>
  <edge id="c9" src="a13" trg="a3" type="sup"/>
  <edge id="c10" src="a13" trg="a21" type="sup"/>
  <edge id="c11" src="a14" trg="a15" type="sup"/>
  <edge id="c12" src="a15" trg="a13" type="sup"/>
  <edge id="c13" src="a16" trg="a3" type="sup"/>
  <edge id="c14" src="a16" trg="a21" type="sup"/>
  <edge id="c15" src="a17" trg="a19" type="sup"/>
  <edge id="c16" src="a18" trg="a19" type="sup"/>
  <edge id="c17" src="a19" trg="a3" type="sup"/>
  <edge id="c18" src="a19" trg="a21" type="sup"/>
  <edge id="c19" src="a20" trg="a3" type="sup"/>
  <edge id="c20" src="a20" trg="a21" type="sup"/>
</arggraph>
