<?xml version='1.0' encoding='UTF-8'?>
<arggraph id="micro_e18" stance="pro" topic_id="Parents can help their teenage children prepare for adult life" topic_ru="Родители могут помочь своим детям подростков подготовиться к взрослой жизни">
  <edu id="e1" lang="en">Nowadays, the society has become exceedingly competitive than ever before, parents have the responsibilitis to teach their children to survive and to be indepedent from them, just as animals teach their offspring skills of finding foods.</edu>
  <edu id="e1" lang="ru" trans="google">В настоящее время общество стало чрезвычайно конкурентоспособными, чем когда-либо прежде, родители имеют responsibilitis, чтобы научить своих детей, чтобы выжить и быть indepedent из них, так же, как животные учат свои навыки Потомство найти пищу.</edu>
  <edu id="e2" lang="en">Parents can use many methods to guide them to achieve that, for example, asking them to do some housework or clean the rooms by themselves.</edu>
  <edu id="e2" lang="ru" trans="google">Родители могут использовать много методов, чтобы направлять их для достижения этой цели, например, с просьбой сделать некоторые дома или чистыми номера самого по себе.</edu>
  <edu id="e3" lang="en">In my views, I agree that it is the best way for teenage children to take a part-time job to prepare their adult life for several reasons.</edu>
  <edu id="e3" lang="ru" trans="google">В моих взглядов, я согласен, что это лучший способ для детей, подростков принять неполный рабочий день, чтобы подготовить свою взрослую жизнь по нескольким причинам.</edu>
  <edu id="e4" lang="en">First of all, when children get a job, they are able to earn money by themselves, instead of getting pocket money from their parents.</edu>
  <edu id="e4" lang="ru" trans="google">Прежде всего, когда дети получают работу, они могут зарабатывать деньги сами по себе, вместо того, чтобы получать карманные деньги от своих родителей.</edu>
  <edu id="e5" lang="en">Thus, it is an oppertunity to learn how to deal with money.</edu>
  <edu id="e5" lang="ru" trans="google">Таким образом, это возможность узнать, как иметь дело с деньгами.</edu>
  <edu id="e6" lang="en">Take me as an example, when I was 16, I found a job during summer vacation and earned some money by own.</edu>
  <edu id="e6" lang="ru" trans="google">Возьмите меня в качестве примера, когда мне было 16, я нашел работу во время летних каникул и заработал немного денег самостоятельно.</edu>
  <edu id="e7" lang="en">At the beginning of the semester, I was told to buy a text book.</edu>
  <edu id="e7" lang="ru" trans="google">В начале семестра, мне сказали, чтобы купить текст книги.</edu>
  <edu id="e8" lang="en">Unfortunately, I spent most of my salary hanging out with my friend.</edu>
  <edu id="e8" lang="ru" trans="google">К сожалению, я провел большую часть моей зарплаты болтаться с моим другом.</edu>
  <edu id="e9" lang="en">Therefore, I finally realized that I should learn to make a plan before I spend my money, and that did influence me in my life now.</edu>
  <edu id="e9" lang="ru" trans="google">Поэтому, я, наконец, понял, что я должен учиться, чтобы сделать план, прежде чем я трачу свои деньги, и это действительно повлиял на меня в моей жизни сейчас.</edu>
  <edu id="e10" lang="en">Secondly, by taking a part-time job, they certainly have to be responsible for anything they have done.</edu>
  <edu id="e10" lang="ru" trans="google">Во-вторых, принимая часть времени работы, они, безусловно, должны нести ответственность за все, что они сделали.</edu>
  <edu id="e11" lang="en">For instance, if a student get a job in a company but he is frequently late for work, the company may reduce his payment or even fire him.</edu>
  <edu id="e11" lang="ru" trans="google">Например, если студент получить работу в компании, но он часто опаздывает на работу, компания может уменьшить его оплату или даже уволить его.</edu>
  <edu id="e12" lang="en">To compare with the school life, they might suffer only a small punishment at school.</edu>
  <edu id="e12" lang="ru" trans="google">Для сравнения школьной жизни, они могут пострадать лишь небольшое наказание в школе.</edu>
  <edu id="e13" lang="en">Under the circumstances, he will learn that he has to obey the rule and take responsibility for their work.</edu>
  <edu id="e13" lang="ru" trans="google">В этих условиях, он узнает, что он должен соблюдать правила и взять на себя ответственность за свою работу.</edu>
  <edu id="e14" lang="en">In conclusion, to help their children to adapt adult life, parents should let them experience it as much as they can.</edu>
  <edu id="e14" lang="ru" trans="google">В заключении, чтобы помочь своим детям адаптироваться во взрослой жизни, родители должны дать им испытать его столько, сколько они могут.</edu>
  <edu id="e15" lang="en">Due to the reasons given above, to encourage children taking a part-time job is a good choice for them to get prepared for adult life.</edu>
  <edu id="e15" lang="ru" trans="google">В связи с изложенными выше причинами, чтобы поощрять ребенок, принимающие неполный рабочий день, является хорошим выбором для них, чтобы подготовиться к взрослой жизни.</edu>
  <adu id="a1" type="neut"/>
  <adu id="a2" type="neut"/>
  <adu id="a3" type="mcl"/>
  <adu id="a4" type="pro"/>
  <adu id="a5" type="pro"/>
  <adu id="a6" type="pro"/>
  <adu id="a7" type="pro"/>
  <adu id="a8" type="pro"/>
  <adu id="a9" type="pro"/>
  <adu id="a10" type="pro"/>
  <adu id="a11" type="pro"/>
  <adu id="a12" type="pro"/>
  <adu id="a13" type="pro"/>
  <adu id="a14" type="pro"/>
  <adu id="a15" type="mcl"/>
  <edge id="c15" src="e1" trg="a1" type="seg"/>
  <edge id="c16" src="e2" trg="a2" type="seg"/>
  <edge id="c17" src="e3" trg="a3" type="seg"/>
  <edge id="c18" src="e4" trg="a4" type="seg"/>
  <edge id="c19" src="e5" trg="a5" type="seg"/>
  <edge id="c20" src="e6" trg="a6" type="seg"/>
  <edge id="c21" src="e7" trg="a7" type="seg"/>
  <edge id="c22" src="e8" trg="a8" type="seg"/>
  <edge id="c23" src="e9" trg="a9" type="seg"/>
  <edge id="c24" src="e10" trg="a10" type="seg"/>
  <edge id="c25" src="e11" trg="a11" type="seg"/>
  <edge id="c26" src="e12" trg="a12" type="seg"/>
  <edge id="c27" src="e13" trg="a13" type="seg"/>
  <edge id="c28" src="e14" trg="a14" type="seg"/>
  <edge id="c29" src="e15" trg="a15" type="seg"/>
  <edge id="c1" src="a4" trg="a5" type="sup"/>
  <edge id="c2" src="a5" trg="a3" type="sup"/>
  <edge id="c3" src="a5" trg="a15" type="sup"/>
  <edge id="c4" src="a6" trg="a9" type="sup"/>
  <edge id="c5" src="a7" trg="a9" type="sup"/>
  <edge id="c6" src="a8" trg="a9" type="sup"/>
  <edge id="c7" src="a9" trg="a5" type="sup"/>
  <edge id="c8" src="a10" trg="a3" type="sup"/>
  <edge id="c9" src="a10" trg="a15" type="sup"/>
  <edge id="c10" src="a11" trg="a10" type="exa"/>
  <edge id="c11" src="a12" trg="a10" type="sup"/>
  <edge id="c12" src="a13" trg="a10" type="sup"/>
  <edge id="c13" src="a14" trg="a3" type="sup"/>
  <edge id="c14" src="a14" trg="a15" type="sup"/>
</arggraph>
