<?xml version='1.0' encoding='UTF-8'?>
<arggraph id="micro_e96" stance="pro" topic_id="Getting opinions from many sources could augment people's performance." topic_ru="Получение мнения от многих источников может увеличить производительность людей.">
  <edu id="e1" lang="en">Getting opinions from many sources could augment people's performance.</edu>
  <edu id="e1" lang="ru" trans="google">Получение мнения от многих источников может увеличить производительность людей.</edu>
  <edu id="e2" lang="en">Thereby, evaluating from students is one of the ways to improve quality of educational system.</edu>
  <edu id="e2" lang="ru" trans="google">Таким образом, оценка со стороны студентов является одним из способов повышения качества системы образования.</edu>
  <edu id="e3" lang="en">Not only teachers could amplify their performance but the whole education system are also improve performance from evaluation made by students.</edu>
  <edu id="e3" lang="ru" trans="google">Не только учителя могли усилить их эффективность, но вся система образования также улучшить производительность от оценки, сделанные студентами.</edu>
  <edu id="e4" lang="en">Therefore, I agree with this notion that students should be asked to evaluate their teachers.</edu>
  <edu id="e4" lang="ru" trans="google">Поэтому я согласен с этим мнением, что студенты должны быть предложены оценить свои учитель.</edu>
  <edu id="e5" lang="en">To begin with, Evaluating teachers made by students could improve teachers' performance.</edu>
  <edu id="e5" lang="ru" trans="google">Начнем с того, оценки преподавателей, сделанные студентами могли бы улучшить работу учителей.</edu>
  <edu id="e6" lang="en">For example, evaluation made by students is similar to feedback from customer that business owners need to know in order to improve their product.</edu>
  <edu id="e6" lang="ru" trans="google">Например, оценка производится студенты похожа на обратную связь от клиента, что владельцы бизнеса должны знать, чтобы улучшить свой продукт.</edu>
  <edu id="e7" lang="en">Students might complain about their teachers spoke too fast that students could not catch up on information.</edu>
  <edu id="e7" lang="ru" trans="google">Студенты могли бы жаловаться на их учителя говорили слишком быстро, что студенты не могли догнать по информации.</edu>
  <edu id="e8" lang="en">Consequently, teachers could improve themselves by speaking slower to make sure that students could get all information that they want to give.</edu>
  <edu id="e8" lang="ru" trans="google">Следовательно, преподаватели могли бы улучшить себя, говоря медленнее, чтобы убедиться, что студенты могут получить всю информацию, которую они хотят дать.</edu>
  <edu id="e9" lang="en">Therefore, evaluating from students could improve teachers' performance.</edu>
  <edu id="e9" lang="ru" trans="google">Таким образом, оценки от студентов могут улучшить работу учителей.</edu>
  <edu id="e10" lang="en">Additionally, this evaluation from students could improve schools' quality.</edu>
  <edu id="e10" lang="ru" trans="google">Кроме того, эта оценка со стороны студентов может улучшить качество школ.</edu>
  <edu id="e11" lang="en">Teachers could augment their quality.</edu>
  <edu id="e11" lang="ru" trans="google">Учителя могли бы увеличить их качество.</edu>
  <edu id="e12" lang="en">Consequently, When school gather teachers that have great performance, school are gaining higher quality.</edu>
  <edu id="e12" lang="ru" trans="google">Следовательно, когда в школе собирают учителей, которые имеют большую производительность, школа набирает более высокое качество.</edu>
  <edu id="e13" lang="en">For instance, in many cooperation such as Microsoft that could produce many great products.</edu>
  <edu id="e13" lang="ru" trans="google">Например, во многих сотрудничества, таких как Microsoft, которая может производить много замечательных продуктов.</edu>
  <edu id="e14" lang="en">Because they have employees whose performance are very high.</edu>
  <edu id="e14" lang="ru" trans="google">Потому что у них есть сотрудники, чья производительность очень высока.</edu>
  <edu id="e15" lang="en">Schools could produce intellectual students.</edu>
  <edu id="e15" lang="ru" trans="google">Школы могут производить интеллектуальные студент.</edu>
  <edu id="e16" lang="en">Because school have teachers who are always improve their quality from evaluation made by students.</edu>
  <edu id="e16" lang="ru" trans="google">Потому что школа есть учителя, которые всегда улучшают их качество от оценки сделаны студентами.</edu>
  <edu id="e17" lang="en">Finally, people who get the most advantage from evaluation is students.</edu>
  <edu id="e17" lang="ru" trans="google">Наконец, люди, которые получают наибольшее преимущество от оценки составляют студенты.</edu>
  <edu id="e18" lang="en">Students could study in class that have teachers who have experienced and greater performance.</edu>
  <edu id="e18" lang="ru" trans="google">Студенты могли учиться в классе, есть учителя, которые испытали и большую производительность.</edu>
  <edu id="e19" lang="en">Because teachers are always adapt the way they teach in order to make students easy to understand their subjects.</edu>
  <edu id="e19" lang="ru" trans="google">Потому что учителя всегда адаптируются так, как они учат, чтобы студенты делают легко понять их предметы.</edu>
  <edu id="e20" lang="en">students could comprehend their subject easily.</edu>
  <edu id="e20" lang="ru" trans="google">студенты могли бы понять их предмет легко.</edu>
  <edu id="e21" lang="en">As a result, students, who study from great schools which have great performance teacher, graduate with great knowledge to survive in next steps of life.</edu>
  <edu id="e21" lang="ru" trans="google">В результате, студенты, которые учатся у великих школ, которые имеют большой учитель производительности, выпускник с большим знанием, чтобы выжить в следующих этапах жизни.</edu>
  <edu id="e22" lang="en">In conclusion, I agree with this statement that school should ask students to evaluate their teachers.</edu>
  <edu id="e22" lang="ru" trans="google">В заключении, я согласен с этим утверждением, что школа должна просить студент оценить свои учитель.</edu>
  <edu id="e23" lang="en">Because teachers could improve their performance.</edu>
  <edu id="e23" lang="ru" trans="google">Потому что учителя могут повысить их эффективность.</edu>
  <edu id="e24" lang="en">Moreover, schools are also improve their quality.</edu>
  <edu id="e24" lang="ru" trans="google">Кроме того, школы также улучшить их качество.</edu>
  <edu id="e25" lang="en">Because they have high performance teachers.</edu>
  <edu id="e25" lang="ru" trans="google">Потому что они имеют высокую производительность учителей.</edu>
  <edu id="e26" lang="en">Furthermore, students are easy to understand their subjects.</edu>
  <edu id="e26" lang="ru" trans="google">Кроме того, студенты легко понять свои предметы.</edu>
  <edu id="e27" lang="en">Thus, I believe that there are benefits to ask students to evaluate their teachers.</edu>
  <edu id="e27" lang="ru" trans="google">Таким образом, я считаю, что есть преимущества, чтобы спросить студент оценить свои учитель.</edu>
  <adu id="a1" type="neut"/>
  <adu id="a2" type="neut"/>
  <adu id="a3" type="neut"/>
  <adu id="a4" type="mcl"/>
  <adu id="a5" type="pro"/>
  <adu id="a6" type="pro"/>
  <adu id="a7" type="pro"/>
  <adu id="a8" type="pro"/>
  <adu id="a9" type="pro"/>
  <adu id="a10" type="pro"/>
  <adu id="a11" type="pro"/>
  <adu id="a12" type="pro"/>
  <adu id="a13" type="pro"/>
  <adu id="a14" type="pro"/>
  <adu id="a15" type="pro"/>
  <adu id="a16" type="pro"/>
  <adu id="a17" type="pro"/>
  <adu id="a18" type="pro"/>
  <adu id="a19" type="pro"/>
  <adu id="a20" type="pro"/>
  <adu id="a21" type="pro"/>
  <adu id="a22" type="mcl"/>
  <adu id="a23" type="pro"/>
  <adu id="a24" type="pro"/>
  <adu id="a25" type="pro"/>
  <adu id="a26" type="pro"/>
  <adu id="a27" type="mcl"/>
  <edge id="c32" src="e1" trg="a1" type="seg"/>
  <edge id="c33" src="e2" trg="a2" type="seg"/>
  <edge id="c34" src="e3" trg="a3" type="seg"/>
  <edge id="c35" src="e4" trg="a4" type="seg"/>
  <edge id="c36" src="e5" trg="a5" type="seg"/>
  <edge id="c37" src="e6" trg="a6" type="seg"/>
  <edge id="c38" src="e7" trg="a7" type="seg"/>
  <edge id="c39" src="e8" trg="a8" type="seg"/>
  <edge id="c40" src="e9" trg="a9" type="seg"/>
  <edge id="c41" src="e10" trg="a10" type="seg"/>
  <edge id="c42" src="e11" trg="a11" type="seg"/>
  <edge id="c43" src="e12" trg="a12" type="seg"/>
  <edge id="c44" src="e13" trg="a13" type="seg"/>
  <edge id="c45" src="e14" trg="a14" type="seg"/>
  <edge id="c46" src="e15" trg="a15" type="seg"/>
  <edge id="c47" src="e16" trg="a16" type="seg"/>
  <edge id="c48" src="e17" trg="a17" type="seg"/>
  <edge id="c49" src="e18" trg="a18" type="seg"/>
  <edge id="c50" src="e19" trg="a19" type="seg"/>
  <edge id="c51" src="e20" trg="a20" type="seg"/>
  <edge id="c52" src="e21" trg="a21" type="seg"/>
  <edge id="c53" src="e22" trg="a22" type="seg"/>
  <edge id="c54" src="e23" trg="a23" type="seg"/>
  <edge id="c55" src="e24" trg="a24" type="seg"/>
  <edge id="c56" src="e25" trg="a25" type="seg"/>
  <edge id="c57" src="e26" trg="a26" type="seg"/>
  <edge id="c58" src="e27" trg="a27" type="seg"/>
  <edge id="c1" src="a5" trg="a9" type="sup"/>
  <edge id="c2" src="a6" trg="a9" type="exa"/>
  <edge id="c3" src="a7" trg="a8" type="sup"/>
  <edge id="c4" src="a8" trg="a9" type="sup"/>
  <edge id="c5" src="a9" trg="a4" type="sup"/>
  <edge id="c6" src="a9" trg="a22" type="sup"/>
  <edge id="c7" src="a9" trg="a27" type="sup"/>
  <edge id="c8" src="a10" trg="a4" type="sup"/>
  <edge id="c9" src="a10" trg="a22" type="sup"/>
  <edge id="c10" src="a10" trg="a27" type="sup"/>
  <edge id="c11" src="a11" trg="a10" type="sup"/>
  <edge id="c12" src="a12" trg="a10" type="sup"/>
  <edge id="c13" src="a13" trg="a10" type="exa"/>
  <edge id="c14" src="a14" trg="a13" type="sup"/>
  <edge id="c15" src="a15" trg="a10" type="sup"/>
  <edge id="c16" src="a16" trg="a15" type="sup"/>
  <edge id="c17" src="a17" trg="a4" type="sup"/>
  <edge id="c18" src="a17" trg="a22" type="sup"/>
  <edge id="c19" src="a17" trg="a27" type="sup"/>
  <edge id="c20" src="a18" trg="a17" type="sup"/>
  <edge id="c21" src="a19" trg="a20" type="sup"/>
  <edge id="c22" src="a20" trg="a17" type="sup"/>
  <edge id="c23" src="a21" trg="a17" type="sup"/>
  <edge id="c24" src="a23" trg="a4" type="sup"/>
  <edge id="c25" src="a23" trg="a22" type="sup"/>
  <edge id="c26" src="a23" trg="a27" type="sup"/>
  <edge id="c27" src="a24" trg="a4" type="sup"/>
  <edge id="c28" src="a24" trg="a22" type="sup"/>
  <edge id="c29" src="a24" trg="a27" type="sup"/>
  <edge id="c30" src="a25" trg="a24" type="sup"/>
  <edge id="c31" src="a26" trg="a24" type="sup"/>
</arggraph>
