<?xml version='1.0' encoding='UTF-8'?>
<arggraph id="micro_e255" stance="pro" topic_id="Do you think it is good for teenagers to work while schooling ?" topic_ru="Как вы думаете, что это хорошо для подростков на работу в то время школьного обучения?">
  <edu id="e1" lang="en">In my opinion, it is not the good idea for teenagers to have job while they are still students.</edu>
  <edu id="e1" lang="ru" trans="google">На мой взгляд, это не хорошая идея для подростков, чтобы иметь работу, пока они еще студенты.</edu>
  <edu id="e2" lang="en">Although, many argue that it provide good working experience.</edu>
  <edu id="e2" lang="ru" trans="google">Хотя многие утверждают, что обеспечивают хороший опыт работы.</edu>
  <edu id="e3" lang="en">But I think it can interfere with their life in various ways.</edu>
  <edu id="e3" lang="ru" trans="google">Но я думаю, что это может помешать их жизни различными способами.</edu>
  <edu id="e4" lang="en">Having jobs would affect the health of the student.</edu>
  <edu id="e4" lang="ru" trans="google">Наличие рабочих мест будет влиять на здоровье студента.</edu>
  <edu id="e5" lang="en">It divert their mind from studies and would take away their childhood phase from their life.</edu>
  <edu id="e5" lang="ru" trans="google">Это отвлечь их внимание от исследований и заберет их фазу детства от своей жизни.</edu>
  <edu id="e6" lang="en">A student has to do lots of studies in today's competitive world to prove himself.</edu>
  <edu id="e6" lang="ru" trans="google">Студент должен сделать много исследований в современном конкурентном мире, чтобы проявить себя.</edu>
  <edu id="e7" lang="en">He has to spend his most of time in school to get a good grades.</edu>
  <edu id="e7" lang="ru" trans="google">Он должен провести его большую часть времени в школе, чтобы получить хорошие оценки.</edu>
  <edu id="e8" lang="en">If the student get involved himself in job in rest of the time, then it would cause an extra burden on them.</edu>
  <edu id="e8" lang="ru" trans="google">Если студент прибудет вмешивался в работе в остальном время, то это вызовет дополнительную нагрузку на них.</edu>
  <edu id="e9" lang="en">Furthermore, jobs has various responsibilities like attendance, sometimes extra work and so on.</edu>
  <edu id="e9" lang="ru" trans="google">Кроме того, работа имеет различные обязанности, как посещаемость, иногда дополнительную работу и так далее.</edu>
  <edu id="e10" lang="en">This would result in stress, tension and tiredness.</edu>
  <edu id="e10" lang="ru" trans="google">Это приведет к стресс, напряжение и усталость.</edu>
  <edu id="e11" lang="en">They won't be able to get proper time for relaxation, sleep.</edu>
  <edu id="e11" lang="ru" trans="google">Они не будут иметь возможность получить правильное время для отдыха, сна.</edu>
  <edu id="e12" lang="en">Thus, would affect their mental and physical health.</edu>
  <edu id="e12" lang="ru" trans="google">Таким образом, будет влиять на их психическое и физическое здоровье.</edu>
  <edu id="e13" lang="en">Another reason, jobs can divert students from their studies.</edu>
  <edu id="e13" lang="ru" trans="google">Еще одна причина, рабочие места могут отвлекать студентов от занятий.</edu>
  <edu id="e14" lang="en">If students started earning in earlier age in their life, then they get attracted towards money.</edu>
  <edu id="e14" lang="ru" trans="google">Если студенты начали зарабатывать в более раннем возрасте, в их жизни, то они притягиваются к деньгам.</edu>
  <edu id="e15" lang="en">They feel themselves independent and would prefer to work more for money.</edu>
  <edu id="e15" lang="ru" trans="google">Они чувствуют себя независимыми и предпочли бы работать за деньги.</edu>
  <edu id="e16" lang="en">This would affect their studies, they loose their interest from studies.</edu>
  <edu id="e16" lang="ru" trans="google">Это влияет на их исследования, они теряют интерес исследования.</edu>
  <edu id="e17" lang="en">Moreover, they drop out their studies so as to earn more money.</edu>
  <edu id="e17" lang="ru" trans="google">Кроме того, они бросают свои исследования с тем, чтобы заработать больше денег.</edu>
  <edu id="e18" lang="en">In addition to this, the main drawback of teenagers job is that, they miss out the fun of their childhood time.</edu>
  <edu id="e18" lang="ru" trans="google">В дополнение к этому, главный недостаток подростков работы заключается в том, что они упустить удовольствие от своего времени детства.</edu>
  <edu id="e19" lang="en">He would miss various childhood activities such as hang out with friends, clubs and fun activities and social interaction with others.</edu>
  <edu id="e19" lang="ru" trans="google">Он пропустит различные мероприятия, такие как детские тусоваться с друзьями, клубами и развлечением и социальным взаимодействием с другими людьми.</edu>
  <edu id="e20" lang="en">They have whole life to do job and prove themselves, but the childhood phase will never return in their life.</edu>
  <edu id="e20" lang="ru" trans="google">Они всю жизнь, чтобы сделать работу и проявить себя, но фаза детства никогда не вернется в своей жизни.</edu>
  <edu id="e21" lang="en">Therefore, they should take advantage of life as much possible they can.</edu>
  <edu id="e21" lang="ru" trans="google">Таким образом, они должны воспользоваться жизни, насколько это возможно, они могут.</edu>
  <edu id="e22" lang="en">Thus, for a teenager it is important to pay attention on their studies.</edu>
  <edu id="e22" lang="ru" trans="google">Таким образом, для подростка, важно обратить внимание на свои исследования.</edu>
  <edu id="e23" lang="en">Having job would affect their health, divert them from studies and take away one of the important phase from their life.</edu>
  <edu id="e23" lang="ru" trans="google">Имея работу будет влиять на их здоровье, отвлечь их от исследований и забрать один из важной фазы из их жизни.</edu>
  <adu id="a1" type="mcl"/>
  <adu id="a2" type="opp"/>
  <adu id="a3" type="mcl"/>
  <adu id="a4" type="pro"/>
  <adu id="a5" type="pro"/>
  <adu id="a6" type="pro"/>
  <adu id="a7" type="pro"/>
  <adu id="a8" type="pro"/>
  <adu id="a9" type="pro"/>
  <adu id="a10" type="pro"/>
  <adu id="a11" type="pro"/>
  <adu id="a12" type="pro"/>
  <adu id="a13" type="pro"/>
  <adu id="a14" type="pro"/>
  <adu id="a15" type="pro"/>
  <adu id="a16" type="pro"/>
  <adu id="a17" type="pro"/>
  <adu id="a18" type="pro"/>
  <adu id="a19" type="pro"/>
  <adu id="a20" type="pro"/>
  <adu id="a21" type="pro"/>
  <adu id="a22" type="mcl"/>
  <adu id="a23" type="pro"/>
  <edge id="c37" src="e1" trg="a1" type="seg"/>
  <edge id="c38" src="e2" trg="a2" type="seg"/>
  <edge id="c39" src="e3" trg="a3" type="seg"/>
  <edge id="c40" src="e4" trg="a4" type="seg"/>
  <edge id="c41" src="e5" trg="a5" type="seg"/>
  <edge id="c42" src="e6" trg="a6" type="seg"/>
  <edge id="c43" src="e7" trg="a7" type="seg"/>
  <edge id="c44" src="e8" trg="a8" type="seg"/>
  <edge id="c45" src="e9" trg="a9" type="seg"/>
  <edge id="c46" src="e10" trg="a10" type="seg"/>
  <edge id="c47" src="e11" trg="a11" type="seg"/>
  <edge id="c48" src="e12" trg="a12" type="seg"/>
  <edge id="c49" src="e13" trg="a13" type="seg"/>
  <edge id="c50" src="e14" trg="a14" type="seg"/>
  <edge id="c51" src="e15" trg="a15" type="seg"/>
  <edge id="c52" src="e16" trg="a16" type="seg"/>
  <edge id="c53" src="e17" trg="a17" type="seg"/>
  <edge id="c54" src="e18" trg="a18" type="seg"/>
  <edge id="c55" src="e19" trg="a19" type="seg"/>
  <edge id="c56" src="e20" trg="a20" type="seg"/>
  <edge id="c57" src="e21" trg="a21" type="seg"/>
  <edge id="c58" src="e22" trg="a22" type="seg"/>
  <edge id="c59" src="e23" trg="a23" type="seg"/>
  <edge id="c1" src="a2" trg="a1" type="reb"/>
  <edge id="c2" src="a2" trg="a3" type="reb"/>
  <edge id="c3" src="a2" trg="a22" type="reb"/>
  <edge id="c4" src="a4" trg="a1" type="sup"/>
  <edge id="c5" src="a4" trg="a3" type="sup"/>
  <edge id="c6" src="a4" trg="a22" type="sup"/>
  <edge id="c7" src="a5" trg="a1" type="sup"/>
  <edge id="c8" src="a5" trg="a3" type="sup"/>
  <edge id="c9" src="a5" trg="a22" type="sup"/>
  <edge id="c10" src="a6" trg="a8" type="sup"/>
  <edge id="c11" src="a7" trg="a8" type="sup"/>
  <edge id="c12" src="a8" trg="a1" type="sup"/>
  <edge id="c13" src="a8" trg="a3" type="sup"/>
  <edge id="c14" src="a8" trg="a22" type="sup"/>
  <edge id="c15" src="a9" trg="a12" type="sup"/>
  <edge id="c16" src="a10" trg="a12" type="sup"/>
  <edge id="c17" src="a11" trg="a12" type="sup"/>
  <edge id="c18" src="a12" trg="a1" type="sup"/>
  <edge id="c19" src="a12" trg="a3" type="sup"/>
  <edge id="c20" src="a12" trg="a22" type="sup"/>
  <edge id="c21" src="a13" trg="a1" type="sup"/>
  <edge id="c22" src="a13" trg="a3" type="sup"/>
  <edge id="c23" src="a13" trg="a22" type="sup"/>
  <edge id="c24" src="a14" trg="a13" type="sup"/>
  <edge id="c25" src="a15" trg="a13" type="sup"/>
  <edge id="c26" src="a16" trg="a13" type="sup"/>
  <edge id="c27" src="a17" trg="a13" type="sup"/>
  <edge id="c28" src="a18" trg="a21" type="sup"/>
  <edge id="c29" src="a19" trg="a21" type="sup"/>
  <edge id="c30" src="a20" trg="a21" type="sup"/>
  <edge id="c31" src="a21" trg="a1" type="sup"/>
  <edge id="c32" src="a21" trg="a3" type="sup"/>
  <edge id="c33" src="a21" trg="a22" type="sup"/>
  <edge id="c34" src="a23" trg="a1" type="sup"/>
  <edge id="c35" src="a23" trg="a3" type="sup"/>
  <edge id="c36" src="a23" trg="a22" type="sup"/>
</arggraph>
