<?xml version='1.0' encoding='UTF-8'?>
<arggraph id="micro_e217" stance="pro" topic_id="Popular events are essential" topic_ru="Популярные события имеют важное значение">
  <edu id="e1" lang="en">A world sportive competition event is watched by almost every country around the world and provide social stimulus and people gathering.</edu>
  <edu id="e1" lang="ru" trans="google">Событие мирового спортивная конкуренция наблюдается почти во всех странах по всему миру и обеспечивают социальный стимул и люди сбора.</edu>
  <edu id="e2" lang="en">However, while people view these sportive events as vital in release international problems, others think that they are just entertainment to distract people.</edu>
  <edu id="e2" lang="ru" trans="google">Тем не менее, в то время как люди считают эти события Sportive, как жизненно важное значение для выпуска международных проблем, другие считают, что они просто развлечение, чтобы отвлечь внимание людей.</edu>
  <edu id="e3" lang="en">I believe that they are important somehow, but not essential.</edu>
  <edu id="e3" lang="ru" trans="google">Я считаю, что они имеют важное значение как-то, но не существенно.</edu>
  <edu id="e4" lang="en">As a matter of fact, world sport events provide positive waves for number of people.</edu>
  <edu id="e4" lang="ru" trans="google">По сути, мировые спортивные события дают положительные волны для многих людей.</edu>
  <edu id="e5" lang="en">The main purpose of such competitions is to enjoy and share emotions between supporters though their favorite team.</edu>
  <edu id="e5" lang="ru" trans="google">Основная цель таких соревнований, чтобы наслаждаться и делиться эмоциями между сторонниками хотя их любимой команды.</edu>
  <edu id="e6" lang="en">These emotions are shared locally in our village or city, nationally in our own country but even internationally too.</edu>
  <edu id="e6" lang="ru" trans="google">Эти эмоции разделяют на местном уровне в нашем селе или городе, на национальном уровне в нашей стране, но и на международном уровне тоже.</edu>
  <edu id="e7" lang="en">Obviously these events gather people and their nationalist pride feeling is increased.</edu>
  <edu id="e7" lang="ru" trans="google">Очевидно, что эти события собирают людей и их националистическая гордость чувство увеличивается.</edu>
  <edu id="e8" lang="en">For example, the football world cup taking place every four years is a very followed event during which everyone is having fun.</edu>
  <edu id="e8" lang="ru" trans="google">К примеру, футбольный Кубок мира проводится раз в четыре года очень последовало событие, во время которого каждый с удовольствием.</edu>
  <edu id="e9" lang="en">Moreover, these sports events are not essential in other issues such as politics or other international affairs.</edu>
  <edu id="e9" lang="ru" trans="google">Кроме того, эти спортивные мероприятия не являются существенными и в других вопросах, таких как политика или других международных делах.</edu>
  <edu id="e10" lang="en">Thus, if the general atmosphere during the show is peaceful and fraternal, the reality is different.</edu>
  <edu id="e10" lang="ru" trans="google">Таким образом, если общая атмосфера во время шоу является мирной и братской, реальность отличается.</edu>
  <edu id="e11" lang="en">In other words, this is the " calm before the storm ".</edu>
  <edu id="e11" lang="ru" trans="google">Другими словами, это «затишье перед бурей».</edu>
  <edu id="e12" lang="en">After the Olympics games are finished, everything came back to normal and all the game competition is forgotten by the majority.</edu>
  <edu id="e12" lang="ru" trans="google">После игры Олимпиады закончена, все вернулись в нормальное русло, и все игры конкуренция забыта большинством.</edu>
  <edu id="e13" lang="en">To picture it, recently, Putin was pleased to open the last winter Olympic games and gather international countries, but actually it has been just facade and Putin didn't listen international warning after he conquered the Crimea.</edu>
  <edu id="e13" lang="ru" trans="google">Чтобы представить его, в последнее время, Путин был рад открыть последние зимние Олимпийские игры и собирать международные страны, но на самом деле это было только фасад, а Путин не послушал международное предупреждение после того, как он завоевал Крым.</edu>
  <edu id="e14" lang="en">Finally, an international sports event is a very good thing to gather people, let them dream, being proud of their nationality and forget problems, but just for a while.</edu>
  <edu id="e14" lang="ru" trans="google">Наконец, международный спортивный праздник очень хорошая вещь, чтобы собрать людей, пусть они мечтают, гордясь своей национальности и забыть о проблемах, но только на некоторое время.</edu>
  <edu id="e15" lang="en">These meetings are in none case here to interact with international affairs.</edu>
  <edu id="e15" lang="ru" trans="google">Эти встречи ни в одном случае здесь, чтобы взаимодействовать с международными делами.</edu>
  <adu id="a1" type="neut"/>
  <adu id="a2" type="neut"/>
  <adu id="a3" type="mcl"/>
  <adu id="a4" type="opp"/>
  <adu id="a5" type="opp"/>
  <adu id="a6" type="opp"/>
  <adu id="a7" type="opp"/>
  <adu id="a8" type="opp"/>
  <adu id="a9" type="pro"/>
  <adu id="a10" type="pro"/>
  <adu id="a11" type="neut"/>
  <adu id="a12" type="pro"/>
  <adu id="a13" type="pro"/>
  <adu id="a14" type="opp"/>
  <adu id="a15" type="mcl"/>
  <edge id="c14" src="e1" trg="a1" type="seg"/>
  <edge id="c15" src="e2" trg="a2" type="seg"/>
  <edge id="c16" src="e3" trg="a3" type="seg"/>
  <edge id="c17" src="e4" trg="a4" type="seg"/>
  <edge id="c18" src="e5" trg="a5" type="seg"/>
  <edge id="c19" src="e6" trg="a6" type="seg"/>
  <edge id="c20" src="e7" trg="a7" type="seg"/>
  <edge id="c21" src="e8" trg="a8" type="seg"/>
  <edge id="c22" src="e9" trg="a9" type="seg"/>
  <edge id="c23" src="e10" trg="a10" type="seg"/>
  <edge id="c24" src="e11" trg="a11" type="seg"/>
  <edge id="c25" src="e12" trg="a12" type="seg"/>
  <edge id="c26" src="e13" trg="a13" type="seg"/>
  <edge id="c27" src="e14" trg="a14" type="seg"/>
  <edge id="c28" src="e15" trg="a15" type="seg"/>
  <edge id="c1" src="a4" trg="a3" type="reb"/>
  <edge id="c2" src="a4" trg="a15" type="reb"/>
  <edge id="c3" src="a5" trg="a4" type="sup"/>
  <edge id="c4" src="a6" trg="a4" type="sup"/>
  <edge id="c5" src="a7" trg="a4" type="sup"/>
  <edge id="c6" src="a8" trg="a7" type="exa"/>
  <edge id="c7" src="a9" trg="a3" type="sup"/>
  <edge id="c8" src="a9" trg="a15" type="sup"/>
  <edge id="c9" src="a10" trg="a9" type="sup"/>
  <edge id="c10" src="a12" trg="a9" type="sup"/>
  <edge id="c11" src="a13" trg="a9" type="sup"/>
  <edge id="c12" src="a14" trg="a3" type="reb"/>
  <edge id="c13" src="a14" trg="a15" type="reb"/>
</arggraph>
