<?xml version='1.0' encoding='UTF-8'?>
<arggraph id="micro_e278" stance="pro" topic_id="Success and knowledge" topic_ru="Успех и знания">
  <edu id="e1" lang="en">Many people think that " Past has nothing to do with present, as time never stops, the next generations are completely different from the predecessors ".</edu>
  <edu id="e1" lang="ru" trans="google">Многие люди думают, что «Прошлое не имеет ничего общего с настоящим временем, как время никогда не останавливается, следующие поколения полностью отличаются от своих предшественников».</edu>
  <edu id="e2" lang="en">Although it is true that life changes rapidly.</edu>
  <edu id="e2" lang="ru" trans="google">Хотя это правда, что жизнь быстро меняется.</edu>
  <edu id="e3" lang="en">there are many things in the past that we can learn about, such as mistakes, success and knowledge in many fields of study.</edu>
  <edu id="e3" lang="ru" trans="google">Есть много вещей в прошлом, что мы можем узнать о таких, как ошибки, успехи и знания во многих областях.</edu>
  <edu id="e4" lang="en">First of all, the predecessors' mistakes are the first thing that we should consider when learning about the past.</edu>
  <edu id="e4" lang="ru" trans="google">Прежде всего, ошибки предшественников это первое, что мы должны учитывать при изучении прошлого.</edu>
  <edu id="e5" lang="en">As everyone's life is too short to risk trying anything without any prepare, we all should learn about other's mistakes.</edu>
  <edu id="e5" lang="ru" trans="google">Поскольку жизнь каждого человека слишком коротка, чтобы риск, пытаясь что-либо без какой-либо подготовки, мы все должны знать о других своих ошибках.</edu>
  <edu id="e6" lang="en">So that we can avoid making the same ones.</edu>
  <edu id="e6" lang="ru" trans="google">Так что мы можем избежать тех же самых.</edu>
  <edu id="e7" lang="en">Each mistake, from the smallest to the bigger one, is a treasure of experience, which, if we can make full use of, will make us well-prepared for many complicated situations of our life.</edu>
  <edu id="e7" lang="ru" trans="google">Каждая ошибка, от самого маленького до больше один, является сокровищницей опыта, который, если мы можем в полной мере использовать, сделаем нас хорошо подготовлены для многих сложных ситуаций нашей жизни.</edu>
  <edu id="e8" lang="en">Therefore, past obviously saves ourselves a bunch of failures and times.</edu>
  <edu id="e8" lang="ru" trans="google">Таким образом, в прошлом, очевидно, сохраняет себя кучу отказов и времени.</edu>
  <edu id="e9" lang="en">Secondly, people's success in the past is as significant as those mistakes.</edu>
  <edu id="e9" lang="ru" trans="google">Во-вторых, успех людей в прошлом, столь значительны, как эти ошибки.</edu>
  <edu id="e10" lang="en">If the predecessors' mistakes are the indirect way that leads us to the goals.</edu>
  <edu id="e10" lang="ru" trans="google">Если ошибки предшественников являются косвенным образом, что приводит нас к цели.</edu>
  <edu id="e11" lang="en">others' accomplishment can be served as the direct way.</edu>
  <edu id="e11" lang="ru" trans="google">достижение чужое может быть подано как прямой путем.</edu>
  <edu id="e12" lang="en">By looking into the ways other people use to achieve their targets, we have the chance to make those mine, put them into practice and, of course, be successful like them.</edu>
  <edu id="e12" lang="ru" trans="google">Глядя на пути другие люди используют для достижения своих целей, у нас есть шанс, чтобы сделать эти шахты, поставить их на практике и, конечно же, быть успешным, как они.</edu>
  <edu id="e13" lang="en">For instance, Edison's statement " Genius is 1 percent inspiration and 99 percent perspiration " is still helpful for everyone today, and probably in the future.</edu>
  <edu id="e13" lang="ru" trans="google">Например, утверждение Эдисона «Гений 1 процент вдохновения и 99 процентов пота» по-прежнему полезны для всех сегодня, и, возможно, в будущем.</edu>
  <edu id="e14" lang="en">Last but not least, the past is the basis in which people can use to develope new knowledge, inventions.</edu>
  <edu id="e14" lang="ru" trans="google">И последнее, но не в последнюю очередь, прошлое является основой, в которой люди могут использовать, чтобы развивать новые знания, изобретения.</edu>
  <edu id="e15" lang="en">If it had not been for those knowledge in the past, we could never be as modern as today.</edu>
  <edu id="e15" lang="ru" trans="google">Если бы не было этих знаний в прошлом, мы никогда не могли бы быть столь же современна, как сегодня.</edu>
  <edu id="e16" lang="en">How can America be the world's leading country if Columbus did not accidentally discover it in his search for India.</edu>
  <edu id="e16" lang="ru" trans="google">Как Америка может быть ведущей страной в мире, если Колумб не случайно обнаружить его в поисках Индии.</edu>
  <edu id="e17" lang="en">How can the comtemporary scientists study the earth's gravity without the apple which fall on Newton's head.</edu>
  <edu id="e17" lang="ru" trans="google">Как современные ученые изучают гравитацию Земли без яблока, которые падают на голову Ньютона.</edu>
  <edu id="e18" lang="en">They are only some of many precious knowledge that the past presents us.</edu>
  <edu id="e18" lang="ru" trans="google">Они являются лишь некоторые из многих ценных знаний о том, что последние подарки нам.</edu>
  <edu id="e19" lang="en">We cannot ignore them in any way.</edu>
  <edu id="e19" lang="ru" trans="google">Мы не можем игнорировать их любым способом.</edu>
  <edu id="e20" lang="en">All in all, the past's mistakes, success and knowledge all have crucial impact on people's lives today.</edu>
  <edu id="e20" lang="ru" trans="google">В целом, в прошлом свои ошибки, успехи и знания все имеют решающее влияние на жизнь людей сегодня.</edu>
  <edu id="e21" lang="en">We should make full use of the past, instead of ignoring it, for a better and brighter future.</edu>
  <edu id="e21" lang="ru" trans="google">Мы должны в полной мере использовать прошлое, вместо того, чтобы игнорировать его, для лучшего и светлого будущего.</edu>
  <adu id="a1" type="neut"/>
  <adu id="a2" type="opp"/>
  <adu id="a3" type="mcl"/>
  <adu id="a4" type="pro"/>
  <adu id="a5" type="pro"/>
  <adu id="a6" type="pro"/>
  <adu id="a7" type="pro"/>
  <adu id="a8" type="pro"/>
  <adu id="a9" type="pro"/>
  <adu id="a10" type="pro"/>
  <adu id="a11" type="pro"/>
  <adu id="a12" type="pro"/>
  <adu id="a13" type="pro"/>
  <adu id="a14" type="pro"/>
  <adu id="a15" type="pro"/>
  <adu id="a16" type="pro"/>
  <adu id="a17" type="pro"/>
  <adu id="a18" type="pro"/>
  <adu id="a19" type="pro"/>
  <adu id="a20" type="mcl"/>
  <adu id="a21" type="neut"/>
  <edge id="c22" src="e1" trg="a1" type="seg"/>
  <edge id="c23" src="e2" trg="a2" type="seg"/>
  <edge id="c24" src="e3" trg="a3" type="seg"/>
  <edge id="c25" src="e4" trg="a4" type="seg"/>
  <edge id="c26" src="e5" trg="a5" type="seg"/>
  <edge id="c27" src="e6" trg="a6" type="seg"/>
  <edge id="c28" src="e7" trg="a7" type="seg"/>
  <edge id="c29" src="e8" trg="a8" type="seg"/>
  <edge id="c30" src="e9" trg="a9" type="seg"/>
  <edge id="c31" src="e10" trg="a10" type="seg"/>
  <edge id="c32" src="e11" trg="a11" type="seg"/>
  <edge id="c33" src="e12" trg="a12" type="seg"/>
  <edge id="c34" src="e13" trg="a13" type="seg"/>
  <edge id="c35" src="e14" trg="a14" type="seg"/>
  <edge id="c36" src="e15" trg="a15" type="seg"/>
  <edge id="c37" src="e16" trg="a16" type="seg"/>
  <edge id="c38" src="e17" trg="a17" type="seg"/>
  <edge id="c39" src="e18" trg="a18" type="seg"/>
  <edge id="c40" src="e19" trg="a19" type="seg"/>
  <edge id="c41" src="e20" trg="a20" type="seg"/>
  <edge id="c42" src="e21" trg="a21" type="seg"/>
  <edge id="c1" src="a2" trg="a3" type="reb"/>
  <edge id="c2" src="a2" trg="a20" type="reb"/>
  <edge id="c3" src="a4" trg="a8" type="sup"/>
  <edge id="c4" src="a5" trg="a6" type="sup"/>
  <edge id="c5" src="a6" trg="a8" type="sup"/>
  <edge id="c6" src="a7" trg="a8" type="sup"/>
  <edge id="c7" src="a8" trg="a3" type="sup"/>
  <edge id="c8" src="a8" trg="a20" type="sup"/>
  <edge id="c9" src="a9" trg="a3" type="sup"/>
  <edge id="c10" src="a9" trg="a20" type="sup"/>
  <edge id="c11" src="a10" trg="a11" type="sup"/>
  <edge id="c12" src="a11" trg="a9" type="sup"/>
  <edge id="c13" src="a12" trg="a9" type="sup"/>
  <edge id="c14" src="a13" trg="a9" type="exa"/>
  <edge id="c15" src="a14" trg="a3" type="sup"/>
  <edge id="c16" src="a14" trg="a20" type="sup"/>
  <edge id="c17" src="a15" trg="a14" type="sup"/>
  <edge id="c18" src="a16" trg="a14" type="sup"/>
  <edge id="c19" src="a17" trg="a14" type="sup"/>
  <edge id="c20" src="a18" trg="a14" type="sup"/>
  <edge id="c21" src="a19" trg="a14" type="sup"/>
</arggraph>
