<?xml version='1.0' encoding='UTF-8'?>
<arggraph id="micro_e82" stance="pro" topic_id="Friendship is more important than mistake by a friend, although mistake is terrible" topic_ru="Дружба важнее ошибки по почте, хотя ошибка ужасна">
  <edu id="e1" lang="en">There is an argument regrading weather letting a friend make a mistake is better than taking action that risks destroying a friendship.</edu>
  <edu id="e1" lang="ru" trans="google">Существует погода аргумента пересортицы позволить друг сделать ошибку лучше, чем принимать меры, которые рискуют уничтожить дружбу.</edu>
  <edu id="e2" lang="en">It is widely accepted by many people that a mistake will return sometimes terrible result.</edu>
  <edu id="e2" lang="ru" trans="google">Широко распространено мнение многих людей о том, что ошибка будет возвращать иногда ужасный результат.</edu>
  <edu id="e3" lang="en">However, I believe that friendship is more important than mistake by a friend.</edu>
  <edu id="e3" lang="ru" trans="google">Тем не менее, я считаю, что дружба важнее ошибки по другу.</edu>
  <edu id="e4" lang="en">Although mistake is terrible.</edu>
  <edu id="e4" lang="ru" trans="google">Хотя ошибка страшно.</edu>
  <edu id="e5" lang="en">In this essay, I will present two reasons supporting my opinion.</edu>
  <edu id="e5" lang="ru" trans="google">В этой статье я представлю две причины, поддерживающие мое мнение.</edu>
  <edu id="e6" lang="en">First of all, a mistake does not last for a long time but a friendship lasts forever.</edu>
  <edu id="e6" lang="ru" trans="google">Прежде всего, ошибка не последний в течение длительного времени, но дружба длится вечно.</edu>
  <edu id="e7" lang="en">Anybody does not remember mistakes.</edu>
  <edu id="e7" lang="ru" trans="google">Никто не помнит ошибок.</edu>
  <edu id="e8" lang="en">If someone remembers mistake, he or she has a closed mind.</edu>
  <edu id="e8" lang="ru" trans="google">Если кто-то помнит ошибку, он или она имеет закрытый ум.</edu>
  <edu id="e9" lang="en">I want to say that mistakes will be forgotten quickly.</edu>
  <edu id="e9" lang="ru" trans="google">Я хочу сказать, что ошибки будут забыты быстро.</edu>
  <edu id="e10" lang="en">For example, my friend Lee made a mistake that he broke my precious gift.</edu>
  <edu id="e10" lang="ru" trans="google">Например, мой друг Ли сделал ошибку, что он сломал мой драгоценный дар.</edu>
  <edu id="e11" lang="en">However, I forgot about it just after two days, and I felt at peace with him.</edu>
  <edu id="e11" lang="ru" trans="google">Тем не менее, я забыл об этом только через два дня, и я чувствовал себя с ним в мире.</edu>
  <edu id="e12" lang="en">Some people might say I am silly, but I think mistake is more forgettable than friendship.</edu>
  <edu id="e12" lang="ru" trans="google">Некоторые люди могли бы сказать, что я глупый, но я думаю, что ошибка больше забывается, чем дружба.</edu>
  <edu id="e13" lang="en">Second, Everybody makes mistake.</edu>
  <edu id="e13" lang="ru" trans="google">Во-вторых, каждый делает ошибку.</edu>
  <edu id="e14" lang="en">However, if you end a friendship whenever your friend makes a mistake, there will be no friends around you.</edu>
  <edu id="e14" lang="ru" trans="google">Тем не менее, если вы закончить дружбу всякий раз, когда ваш друг делает ошибку, не будет никаких друзей вокруг вас.</edu>
  <edu id="e15" lang="en">I agree if a friend makes very a big mistake, we will need to end a friendship.</edu>
  <edu id="e15" lang="ru" trans="google">Я согласен, если друг делает очень большую ошибку, мы должны закончить дружбу.</edu>
  <edu id="e16" lang="en">However, when the mistake friend made was not a big problem, we need to understand friend and forgive it.</edu>
  <edu id="e16" lang="ru" trans="google">Однако, когда друг ошибка была не большая проблема, мы должны понимать друг и простить его.</edu>
  <edu id="e17" lang="en">Because a friend is a gift of our life.</edu>
  <edu id="e17" lang="ru" trans="google">Поскольку друг подарок нашей жизни.</edu>
  <edu id="e18" lang="en">According to a research, 85 % of people answered that a best gift is a friend.</edu>
  <edu id="e18" lang="ru" trans="google">Согласно результатам исследования, 85% людей ответили, что лучший подарок друг.</edu>
  <edu id="e19" lang="en">I think that a mistake can not brake friendship if it is not a big.</edu>
  <edu id="e19" lang="ru" trans="google">Я думаю, что ошибка может не тормозит дружба, если это не большой.</edu>
  <edu id="e20" lang="en">Because friendship is forever and gift our life.</edu>
  <edu id="e20" lang="ru" trans="google">Потому что дружба навсегда и подарок нашей жизни.</edu>
  <adu id="a1" type="neut"/>
  <adu id="a2" type="neut"/>
  <adu id="a3" type="mcl"/>
  <adu id="a4" type="opp"/>
  <adu id="a5" type="neut"/>
  <adu id="a6" type="pro"/>
  <adu id="a7" type="pro"/>
  <adu id="a8" type="pro"/>
  <adu id="a9" type="pro"/>
  <adu id="a10" type="pro"/>
  <adu id="a11" type="pro"/>
  <adu id="a12" type="pro"/>
  <adu id="a13" type="pro"/>
  <adu id="a14" type="pro"/>
  <adu id="a15" type="opp"/>
  <adu id="a16" type="pro"/>
  <adu id="a17" type="pro"/>
  <adu id="a18" type="pro"/>
  <adu id="a19" type="mcl"/>
  <adu id="a20" type="pro"/>
  <edge id="c20" src="e1" trg="a1" type="seg"/>
  <edge id="c21" src="e2" trg="a2" type="seg"/>
  <edge id="c22" src="e3" trg="a3" type="seg"/>
  <edge id="c23" src="e4" trg="a4" type="seg"/>
  <edge id="c24" src="e5" trg="a5" type="seg"/>
  <edge id="c25" src="e6" trg="a6" type="seg"/>
  <edge id="c26" src="e7" trg="a7" type="seg"/>
  <edge id="c27" src="e8" trg="a8" type="seg"/>
  <edge id="c28" src="e9" trg="a9" type="seg"/>
  <edge id="c29" src="e10" trg="a10" type="seg"/>
  <edge id="c30" src="e11" trg="a11" type="seg"/>
  <edge id="c31" src="e12" trg="a12" type="seg"/>
  <edge id="c32" src="e13" trg="a13" type="seg"/>
  <edge id="c33" src="e14" trg="a14" type="seg"/>
  <edge id="c34" src="e15" trg="a15" type="seg"/>
  <edge id="c35" src="e16" trg="a16" type="seg"/>
  <edge id="c36" src="e17" trg="a17" type="seg"/>
  <edge id="c37" src="e18" trg="a18" type="seg"/>
  <edge id="c38" src="e19" trg="a19" type="seg"/>
  <edge id="c39" src="e20" trg="a20" type="seg"/>
  <edge id="c1" src="a4" trg="a3" type="reb"/>
  <edge id="c2" src="a4" trg="a19" type="reb"/>
  <edge id="c3" src="a6" trg="a12" type="sup"/>
  <edge id="c4" src="a7" trg="a12" type="sup"/>
  <edge id="c5" src="a8" trg="a12" type="sup"/>
  <edge id="c6" src="a9" trg="a12" type="sup"/>
  <edge id="c7" src="a10" trg="a12" type="exa"/>
  <edge id="c8" src="a11" trg="a12" type="sup"/>
  <edge id="c9" src="a12" trg="a3" type="sup"/>
  <edge id="c10" src="a12" trg="a19" type="sup"/>
  <edge id="c11" src="a13" trg="a3" type="sup"/>
  <edge id="c12" src="a13" trg="a19" type="sup"/>
  <edge id="c13" src="a14" trg="a13" type="sup"/>
  <edge id="c14" src="a15" trg="a14" type="reb"/>
  <edge id="c15" src="a16" trg="a13" type="sup"/>
  <edge id="c16" src="a17" trg="a16" type="sup"/>
  <edge id="c17" src="a18" trg="a13" type="sup"/>
  <edge id="c18" src="a20" trg="a3" type="sup"/>
  <edge id="c19" src="a20" trg="a19" type="sup"/>
</arggraph>
