<?xml version='1.0' encoding='UTF-8'?>
<arggraph id="micro_e356" stance="pro" topic_id="People should create a sense of co-operation in their children" topic_ru="Люди должны создать ощущение сотрудничества в своих детях">
  <edu id="e1" lang="en">It is undeniable that children have an innocent mind, and they requires a proper guidance at a specific time to make them understand the value of life.</edu>
  <edu id="e1" lang="ru" trans="google">Нельзя отрицать, что дети имеют невинный ум, и они требуют надлежащего руководства в то время конкретного, чтобы заставить их понять ценность жизни.</edu>
  <edu id="e2" lang="en">Some people think that it is better to make them competitive, while other believes to make them co-operative.</edu>
  <edu id="e2" lang="ru" trans="google">Некоторые люди думают, что лучше сделать их конкурентоспособными, в то время как другие считают, чтобы сделать их кооперативными.</edu>
  <edu id="e3" lang="en">Both these factors have their own values, and have been discussed in detail below: Competitive children are more likely to be confident enough to handle the situations independently.</edu>
  <edu id="e3" lang="ru" trans="google">Оба эти фактора имеют свои собственные ценности, и были подробно обсуждены ниже: Конкурентоспособные дети имеют больше шансов быть уверен, достаточно, чтобы справиться с ситуациями самостоятельно.</edu>
  <edu id="e4" lang="en">This factor initially arises from the school, where teacher encourages student to feel more competitive through the grading system, and this is the place where children are trying to get on the top by scoring the highest marks.</edu>
  <edu id="e4" lang="ru" trans="google">Этот фактор первоначально возникает из школы, где учитель побуждает ученику чувствовать себя более конкурентоспособными на основе системы классификации, и это место, где дети пытаются получить на вершине, забив самые высокие оценки.</edu>
  <edu id="e5" lang="en">This factor will lead them to be successful in their lives ahead, but will also restrict them in many ways.</edu>
  <edu id="e5" lang="ru" trans="google">Этот фактор будет вести их, чтобы быть успешным в своей жизни вперед, но и ограничить их во многих отношениях.</edu>
  <edu id="e6" lang="en">For example, MNCs are mainly focusing on a team work, and a person with the competitive mind would be having a difficulty in managing the situation with the team.</edu>
  <edu id="e6" lang="ru" trans="google">Например, МНК ориентируясь в основном на работе в команде, а люди с конкурирующим умом бы имея трудности в управлении ситуацией с командой.</edu>
  <edu id="e7" lang="en">However, those who wants to create a sense of co-operation in their children is a symbol that they want to make them sensible enough in their lives ahead.</edu>
  <edu id="e7" lang="ru" trans="google">Тем не менее, те, кто хочет создать ощущение сотрудничества в своих детях, является символом того, что они хотят, чтобы сделать их достаточно разумные в их жизни впереди.</edu>
  <edu id="e8" lang="en">Although, they will not be having a pace and an eager to get on the top as the competitors do.</edu>
  <edu id="e8" lang="ru" trans="google">Несмотря на то, что они не будут иметь темп и рвется на вершину, как это делают конкуренты.</edu>
  <edu id="e9" lang="en">But they shall have an art of managing different situations of life with the help of a team.</edu>
  <edu id="e9" lang="ru" trans="google">Но они должны иметь искусство управления различными ситуациями жизни с помощью команды.</edu>
  <edu id="e10" lang="en">In my opinion, though competitive children will be far more clever and faster than the co-operative child in an initial level.</edu>
  <edu id="e10" lang="ru" trans="google">На моем взгляде, хотя конкурентоспособные дети будут гораздо более умными и быстрее, чем кооперативный ребенок в начальном уровне.</edu>
  <edu id="e11" lang="en">But it will not help them to be on the success path for the long run; while.</edu>
  <edu id="e11" lang="ru" trans="google">Но это не поможет им быть на пути успеха в долгосрочной перспективе; пока.</edu>
  <edu id="e12" lang="en">On the contrary, co-operative child will have a potential of structuring and implementing new and innovative ideas with the help of a team.</edu>
  <edu id="e12" lang="ru" trans="google">Напротив, кооперативный ребенок будет иметь возможность структурирования и реализации новых и инновационных идей, с помощью команды.</edu>
  <edu id="e13" lang="en">To conclude, I would say that people should create a sense of co-operation in their children to make them feel more accomplished in life.</edu>
  <edu id="e13" lang="ru" trans="google">В заключение я хотел бы сказать, что люди должны создать ощущение сотрудничества в своих детях, чтобы они чувствовали себя более достигнуты в жизни.</edu>
  <adu id="a1" type="neut"/>
  <adu id="a2" type="neut"/>
  <adu id="a3" type="opp"/>
  <adu id="a4" type="neut"/>
  <adu id="a5" type="opp"/>
  <adu id="a6" type="pro"/>
  <adu id="a7" type="pro"/>
  <adu id="a8" type="opp"/>
  <adu id="a9" type="pro"/>
  <adu id="a10" type="opp"/>
  <adu id="a11" type="pro"/>
  <adu id="a12" type="pro"/>
  <adu id="a13" type="mcl"/>
  <edge id="c10" src="e1" trg="a1" type="seg"/>
  <edge id="c11" src="e2" trg="a2" type="seg"/>
  <edge id="c12" src="e3" trg="a3" type="seg"/>
  <edge id="c13" src="e4" trg="a4" type="seg"/>
  <edge id="c14" src="e5" trg="a5" type="seg"/>
  <edge id="c15" src="e6" trg="a6" type="seg"/>
  <edge id="c16" src="e7" trg="a7" type="seg"/>
  <edge id="c17" src="e8" trg="a8" type="seg"/>
  <edge id="c18" src="e9" trg="a9" type="seg"/>
  <edge id="c19" src="e10" trg="a10" type="seg"/>
  <edge id="c20" src="e11" trg="a11" type="seg"/>
  <edge id="c21" src="e12" trg="a12" type="seg"/>
  <edge id="c22" src="e13" trg="a13" type="seg"/>
  <edge id="c1" src="a3" trg="a13" type="reb"/>
  <edge id="c2" src="a5" trg="a3" type="sup"/>
  <edge id="c3" src="a6" trg="a3" type="reb"/>
  <edge id="c4" src="a7" trg="a9" type="sup"/>
  <edge id="c5" src="a8" trg="a9" type="reb"/>
  <edge id="c6" src="a9" trg="a13" type="sup"/>
  <edge id="c7" src="a10" trg="a12" type="reb"/>
  <edge id="c8" src="a11" trg="a10" type="reb"/>
  <edge id="c9" src="a12" trg="a13" type="sup"/>
</arggraph>
