<?xml version='1.0' encoding='UTF-8'?>
<arggraph id="micro_e275" stance="pro" topic_id="Are parents best teachers ?" topic_ru="Являются ли родители лучшими учителями?">
  <edu id="e1" lang="en">It is obvious that parents are the first teachers who teach babies how to walk and speak and make children to become a good person.</edu>
  <edu id="e1" lang="ru" trans="google">Очевидно, что родители являются первыми учителями, которые учат детей, как ходить и говорить и делать детей, чтобы стать хорошим человеком.</edu>
  <edu id="e2" lang="en">Moreover, parents provide their children the best social skills and knowledge in order to prepare for their children's future life.</edu>
  <edu id="e2" lang="ru" trans="google">Кроме того, родители предоставляют своим детям лучшие социальные навыки и знания для того, чтобы подготовиться к их детей будущей жизни.</edu>
  <edu id="e3" lang="en">First, children are taught basic things, which influence their whole life, by their parents.</edu>
  <edu id="e3" lang="ru" trans="google">Во-первых, дети учат основные вещи, которые влияют на всю их жизнь, их родители.</edu>
  <edu id="e4" lang="en">As a baby, they do not know any thing all around but they learn everything from their parents.</edu>
  <edu id="e4" lang="ru" trans="google">Как ребенок, они не знают любую вещь все вокруг, но они узнают все от своих родителей.</edu>
  <edu id="e5" lang="en">Parents always try to explain and describe tenderly all things in simple way so that their baby can understand and learn from that.</edu>
  <edu id="e5" lang="ru" trans="google">Родители всегда стараются объяснить и описать нежно все вещи простым способом так, что их ребенок может понять и извлечь из этого.</edu>
  <edu id="e6" lang="en">Consequently, parents bring the whole world of wonderful and colorful thing into their baby's little mind.</edu>
  <edu id="e6" lang="ru" trans="google">Следовательно, родители приносят весь мир удивительных и красочных вещей в маленький ум своего ребенка.</edu>
  <edu id="e7" lang="en">Second, parents train their child how to become a good person.</edu>
  <edu id="e7" lang="ru" trans="google">Во-вторых, родители обучают своих детей, как стать хорошим человеком.</edu>
  <edu id="e8" lang="en">They always make their children basically say thanks and apology in the right way.</edu>
  <edu id="e8" lang="ru" trans="google">Они всегда делают их дети в основном говорят спасибо и извинения в правильном направлении.</edu>
  <edu id="e9" lang="en">On the one hand, it is common that they try to explain who is a good or bad person.</edu>
  <edu id="e9" lang="ru" trans="google">С одной стороны, он является общим, что они пытаются объяснить, кто является хорошим или плохим человеком.</edu>
  <edu id="e10" lang="en">On the other hand, children are shown how to behave well with others.</edu>
  <edu id="e10" lang="ru" trans="google">С другой стороны, дети показали, как хорошо вести себя с другими людьми.</edu>
  <edu id="e11" lang="en">This seems to be easy but this can influence positively their future children and makes children's behavior better before they face the real world.</edu>
  <edu id="e11" lang="ru" trans="google">Это кажется простым, но это может положительно повлиять на их будущие дети и делает поведение детей лучше, прежде чем они сталкиваются с реальным миром.</edu>
  <edu id="e12" lang="en">Third, it is clear that parents are ones who loves their children most and always take care of their children.</edu>
  <edu id="e12" lang="ru" trans="google">В-третьих, очевидно, что родители являются те, кто любит своих детей больше всего и всегда заботиться о своих детях.</edu>
  <edu id="e13" lang="en">Thus, they tend to provide the best knowledge and advice from their experience for children.</edu>
  <edu id="e13" lang="ru" trans="google">Таким образом, они, как правило, обеспечивают лучшие знания и советы от их опыта для детей.</edu>
  <edu id="e14" lang="en">Unlike a professional, parents always support children and give them much social skill so they can communicate well with others and have good habit in life.</edu>
  <edu id="e14" lang="ru" trans="google">В отличие от профессионала, родители всегда поддерживают детей и дать им много социальных навыков, чтобы они могли хорошо общаться с другими людьми и иметь хорошие привычки в жизни.</edu>
  <edu id="e15" lang="en">In fact, parents' support is one factor which makes people succeed in their life.</edu>
  <edu id="e15" lang="ru" trans="google">На самом деле, поддержка родителей является один фактор, который заставляет людей добиться успеха в своей жизни.</edu>
  <edu id="e16" lang="en">In conclusion, parents are really the best teachers who give us much knowledge and advice.</edu>
  <edu id="e16" lang="ru" trans="google">В заключение, родители действительно лучшие учителя, которые дают нам много знаний и рекомендаций.</edu>
  <edu id="e17" lang="en">Based on love, they always try their best to make good condition for their children development in order to prepare children's future life.</edu>
  <edu id="e17" lang="ru" trans="google">На основе любви, они всегда стараются изо всех сил, чтобы сделать хорошие условия для их развития детей с целью подготовки детей в будущем жизнь.</edu>
  <adu id="a1" type="pro"/>
  <adu id="a2" type="pro"/>
  <adu id="a3" type="pro"/>
  <adu id="a4" type="pro"/>
  <adu id="a5" type="pro"/>
  <adu id="a6" type="pro"/>
  <adu id="a7" type="pro"/>
  <adu id="a8" type="pro"/>
  <adu id="a9" type="pro"/>
  <adu id="a10" type="pro"/>
  <adu id="a11" type="pro"/>
  <adu id="a12" type="pro"/>
  <adu id="a13" type="pro"/>
  <adu id="a14" type="pro"/>
  <adu id="a15" type="pro"/>
  <adu id="a16" type="mcl"/>
  <adu id="a17" type="neut"/>
  <edge id="c16" src="e1" trg="a1" type="seg"/>
  <edge id="c17" src="e2" trg="a2" type="seg"/>
  <edge id="c18" src="e3" trg="a3" type="seg"/>
  <edge id="c19" src="e4" trg="a4" type="seg"/>
  <edge id="c20" src="e5" trg="a5" type="seg"/>
  <edge id="c21" src="e6" trg="a6" type="seg"/>
  <edge id="c22" src="e7" trg="a7" type="seg"/>
  <edge id="c23" src="e8" trg="a8" type="seg"/>
  <edge id="c24" src="e9" trg="a9" type="seg"/>
  <edge id="c25" src="e10" trg="a10" type="seg"/>
  <edge id="c26" src="e11" trg="a11" type="seg"/>
  <edge id="c27" src="e12" trg="a12" type="seg"/>
  <edge id="c28" src="e13" trg="a13" type="seg"/>
  <edge id="c29" src="e14" trg="a14" type="seg"/>
  <edge id="c30" src="e15" trg="a15" type="seg"/>
  <edge id="c31" src="e16" trg="a16" type="seg"/>
  <edge id="c32" src="e17" trg="a17" type="seg"/>
  <edge id="c1" src="a1" trg="a16" type="sup"/>
  <edge id="c2" src="a2" trg="a16" type="sup"/>
  <edge id="c3" src="a3" trg="a16" type="sup"/>
  <edge id="c4" src="a4" trg="a3" type="sup"/>
  <edge id="c5" src="a5" trg="a6" type="sup"/>
  <edge id="c6" src="a6" trg="a3" type="sup"/>
  <edge id="c7" src="a7" trg="a16" type="sup"/>
  <edge id="c8" src="a8" trg="a7" type="sup"/>
  <edge id="c9" src="a9" trg="a7" type="sup"/>
  <edge id="c10" src="a10" trg="a7" type="sup"/>
  <edge id="c11" src="a11" trg="a7" type="sup"/>
  <edge id="c12" src="a12" trg="a13" type="sup"/>
  <edge id="c13" src="a13" trg="a15" type="sup"/>
  <edge id="c14" src="a14" trg="a15" type="sup"/>
  <edge id="c15" src="a15" trg="a16" type="sup"/>
</arggraph>
