<?xml version='1.0' encoding='UTF-8'?>
<arggraph id="micro_e199" stance="pro" topic_id="Richer nations should help poorer nations in health, education and trade" topic_ru="Более богатые страны должны помогать бедным странам в области здравоохранения, образования и торговли">
  <edu id="e1" lang="en">Improvements in health, education and trade are essential for the development of poorer nations.</edu>
  <edu id="e1" lang="ru" trans="google">Улучшения в области здравоохранения, образования и торговли имеют важное значение для развития бедных стран.</edu>
  <edu id="e2" lang="en">Poorer nations need help from richer nations in these areas to develop their countries.</edu>
  <edu id="e2" lang="ru" trans="google">Малоимущие страны нуждаются в помощи богатых стран в этих областях, чтобы развивать свои страны.</edu>
  <edu id="e3" lang="en">Firstly, in the area of health, poorer nations normally have less quantity of doctors and nurses compared to richer nations.</edu>
  <edu id="e3" lang="ru" trans="google">Во-первых, в области здравоохранения, более бедные страны обычно имеют меньшее количество врачей и медсестер по сравнению с более богатыми странами.</edu>
  <edu id="e4" lang="en">High population in poorer countries due to lack of family planning caused the proportion of doctors unbalance to the quantity of resident.</edu>
  <edu id="e4" lang="ru" trans="google">Высокая численность население в бедных странах из-за отсутствие планирования семьи вызвала долю врачей неуравновешенности количеству резидентов.</edu>
  <edu id="e5" lang="en">On top of that, poorer nations are lack of hospitals to fulfill the demand of the patients.</edu>
  <edu id="e5" lang="ru" trans="google">Кроме того, более бедные страны являются отсутствие больниц удовлетворяют потребности пациентов.</edu>
  <edu id="e6" lang="en">To solve these issues, richer nations can contribute by delegating doctors and nurses to these power nations as well as donate money to build hospitals.</edu>
  <edu id="e6" lang="ru" trans="google">Для того, чтобы решить эти проблемы, более богатые страны могут способствовать делегируя врачей и медсестер этих энергетических стран, а также пожертвовать деньги на строительство больницы.</edu>
  <edu id="e7" lang="en">Secondly, in the area of education, it is generally agreed that poorer countries often lack of teachers in schools as well as lecturers in higher education institutions.</edu>
  <edu id="e7" lang="ru" trans="google">Во-вторых, в области образования, по общему мнению, что более бедные страны зачастую не хватает учителей в школах, а также для преподавателей высших учебных заведений.</edu>
  <edu id="e8" lang="en">Besides that, education for these countries normally is not free so only certain group of students can afford it.</edu>
  <edu id="e8" lang="ru" trans="google">Кроме того, образование в этих странах обычно не является бесплатным, поэтому только определенная группа студентов может себе это позволить.</edu>
  <edu id="e9" lang="en">In order to solve the education manpower problem, richer countries can allocate experienced educators to train more teachers and lecturers in poorer countries.</edu>
  <edu id="e9" lang="ru" trans="google">Для того, чтобы решить проблему образования трудовых ресурсов, более богатые страны могут выделить опытных преподавателей для подготовки большего числа учителей и преподавателей в бедных странах.</edu>
  <edu id="e10" lang="en">Meanwhile, for the issue of education fee, richer countries should offer scholarships and loan to the qualified students.</edu>
  <edu id="e10" lang="ru" trans="google">Между тем, по вопросу оплаты услуг образования, богатые страны должны предоставлять стипендии и ссуды на квалифицированные студент.</edu>
  <edu id="e11" lang="en">Lastly, in the area of trade, no one can deny that poorer countries are lagging behind richer countries due to shortage of money.</edu>
  <edu id="e11" lang="ru" trans="google">И, наконец, в области торговли, никто не может отрицать, что бедные страны отстают от более богатых стран из-за нехватки денег.</edu>
  <edu id="e12" lang="en">Trading are less active in poorer countries may also be caused by incomplete transportation infrastructure.</edu>
  <edu id="e12" lang="ru" trans="google">Торговля менее активна в более бедных странах также может быть вызвано неполной транспортной инфраструктурой.</edu>
  <edu id="e13" lang="en">For example, residents in rural areas still depend on their own farm for food production.</edu>
  <edu id="e13" lang="ru" trans="google">Например, жители сельской местности, по-прежнему зависят от их собственной фермы для производства продуктов питания.</edu>
  <edu id="e14" lang="en">As a token of goodwill, richer nations can provide financial service to poorer countries to encourage trading.</edu>
  <edu id="e14" lang="ru" trans="google">В знак доброй воли, более богатые страны могут предоставить финансовые услуги бедным странам, чтобы стимулировать торговлю.</edu>
  <edu id="e15" lang="en">The former can also give consultation on setting up a complete and efficient transportation infrastructure to support trading.</edu>
  <edu id="e15" lang="ru" trans="google">Бывший также может дать консультацию по созданию полной и эффективной транспортной инфраструктуры для поддержки торговли.</edu>
  <edu id="e16" lang="en">In conclusion, richer nations should take more responsibility for helping the poorer nations in all health, education and trade.</edu>
  <edu id="e16" lang="ru" trans="google">В заключении, богатые страны должны взять на себя больше ответственности за оказание помощи бедных стран во всем здоровье, образовании и торговле.</edu>
  <edu id="e17" lang="en">Improvements in these areas will create a better life for residents in poorer nations which they can use to grow their homeland.</edu>
  <edu id="e17" lang="ru" trans="google">Улучшения в этих областях будут создать лучшую жизнь для жителей в бедных странах, которые они могут использовать, чтобы вырастить свою родину.</edu>
  <adu id="a1" type="neut"/>
  <adu id="a2" type="mcl"/>
  <adu id="a3" type="pro"/>
  <adu id="a4" type="pro"/>
  <adu id="a5" type="pro"/>
  <adu id="a6" type="pro"/>
  <adu id="a7" type="pro"/>
  <adu id="a8" type="pro"/>
  <adu id="a9" type="pro"/>
  <adu id="a10" type="pro"/>
  <adu id="a11" type="pro"/>
  <adu id="a12" type="pro"/>
  <adu id="a13" type="pro"/>
  <adu id="a14" type="pro"/>
  <adu id="a15" type="pro"/>
  <adu id="a16" type="mcl"/>
  <adu id="a17" type="pro"/>
  <edge id="c20" src="e1" trg="a1" type="seg"/>
  <edge id="c21" src="e2" trg="a2" type="seg"/>
  <edge id="c22" src="e3" trg="a3" type="seg"/>
  <edge id="c23" src="e4" trg="a4" type="seg"/>
  <edge id="c24" src="e5" trg="a5" type="seg"/>
  <edge id="c25" src="e6" trg="a6" type="seg"/>
  <edge id="c26" src="e7" trg="a7" type="seg"/>
  <edge id="c27" src="e8" trg="a8" type="seg"/>
  <edge id="c28" src="e9" trg="a9" type="seg"/>
  <edge id="c29" src="e10" trg="a10" type="seg"/>
  <edge id="c30" src="e11" trg="a11" type="seg"/>
  <edge id="c31" src="e12" trg="a12" type="seg"/>
  <edge id="c32" src="e13" trg="a13" type="seg"/>
  <edge id="c33" src="e14" trg="a14" type="seg"/>
  <edge id="c34" src="e15" trg="a15" type="seg"/>
  <edge id="c35" src="e16" trg="a16" type="seg"/>
  <edge id="c36" src="e17" trg="a17" type="seg"/>
  <edge id="c1" src="a3" trg="a6" type="sup"/>
  <edge id="c2" src="a4" trg="a6" type="sup"/>
  <edge id="c3" src="a5" trg="a6" type="sup"/>
  <edge id="c4" src="a6" trg="a2" type="sup"/>
  <edge id="c5" src="a6" trg="a16" type="sup"/>
  <edge id="c6" src="a7" trg="a9" type="sup"/>
  <edge id="c7" src="a8" trg="a10" type="sup"/>
  <edge id="c8" src="a9" trg="a2" type="sup"/>
  <edge id="c9" src="a9" trg="a16" type="sup"/>
  <edge id="c10" src="a10" trg="a2" type="sup"/>
  <edge id="c11" src="a10" trg="a16" type="sup"/>
  <edge id="c12" src="a11" trg="a2" type="sup"/>
  <edge id="c13" src="a11" trg="a16" type="sup"/>
  <edge id="c14" src="a12" trg="a11" type="sup"/>
  <edge id="c15" src="a13" trg="a11" type="exa"/>
  <edge id="c16" src="a14" trg="a11" type="sup"/>
  <edge id="c17" src="a15" trg="a11" type="sup"/>
  <edge id="c18" src="a17" trg="a2" type="sup"/>
  <edge id="c19" src="a17" trg="a16" type="sup"/>
</arggraph>
