<?xml version='1.0' encoding='UTF-8'?>
<arggraph id="micro_e370" stance="pro" topic_id="Some celebrities misguide young people &amp; some guide them in right direction" topic_ru="Некоторые знаменитости дезинформировать молодые человек &amp; некоторые направлять их в правильном направлении">
  <edu id="e1" lang="en">Some people think that celebrities are known for their glamorous lifestyle rather than the work they do.</edu>
  <edu id="e1" lang="ru" trans="google">Некоторые люди думают, что знаменитости известны своей гламурной жизни, а не на работу, которую они делают.</edu>
  <edu id="e2" lang="en">While I agree this will bring negative impacts on the younger generation, this is not necessarily the case for those celebrities who are ambitious in their jobs.</edu>
  <edu id="e2" lang="ru" trans="google">Хотя я согласен, это принесет негативные воздействия на молодое поколение, это не обязательно так для тех знаменитостей, которые амбициозны в своей работе.</edu>
  <edu id="e3" lang="en">It is true that some celebrities tend to show off their images in front of the public.</edu>
  <edu id="e3" lang="ru" trans="google">Это правда, что некоторые знаменитости, как правило, чтобы показать свои изображения перед публикой.</edu>
  <edu id="e4" lang="en">For example, some movie starts enjoy wearing luxury brand clothes and showing their expensive life style in front of the media, thereby gaining the public attention.</edu>
  <edu id="e4" lang="ru" trans="google">Например, некоторые старты кино любят носить люксовый бренд одежды и показывая их дорогой стиль жизни перед средствами массовой информации, что позволяет получить внимание общественности.</edu>
  <edu id="e5" lang="en">If they continue to behave in such a way, it will create a misleading image to young people who may think that extraordinary life can be achieved without hard work.</edu>
  <edu id="e5" lang="ru" trans="google">Если они продолжают вести себя таким образом, он создаст в заблуждение изображение для молодых людей, которые могут думать, что внеочередная жизнь может быть достигнута без тяжелой работы.</edu>
  <edu id="e6" lang="en">Consequently, the attention of young people may become focused on chasing the dream of celebrity status.</edu>
  <edu id="e6" lang="ru" trans="google">Следовательно, внимание молодых людей может стать сосредоточено на погоню за мечту о статусе знаменитости.</edu>
  <edu id="e7" lang="en">This is detrimental to study and work ethics and habits.</edu>
  <edu id="e7" lang="ru" trans="google">Это вредно для обучения и трудовой этики и привычек.</edu>
  <edu id="e8" lang="en">Nevertheless, I believe that other celebrities do set up role models to young people because of their visible accomplishments.</edu>
  <edu id="e8" lang="ru" trans="google">Тем не менее, я считаю, что другие знаменитости действительно создали образцы для подражания для молодых людей из-за их видимые достижения.</edu>
  <edu id="e9" lang="en">Firstly, celebrities such as sports player whose performance and professional skills can be directly seen by their fans.</edu>
  <edu id="e9" lang="ru" trans="google">Во-первых, такие знаменитости, как спортивный игрок, чья производительность и профессиональные навыки могут быть непосредственно видеть своих поклонников.</edu>
  <edu id="e10" lang="en">This means that people understand that the great deal of efforts on training is directly linked to their results.</edu>
  <edu id="e10" lang="ru" trans="google">Это означает, что люди понимают, что много усилий по обучению непосредственно связаны с их результатами.</edu>
  <edu id="e11" lang="en">Therefore, this kind of self-made celebrity can inspire children to develop their talents through application and perseverance.</edu>
  <edu id="e11" lang="ru" trans="google">Таким образом, этот вид самодельного знаменитости может вдохновить детей развивать свои таланты за счет применения и настойчивости.</edu>
  <edu id="e12" lang="en">Secondly, other celebrities such as musician also have achieved great success in their career.</edu>
  <edu id="e12" lang="ru" trans="google">Во-вторых, другие знаменитости, такие как музыкант также добились больших успехов в карьере.</edu>
  <edu id="e13" lang="en">Take Michael Jackson as an example, his works are widely spread around the world, and have been extremely welcomed by the younger generation.</edu>
  <edu id="e13" lang="ru" trans="google">Возьми Майкл Джексон в качестве примера, его работа широко распространена по всему миру, и были очень приветствовала молодое поколение.</edu>
  <edu id="e14" lang="en">His songs spread the idea that people should care about each other, which suggests to young people how to become a good member of society.</edu>
  <edu id="e14" lang="ru" trans="google">Его песни распространить идею, что люди должны заботиться друг о друге, который предлагает молодым людям, как стать хорошим членом общества.</edu>
  <edu id="e15" lang="en">In summary, although some celebrities misguide young people by showing their external wealth and appearance.</edu>
  <edu id="e15" lang="ru" trans="google">Таким образом, хотя некоторые знаменитости дезинформировать молодых людей, показывая их внешнее богатство и внешний вид.</edu>
  <edu id="e16" lang="en">other celebrities do lead young people in the right direction.</edu>
  <edu id="e16" lang="ru" trans="google">другие знаменитости делают свинцовые молодых людей в правильном направлении.</edu>
  <adu id="a1" type="neut"/>
  <adu id="a2" type="mcl"/>
  <adu id="a3" type="opp"/>
  <adu id="a4" type="opp"/>
  <adu id="a5" type="opp"/>
  <adu id="a6" type="opp"/>
  <adu id="a7" type="neut"/>
  <adu id="a8" type="pro"/>
  <adu id="a9" type="pro"/>
  <adu id="a10" type="pro"/>
  <adu id="a11" type="pro"/>
  <adu id="a12" type="pro"/>
  <adu id="a13" type="pro"/>
  <adu id="a14" type="pro"/>
  <adu id="a15" type="opp"/>
  <adu id="a16" type="mcl"/>
  <edge id="c16" src="e1" trg="a1" type="seg"/>
  <edge id="c17" src="e2" trg="a2" type="seg"/>
  <edge id="c18" src="e3" trg="a3" type="seg"/>
  <edge id="c19" src="e4" trg="a4" type="seg"/>
  <edge id="c20" src="e5" trg="a5" type="seg"/>
  <edge id="c21" src="e6" trg="a6" type="seg"/>
  <edge id="c22" src="e7" trg="a7" type="seg"/>
  <edge id="c23" src="e8" trg="a8" type="seg"/>
  <edge id="c24" src="e9" trg="a9" type="seg"/>
  <edge id="c25" src="e10" trg="a10" type="seg"/>
  <edge id="c26" src="e11" trg="a11" type="seg"/>
  <edge id="c27" src="e12" trg="a12" type="seg"/>
  <edge id="c28" src="e13" trg="a13" type="seg"/>
  <edge id="c29" src="e14" trg="a14" type="seg"/>
  <edge id="c30" src="e15" trg="a15" type="seg"/>
  <edge id="c31" src="e16" trg="a16" type="seg"/>
  <edge id="c1" src="a3" trg="a6" type="sup"/>
  <edge id="c2" src="a4" trg="a6" type="exa"/>
  <edge id="c3" src="a5" trg="a6" type="sup"/>
  <edge id="c4" src="a6" trg="a2" type="reb"/>
  <edge id="c5" src="a6" trg="a16" type="reb"/>
  <edge id="c6" src="a8" trg="a2" type="sup"/>
  <edge id="c7" src="a8" trg="a16" type="sup"/>
  <edge id="c8" src="a9" trg="a11" type="sup"/>
  <edge id="c9" src="a10" trg="a11" type="sup"/>
  <edge id="c10" src="a11" trg="a8" type="sup"/>
  <edge id="c11" src="a12" trg="a8" type="sup"/>
  <edge id="c12" src="a13" trg="a12" type="sup"/>
  <edge id="c13" src="a14" trg="a12" type="sup"/>
  <edge id="c14" src="a15" trg="a2" type="reb"/>
  <edge id="c15" src="a15" trg="a16" type="reb"/>
</arggraph>
