<?xml version='1.0' encoding='UTF-8'?>
<arggraph id="micro_e291" stance="pro" topic_id="People are now able to overcome long distances in a short amount of time" topic_ru="Люди теперь могут преодолевать большие расстояния в короткий промежуток времени">
  <edu id="e1" lang="en">Nowadays the automobile is one of the most significant forms of transportation in everyday life.</edu>
  <edu id="e1" lang="ru" trans="google">В настоящее время автомобиль является одним из наиболее значимых видов транспорта в повседневной жизни.</edu>
  <edu id="e2" lang="en">Many people own cars and use them daily, which clearly shows how important they are.</edu>
  <edu id="e2" lang="ru" trans="google">Многие люди владеют автомобилями и использовать их ежедневно, что ясно показывает, насколько они важны.</edu>
  <edu id="e3" lang="en">Generally speaking, I definitely agree with the statement that cars have improved modern life, for several reasons.</edu>
  <edu id="e3" lang="ru" trans="google">Вообще говоря, я, безусловно, согласен с утверждением, что автомобили улучшили современную жизнь, по нескольким причинам.</edu>
  <edu id="e4" lang="en">Firstly, people are now able to overcome long distances in a short amount of time, which leads to numerous advantages.</edu>
  <edu id="e4" lang="ru" trans="google">Во-первых, люди теперь могут преодолевать большие расстояния за короткий промежуток времени, что приводит к многочисленным преимуществам.</edu>
  <edu id="e5" lang="en">For example in relationships.</edu>
  <edu id="e5" lang="ru" trans="google">Например, в отношениях.</edu>
  <edu id="e6" lang="en">Many people are now able to maintain relationships over great distances.</edu>
  <edu id="e6" lang="ru" trans="google">Многие люди в настоящее время в состоянии поддерживать отношения на большие расстояния.</edu>
  <edu id="e7" lang="en">Because they can visit each other regularly by using their vehicle.</edu>
  <edu id="e7" lang="ru" trans="google">Потому что они могут регулярно посещать друг друга, используя свое транспортное средство.</edu>
  <edu id="e8" lang="en">From my personal experience I recall that my car has always been a great help to see my childhood friends very often although I lived in another city.</edu>
  <edu id="e8" lang="ru" trans="google">Из моего личного опыта я помню, что мой автомобиль всегда был большим подспорьем, чтобы увидеть мои друзья детства очень часто, хотя я жил в другом городе.</edu>
  <edu id="e9" lang="en">I was also able to establish a relationship with a man living 89 kilometers away.</edu>
  <edu id="e9" lang="ru" trans="google">Я также был в состоянии установить отношения с человеком, живущими 89 километров.</edu>
  <edu id="e10" lang="en">Thanks to my car we could see each other at the weekends and are still a happy couple today.</edu>
  <edu id="e10" lang="ru" trans="google">Благодаря моей машине мы могли видеть друг друга в выходные дни и по-прежнему счастливая пара сегодня.</edu>
  <edu id="e11" lang="en">Without my automobile we would probably not have been able to develop a relationship.</edu>
  <edu id="e11" lang="ru" trans="google">Без моего автомобиля мы, вероятно, не смогли развить отношения.</edu>
  <edu id="e12" lang="en">In addition, cars increase the chance of employment.</edu>
  <edu id="e12" lang="ru" trans="google">Кроме того, автомобили увеличивают вероятность занятости.</edu>
  <edu id="e13" lang="en">Because people are able to drive to work and can work further away from home.</edu>
  <edu id="e13" lang="ru" trans="google">Потому что люди в состоянии ездить на работу и могут работать дальше от дома.</edu>
  <edu id="e14" lang="en">Furthermore, they are more flexible.</edu>
  <edu id="e14" lang="ru" trans="google">Кроме того, они являются более гибкими.</edu>
  <edu id="e15" lang="en">My father for example has always been working all around Germany and because of that earned more money.</edu>
  <edu id="e15" lang="ru" trans="google">Мой отец, например, всегда работает по всей Германии и из-за этого заработал больше денег.</edu>
  <edu id="e16" lang="en">He used his car to drive to the other end of the country, worked there during the week and came home for the weekend.</edu>
  <edu id="e16" lang="ru" trans="google">Он использовал свою машину, чтобы ехать в другой конец страны, работал там в течение недели, и пришел домой на выходные.</edu>
  <edu id="e17" lang="en">If he had no car, he wouldn't be able to see his family at the weekends so for him his automobile is a great benefit - not only in financial but also in social terms.</edu>
  <edu id="e17" lang="ru" trans="google">Если у него не было машины, он не сможет увидеть свою семью в выходные дни, так для него его автомобиля является большим преимуществом - не только в финансовом, но и в социальном плане.</edu>
  <edu id="e18" lang="en">Finally, the automobile allows people to travel more often and thus get to know the world.</edu>
  <edu id="e18" lang="ru" trans="google">Наконец, автомобиль позволяет людям путешествовать чаще и таким образом узнать мир.</edu>
  <edu id="e19" lang="en">If people do not own cars they are likely to stay in their hometown or village most of their life.</edu>
  <edu id="e19" lang="ru" trans="google">Если люди не собственные автомобили, они, вероятно, останутся в их родном городе или селе большую часть своей жизни.</edu>
  <edu id="e20" lang="en">They are mainly using public transport and are thus limited in accessing certain areas.</edu>
  <edu id="e20" lang="ru" trans="google">Они в основном с использованием общественного транспорта и, таким образом, ограничены в доступе к определенным области.</edu>
  <edu id="e21" lang="en">There are still places in nearly every country in the world that cannot be reached by public transportation and can only be visited by car.</edu>
  <edu id="e21" lang="ru" trans="google">Есть еще места, почти в каждой стране в мире, которые не могут быть достигнуты на общественном транспорте и можно посетить только на машине.</edu>
  <edu id="e22" lang="en">As a result, people who own a vehicle have greater access to more places and will see more of the world.</edu>
  <edu id="e22" lang="ru" trans="google">В результате, люди, которые владеют транспортным средством имеют больший доступ к большему количеству мест и будут видеть больше мира.</edu>
  <edu id="e23" lang="en">In conclusion, the above stated reasons clearly outweigh the fact that cars cause a lot of pollution.</edu>
  <edu id="e23" lang="ru" trans="google">В заключение отметим, что выше изложенным причинам явно перевешивает тот факт, что автомобили вызывают много загрязнений.</edu>
  <edu id="e24" lang="en">Because they provide flexibility, which is important in nearly all areas of life.</edu>
  <edu id="e24" lang="ru" trans="google">Потому что они обеспечивают гибкость, что важно практически во всех сферах жизни.</edu>
  <edu id="e25" lang="en">Travelling, social life and employment are highly dependent on the flexibility of a person and there is nothing in the world that makes more flexible than an own car.</edu>
  <edu id="e25" lang="ru" trans="google">Путешествия, социальная жизнь и занятость в значительной степени зависит от гибкости человека, и нет ничего в мире, что делает более гибким, чем собственный автомобиль.</edu>
  <adu id="a1" type="neut"/>
  <adu id="a2" type="neut"/>
  <adu id="a3" type="mcl"/>
  <adu id="a4" type="pro"/>
  <adu id="a5" type="neut"/>
  <adu id="a6" type="pro"/>
  <adu id="a7" type="pro"/>
  <adu id="a8" type="pro"/>
  <adu id="a9" type="pro"/>
  <adu id="a10" type="pro"/>
  <adu id="a11" type="pro"/>
  <adu id="a12" type="pro"/>
  <adu id="a13" type="pro"/>
  <adu id="a14" type="pro"/>
  <adu id="a15" type="pro"/>
  <adu id="a16" type="pro"/>
  <adu id="a17" type="pro"/>
  <adu id="a18" type="pro"/>
  <adu id="a19" type="pro"/>
  <adu id="a20" type="pro"/>
  <adu id="a21" type="pro"/>
  <adu id="a22" type="pro"/>
  <adu id="a23" type="opp"/>
  <adu id="a24" type="pro"/>
  <adu id="a25" type="mcl"/>
  <edge id="c25" src="e1" trg="a1" type="seg"/>
  <edge id="c26" src="e2" trg="a2" type="seg"/>
  <edge id="c27" src="e3" trg="a3" type="seg"/>
  <edge id="c28" src="e4" trg="a4" type="seg"/>
  <edge id="c29" src="e5" trg="a5" type="seg"/>
  <edge id="c30" src="e6" trg="a6" type="seg"/>
  <edge id="c31" src="e7" trg="a7" type="seg"/>
  <edge id="c32" src="e8" trg="a8" type="seg"/>
  <edge id="c33" src="e9" trg="a9" type="seg"/>
  <edge id="c34" src="e10" trg="a10" type="seg"/>
  <edge id="c35" src="e11" trg="a11" type="seg"/>
  <edge id="c36" src="e12" trg="a12" type="seg"/>
  <edge id="c37" src="e13" trg="a13" type="seg"/>
  <edge id="c38" src="e14" trg="a14" type="seg"/>
  <edge id="c39" src="e15" trg="a15" type="seg"/>
  <edge id="c40" src="e16" trg="a16" type="seg"/>
  <edge id="c41" src="e17" trg="a17" type="seg"/>
  <edge id="c42" src="e18" trg="a18" type="seg"/>
  <edge id="c43" src="e19" trg="a19" type="seg"/>
  <edge id="c44" src="e20" trg="a20" type="seg"/>
  <edge id="c45" src="e21" trg="a21" type="seg"/>
  <edge id="c46" src="e22" trg="a22" type="seg"/>
  <edge id="c47" src="e23" trg="a23" type="seg"/>
  <edge id="c48" src="e24" trg="a24" type="seg"/>
  <edge id="c49" src="e25" trg="a25" type="seg"/>
  <edge id="c1" src="a4" trg="a6" type="sup"/>
  <edge id="c2" src="a6" trg="a3" type="sup"/>
  <edge id="c3" src="a6" trg="a25" type="sup"/>
  <edge id="c4" src="a7" trg="a6" type="sup"/>
  <edge id="c5" src="a8" trg="a6" type="sup"/>
  <edge id="c6" src="a9" trg="a6" type="sup"/>
  <edge id="c7" src="a10" trg="a6" type="sup"/>
  <edge id="c8" src="a11" trg="a6" type="sup"/>
  <edge id="c9" src="a12" trg="a3" type="sup"/>
  <edge id="c10" src="a12" trg="a25" type="sup"/>
  <edge id="c11" src="a13" trg="a12" type="sup"/>
  <edge id="c12" src="a14" trg="a12" type="sup"/>
  <edge id="c13" src="a15" trg="a12" type="sup"/>
  <edge id="c14" src="a16" trg="a12" type="sup"/>
  <edge id="c15" src="a17" trg="a12" type="sup"/>
  <edge id="c16" src="a18" trg="a22" type="sup"/>
  <edge id="c17" src="a19" trg="a22" type="sup"/>
  <edge id="c18" src="a20" trg="a22" type="sup"/>
  <edge id="c19" src="a21" trg="a22" type="sup"/>
  <edge id="c20" src="a22" trg="a3" type="sup"/>
  <edge id="c21" src="a22" trg="a25" type="sup"/>
  <edge id="c22" src="a23" trg="a3" type="reb"/>
  <edge id="c23" src="a23" trg="a25" type="reb"/>
  <edge id="c24" src="a24" trg="a23" type="reb"/>
</arggraph>
