<?xml version='1.0' encoding='UTF-8'?>
<arggraph id="micro_e34" stance="pro" topic_id="Police force carries guns-significant impact for level of violence" topic_ru="Полиция силой несет пушки незначимое влияние на уровень насилия">
  <edu id="e1" lang="en">The increasing number of street criminals leading to carrying guns in police force has become one of the most significant issues that many people of today's society are very concerned for.</edu>
  <edu id="e1" lang="ru" trans="google">Рост число уличных преступников, ведущих к проведению оружия в полиции стало одним из наиболее важных вопросов, которые многие люди современного общества очень заинтересованные.</edu>
  <edu id="e2" lang="en">Few individuals assume that this trend reflects and enhances the high level of violence in society.</edu>
  <edu id="e2" lang="ru" trans="google">Немногие люди, предполагают, что эта тенденция отражает и усиливает высокий уровень насилия в обществе.</edu>
  <edu id="e3" lang="en">I totally agree with this viewpoint for some specific reasons which would be given and analyzed in the following paragraphs.</edu>
  <edu id="e3" lang="ru" trans="google">Я полностью согласен с этой точкой зрения по некоторым конкретным причинам, которые будут приводятся и анализируются в следующих параграфах.</edu>
  <edu id="e4" lang="en">First of all, we need to consider that police armed with guns or any other kinds of legal weapons just attempts to protect not only civilians but also himself.</edu>
  <edu id="e4" lang="ru" trans="google">Прежде всего, мы должны учитывать, что полиция вооружены пушками или любых других видами законного оружия только попытку защитить не только гражданские, но и самой себя.</edu>
  <edu id="e5" lang="en">As a result, criminals todays are very sophisticated so they spend a large amount of money to acquire modern weapons to cope with the police and serve their own nefarious needs.</edu>
  <edu id="e5" lang="ru" trans="google">В результате преступники сегодняшние очень сложные, так что они тратят большое количество денег, чтобы приобрести современное оружие, чтобы справиться с полицией и обслуживать свои гнусные потребности.</edu>
  <edu id="e6" lang="en">Thus, citizens in that society can be shot by both police and offenders accidentally.</edu>
  <edu id="e6" lang="ru" trans="google">Таким образом, граждане в этом обществе может быть расстреляны как полицией и преступниками случайно.</edu>
  <edu id="e7" lang="en">Moreover, while on duty, not only are private citizens affected but facilities such as cars, houses, streets are likely to be destroyed by guns.</edu>
  <edu id="e7" lang="ru" trans="google">Кроме того, при исполнении служебных обязанностей, не только частные лица, но пострадавшие объекты, таких как автомобили, дома, улицы, скорее всего, будут уничтожены пушками.</edu>
  <edu id="e8" lang="en">Therefore, a society that its police force carries guns will be definitely seen as a highly violent one.</edu>
  <edu id="e8" lang="ru" trans="google">Таким образом, общество, которое его полиция носит оружие будет определенно видеть, как высоко насильственные один.</edu>
  <edu id="e9" lang="en">Secondly, police force carries guns only in high crime societies.</edu>
  <edu id="e9" lang="ru" trans="google">Во-вторых, полиция несет оружие только в высоких обществах преступности.</edu>
  <edu id="e10" lang="en">Hence, people and police in those ones usually deal with dangerous diverse crime's categories such as theft, robbery, murder, rape, vandalism, arson.</edu>
  <edu id="e10" lang="ru" trans="google">Таким образом, люди и полиция в тех из них, как правило, иметь дело с опасными категориями РАЗЛИЧНоГо ПРЕСТУПЛЕНИЯ, такие как кражи, грабежи, убийства, изнасилование, хулиганство, поджоги.</edu>
  <edu id="e11" lang="en">Obviously, Those are possibly the strongest evidences to determine a society suffering a high level of violence.</edu>
  <edu id="e11" lang="ru" trans="google">Очевидно, что тот, возможно, являются самым сильным доказательством, чтобы определить, общество страдает высокий уровнем насилия.</edu>
  <edu id="e12" lang="en">In conclusion, from the above views, although being armed with guns in the police force is necessary.</edu>
  <edu id="e12" lang="ru" trans="google">В заключении, из приведенных выше взглядов, хотя вооружившись ружьями в полиции необходимо.</edu>
  <edu id="e13" lang="en">it will bring the higher level of violence.</edu>
  <edu id="e13" lang="ru" trans="google">это принесет более высокий уровень насилия.</edu>
  <edu id="e14" lang="en">Additionally, the government should to impose strict laws in carrying weapons as well as give professional training to them in order to avoid any influence on civilians' lives.</edu>
  <edu id="e14" lang="ru" trans="google">Кроме того, правительство должно ввести строгие законы в ношении оружия, а также дать профессиональную подготовку для них, чтобы избежать какого-либо влияния на жизнь гражданских лиц.</edu>
  <adu id="a1" type="neut"/>
  <adu id="a2" type="mcl"/>
  <adu id="a3" type="neut"/>
  <adu id="a4" type="pro"/>
  <adu id="a5" type="pro"/>
  <adu id="a6" type="pro"/>
  <adu id="a7" type="pro"/>
  <adu id="a8" type="pro"/>
  <adu id="a9" type="pro"/>
  <adu id="a10" type="pro"/>
  <adu id="a11" type="pro"/>
  <adu id="a12" type="opp"/>
  <adu id="a13" type="mcl"/>
  <adu id="a14" type="neut"/>
  <edge id="c13" src="e1" trg="a1" type="seg"/>
  <edge id="c14" src="e2" trg="a2" type="seg"/>
  <edge id="c15" src="e3" trg="a3" type="seg"/>
  <edge id="c16" src="e4" trg="a4" type="seg"/>
  <edge id="c17" src="e5" trg="a5" type="seg"/>
  <edge id="c18" src="e6" trg="a6" type="seg"/>
  <edge id="c19" src="e7" trg="a7" type="seg"/>
  <edge id="c20" src="e8" trg="a8" type="seg"/>
  <edge id="c21" src="e9" trg="a9" type="seg"/>
  <edge id="c22" src="e10" trg="a10" type="seg"/>
  <edge id="c23" src="e11" trg="a11" type="seg"/>
  <edge id="c24" src="e12" trg="a12" type="seg"/>
  <edge id="c25" src="e13" trg="a13" type="seg"/>
  <edge id="c26" src="e14" trg="a14" type="seg"/>
  <edge id="c1" src="a4" trg="a8" type="sup"/>
  <edge id="c2" src="a5" trg="a6" type="sup"/>
  <edge id="c3" src="a6" trg="a8" type="sup"/>
  <edge id="c4" src="a7" trg="a8" type="sup"/>
  <edge id="c5" src="a8" trg="a2" type="sup"/>
  <edge id="c6" src="a8" trg="a13" type="sup"/>
  <edge id="c7" src="a9" trg="a10" type="sup"/>
  <edge id="c8" src="a10" trg="a11" type="sup"/>
  <edge id="c9" src="a11" trg="a2" type="sup"/>
  <edge id="c10" src="a11" trg="a13" type="sup"/>
  <edge id="c11" src="a12" trg="a2" type="reb"/>
  <edge id="c12" src="a12" trg="a13" type="reb"/>
</arggraph>
