<?xml version='1.0' encoding='UTF-8'?>
<arggraph id="micro_e233" stance="pro" topic_id="gossip-based information" topic_ru="Информация сплетен на основе">
  <edu id="e1" lang="en">Nowadays information plays an important role in our world.</edu>
  <edu id="e1" lang="ru" trans="google">В настоящее время информация играет важную роль в нашем мире.</edu>
  <edu id="e2" lang="en">It has become a product, which can be sold, bought, or stolen.</edu>
  <edu id="e2" lang="ru" trans="google">Она стала продуктом, который может быть продан, куплен или украден.</edu>
  <edu id="e3" lang="en">Some people say: " information is power ".</edu>
  <edu id="e3" lang="ru" trans="google">Некоторые люди говорят: «информация есть сила».</edu>
  <edu id="e4" lang="en">That's why it is so important to be well-informed.</edu>
  <edu id="e4" lang="ru" trans="google">Вот почему так важно быть хорошо информированным.</edu>
  <edu id="e5" lang="en">I consider the statement above to be right for several reasons.</edu>
  <edu id="e5" lang="ru" trans="google">Я считаю, что заявление выше быть правым по нескольким причинам.</edu>
  <edu id="e6" lang="en">The first reason is that by using different sources of information we can guarantee its reliability.</edu>
  <edu id="e6" lang="ru" trans="google">Первая причина заключается в том, что при использовании различных источников информации, которую мы можем гарантировать его надежность.</edu>
  <edu id="e7" lang="en">Some people may disinform you on purpose, that's why it is rather unwise to make conclusions before you are confident of the information.</edu>
  <edu id="e7" lang="ru" trans="google">Некоторые люди могут дезинформировать вас нарочно, именно поэтому весьма неразумно делать выводы, прежде чем вы уверены в информации.</edu>
  <edu id="e8" lang="en">For example, Russian news announced that the war between Osetia and Georgia had been initiated by Georgia, however, european news announced that it was initiated by Russia.</edu>
  <edu id="e8" lang="ru" trans="google">Например, русские новости объявили, что война между Осетией и Грузией была инициирована Грузией, однако, европейские новости объявили, что она была инициирована Россией.</edu>
  <edu id="e9" lang="en">After a while the situation became clear, but before that a lot of people had already condemned the actions of Russia.</edu>
  <edu id="e9" lang="ru" trans="google">Через некоторое время ситуация стала ясна, но до того, что многие люди уже осудил действия России.</edu>
  <edu id="e10" lang="en">Secondly, it is very important to know facts about some events or problem, not only estimations.</edu>
  <edu id="e10" lang="ru" trans="google">Во-вторых, это очень важно знать факты о некоторых событиях или проблемы, а не только оценок.</edu>
  <edu id="e11" lang="en">Because it can help you to make your own conclusion or estimate.</edu>
  <edu id="e11" lang="ru" trans="google">Потому что он может помочь вам сделать свой собственный вывод или оценку.</edu>
  <edu id="e12" lang="en">Sometimes it can be really difficult to find out the facts, especially in the internet, that's why you have to look through different sources before you manage to find some reliable facts.</edu>
  <edu id="e12" lang="ru" trans="google">Иногда это может быть очень трудно выяснить факты, особенно в Интернете, поэтому вы должны смотреть через различные источники, прежде чем удалось найти какие-то надежные факты.</edu>
  <edu id="e13" lang="en">It is possible to make a wrong decision.</edu>
  <edu id="e13" lang="ru" trans="google">Это можно сделать неправильное решение.</edu>
  <edu id="e14" lang="en">Because you have just used someone's personal opinion as a source of information, but it was actually wrong.</edu>
  <edu id="e14" lang="ru" trans="google">Потому что вы просто использовали чье-то личное мнение, как источник информации, но это было на самом деле не так.</edu>
  <edu id="e15" lang="en">For example, several years ago in Moscow salt became two times more expensive only in one week, because people thought that soon there would be no salt in the shops.</edu>
  <edu id="e15" lang="ru" trans="google">Например, несколько лет назад в Москве соль стала в два раза дороже только в течение одной недели, потому что люди думали, что скоро не будет соли в магазинах.</edu>
  <edu id="e16" lang="en">The gossip-based information dramatically influenced the prices and only after official announcement the " salt - panic " was over.</edu>
  <edu id="e16" lang="ru" trans="google">Информация сплетен на основе существенно повлияла на цены и только после официального анонса «соль - паника» была закончена.</edu>
  <edu id="e17" lang="en">To conclude, I want to say that it is very important to be confident of the information, which you use, especially when your conclusion or decision may have a great influence.</edu>
  <edu id="e17" lang="ru" trans="google">В заключение я хочу сказать, что это очень важно, чтобы быть уверенными в информации, которую вы используете, особенно если ваше заключение или решение может иметь большое влияние.</edu>
  <adu id="a1" type="neut"/>
  <adu id="a2" type="neut"/>
  <adu id="a3" type="mcl"/>
  <adu id="a4" type="neut"/>
  <adu id="a5" type="neut"/>
  <adu id="a6" type="pro"/>
  <adu id="a7" type="pro"/>
  <adu id="a8" type="pro"/>
  <adu id="a9" type="pro"/>
  <adu id="a10" type="pro"/>
  <adu id="a11" type="pro"/>
  <adu id="a12" type="pro"/>
  <adu id="a13" type="pro"/>
  <adu id="a14" type="pro"/>
  <adu id="a15" type="pro"/>
  <adu id="a16" type="pro"/>
  <adu id="a17" type="mcl"/>
  <edge id="c14" src="e1" trg="a1" type="seg"/>
  <edge id="c15" src="e2" trg="a2" type="seg"/>
  <edge id="c16" src="e3" trg="a3" type="seg"/>
  <edge id="c17" src="e4" trg="a4" type="seg"/>
  <edge id="c18" src="e5" trg="a5" type="seg"/>
  <edge id="c19" src="e6" trg="a6" type="seg"/>
  <edge id="c20" src="e7" trg="a7" type="seg"/>
  <edge id="c21" src="e8" trg="a8" type="seg"/>
  <edge id="c22" src="e9" trg="a9" type="seg"/>
  <edge id="c23" src="e10" trg="a10" type="seg"/>
  <edge id="c24" src="e11" trg="a11" type="seg"/>
  <edge id="c25" src="e12" trg="a12" type="seg"/>
  <edge id="c26" src="e13" trg="a13" type="seg"/>
  <edge id="c27" src="e14" trg="a14" type="seg"/>
  <edge id="c28" src="e15" trg="a15" type="seg"/>
  <edge id="c29" src="e16" trg="a16" type="seg"/>
  <edge id="c30" src="e17" trg="a17" type="seg"/>
  <edge id="c1" src="a6" trg="a3" type="sup"/>
  <edge id="c2" src="a6" trg="a17" type="sup"/>
  <edge id="c3" src="a7" trg="a6" type="sup"/>
  <edge id="c4" src="a8" trg="a6" type="exa"/>
  <edge id="c5" src="a9" trg="a6" type="sup"/>
  <edge id="c6" src="a10" trg="a12" type="sup"/>
  <edge id="c7" src="a11" trg="a10" type="sup"/>
  <edge id="c8" src="a12" trg="a3" type="sup"/>
  <edge id="c9" src="a12" trg="a17" type="sup"/>
  <edge id="c10" src="a13" trg="a12" type="sup"/>
  <edge id="c11" src="a14" trg="a12" type="sup"/>
  <edge id="c12" src="a15" trg="a12" type="exa"/>
  <edge id="c13" src="a16" trg="a12" type="sup"/>
</arggraph>
