<?xml version='1.0' encoding='UTF-8'?>
<arggraph id="micro_e256" stance="pro" topic_id="Studying alone or in a group" topic_ru="Изучение в одиночку или в группе">
  <edu id="e1" lang="en">When I found the chance of studying in a group with my classmates, I wished I can go back in time and took all my exams again.</edu>
  <edu id="e1" lang="ru" trans="google">Когда я нашел возможность обучения в группе с моими одноклассниками, я пожалел, что может вернуться назад во времени и снова взял все свои экзамены.</edu>
  <edu id="e2" lang="en">I personally prefer studying in a group due to these noticeable features, getting help from other students, improving my attitude for learning, managing my time in an effective way.</edu>
  <edu id="e2" lang="ru" trans="google">Я лично предпочитаю обучение в группу из-за эти заметные особенности, получать помощь от других студентов, улучшая свое отношение к учебе, управляя свое время эффективным образом.</edu>
  <edu id="e3" lang="en">When pupils make a group for studying, all member of group have the same chance to help each other.</edu>
  <edu id="e3" lang="ru" trans="google">Когда ученики делают группу для изучения, что все члены группы имеют один и тот же шанс, чтобы помочь друг другу.</edu>
  <edu id="e4" lang="en">They can work together for understanding the complicated aspect of a course.</edu>
  <edu id="e4" lang="ru" trans="google">Они могут работать вместе для понимания сложного аспекта курса.</edu>
  <edu id="e5" lang="en">For example, when a group faces with complex math problem, they can share their opinions to solve it.</edu>
  <edu id="e5" lang="ru" trans="google">Например, когда группа сталкивается со сложной математической задачей, они могут поделиться своим мнением, чтобы решить ее.</edu>
  <edu id="e6" lang="en">In addition, such a remarkable effect has incorporation that all students can improve their weak points in a group.</edu>
  <edu id="e6" lang="ru" trans="google">Кроме того, такой замечательный эффект оказывает включение, что все студенты могут улучшить свои слабые места в группе.</edu>
  <edu id="e7" lang="en">Increasing the motivation and competence spirit are another benefit of group-studying.</edu>
  <edu id="e7" lang="ru" trans="google">Повышение мотивации и компетентности духа являются еще одно преимущество изучения группы-.</edu>
  <edu id="e8" lang="en">In a group of student, the best of those always encourages others to study harder.</edu>
  <edu id="e8" lang="ru" trans="google">В группе студента, лучшие из тех, кто всегда побуждает другие изучать труднее.</edu>
  <edu id="e9" lang="en">Besides, pupils often have a tangible competence in order that they can get the highest grade in a group.</edu>
  <edu id="e9" lang="ru" trans="google">Кроме того, ученики часто имеют ощутимую компетентность для того, чтобы они могли получить высокий балл в группе.</edu>
  <edu id="e10" lang="en">Clearly, better learning is one of noticeable result of these competences and encouragements.</edu>
  <edu id="e10" lang="ru" trans="google">Очевидно, что лучше обучение является одним из заметных результате этих компетенций и поощрений.</edu>
  <edu id="e11" lang="en">When the students study with their friends, they should have schedule to use their time in an effective manner.</edu>
  <edu id="e11" lang="ru" trans="google">Когда студенты изучают со своими друзьями, они должны иметь график использовать свое время эффективным образом.</edu>
  <edu id="e12" lang="en">group-studying causes some kind of internal obligation to manage the time, inasmuch as we always care about other people and we do not want to waste their time.</edu>
  <edu id="e12" lang="ru" trans="google">группы изучения причин своего рода внутреннего обязательства управлять время, поскольку мы всегда заботимся о других людях, и мы не хотим тратить свое время.</edu>
  <edu id="e13" lang="en">Therefore, time management is another brilliant benefit of group-studying.</edu>
  <edu id="e13" lang="ru" trans="google">Таким образом, управление временем является еще одним блестящим преимуществом изучения группы-.</edu>
  <edu id="e14" lang="en">In conclusion, I strongly prefer studying in a group of my friends because of some important opportunities gaining with this activity.</edu>
  <edu id="e14" lang="ru" trans="google">В заключении, я настоятельно предпочитаю изучать в группе моих друзей из-за некоторые важные возможности набирают с этой деятельностью.</edu>
  <edu id="e15" lang="en">I can receive some helps from other student as well as improving my learning skills, also managing of time is another achievements of group-studying.</edu>
  <edu id="e15" lang="ru" trans="google">Я могу получить некоторые помогает от другого студента, а также улучшить свои навыки обучения, а также управление времени является еще достижениями обучающихся группы-.</edu>
  <edu id="e16" lang="en">Now, it is time to start without any regret from my previous exams.</edu>
  <edu id="e16" lang="ru" trans="google">Теперь пришло время, чтобы начать без всякого сожаления от моих предыдущих экзаменов.</edu>
  <adu id="a1" type="neut"/>
  <adu id="a2" type="mcl"/>
  <adu id="a3" type="pro"/>
  <adu id="a4" type="pro"/>
  <adu id="a5" type="pro"/>
  <adu id="a6" type="pro"/>
  <adu id="a7" type="pro"/>
  <adu id="a8" type="pro"/>
  <adu id="a9" type="pro"/>
  <adu id="a10" type="pro"/>
  <adu id="a11" type="pro"/>
  <adu id="a12" type="pro"/>
  <adu id="a13" type="pro"/>
  <adu id="a14" type="mcl"/>
  <adu id="a15" type="pro"/>
  <adu id="a16" type="neut"/>
  <edge id="c17" src="e1" trg="a1" type="seg"/>
  <edge id="c18" src="e2" trg="a2" type="seg"/>
  <edge id="c19" src="e3" trg="a3" type="seg"/>
  <edge id="c20" src="e4" trg="a4" type="seg"/>
  <edge id="c21" src="e5" trg="a5" type="seg"/>
  <edge id="c22" src="e6" trg="a6" type="seg"/>
  <edge id="c23" src="e7" trg="a7" type="seg"/>
  <edge id="c24" src="e8" trg="a8" type="seg"/>
  <edge id="c25" src="e9" trg="a9" type="seg"/>
  <edge id="c26" src="e10" trg="a10" type="seg"/>
  <edge id="c27" src="e11" trg="a11" type="seg"/>
  <edge id="c28" src="e12" trg="a12" type="seg"/>
  <edge id="c29" src="e13" trg="a13" type="seg"/>
  <edge id="c30" src="e14" trg="a14" type="seg"/>
  <edge id="c31" src="e15" trg="a15" type="seg"/>
  <edge id="c32" src="e16" trg="a16" type="seg"/>
  <edge id="c1" src="a3" trg="a2" type="sup"/>
  <edge id="c2" src="a3" trg="a14" type="sup"/>
  <edge id="c3" src="a4" trg="a3" type="sup"/>
  <edge id="c4" src="a5" trg="a3" type="exa"/>
  <edge id="c5" src="a6" trg="a3" type="sup"/>
  <edge id="c6" src="a7" trg="a2" type="sup"/>
  <edge id="c7" src="a7" trg="a14" type="sup"/>
  <edge id="c8" src="a8" trg="a7" type="sup"/>
  <edge id="c9" src="a9" trg="a7" type="sup"/>
  <edge id="c10" src="a10" trg="a7" type="sup"/>
  <edge id="c11" src="a11" trg="a13" type="sup"/>
  <edge id="c12" src="a12" trg="a13" type="sup"/>
  <edge id="c13" src="a13" trg="a2" type="sup"/>
  <edge id="c14" src="a13" trg="a14" type="sup"/>
  <edge id="c15" src="a15" trg="a2" type="sup"/>
  <edge id="c16" src="a15" trg="a14" type="sup"/>
</arggraph>
