<?xml version='1.0' encoding='UTF-8'?>
<arggraph id="micro_e95" stance="pro" topic_id="Learning a foreign language in my own country or another country" topic_ru="Изучение иностранного языка в своей стране или в другой стране">
  <edu id="e1" lang="en">Knowing foreign language is became more and more important in this time.</edu>
  <edu id="e1" lang="ru" trans="google">Знание иностранного языка становится все более и более важным в это время.</edu>
  <edu id="e2" lang="en">Many people pursue to study foreign language.</edu>
  <edu id="e2" lang="ru" trans="google">Многие люди преследуют изучать иностранный язык.</edu>
  <edu id="e3" lang="en">There are two options to learn foreign language.</edu>
  <edu id="e3" lang="ru" trans="google">Есть два варианта, чтобы выучить иностранный язык.</edu>
  <edu id="e4" lang="en">First is stay in homeland to study foreign language.</edu>
  <edu id="e4" lang="ru" trans="google">Во-первых это пребывание на родине для изучения иностранного языка.</edu>
  <edu id="e5" lang="en">The second option is that go to study in another place that foreign language are spoken.</edu>
  <edu id="e5" lang="ru" trans="google">Второй вариант заключается в том, что идет учиться в другом месте, что иностранный язык говорит.</edu>
  <edu id="e6" lang="en">Going to another place to learn language is better choice.</edu>
  <edu id="e6" lang="ru" trans="google">Переход в другое место, чтобы узнать язык является лучшим выбором.</edu>
  <edu id="e7" lang="en">I will give reasons to support my opinion.</edu>
  <edu id="e7" lang="ru" trans="google">Я дам причины, чтобы поддержать мое мнение.</edu>
  <edu id="e8" lang="en">To begin with, going to another country to learn language is a good environment to stimulate people to learn language.</edu>
  <edu id="e8" lang="ru" trans="google">Начнем с того, собирается в другую страну, чтобы изучать язык является хорошей средой, чтобы стимулировать людей, чтобы выучить язык.</edu>
  <edu id="e9" lang="en">For example, everyone around me speaks foreign language, and then I have to improve myself to communicate with people.</edu>
  <edu id="e9" lang="ru" trans="google">Например, все вокруг меня говорит иностранный язык, а затем я должен улучшить себя общаться с людьми.</edu>
  <edu id="e10" lang="en">If I could not communicate with other people, I could not even buy food to sacrifice my hunger.</edu>
  <edu id="e10" lang="ru" trans="google">Если бы я не мог общаться с другими людьми, я не мог купить даже еду принести в жертву свой голод.</edu>
  <edu id="e11" lang="en">This environment makes me want to develop myself to be able to communicate with people that speak foreign language.</edu>
  <edu id="e11" lang="ru" trans="google">Эта среда заставляет меня хотеть развивать себя, чтобы иметь возможность общаться с людьми, которые говорят на иностранном языке.</edu>
  <edu id="e12" lang="en">Secondly, having friend that speaks another language is help people to professional in that language faster.</edu>
  <edu id="e12" lang="ru" trans="google">Во-вторых, имея друга, который говорит на другом языке является помощь людям профессионал в том, что язык быстрее.</edu>
  <edu id="e13" lang="en">For instance, English school in outside my home country, there are many people that come from different places and from different languages.</edu>
  <edu id="e13" lang="ru" trans="google">Например, английская школа в за пределы моей родной страны, есть много людей, которые приходят из разных мест и разных языков.</edu>
  <edu id="e14" lang="en">The only language that I could talk to make friends is English language.</edu>
  <edu id="e14" lang="ru" trans="google">Единственный язык, который я мог бы поговорить с сдружиться является английским языком.</edu>
  <edu id="e15" lang="en">Thus, I could talk with my friend without worrying about speaking wrong.</edu>
  <edu id="e15" lang="ru" trans="google">Таким образом, я мог бы поговорить с моим другом, не заботясь о том говорить неправильно.</edu>
  <edu id="e16" lang="en">This reason makes me have a progress in foreign language faster.</edu>
  <edu id="e16" lang="ru" trans="google">Эта причина заставляет меня есть прогресс на иностранном языке быстрее.</edu>
  <edu id="e17" lang="en">In conclusion, I personally believe that learning language from foreign country is better than learning language in home country.</edu>
  <edu id="e17" lang="ru" trans="google">В заключении, я лично считаю, что изучение языка из зарубежной страны лучше, чем изучение языка в родной стране.</edu>
  <edu id="e18" lang="en">Because I have to improve myself to communicate with other people.</edu>
  <edu id="e18" lang="ru" trans="google">Потому что я должен улучшить себя общаться с другими людьми.</edu>
  <edu id="e19" lang="en">Besides, in foreign country I could have a chance to speak foreign language with my friends.</edu>
  <edu id="e19" lang="ru" trans="google">Кроме того, в чужой стране, я мог бы иметь возможность говорить иностранный язык со своими друзьями.</edu>
  <edu id="e20" lang="en">Learning foreign language form another country is better choice for me to study language.</edu>
  <edu id="e20" lang="ru" trans="google">Изучение формы иностранного языка в другой стране является лучшим выбором для меня изучение языка.</edu>
  <adu id="a1" type="neut"/>
  <adu id="a2" type="neut"/>
  <adu id="a3" type="neut"/>
  <adu id="a4" type="neut"/>
  <adu id="a5" type="neut"/>
  <adu id="a6" type="mcl"/>
  <adu id="a7" type="neut"/>
  <adu id="a8" type="pro"/>
  <adu id="a9" type="pro"/>
  <adu id="a10" type="pro"/>
  <adu id="a11" type="pro"/>
  <adu id="a12" type="pro"/>
  <adu id="a13" type="pro"/>
  <adu id="a14" type="pro"/>
  <adu id="a15" type="pro"/>
  <adu id="a16" type="pro"/>
  <adu id="a17" type="mcl"/>
  <adu id="a18" type="pro"/>
  <adu id="a19" type="pro"/>
  <adu id="a20" type="mcl"/>
  <edge id="c20" src="e1" trg="a1" type="seg"/>
  <edge id="c21" src="e2" trg="a2" type="seg"/>
  <edge id="c22" src="e3" trg="a3" type="seg"/>
  <edge id="c23" src="e4" trg="a4" type="seg"/>
  <edge id="c24" src="e5" trg="a5" type="seg"/>
  <edge id="c25" src="e6" trg="a6" type="seg"/>
  <edge id="c26" src="e7" trg="a7" type="seg"/>
  <edge id="c27" src="e8" trg="a8" type="seg"/>
  <edge id="c28" src="e9" trg="a9" type="seg"/>
  <edge id="c29" src="e10" trg="a10" type="seg"/>
  <edge id="c30" src="e11" trg="a11" type="seg"/>
  <edge id="c31" src="e12" trg="a12" type="seg"/>
  <edge id="c32" src="e13" trg="a13" type="seg"/>
  <edge id="c33" src="e14" trg="a14" type="seg"/>
  <edge id="c34" src="e15" trg="a15" type="seg"/>
  <edge id="c35" src="e16" trg="a16" type="seg"/>
  <edge id="c36" src="e17" trg="a17" type="seg"/>
  <edge id="c37" src="e18" trg="a18" type="seg"/>
  <edge id="c38" src="e19" trg="a19" type="seg"/>
  <edge id="c39" src="e20" trg="a20" type="seg"/>
  <edge id="c1" src="a8" trg="a6" type="sup"/>
  <edge id="c2" src="a8" trg="a17" type="sup"/>
  <edge id="c3" src="a8" trg="a20" type="sup"/>
  <edge id="c4" src="a9" trg="a8" type="exa"/>
  <edge id="c5" src="a10" trg="a8" type="sup"/>
  <edge id="c6" src="a11" trg="a8" type="sup"/>
  <edge id="c7" src="a12" trg="a6" type="sup"/>
  <edge id="c8" src="a12" trg="a17" type="sup"/>
  <edge id="c9" src="a12" trg="a20" type="sup"/>
  <edge id="c10" src="a13" trg="a12" type="exa"/>
  <edge id="c11" src="a14" trg="a12" type="sup"/>
  <edge id="c12" src="a15" trg="a12" type="sup"/>
  <edge id="c13" src="a16" trg="a12" type="sup"/>
  <edge id="c14" src="a18" trg="a6" type="sup"/>
  <edge id="c15" src="a18" trg="a17" type="sup"/>
  <edge id="c16" src="a18" trg="a20" type="sup"/>
  <edge id="c17" src="a19" trg="a6" type="sup"/>
  <edge id="c18" src="a19" trg="a17" type="sup"/>
  <edge id="c19" src="a19" trg="a20" type="sup"/>
</arggraph>
