<?xml version='1.0' encoding='UTF-8'?>
<arggraph id="micro_e264" stance="pro" topic_id="Luck vs hard work" topic_ru="Удача против тяжелой работы">
  <edu id="e1" lang="en">There are many instances that luck has brought people things that they never could even imagine.</edu>
  <edu id="e1" lang="ru" trans="google">Есть много случаев, что удача принесла людям то, что они никогда не могли даже вообразить.</edu>
  <edu id="e2" lang="en">However, I do not see any rational in believing in luck to reach one's goals.</edu>
  <edu id="e2" lang="ru" trans="google">Тем не менее, я не вижу рационального в вере в удачу, чтобы достичь своих целей.</edu>
  <edu id="e3" lang="en">Therefore I strongly agree with the argument that it is one's hard work that helps him reach his target.</edu>
  <edu id="e3" lang="ru" trans="google">Поэтому я полностью согласен с утверждением, что это одна тяжелая работа, которая помогает ему достичь своей цели.</edu>
  <edu id="e4" lang="en">First, if you depend only on luck for all your accomplishments, you are taking a great risk.</edu>
  <edu id="e4" lang="ru" trans="google">Во-первых, если вы зависите только от удачи для всех ваших достижений, вы принимаете на себя большой риск.</edu>
  <edu id="e5" lang="en">Luck is something intangible and no one can guarantee that it would ever come your way.</edu>
  <edu id="e5" lang="ru" trans="google">Удача что-то нематериальное, и никто не может гарантировать, что он будет когда-нибудь своим путем.</edu>
  <edu id="e6" lang="en">If it doesn't work, it would be a great disappointment.</edu>
  <edu id="e6" lang="ru" trans="google">Если он не работает, это было бы большим разочарованием.</edu>
  <edu id="e7" lang="en">Instead if you strive hard to achieve what you want, then your hard work would take you at least closer to your final goal.</edu>
  <edu id="e7" lang="ru" trans="google">Вместо этого, если вы стремитесь трудно добиться того, что вы хотите, то ваша тяжелая работа будет считать вас по крайней мере, ближе к конечной цели.</edu>
  <edu id="e8" lang="en">In my personal experience, all my accomplishments were backed by my hard work, not my luck.</edu>
  <edu id="e8" lang="ru" trans="google">В моем личном опыте, все мои достижения были подкреплены моей тяжелой работой, а не моя удачи.</edu>
  <edu id="e9" lang="en">And I never did encounter any disappointments of missing my goals.</edu>
  <edu id="e9" lang="ru" trans="google">И я никогда не столкнетесь с разочарованиями пропажи своих целей.</edu>
  <edu id="e10" lang="en">Secondly, if you believe that hard work is the key to success, it would make you a visionary person.</edu>
  <edu id="e10" lang="ru" trans="google">Во-вторых, если вы считаете, что тяжелая работа является ключом к успеху, она сделает вас дальновидный человек.</edu>
  <edu id="e11" lang="en">In other words, those who believe in hard work are clear about their goals and know about their final destination.</edu>
  <edu id="e11" lang="ru" trans="google">Другими словами, те, кто верит в тяжелую работу ясно о своих целях и знать об их конечный пункт назначения.</edu>
  <edu id="e12" lang="en">They carefully organize the process of achieving their targets and continue to evaluate their progress until they reach the final goal.</edu>
  <edu id="e12" lang="ru" trans="google">Они тщательно организовать процесс достижения своих целей и продолжать оценивать свой прогресс, пока они не достигнут конечной цели.</edu>
  <edu id="e13" lang="en">If you believe in luck, you would be clueless about where you are heading.</edu>
  <edu id="e13" lang="ru" trans="google">Если вы верите в удачу, вы бы невежественный о том, где вы направляетесь.</edu>
  <edu id="e14" lang="en">For example, a friend of mine, who had severe financial constraints, had the habit of buying lottery tickets thinking that one day he would win a lottery.</edu>
  <edu id="e14" lang="ru" trans="google">Например, один мой знакомый, который имел серьезные финансовые трудности, имели привычку покупать лотерейные билеты, думая, что один день он выиграет в лотерею.</edu>
  <edu id="e15" lang="en">He was living in an illusion that he can solve his financial issues with this lottery.</edu>
  <edu id="e15" lang="ru" trans="google">Он живет в иллюзии, что он может решить свои финансовые вопросы с этой лотереей.</edu>
  <edu id="e16" lang="en">However, up to this day his luck has not appeared and problems have got further worsened.</edu>
  <edu id="e16" lang="ru" trans="google">Тем не менее, до сих пор удача не появились и проблемы получили дальнейшее ухудшилось.</edu>
  <edu id="e17" lang="en">Thirdly, if you work hard, luck too might shine on you and take you some more steps further ahead from your actual target.</edu>
  <edu id="e17" lang="ru" trans="google">В-третьих, если у вас работать, удача тоже может светить на вас и принять вас еще несколько шагов дальше вперед от вашей фактической цели.</edu>
  <edu id="e18" lang="en">For example, my boss worked tirelessly for his promotion.</edu>
  <edu id="e18" lang="ru" trans="google">Например, мой босс неустанно работал для его продвижения.</edu>
  <edu id="e19" lang="en">He looked at every aspect that he needed to qualify for the promotion.</edu>
  <edu id="e19" lang="ru" trans="google">Он посмотрел на каждый аспект, что ему нужно, чтобы претендовать на продвижение по службе.</edu>
  <edu id="e20" lang="en">He realized that having a master's degree would be a great credential for him to outperform his competitors.</edu>
  <edu id="e20" lang="ru" trans="google">Он понял, что, имея степень магистра будет большой верительных для него, чтобы превзойти своих конкурентов.</edu>
  <edu id="e21" lang="en">Although he had many commitments at home and work, he somehow managed to complete this degree before he was eligible to apply.</edu>
  <edu id="e21" lang="ru" trans="google">Несмотря на то, что у него много обязательств, дома и на работе, он каким-то образом удалось завершить эту степень, прежде чем он имел право применять.</edu>
  <edu id="e22" lang="en">At the end he was not only able to get the promotion amidst a stiff competition but also got nominated for a foreign scholarship.</edu>
  <edu id="e22" lang="ru" trans="google">В конце концов, он не только смог получить продвижение посреди конкуренции жесткой, но также был номинирован на иностранную стипендию.</edu>
  <edu id="e23" lang="en">Since he had more credentials than other officers in his capacity.</edu>
  <edu id="e23" lang="ru" trans="google">Так как у него было больше полномочий, чем у других должностных лиц в его способности.</edu>
  <edu id="e24" lang="en">Although it is good to be lucky.</edu>
  <edu id="e24" lang="ru" trans="google">Несмотря на то, что это хорошо, чтобы быть счастливым.</edu>
  <edu id="e25" lang="en">depending on luck for everything is not good.</edu>
  <edu id="e25" lang="ru" trans="google">в зависимости от удачи, потому что все не хорошо.</edu>
  <edu id="e26" lang="en">Hence I strongly believe in hard working that would not easily disappoint you as luck sometimes does.</edu>
  <edu id="e26" lang="ru" trans="google">Поэтому я твердо верю в трудолюбивых, что не легко разочаровать вас как назло иногда делает.</edu>
  <adu id="a1" type="neut"/>
  <adu id="a2" type="pro"/>
  <adu id="a3" type="mcl"/>
  <adu id="a4" type="pro"/>
  <adu id="a5" type="pro"/>
  <adu id="a6" type="pro"/>
  <adu id="a7" type="pro"/>
  <adu id="a8" type="pro"/>
  <adu id="a9" type="pro"/>
  <adu id="a10" type="neut"/>
  <adu id="a11" type="pro"/>
  <adu id="a12" type="pro"/>
  <adu id="a13" type="pro"/>
  <adu id="a14" type="pro"/>
  <adu id="a15" type="pro"/>
  <adu id="a16" type="pro"/>
  <adu id="a17" type="pro"/>
  <adu id="a18" type="pro"/>
  <adu id="a19" type="pro"/>
  <adu id="a20" type="pro"/>
  <adu id="a21" type="pro"/>
  <adu id="a22" type="pro"/>
  <adu id="a23" type="pro"/>
  <adu id="a24" type="opp"/>
  <adu id="a25" type="pro"/>
  <adu id="a26" type="mcl"/>
  <edge id="c29" src="e1" trg="a1" type="seg"/>
  <edge id="c30" src="e2" trg="a2" type="seg"/>
  <edge id="c31" src="e3" trg="a3" type="seg"/>
  <edge id="c32" src="e4" trg="a4" type="seg"/>
  <edge id="c33" src="e5" trg="a5" type="seg"/>
  <edge id="c34" src="e6" trg="a6" type="seg"/>
  <edge id="c35" src="e7" trg="a7" type="seg"/>
  <edge id="c36" src="e8" trg="a8" type="seg"/>
  <edge id="c37" src="e9" trg="a9" type="seg"/>
  <edge id="c38" src="e10" trg="a10" type="seg"/>
  <edge id="c39" src="e11" trg="a11" type="seg"/>
  <edge id="c40" src="e12" trg="a12" type="seg"/>
  <edge id="c41" src="e13" trg="a13" type="seg"/>
  <edge id="c42" src="e14" trg="a14" type="seg"/>
  <edge id="c43" src="e15" trg="a15" type="seg"/>
  <edge id="c44" src="e16" trg="a16" type="seg"/>
  <edge id="c45" src="e17" trg="a17" type="seg"/>
  <edge id="c46" src="e18" trg="a18" type="seg"/>
  <edge id="c47" src="e19" trg="a19" type="seg"/>
  <edge id="c48" src="e20" trg="a20" type="seg"/>
  <edge id="c49" src="e21" trg="a21" type="seg"/>
  <edge id="c50" src="e22" trg="a22" type="seg"/>
  <edge id="c51" src="e23" trg="a23" type="seg"/>
  <edge id="c52" src="e24" trg="a24" type="seg"/>
  <edge id="c53" src="e25" trg="a25" type="seg"/>
  <edge id="c54" src="e26" trg="a26" type="seg"/>
  <edge id="c1" src="a2" trg="a3" type="sup"/>
  <edge id="c2" src="a2" trg="a26" type="sup"/>
  <edge id="c3" src="a4" trg="a3" type="sup"/>
  <edge id="c4" src="a4" trg="a26" type="sup"/>
  <edge id="c5" src="a5" trg="a4" type="sup"/>
  <edge id="c6" src="a6" trg="a4" type="sup"/>
  <edge id="c7" src="a7" trg="a8" type="sup"/>
  <edge id="c8" src="a8" trg="a3" type="sup"/>
  <edge id="c9" src="a8" trg="a26" type="sup"/>
  <edge id="c10" src="a9" trg="a8" type="sup"/>
  <edge id="c11" src="a11" trg="a3" type="sup"/>
  <edge id="c12" src="a11" trg="a26" type="sup"/>
  <edge id="c13" src="a12" trg="a11" type="sup"/>
  <edge id="c14" src="a13" trg="a11" type="sup"/>
  <edge id="c15" src="a14" trg="a11" type="exa"/>
  <edge id="c16" src="a15" trg="a11" type="sup"/>
  <edge id="c17" src="a16" trg="a11" type="sup"/>
  <edge id="c18" src="a17" trg="a3" type="sup"/>
  <edge id="c19" src="a17" trg="a26" type="sup"/>
  <edge id="c20" src="a18" trg="a17" type="exa"/>
  <edge id="c21" src="a19" trg="a17" type="sup"/>
  <edge id="c22" src="a20" trg="a17" type="sup"/>
  <edge id="c23" src="a21" trg="a17" type="sup"/>
  <edge id="c24" src="a22" trg="a17" type="sup"/>
  <edge id="c25" src="a23" trg="a22" type="sup"/>
  <edge id="c26" src="a24" trg="a25" type="reb"/>
  <edge id="c27" src="a25" trg="a3" type="sup"/>
  <edge id="c28" src="a25" trg="a26" type="sup"/>
</arggraph>
