<?xml version='1.0' encoding='UTF-8'?>
<arggraph id="micro_e315" stance="pro" topic_id="The internet provides a lot of valuable information" topic_ru="Интернет предоставляет много ценной информации">
  <edu id="e1" lang="en">In the modern society, internet is considered as one of the most important inventions over the past century.</edu>
  <edu id="e1" lang="ru" trans="google">В современном обществе, Интернет считаются одним из самых важных изобретений в течение прошлого века.</edu>
  <edu id="e2" lang="en">Some people believe that several problems occur from an information on the internet.</edu>
  <edu id="e2" lang="ru" trans="google">Некоторые люди считают, что некоторые проблемы возникают из информации в Интернете.</edu>
  <edu id="e3" lang="en">However, some say that the internet provides a lot of valuable information.</edu>
  <edu id="e3" lang="ru" trans="google">Тем не менее, некоторые говорят, что Интернет дает много ценной информации.</edu>
  <edu id="e4" lang="en">In my opinion, I agree with the latter because the internet gives daily necessary information, people can gain knowledge and they can explore the world.</edu>
  <edu id="e4" lang="ru" trans="google">По-моему, я согласен с последним, потому что Интернет дает ежедневно необходимую информацию, люди могут получить знания, и они могут исследовать мир.</edu>
  <edu id="e5" lang="en">First of all, everybody would like to know what is going on around the world in their everyday lives.</edu>
  <edu id="e5" lang="ru" trans="google">Прежде всего, все хотели бы знать, что происходит во всем мире в своей повседневной жизни.</edu>
  <edu id="e6" lang="en">Sometimes, they want an information that can help them in daily life which the internet can provide all of these to people.</edu>
  <edu id="e6" lang="ru" trans="google">Иногда они хотят информацию, которая может помочь им в повседневной жизни, Интернет может предоставить все эти человек.</edu>
  <edu id="e7" lang="en">For example, a businessman who has no time to watch a television or read a newspaper can receive news and check stock markets easily via the internet.</edu>
  <edu id="e7" lang="ru" trans="google">Например, бизнесмен, который не имеет времени, чтобы смотреть телевизор или читать газету может получать новости и проверить фондовые рынки легко через Интернет.</edu>
  <edu id="e8" lang="en">In addition, people can gain more knowledge by using the internet, the most useful technology in the world.</edu>
  <edu id="e8" lang="ru" trans="google">Кроме того, люди могут получить больше знаний с помощью Интернета, наиболее полезной технологии в мире.</edu>
  <edu id="e9" lang="en">Many people such as students can take online courses to study at home or they can watch beneficial videos which also teach them knowledge.</edu>
  <edu id="e9" lang="ru" trans="google">Многие люди, такие, как студенты могут воспользоваться онлайн курсами для изучения дома, или они могут смотреть полезные видео, которые также научить их знание.</edu>
  <edu id="e10" lang="en">Not only students but also everyone could get more information and knowledge.</edu>
  <edu id="e10" lang="ru" trans="google">Не только студенты, но и все желающие могли получить больше информации и знаний.</edu>
  <edu id="e11" lang="en">For instance, people who have problems with their health can search for more information about it.</edu>
  <edu id="e11" lang="ru" trans="google">Например, люди, которые имеют проблемы со здоровьем могут найти более подробную информацию о нем.</edu>
  <edu id="e12" lang="en">Last but not least, The internet makes the world becomes smaller which is a good thing.</edu>
  <edu id="e12" lang="ru" trans="google">И последнее, но не в последнюю очередь, Интернет делает мир становится меньше, что является хорошей вещью.</edu>
  <edu id="e13" lang="en">This is because people who have no time or have financial problems could travel around the world by using the internet.</edu>
  <edu id="e13" lang="ru" trans="google">Это потому, что люди, у которых нет времени или имеют финансовые проблемы могут путешествовать по всему миру с помощью Интернета.</edu>
  <edu id="e14" lang="en">They can see lots of picture and videos of many interesting places.</edu>
  <edu id="e14" lang="ru" trans="google">Они могут увидеть много изображения и видео многих интересных мест.</edu>
  <edu id="e15" lang="en">Moreover, people can learn other countries's culture and tradition which makes them have more knowledge about that nations.</edu>
  <edu id="e15" lang="ru" trans="google">Кроме того, люди могут узнать другие страны культуру и традиции, что делает их больше знаний о том, что нации.</edu>
  <edu id="e16" lang="en">To conclude, people are satisfied with the internet and sometimes even thanks it.</edu>
  <edu id="e16" lang="ru" trans="google">В заключении, люди удовлетворены в Интернете, а иногда даже благодаря его.</edu>
  <edu id="e17" lang="en">Because it helps us in studying, doing business and exploring the world.</edu>
  <edu id="e17" lang="ru" trans="google">Потому что это помогает нам в изучении, ведения бизнеса и исследовать мир.</edu>
  <edu id="e18" lang="en">With valuable information it provides, people can enjoy their lives much more.</edu>
  <edu id="e18" lang="ru" trans="google">С ценной информацией, которую он обеспечивает, люди могут наслаждаться жизнью гораздо больше.</edu>
  <adu id="a1" type="neut"/>
  <adu id="a2" type="neut"/>
  <adu id="a3" type="mcl"/>
  <adu id="a4" type="pro"/>
  <adu id="a5" type="pro"/>
  <adu id="a6" type="pro"/>
  <adu id="a7" type="pro"/>
  <adu id="a8" type="pro"/>
  <adu id="a9" type="pro"/>
  <adu id="a10" type="pro"/>
  <adu id="a11" type="pro"/>
  <adu id="a12" type="pro"/>
  <adu id="a13" type="pro"/>
  <adu id="a14" type="pro"/>
  <adu id="a15" type="pro"/>
  <adu id="a16" type="mcl"/>
  <adu id="a17" type="pro"/>
  <adu id="a18" type="pro"/>
  <edge id="c21" src="e1" trg="a1" type="seg"/>
  <edge id="c22" src="e2" trg="a2" type="seg"/>
  <edge id="c23" src="e3" trg="a3" type="seg"/>
  <edge id="c24" src="e4" trg="a4" type="seg"/>
  <edge id="c25" src="e5" trg="a5" type="seg"/>
  <edge id="c26" src="e6" trg="a6" type="seg"/>
  <edge id="c27" src="e7" trg="a7" type="seg"/>
  <edge id="c28" src="e8" trg="a8" type="seg"/>
  <edge id="c29" src="e9" trg="a9" type="seg"/>
  <edge id="c30" src="e10" trg="a10" type="seg"/>
  <edge id="c31" src="e11" trg="a11" type="seg"/>
  <edge id="c32" src="e12" trg="a12" type="seg"/>
  <edge id="c33" src="e13" trg="a13" type="seg"/>
  <edge id="c34" src="e14" trg="a14" type="seg"/>
  <edge id="c35" src="e15" trg="a15" type="seg"/>
  <edge id="c36" src="e16" trg="a16" type="seg"/>
  <edge id="c37" src="e17" trg="a17" type="seg"/>
  <edge id="c38" src="e18" trg="a18" type="seg"/>
  <edge id="c1" src="a4" trg="a3" type="sup"/>
  <edge id="c2" src="a4" trg="a16" type="sup"/>
  <edge id="c3" src="a5" trg="a3" type="sup"/>
  <edge id="c4" src="a5" trg="a16" type="sup"/>
  <edge id="c5" src="a6" trg="a5" type="sup"/>
  <edge id="c6" src="a7" trg="a5" type="exa"/>
  <edge id="c7" src="a8" trg="a3" type="sup"/>
  <edge id="c8" src="a8" trg="a16" type="sup"/>
  <edge id="c9" src="a9" trg="a8" type="sup"/>
  <edge id="c10" src="a10" trg="a8" type="sup"/>
  <edge id="c11" src="a11" trg="a10" type="exa"/>
  <edge id="c12" src="a12" trg="a3" type="sup"/>
  <edge id="c13" src="a12" trg="a16" type="sup"/>
  <edge id="c14" src="a13" trg="a12" type="sup"/>
  <edge id="c15" src="a14" trg="a12" type="sup"/>
  <edge id="c16" src="a15" trg="a12" type="sup"/>
  <edge id="c17" src="a17" trg="a3" type="sup"/>
  <edge id="c18" src="a17" trg="a16" type="sup"/>
  <edge id="c19" src="a18" trg="a3" type="sup"/>
  <edge id="c20" src="a18" trg="a16" type="sup"/>
</arggraph>
