<?xml version='1.0' encoding='UTF-8'?>
<arggraph id="micro_e197" stance="pro" topic_id="Testing on animals and keeping them in unnatural conditions" topic_ru="Тестирование на животных и держать их в неестественных условиях">
  <edu id="e1" lang="en">Perhaps the most serious problem facing the animals' rights today is animal experimentation.</edu>
  <edu id="e1" lang="ru" trans="google">Пожалуй, наиболее серьезная проблема, стоящая сегодня право животными являются экспериментами на животных.</edu>
  <edu id="e2" lang="en">Many medical treatments have been discovered by animal testing, including cancer and HIV drugs While most scientists claim that this is vital for improving human health, I believe that primates should have the same rights as human beings.</edu>
  <edu id="e2" lang="ru" trans="google">Многие медицинские процедуры были обнаружены путем тестирования на животных, в том числе рака и лекарств против ВИЧ В то время как большинство ученых утверждают, что это имеет жизненно важное значение для улучшения здоровья человека, я считаю, что приматы должны иметь те же права, как человеческие существа.</edu>
  <edu id="e3" lang="en">There are several reasons why animal testing should be banned.</edu>
  <edu id="e3" lang="ru" trans="google">Есть несколько причин, почему тестирование на животных должны быть запрещены.</edu>
  <edu id="e4" lang="en">Firstly, the costs outweigh the benefits.</edu>
  <edu id="e4" lang="ru" trans="google">Во-первых, затраты перевешивают выгоды.</edu>
  <edu id="e5" lang="en">Every year, cosmetic companies, farms or medical schools kill millions of animals to test their products, without any beneficial result.</edu>
  <edu id="e5" lang="ru" trans="google">Каждый год, косметические компании, ферма или медицинские школы убивают миллионы животных, чтобы проверить свою продукцию, без какого-либо полезного результата.</edu>
  <edu id="e6" lang="en">Animal testing costs an enormous amount of money.</edu>
  <edu id="e6" lang="ru" trans="google">Тестирование на животных стоит огромное количество денег.</edu>
  <edu id="e7" lang="en">Since they must be fed, cared for and treated with drugs or experimental substances.</edu>
  <edu id="e7" lang="ru" trans="google">Так как они должны питаться, заботиться и лечить с помощью препаратов или экспериментальных веществ.</edu>
  <edu id="e8" lang="en">Secondly, animals are kept in unnatural conditions.</edu>
  <edu id="e8" lang="ru" trans="google">Во-вторых, животные содержатся в неестественных условиях.</edu>
  <edu id="e9" lang="en">Recent studies point out that animals are neglected and treated poorly, which influences their reactions to drugs.</edu>
  <edu id="e9" lang="ru" trans="google">Недавние исследования указывают на то, что животные пренебрегают и обрабатывали плохо, что влияет на их реакцию на наркотики.</edu>
  <edu id="e10" lang="en">In March 2003, a lab technician shot a video inside a lab, which revealed primates in cages without pain medication, for instance one baboon with a metal cylinder screwed into its head.</edu>
  <edu id="e10" lang="ru" trans="google">В марте 2003 года, лаборант снял видео внутри лаборатории, который показал, примат в клетках без обезболивающего, например, один бабуина с металлическим цилиндром ввинчивается в голова.</edu>
  <edu id="e11" lang="en">Consequently, I think that sacrificing animals is an expensive and painful activity.</edu>
  <edu id="e11" lang="ru" trans="google">Следовательно, я считаю, что жертвоприношения животных является дорогостоящей и болезненной деятельностью.</edu>
  <edu id="e12" lang="en">There is also the argument that many ethical and genetic principles are broken when testing on animals.</edu>
  <edu id="e12" lang="ru" trans="google">Существует также аргумент, что многие этические и генетические принципы нарушаются при испытании на животных.</edu>
  <edu id="e13" lang="en">Many people agree that it is not only inhumane and cruel to cause pain to animals, but also misleading.</edu>
  <edu id="e13" lang="ru" trans="google">Многие люди считают, что это не только бесчеловечно и жестоко причинять боль животным, но и вводит в заблуждение.</edu>
  <edu id="e14" lang="en">Since animals and people's response to a drug can be different.</edu>
  <edu id="e14" lang="ru" trans="google">Так как животные и люди в реагировании на препарат может быть различной.</edu>
  <edu id="e15" lang="en">I personally believe that human beings have no moral right to use animals in ways that do not benefit the individual.</edu>
  <edu id="e15" lang="ru" trans="google">Я лично считаю, что человеческие существа не имеют никакого морального права на использование животных способами, которые не получают индивидуальный.</edu>
  <edu id="e16" lang="en">For the reasons mentioned above, it seems to me that testing on animals has no clear result.</edu>
  <edu id="e16" lang="ru" trans="google">По причинам, указанным выше, мне кажется, что тестирование на животных не имеет четкого результата.</edu>
  <edu id="e17" lang="en">And consequently, it should be made illegal.</edu>
  <edu id="e17" lang="ru" trans="google">И, следовательно, оно должно быть признано незаконным.</edu>
  <adu id="a1" type="neut"/>
  <adu id="a2" type="mcl"/>
  <adu id="a3" type="pro"/>
  <adu id="a4" type="pro"/>
  <adu id="a5" type="pro"/>
  <adu id="a6" type="pro"/>
  <adu id="a7" type="pro"/>
  <adu id="a8" type="pro"/>
  <adu id="a9" type="pro"/>
  <adu id="a10" type="pro"/>
  <adu id="a11" type="pro"/>
  <adu id="a12" type="neut"/>
  <adu id="a13" type="pro"/>
  <adu id="a14" type="pro"/>
  <adu id="a15" type="pro"/>
  <adu id="a16" type="pro"/>
  <adu id="a17" type="mcl"/>
  <edge id="c18" src="e1" trg="a1" type="seg"/>
  <edge id="c19" src="e2" trg="a2" type="seg"/>
  <edge id="c20" src="e3" trg="a3" type="seg"/>
  <edge id="c21" src="e4" trg="a4" type="seg"/>
  <edge id="c22" src="e5" trg="a5" type="seg"/>
  <edge id="c23" src="e6" trg="a6" type="seg"/>
  <edge id="c24" src="e7" trg="a7" type="seg"/>
  <edge id="c25" src="e8" trg="a8" type="seg"/>
  <edge id="c26" src="e9" trg="a9" type="seg"/>
  <edge id="c27" src="e10" trg="a10" type="seg"/>
  <edge id="c28" src="e11" trg="a11" type="seg"/>
  <edge id="c29" src="e12" trg="a12" type="seg"/>
  <edge id="c30" src="e13" trg="a13" type="seg"/>
  <edge id="c31" src="e14" trg="a14" type="seg"/>
  <edge id="c32" src="e15" trg="a15" type="seg"/>
  <edge id="c33" src="e16" trg="a16" type="seg"/>
  <edge id="c34" src="e17" trg="a17" type="seg"/>
  <edge id="c1" src="a3" trg="a2" type="sup"/>
  <edge id="c2" src="a3" trg="a17" type="sup"/>
  <edge id="c3" src="a4" trg="a3" type="sup"/>
  <edge id="c4" src="a5" trg="a3" type="sup"/>
  <edge id="c5" src="a6" trg="a3" type="sup"/>
  <edge id="c6" src="a7" trg="a6" type="sup"/>
  <edge id="c7" src="a8" trg="a11" type="sup"/>
  <edge id="c8" src="a9" trg="a11" type="sup"/>
  <edge id="c9" src="a10" trg="a11" type="sup"/>
  <edge id="c10" src="a11" trg="a2" type="sup"/>
  <edge id="c11" src="a11" trg="a17" type="sup"/>
  <edge id="c12" src="a13" trg="a15" type="sup"/>
  <edge id="c13" src="a14" trg="a13" type="sup"/>
  <edge id="c14" src="a15" trg="a2" type="sup"/>
  <edge id="c15" src="a15" trg="a17" type="sup"/>
  <edge id="c16" src="a16" trg="a2" type="sup"/>
  <edge id="c17" src="a16" trg="a17" type="sup"/>
</arggraph>
