<?xml version='1.0' encoding='UTF-8'?>
<arggraph id="micro_e51" stance="pro" topic_id="Children engagement in paid work" topic_ru="Участие детей в оплачиваемой работе">
  <edu id="e1" lang="en">In many countries, children are educated from their young age to be independent and responsible for their actions.</edu>
  <edu id="e1" lang="ru" trans="google">Во многих странах дети обучаются от своего молодого возраста, чтобы быть независимыми и ответственными за свои действия.</edu>
  <edu id="e2" lang="en">Their parents allow them to take some jobs because these jobs can help them learn and take responsibilities.</edu>
  <edu id="e2" lang="ru" trans="google">Их родители позволяют им занять несколько рабочих мест, потому что эти рабочие места могут помочь им учиться и брать на себя ответственность.</edu>
  <edu id="e3" lang="en">However, some people think it's not a good educational measure.</edu>
  <edu id="e3" lang="ru" trans="google">Тем не менее, некоторые люди считают, что это не очень хорошая образовательная мера.</edu>
  <edu id="e4" lang="en">From my point of view, the benefits of children engagement in paid work outweigh its drawbacks.</edu>
  <edu id="e4" lang="ru" trans="google">С моей точки зрения, преимущества детей участием в оплачиваемой работе перевешивают ее недостатки.</edu>
  <edu id="e5" lang="en">First of all, children can learn about the hardship of earning money.</edu>
  <edu id="e5" lang="ru" trans="google">Прежде всего, дети могут узнать о трудностях зарабатывания денег.</edu>
  <edu id="e6" lang="en">When they take some kind of paid work such as looking after babies, doing housework and keeping shops, they will have some life experience and skills which make them mature and can deal with many different situations in real life.</edu>
  <edu id="e6" lang="ru" trans="google">Когда они берут какое-то оплачиваемую работу, такие как уход за младенцами, делая работу по дому и держать магазины, они будут иметь некоторые жизненный опыт и навыки, которые делают их зрелыми и может иметь дело с множеством различных ситуаций в реальной жизни.</edu>
  <edu id="e7" lang="en">Therefore, they are likely to understand their parents' hardship, to respect values of money and to form a good habit of saving.</edu>
  <edu id="e7" lang="ru" trans="google">Таким образом, они, вероятно, чтобы понять трудности их родителей, уважать ценности денег и сформировать хорошую привычку экономить.</edu>
  <edu id="e8" lang="en">Secondly, when children take jobs, they tend to be more responsible.</edu>
  <edu id="e8" lang="ru" trans="google">Во-вторых, когда дети берут работу, они имеют тенденцию быть более ответственными.</edu>
  <edu id="e9" lang="en">Because whether they can earn money or not will depend on their effectiveness and attitudes in working.</edu>
  <edu id="e9" lang="ru" trans="google">Потому ли они могут заработать деньги или нет, будет зависеть от их эффективности и отношений в оборотном.</edu>
  <edu id="e10" lang="en">To keep their jobs, children will have to try their best to finish their duties.</edu>
  <edu id="e10" lang="ru" trans="google">Для того, чтобы сохранить свои рабочие места, дети будут стараться изо всех сил, чтобы закончить свои обязанности.</edu>
  <edu id="e11" lang="en">For example, if a child works as a shop assistant, he will have to keep an eye on good and products, calculate prices correctly and take responsibilities for any lost.</edu>
  <edu id="e11" lang="ru" trans="google">Например, если ребенок работает в качестве продавца, он должен будет следить за хороший и продукции, цены правильно рассчитать и взять на себя ответственность за любые потери.</edu>
  <edu id="e12" lang="en">Some people may argue that children will be more material, neglect their study for earning money or be exploited by the employers.</edu>
  <edu id="e12" lang="ru" trans="google">Некоторые люди могут утверждать, что дети будут больше материала, пренебрежение их исследование для зарабатывания денег или быть использованы работодателями.</edu>
  <edu id="e13" lang="en">However, if children get good care and instructions from their parents, they can take advantages of the work to learn valuable things and avoid going in a wrong way.</edu>
  <edu id="e13" lang="ru" trans="google">Однако, если дети получают хороший уход и инструкции от своих родителей, они могут воспользоваться преимуществами работы, чтобы извлечь ценные вещи и не идти в неправильном направлении.</edu>
  <edu id="e14" lang="en">In conclusion, if children take part in some kind of paid work with their parents' permission, they can learn lively lessons and become mature and responsible.</edu>
  <edu id="e14" lang="ru" trans="google">В заключение, если дети принимают участие в каком-то оплачиваемую работу с разрешения их родителей, они могут узнать живые уроки и стать зрелым и ответственным.</edu>
  <edu id="e15" lang="en">I recommend that parents should help their children to choose a suitable job which does not affect their children's study and that the government should have right policies to avoid exploiting children's labour.</edu>
  <edu id="e15" lang="ru" trans="google">Я рекомендую, чтобы родители должны помочь своим детям выбрать подходящую работу, которая не влияет на их ребенок учиться и что правительство должно иметь правильную политику, чтобы избежать использования детского труда.</edu>
  <adu id="a1" type="neut"/>
  <adu id="a2" type="neut"/>
  <adu id="a3" type="neut"/>
  <adu id="a4" type="mcl"/>
  <adu id="a5" type="pro"/>
  <adu id="a6" type="pro"/>
  <adu id="a7" type="pro"/>
  <adu id="a8" type="pro"/>
  <adu id="a9" type="pro"/>
  <adu id="a10" type="pro"/>
  <adu id="a11" type="pro"/>
  <adu id="a12" type="opp"/>
  <adu id="a13" type="pro"/>
  <adu id="a14" type="mcl"/>
  <adu id="a15" type="neut"/>
  <edge id="c13" src="e1" trg="a1" type="seg"/>
  <edge id="c14" src="e2" trg="a2" type="seg"/>
  <edge id="c15" src="e3" trg="a3" type="seg"/>
  <edge id="c16" src="e4" trg="a4" type="seg"/>
  <edge id="c17" src="e5" trg="a5" type="seg"/>
  <edge id="c18" src="e6" trg="a6" type="seg"/>
  <edge id="c19" src="e7" trg="a7" type="seg"/>
  <edge id="c20" src="e8" trg="a8" type="seg"/>
  <edge id="c21" src="e9" trg="a9" type="seg"/>
  <edge id="c22" src="e10" trg="a10" type="seg"/>
  <edge id="c23" src="e11" trg="a11" type="seg"/>
  <edge id="c24" src="e12" trg="a12" type="seg"/>
  <edge id="c25" src="e13" trg="a13" type="seg"/>
  <edge id="c26" src="e14" trg="a14" type="seg"/>
  <edge id="c27" src="e15" trg="a15" type="seg"/>
  <edge id="c1" src="a5" trg="a7" type="sup"/>
  <edge id="c2" src="a6" trg="a7" type="sup"/>
  <edge id="c3" src="a7" trg="a4" type="sup"/>
  <edge id="c4" src="a7" trg="a14" type="sup"/>
  <edge id="c5" src="a8" trg="a4" type="sup"/>
  <edge id="c6" src="a8" trg="a14" type="sup"/>
  <edge id="c7" src="a9" trg="a8" type="sup"/>
  <edge id="c8" src="a10" trg="a8" type="sup"/>
  <edge id="c9" src="a11" trg="a10" type="exa"/>
  <edge id="c10" src="a12" trg="a4" type="reb"/>
  <edge id="c11" src="a12" trg="a14" type="reb"/>
  <edge id="c12" src="a13" trg="a12" type="reb"/>
</arggraph>
