<?xml version='1.0' encoding='UTF-8'?>
<arggraph id="micro_e158" stance="pro" topic_id="Influence of English-advantages outweigh the disadvantages" topic_ru="Влияние англоязычного преимущества перевешивают недостатки">
  <edu id="e1" lang="en">In the present age, it is a matter of fact that increasing minority languages have diminished from the world due to the proliferation of English.</edu>
  <edu id="e1" lang="ru" trans="google">В нынешнем веке, это вопрос о том, что увеличение языков меньшинств уменьшились от мира из-за распространения английского языка.</edu>
  <edu id="e2" lang="en">Some people claim it's a reasonable loss in globalization while others argue the demerits exceed the merits.</edu>
  <edu id="e2" lang="ru" trans="google">Некоторые люди утверждают, что это разумно потери в процессе глобализации, а другие утверждают, что недостатки превышают достоинства.</edu>
  <edu id="e3" lang="en">Personally, I agree with the former opinion.</edu>
  <edu id="e3" lang="ru" trans="google">Лично я согласен с прежним мнением.</edu>
  <edu id="e4" lang="en">No one can deny the huge benefits of the trend that English is being accepted universally.</edu>
  <edu id="e4" lang="ru" trans="google">Никто не может отрицать огромные преимущества тенденции, что английский язык принимаются повсеместно.</edu>
  <edu id="e5" lang="en">To begin with, communication between countries and cultures become convenient.</edu>
  <edu id="e5" lang="ru" trans="google">Начнем с того, связь между странами и культурами становятся удобными.</edu>
  <edu id="e6" lang="en">In my country, English is a required course from elementary school.</edu>
  <edu id="e6" lang="ru" trans="google">В моей стране, английский язык обязательный курс начальной школы.</edu>
  <edu id="e7" lang="en">Thus, studying abroad is easy and becomes hot among youngsters.</edu>
  <edu id="e7" lang="ru" trans="google">Таким образом, обучение за границей легко и становится горячим среди молодежи.</edu>
  <edu id="e8" lang="en">For them, language obstacle is no longer a problem, which results in mutual understanding and trust between their mother land and the host country.</edu>
  <edu id="e8" lang="ru" trans="google">Для них, языка препятствие уже не является проблема, которая приводит к взаимопонимания и доверия между их родной землей и принимающей страной.</edu>
  <edu id="e9" lang="en">This, in turn, enhances relationship and promotes international business.</edu>
  <edu id="e9" lang="ru" trans="google">Это, в свою очередь, усиливает отношения и способствует развитию международного бизнеса.</edu>
  <edu id="e10" lang="en">Furthermore, researchers, especially those who work on high-tech, would have wider range of references if they are good at English.</edu>
  <edu id="e10" lang="ru" trans="google">Кроме того, исследователи, особенно те, кто работает на высоких технологий, будет иметь более широкий диапазон ссылок, если они хороши на английском языке.</edu>
  <edu id="e11" lang="en">Taking IT industry for an example, top technical science is published in English.</edu>
  <edu id="e11" lang="ru" trans="google">Принимая ИТ-индустрию для примера, топ технические науки публикуются на английском языке.</edu>
  <edu id="e12" lang="en">It's neither to get a translated version of these articles, nor to always have a translator besides.</edu>
  <edu id="e12" lang="ru" trans="google">Это не является ни получить переведенную версию этих статей, ни всегда есть переводчик, кроме.</edu>
  <edu id="e13" lang="en">As a result, they have no choice but choosing English as a second language.</edu>
  <edu id="e13" lang="ru" trans="google">В результате, у них нет выбора, кроме как выбрать английский язык в качестве второго языка.</edu>
  <edu id="e14" lang="en">Admittedly, opponents may blame that English is making lesser-known languages disappear ever year.</edu>
  <edu id="e14" lang="ru" trans="google">Правда, оппоненты могут обвинить, что английский делает менее известные языки исчезают когда-либо год.</edu>
  <edu id="e15" lang="en">Hence, the culture heritage and nation identity vanish.</edu>
  <edu id="e15" lang="ru" trans="google">Таким образом, культурное наследие и идентичность нации исчезают.</edu>
  <edu id="e16" lang="en">However, this is really short-sighted, ignoring the rapid development of native economy and society.</edu>
  <edu id="e16" lang="ru" trans="google">Тем не менее, это действительно близоруко, не обращая внимания на быстрое развитие отечественной экономики и общества.</edu>
  <edu id="e17" lang="en">In conclusion, in spite of some negative effects, I'm totally convinced that the prevalent usage of English brings benefits to people and countries all around.</edu>
  <edu id="e17" lang="ru" trans="google">В заключение, несмотря на некоторые негативные последствия, я полностью убежден, что превалирует использование английского языка приносит пользу людям и странам все вокруг.</edu>
  <edu id="e18" lang="en">I suggest all youths should learn English owing to its key role in globalization.</edu>
  <edu id="e18" lang="ru" trans="google">Я полагаю, все молодые люди должны изучать английский язык благодаря своей ключевой роли в процессе глобализации.</edu>
  <edu id="e19" lang="en">But at the same time, actions, like recording, can be taken to protect native languages and cultures.</edu>
  <edu id="e19" lang="ru" trans="google">Но в то же время действие, как записи, может быть принято, чтобы защитить родные языки и культуры.</edu>
  <adu id="a1" type="neut"/>
  <adu id="a2" type="mcl"/>
  <adu id="a3" type="neut"/>
  <adu id="a4" type="pro"/>
  <adu id="a5" type="pro"/>
  <adu id="a6" type="pro"/>
  <adu id="a7" type="pro"/>
  <adu id="a8" type="pro"/>
  <adu id="a9" type="pro"/>
  <adu id="a10" type="pro"/>
  <adu id="a11" type="pro"/>
  <adu id="a12" type="pro"/>
  <adu id="a13" type="pro"/>
  <adu id="a14" type="opp"/>
  <adu id="a15" type="opp"/>
  <adu id="a16" type="pro"/>
  <adu id="a17" type="mcl"/>
  <adu id="a18" type="neut"/>
  <adu id="a19" type="neut"/>
  <edge id="c16" src="e1" trg="a1" type="seg"/>
  <edge id="c17" src="e2" trg="a2" type="seg"/>
  <edge id="c18" src="e3" trg="a3" type="seg"/>
  <edge id="c19" src="e4" trg="a4" type="seg"/>
  <edge id="c20" src="e5" trg="a5" type="seg"/>
  <edge id="c21" src="e6" trg="a6" type="seg"/>
  <edge id="c22" src="e7" trg="a7" type="seg"/>
  <edge id="c23" src="e8" trg="a8" type="seg"/>
  <edge id="c24" src="e9" trg="a9" type="seg"/>
  <edge id="c25" src="e10" trg="a10" type="seg"/>
  <edge id="c26" src="e11" trg="a11" type="seg"/>
  <edge id="c27" src="e12" trg="a12" type="seg"/>
  <edge id="c28" src="e13" trg="a13" type="seg"/>
  <edge id="c29" src="e14" trg="a14" type="seg"/>
  <edge id="c30" src="e15" trg="a15" type="seg"/>
  <edge id="c31" src="e16" trg="a16" type="seg"/>
  <edge id="c32" src="e17" trg="a17" type="seg"/>
  <edge id="c33" src="e18" trg="a18" type="seg"/>
  <edge id="c34" src="e19" trg="a19" type="seg"/>
  <edge id="c1" src="a4" trg="a2" type="sup"/>
  <edge id="c2" src="a4" trg="a17" type="sup"/>
  <edge id="c3" src="a5" trg="a4" type="sup"/>
  <edge id="c4" src="a6" trg="a7" type="sup"/>
  <edge id="c5" src="a7" trg="a5" type="sup"/>
  <edge id="c6" src="a8" trg="a9" type="sup"/>
  <edge id="c7" src="a9" trg="a5" type="sup"/>
  <edge id="c8" src="a10" trg="a4" type="sup"/>
  <edge id="c9" src="a11" trg="a10" type="sup"/>
  <edge id="c10" src="a12" trg="a13" type="sup"/>
  <edge id="c11" src="a13" trg="a10" type="sup"/>
  <edge id="c12" src="a14" trg="a15" type="sup"/>
  <edge id="c13" src="a15" trg="a2" type="reb"/>
  <edge id="c14" src="a15" trg="a17" type="reb"/>
  <edge id="c15" src="a16" trg="a15" type="reb"/>
</arggraph>
