<?xml version='1.0' encoding='UTF-8'?>
<arggraph id="micro_e47" stance="pro" topic_id="Advertising - positive or negative part of our lives" topic_ru="Реклама - положительная или отрицательная часть нашей жизни">
  <edu id="e1" lang="en">Nowadays, the use of advertisement through different forms of media such as newspapers, radio and television has become very prevalent, so it is thought to be a necessary part of today's society.</edu>
  <edu id="e1" lang="ru" trans="google">В настоящее время использование реклам через различные виды средств массовой информации, такие как газеты, радио и телевидение стало очень распространенным, поэтому считаются необходимой частью современного общества.</edu>
  <edu id="e2" lang="en">Many believe that advertising has brought great benefits to lives therefore it should be considered a positive activity while others have held a complete different idea about this.</edu>
  <edu id="e2" lang="ru" trans="google">Многие считают, что реклама принесла большие выгоды для жизни поэтому следует учитывать положительную активность в то время как другие провели совершенно иное представление об этом.</edu>
  <edu id="e3" lang="en">Both views will be critiqued before a reasonable conclusion is drawn.</edu>
  <edu id="e3" lang="ru" trans="google">Оба вида будет критикуются, прежде чем разумный вывод о том.</edu>
  <edu id="e4" lang="en">First, it is generally understood that advertising is carried out with the main purpose of promoting different products and services or encouraging people to consume more.</edu>
  <edu id="e4" lang="ru" trans="google">Во-первых, это, как правило, понимается, что реклама осуществляется с главной целью продвижения различных товаров и услуг, или поощрять людей потреблять больше.</edu>
  <edu id="e5" lang="en">Advertisements are, therefore, very important for many businesses to increase sales and hence profits.</edu>
  <edu id="e5" lang="ru" trans="google">Объявления, таким образом, очень важно для многих предприятий, чтобы увеличить продажи и, следовательно, прибыль.</edu>
  <edu id="e6" lang="en">Also, to consumers, advertising can bring them many benefits.</edu>
  <edu id="e6" lang="ru" trans="google">Кроме того, для потребителей, реклама может принести им много преимуществ.</edu>
  <edu id="e7" lang="en">For example, customers of telecommunication services will have an idea about the current offers of different companies.</edu>
  <edu id="e7" lang="ru" trans="google">Например, клиенты телекоммуникационных услуг будут иметь представление о текущих предложениях различных компаний.</edu>
  <edu id="e8" lang="en">And hence they can compare them and then have a better decision in choosing their internet or mobile phone plans.</edu>
  <edu id="e8" lang="ru" trans="google">И, следовательно, они могут сравнить их и затем иметь лучшее решение в выборе своих интернет или мобильный телефон планы.</edu>
  <edu id="e9" lang="en">From all of these, it is easy to see why the idea that advertising is a positive part of life will garner strong support.</edu>
  <edu id="e9" lang="ru" trans="google">Из всех из них, это легко понять, почему идея, что реклама является положительной частью жизни будет получить сильную поддержку.</edu>
  <edu id="e10" lang="en">However, it can be seen that some people have argued against advertising due to its negative impacts.</edu>
  <edu id="e10" lang="ru" trans="google">Тем не менее, можно заметить, что некоторые люди выступали против рекламы из-за его негативные последствия.</edu>
  <edu id="e11" lang="en">Firstly, a huge amount of different advertisements could be sent automatically by a system to personal phones or email addresses, this is generally known as spam, and causes discomfort or even annoyance to many people.</edu>
  <edu id="e11" lang="ru" trans="google">Во-первых, огромное количество различных рекламных может быть отправлен автоматически с помощью системы личных телефонов или адресов электронной почты, это, как правило, известен как спам, и вызывает дискомфорт или даже раздражение многих людей.</edu>
  <edu id="e12" lang="en">Secondly, advertising can be very expensive and not every advertising campaign can be done successfully and brings good results.</edu>
  <edu id="e12" lang="ru" trans="google">Во-вторых, реклама может быть очень дорого, и не каждый рекламная кампания может быть сделано успешно и приносит хорошие результаты.</edu>
  <edu id="e13" lang="en">Therefore, advertising is believed by many, a financial burden to businesses.</edu>
  <edu id="e13" lang="ru" trans="google">Таким образом, реклама, как полагают многие, финансовое бремя для бизнеса.</edu>
  <edu id="e14" lang="en">In conclusion, after analyzing the pros and cons of advertising, both of the views have strong support, but it is felt that more good comes from advertising than bad.</edu>
  <edu id="e14" lang="ru" trans="google">В заключение, проанализировав плюсы и минусы рекламы, оба мнения, имеют сильную поддержку, но чувствуется, что более хорошее идет от рекламы, чем плохого.</edu>
  <edu id="e15" lang="en">Thus, the idea that advertising is a positive part of life can be more supported.</edu>
  <edu id="e15" lang="ru" trans="google">Таким образом, идея, что реклама является положительной частью жизни может быть более поддерживается.</edu>
  <adu id="a1" type="neut"/>
  <adu id="a2" type="neut"/>
  <adu id="a3" type="neut"/>
  <adu id="a4" type="pro"/>
  <adu id="a5" type="pro"/>
  <adu id="a6" type="pro"/>
  <adu id="a7" type="pro"/>
  <adu id="a8" type="pro"/>
  <adu id="a9" type="neut"/>
  <adu id="a10" type="neut"/>
  <adu id="a11" type="opp"/>
  <adu id="a12" type="opp"/>
  <adu id="a13" type="opp"/>
  <adu id="a14" type="pro"/>
  <adu id="a15" type="mcl"/>
  <edge id="c10" src="e1" trg="a1" type="seg"/>
  <edge id="c11" src="e2" trg="a2" type="seg"/>
  <edge id="c12" src="e3" trg="a3" type="seg"/>
  <edge id="c13" src="e4" trg="a4" type="seg"/>
  <edge id="c14" src="e5" trg="a5" type="seg"/>
  <edge id="c15" src="e6" trg="a6" type="seg"/>
  <edge id="c16" src="e7" trg="a7" type="seg"/>
  <edge id="c17" src="e8" trg="a8" type="seg"/>
  <edge id="c18" src="e9" trg="a9" type="seg"/>
  <edge id="c19" src="e10" trg="a10" type="seg"/>
  <edge id="c20" src="e11" trg="a11" type="seg"/>
  <edge id="c21" src="e12" trg="a12" type="seg"/>
  <edge id="c22" src="e13" trg="a13" type="seg"/>
  <edge id="c23" src="e14" trg="a14" type="seg"/>
  <edge id="c24" src="e15" trg="a15" type="seg"/>
  <edge id="c1" src="a4" trg="a5" type="sup"/>
  <edge id="c2" src="a5" trg="a15" type="sup"/>
  <edge id="c3" src="a6" trg="a15" type="sup"/>
  <edge id="c4" src="a7" trg="a8" type="exa"/>
  <edge id="c5" src="a8" trg="a6" type="sup"/>
  <edge id="c6" src="a11" trg="a15" type="reb"/>
  <edge id="c7" src="a12" trg="a13" type="sup"/>
  <edge id="c8" src="a13" trg="a15" type="reb"/>
  <edge id="c9" src="a14" trg="a15" type="sup"/>
</arggraph>
