<?xml version='1.0' encoding='UTF-8'?>
<arggraph id="micro_e68" stance="pro" topic_id="Why are groups or organizations important to people ?" topic_ru="Почему группа или организация, важна для людей?">
  <edu id="e1" lang="en">During our life, it is inevitable that we may be related with any groups or organizations; therefore, groups and organizations are an important part of their lives.</edu>
  <edu id="e1" lang="ru" trans="google">В течение нашей жизни, это неизбежно, что мы можем быть связаны с какими-либо группами или организациями; Таким образом, группы и организации являются важной частью их жизни.</edu>
  <edu id="e2" lang="en">In my point of view, groups provide a place for people to gain experiences or achieve goals.</edu>
  <edu id="e2" lang="ru" trans="google">С моей точки зрения, группы предоставляют место для людей, чтобы получить опыт и достижения поставленных целей.</edu>
  <edu id="e3" lang="en">My reasons include the following: In the first place, humans are a part of the society, and the society includes a wide variety of groups.</edu>
  <edu id="e3" lang="ru" trans="google">Мои причины включают в себя следующее: Во-первых, люди являются частью общества, а общество включает в себя широкий спектр групп.</edu>
  <edu id="e4" lang="en">Most of all, the groups play an essential role in the process of socialization, from children to adults.</edu>
  <edu id="e4" lang="ru" trans="google">Больше всего, группы играют существенную роль в процессе социализации, от детей до взрослых.</edu>
  <edu id="e5" lang="en">We begin taking part in groups or organizations during the early days of life, and especially most people continue their social participation in all through life.</edu>
  <edu id="e5" lang="ru" trans="google">Мы начинаем принимать участие в группах или организациях в течение первых дней жизни, и особенно большинство людей продолжают свое социальное участие во всех по жизни.</edu>
  <edu id="e6" lang="en">By making teamwork, the children in schools may learn to how to get along with others.</edu>
  <edu id="e6" lang="ru" trans="google">Делая совместную работу, дети в школах могут научиться ладить с другими людьми.</edu>
  <edu id="e7" lang="en">As university students, it is likely for them to join student organization of their major in order to expand their experiences or communicate with others.</edu>
  <edu id="e7" lang="ru" trans="google">Как студенты высших учебных заведений, то, скорее всего, для них, чтобы присоединиться к студенческой организации по их основным для того, чтобы расширить свой опыт или общаться с другими людьми.</edu>
  <edu id="e8" lang="en">After graduating from schools, employees might go to business associations for various business resources and benefits.</edu>
  <edu id="e8" lang="ru" trans="google">После окончания школы, сотрудники могут пойти в бизнес-ассоциации для различных бизнес-ресурсов и выгод.</edu>
  <edu id="e9" lang="en">Thus, almost of us live in the environment of groups.</edu>
  <edu id="e9" lang="ru" trans="google">Таким образом, почти из нас живет в среде групп.</edu>
  <edu id="e10" lang="en">By participating in an organization, it is a positive way for people to obtain some experiences on a particular purpose.</edu>
  <edu id="e10" lang="ru" trans="google">Участвуя в организации, это является положительным способом для людей, чтобы получить некоторый опыт по конкретной цели.</edu>
  <edu id="e11" lang="en">A solid group can be a suited environment, which provides people to improve themselves or broaden their horizons.</edu>
  <edu id="e11" lang="ru" trans="google">Твердая группа может быть подходящей средой, которая обеспечивает человек, чтобы улучшить себя и расширить свой кругозор.</edu>
  <edu id="e12" lang="en">For example, as a student majoring in mass media, I have taken part in mass media student group for a year.</edu>
  <edu id="e12" lang="ru" trans="google">Например, в качестве студента по специальности в средствах массовой информации, я принял участие в СМИ студенческой группы в течение года.</edu>
  <edu id="e13" lang="en">When being in the department of art, I have not only learned how to do a project, but also known some famous artists during the term.</edu>
  <edu id="e13" lang="ru" trans="google">Находясь в отделе искусства, я не только узнали, как сделать проект, но также известны некоторые известные художники в течение срока.</edu>
  <edu id="e14" lang="en">Above all, it is advantage which increase an opportunity on my resume for the sake of getting a better job.</edu>
  <edu id="e14" lang="ru" trans="google">Прежде всего, это преимущество, которое увеличит возможность на мое резюме для получения лучшей работы.</edu>
  <edu id="e15" lang="en">Furthermore, groups and organizations would lead people to take action or achieve their goal.</edu>
  <edu id="e15" lang="ru" trans="google">Кроме того, группы и организации привело бы людей к действию или достижения своей цели.</edu>
  <edu id="e16" lang="en">Here is an example: there are various charities in the world.</edu>
  <edu id="e16" lang="ru" trans="google">Вот пример: существуют различные благотворительные организации в мире.</edu>
  <edu id="e17" lang="en">Tzu Chi, a non-profit Buddhism organization in Taiwan, is famous for contributing to the social and community services, and medical care.</edu>
  <edu id="e17" lang="ru" trans="google">Цзи, некоммерческая организация, буддизм в Тайване, известен вклад социальных и коммунальных услуг, а также медицинской помощи.</edu>
  <edu id="e18" lang="en">They bring hopes and inspire others with their generous spirit.</edu>
  <edu id="e18" lang="ru" trans="google">Они приносят надежду и вдохновлять других своим щедрым духом.</edu>
  <edu id="e19" lang="en">For accomplishing their missions, the charity should gather people who are volunteers and sponsors for those difficult tasks.</edu>
  <edu id="e19" lang="ru" trans="google">Для выполнения своих задач, благотворительность должна собрать человек, которые являются волонтерами и спонсорами для этих сложных задач.</edu>
  <edu id="e20" lang="en">As a result, they lit the light for the poor and victims.</edu>
  <edu id="e20" lang="ru" trans="google">В результате, они зажгли свет для бедных и жертв.</edu>
  <edu id="e21" lang="en">In addition, they could have chance to help the people in need from all over the world.</edu>
  <edu id="e21" lang="ru" trans="google">Кроме того, они могли бы иметь шанс, чтобы помочь нуждающимся людям со всего миром.</edu>
  <edu id="e22" lang="en">For the above reasons and examples, it could be widely thought that groups or organizations are a vital part for us in plenty of aspects in different ages and in different backgrounds.</edu>
  <edu id="e22" lang="ru" trans="google">По указанным выше причинам и примеров, можно было бы широко распространено мнение, что группы или организации являются жизненно важной частью для нас в большом количестве аспектов в разных возрастах и ​​в разных фонах.</edu>
  <adu id="a1" type="neut"/>
  <adu id="a2" type="mcl"/>
  <adu id="a3" type="pro"/>
  <adu id="a4" type="pro"/>
  <adu id="a5" type="pro"/>
  <adu id="a6" type="pro"/>
  <adu id="a7" type="pro"/>
  <adu id="a8" type="pro"/>
  <adu id="a9" type="pro"/>
  <adu id="a10" type="pro"/>
  <adu id="a11" type="pro"/>
  <adu id="a12" type="pro"/>
  <adu id="a13" type="pro"/>
  <adu id="a14" type="pro"/>
  <adu id="a15" type="pro"/>
  <adu id="a16" type="pro"/>
  <adu id="a17" type="pro"/>
  <adu id="a18" type="pro"/>
  <adu id="a19" type="pro"/>
  <adu id="a20" type="pro"/>
  <adu id="a21" type="pro"/>
  <adu id="a22" type="mcl"/>
  <edge id="c24" src="e1" trg="a1" type="seg"/>
  <edge id="c25" src="e2" trg="a2" type="seg"/>
  <edge id="c26" src="e3" trg="a3" type="seg"/>
  <edge id="c27" src="e4" trg="a4" type="seg"/>
  <edge id="c28" src="e5" trg="a5" type="seg"/>
  <edge id="c29" src="e6" trg="a6" type="seg"/>
  <edge id="c30" src="e7" trg="a7" type="seg"/>
  <edge id="c31" src="e8" trg="a8" type="seg"/>
  <edge id="c32" src="e9" trg="a9" type="seg"/>
  <edge id="c33" src="e10" trg="a10" type="seg"/>
  <edge id="c34" src="e11" trg="a11" type="seg"/>
  <edge id="c35" src="e12" trg="a12" type="seg"/>
  <edge id="c36" src="e13" trg="a13" type="seg"/>
  <edge id="c37" src="e14" trg="a14" type="seg"/>
  <edge id="c38" src="e15" trg="a15" type="seg"/>
  <edge id="c39" src="e16" trg="a16" type="seg"/>
  <edge id="c40" src="e17" trg="a17" type="seg"/>
  <edge id="c41" src="e18" trg="a18" type="seg"/>
  <edge id="c42" src="e19" trg="a19" type="seg"/>
  <edge id="c43" src="e20" trg="a20" type="seg"/>
  <edge id="c44" src="e21" trg="a21" type="seg"/>
  <edge id="c45" src="e22" trg="a22" type="seg"/>
  <edge id="c1" src="a3" trg="a4" type="sup"/>
  <edge id="c2" src="a4" trg="a2" type="sup"/>
  <edge id="c3" src="a4" trg="a22" type="sup"/>
  <edge id="c4" src="a5" trg="a9" type="sup"/>
  <edge id="c5" src="a6" trg="a9" type="sup"/>
  <edge id="c6" src="a7" trg="a9" type="sup"/>
  <edge id="c7" src="a8" trg="a9" type="sup"/>
  <edge id="c8" src="a9" trg="a2" type="sup"/>
  <edge id="c9" src="a9" trg="a22" type="sup"/>
  <edge id="c10" src="a10" trg="a2" type="sup"/>
  <edge id="c11" src="a10" trg="a22" type="sup"/>
  <edge id="c12" src="a11" trg="a10" type="sup"/>
  <edge id="c13" src="a12" trg="a11" type="exa"/>
  <edge id="c14" src="a13" trg="a11" type="sup"/>
  <edge id="c15" src="a14" trg="a11" type="sup"/>
  <edge id="c16" src="a15" trg="a2" type="sup"/>
  <edge id="c17" src="a15" trg="a22" type="sup"/>
  <edge id="c18" src="a16" trg="a15" type="exa"/>
  <edge id="c19" src="a17" trg="a15" type="sup"/>
  <edge id="c20" src="a18" trg="a15" type="sup"/>
  <edge id="c21" src="a19" trg="a20" type="sup"/>
  <edge id="c22" src="a20" trg="a15" type="sup"/>
  <edge id="c23" src="a21" trg="a20" type="sup"/>
</arggraph>
