<?xml version='1.0' encoding='UTF-8'?>
<arggraph id="micro_e385" stance="pro" topic_id="Increased taxation on petrol and diesel fuel to discourage private cars ?" topic_ru="Повышение налогов на бензин и дизельное топливо, чтобы препятствовать частные автомобили?">
  <edu id="e1" lang="en">There is no doubt our life has had a change for the better since cars were introduced.</edu>
  <edu id="e1" lang="ru" trans="google">Там нет сомнений, наша жизнь была перемены к лучшему, так как были введены автомобили.</edu>
  <edu id="e2" lang="en">However, cars themselves, especially private ones, have exerted severe pressure on the environment and economy for wasteful oil consumption.</edu>
  <edu id="e2" lang="ru" trans="google">Тем не менее, сами автомобили, особенно частные, оказали сильное давление на окружающую среду и экономику для расточительного потребления нефти.</edu>
  <edu id="e3" lang="en">While many believe that petrol and diesel fuel should be charged with the highest taxation, I strongly disagree with this notion.</edu>
  <edu id="e3" lang="ru" trans="google">Хотя многие считают, что бензин и дизельное топливо должно быть заряжены с высоким налогообложением, я категорически не согласен с этим мнением.</edu>
  <edu id="e4" lang="en">One can not deny the fact that if petrol and fuel taxation are raised, people might hesitate choosing a personal automobile.</edu>
  <edu id="e4" lang="ru" trans="google">Нельзя отрицать тот факт, что если бензин и налог на топливо повышаются, люди могут стесняться выбором личного автомобиля.</edu>
  <edu id="e5" lang="en">Taxation may have tackled the environmental issue simply by diverting people to public transportations such as trains, buses or ferries.</edu>
  <edu id="e5" lang="ru" trans="google">Налогообложение может быть решена экологической проблема просто путем отвлечения людей общественного транспорта, таких как поезда, автобусы и паромы.</edu>
  <edu id="e6" lang="en">Additionally, for those who have already afforded a car, there is a likelihood it is restraint from usage on long journeys or to crowded cities.</edu>
  <edu id="e6" lang="ru" trans="google">Кроме того, для тех, кто уже дает автомобиль, есть вероятность того, что воздержание от использования во время длительных поездок или переполненных городов.</edu>
  <edu id="e7" lang="en">However, taxation on flamable resources might backfire by conducing to inflation.</edu>
  <edu id="e7" lang="ru" trans="google">Тем не менее, налогообложение легковоспламеняющихся ресурсов может иметь неприятные последствия путем проведения инфляции.</edu>
  <edu id="e8" lang="en">To be precise, the more costly petrol is, the higher the price of necessary product: rice, meat or even vegetable.</edu>
  <edu id="e8" lang="ru" trans="google">Чтобы быть точным, тем дороже бензин, тем выше цена необходимого продукта: рис, мясо или даже овощей.</edu>
  <edu id="e9" lang="en">Consequently, people have to turn to cheaper alternatives, which might cause the abundance in goods and later on, economic crisis.</edu>
  <edu id="e9" lang="ru" trans="google">Следовательно, люди должны обратиться к более дешевым альтернативам, которые могли бы вызвать изобилие в товарах и в дальнейшем, экономический кризис.</edu>
  <edu id="e10" lang="en">Another point that should be taken into account is countries that import oil will be more dependent on the exporters, both politically and financially.</edu>
  <edu id="e10" lang="ru" trans="google">Еще один момент, который следует принять во внимание, что страны импорта нефти будет больше зависеть от экспортеров как политически, так и в финансовом плане.</edu>
  <edu id="e11" lang="en">Suppose that the those countries cut down on its oil support, other nations will have to pay more as well as release beneficial policies for them.</edu>
  <edu id="e11" lang="ru" trans="google">Предположим, что эти страны сократить поддержку нефти, другие страны должны будут платить больше, а также высвобождения полезных политики для них.</edu>
  <edu id="e12" lang="en">America, for example, has recently drawn its intervention in Russian crisis only due to the influx of oil.</edu>
  <edu id="e12" lang="ru" trans="google">Америка, к примеру, недавно обращается свое вмешательство в российский кризис только за счет притока нефти.</edu>
  <edu id="e13" lang="en">To summarize, higher fuel and petrol cost has its own pros and cons.</edu>
  <edu id="e13" lang="ru" trans="google">Подводя итог, выше топливо и стоимость топлива имеют свои плюсы и минусы.</edu>
  <edu id="e14" lang="en">However, it disadvantages may outweigh its advantages with regard to economic and politic issues, making it advisable to seek another options to reduce the use of personal cars.</edu>
  <edu id="e14" lang="ru" trans="google">Тем не менее, это невыгодное может перевешивать преимущества в отношении экономических и политичные проблемы, что желательно искать другие варианты, чтобы уменьшить использование личных автомобилей.</edu>
  <adu id="a1" type="neut"/>
  <adu id="a2" type="neut"/>
  <adu id="a3" type="mcl"/>
  <adu id="a4" type="opp"/>
  <adu id="a5" type="opp"/>
  <adu id="a6" type="opp"/>
  <adu id="a7" type="pro"/>
  <adu id="a8" type="pro"/>
  <adu id="a9" type="pro"/>
  <adu id="a10" type="pro"/>
  <adu id="a11" type="pro"/>
  <adu id="a12" type="pro"/>
  <adu id="a13" type="opp"/>
  <adu id="a14" type="mcl"/>
  <edge id="c15" src="e1" trg="a1" type="seg"/>
  <edge id="c16" src="e2" trg="a2" type="seg"/>
  <edge id="c17" src="e3" trg="a3" type="seg"/>
  <edge id="c18" src="e4" trg="a4" type="seg"/>
  <edge id="c19" src="e5" trg="a5" type="seg"/>
  <edge id="c20" src="e6" trg="a6" type="seg"/>
  <edge id="c21" src="e7" trg="a7" type="seg"/>
  <edge id="c22" src="e8" trg="a8" type="seg"/>
  <edge id="c23" src="e9" trg="a9" type="seg"/>
  <edge id="c24" src="e10" trg="a10" type="seg"/>
  <edge id="c25" src="e11" trg="a11" type="seg"/>
  <edge id="c26" src="e12" trg="a12" type="seg"/>
  <edge id="c27" src="e13" trg="a13" type="seg"/>
  <edge id="c28" src="e14" trg="a14" type="seg"/>
  <edge id="c1" src="a4" trg="a5" type="sup"/>
  <edge id="c2" src="a5" trg="a3" type="reb"/>
  <edge id="c3" src="a5" trg="a14" type="reb"/>
  <edge id="c4" src="a6" trg="a5" type="sup"/>
  <edge id="c5" src="a7" trg="a9" type="sup"/>
  <edge id="c6" src="a8" trg="a9" type="sup"/>
  <edge id="c7" src="a9" trg="a3" type="sup"/>
  <edge id="c8" src="a9" trg="a14" type="sup"/>
  <edge id="c9" src="a10" trg="a3" type="sup"/>
  <edge id="c10" src="a10" trg="a14" type="sup"/>
  <edge id="c11" src="a11" trg="a10" type="sup"/>
  <edge id="c12" src="a12" trg="a10" type="exa"/>
  <edge id="c13" src="a13" trg="a3" type="reb"/>
  <edge id="c14" src="a13" trg="a14" type="reb"/>
</arggraph>
