<?xml version='1.0' encoding='UTF-8'?>
<arggraph id="micro_e22" stance="pro" topic_id="Should good people are rewarded and bad people are punished in movies or dramas ?" topic_ru="Если хорошие люди будут вознаграждены, и плохие люди будут наказаны в кино или драмах?">
  <edu id="e1" lang="en">When we watch movies or dramas, some of us like to see good people have a good ending and bad people are punished.</edu>
  <edu id="e1" lang="ru" trans="google">Когда мы смотрим фильмы или драмы, некоторые из нас хотели бы видеть хорошие люди имеют хороший конец, и плохие люди наказывают.</edu>
  <edu id="e2" lang="en">While there are also some people who do not like this.</edu>
  <edu id="e2" lang="ru" trans="google">Хотя есть и некоторые люди, которые не так.</edu>
  <edu id="e3" lang="en">Personally, I prefer to see good people get rewarded.</edu>
  <edu id="e3" lang="ru" trans="google">Лично я предпочитаю видеть хорошие люди получают вознаграждение.</edu>
  <edu id="e4" lang="en">However, if the good people always get an happy ending, I don't think it's proper.</edu>
  <edu id="e4" lang="ru" trans="google">Однако, если хорошие люди всегда получить счастливый конец, я не думаю, что это правильный.</edu>
  <edu id="e5" lang="en">First, if all the story end up in the same way, it will be boring.</edu>
  <edu id="e5" lang="ru" trans="google">Во-первых, если все истории в конечном итоге таким же образом, это будет скучный.</edu>
  <edu id="e6" lang="en">If good people always win, we can guess the ending of the movies or dramas.</edu>
  <edu id="e6" lang="ru" trans="google">Если хорошие люди всегда выигрывают, мы можем угадать окончание кино или драмы.</edu>
  <edu id="e7" lang="en">Then we will feel less interested in them.</edu>
  <edu id="e7" lang="ru" trans="google">Тогда мы будем чувствовать себя менее заинтересованы в них.</edu>
  <edu id="e8" lang="en">But if the good people are not always rewarded, we will try to finish the movie or dramas to find out the end of the story.</edu>
  <edu id="e8" lang="ru" trans="google">Но если хорошие люди не всегда вознаграждается, мы будем стараться, чтобы закончить фильм или драмы, чтобы узнать конец истории.</edu>
  <edu id="e9" lang="en">For example, Hollywood stories usually have a happy ending like a hero beats a crime and get a girl.</edu>
  <edu id="e9" lang="ru" trans="google">Например, голливудские истории, как правило, имеют счастливый конец, как герой бьет преступления и получить девушку.</edu>
  <edu id="e10" lang="en">But now many people, including me, have been tired with it.</edu>
  <edu id="e10" lang="ru" trans="google">Но сейчас многие люди, включая меня, были уставшими с ним.</edu>
  <edu id="e11" lang="en">I don't want to see the same kind of ending again and again.</edu>
  <edu id="e11" lang="ru" trans="google">Я не хочу видеть такие же окончание снова и снова.</edu>
  <edu id="e12" lang="en">So we can't always let good people be rewarded in movies or TV programs.</edu>
  <edu id="e12" lang="ru" trans="google">Таким образом, мы не всегда можем позволить хорошие люди будут вознаграждены в кино или телевизионных программ.</edu>
  <edu id="e13" lang="en">Even in the real world, good people can get a bad ending sometimes.</edu>
  <edu id="e13" lang="ru" trans="google">Даже в реальном мире, хорошие люди могут получить плохое окончание иногда.</edu>
  <edu id="e14" lang="en">And I think it happen more often in the real world than in those movies.</edu>
  <edu id="e14" lang="ru" trans="google">И я думаю, что это происходит чаще в реальном мире, чем в этих фильмах.</edu>
  <edu id="e15" lang="en">So if children always watch the TV programs that good people get rewarded, they may think it will be true in the real world.</edu>
  <edu id="e15" lang="ru" trans="google">Так что, если дети всегда смотреть телевизионные программы, которые хорошие люди получают вознаграждение, они могут подумать, что будет верно в реальном мире.</edu>
  <edu id="e16" lang="en">They will be misleading by those movies.</edu>
  <edu id="e16" lang="ru" trans="google">Они будут вводить в заблуждение этими фильмами.</edu>
  <edu id="e17" lang="en">And they may act like good people in order to get reward.</edu>
  <edu id="e17" lang="ru" trans="google">И они могут действовать как хорошие люди, чтобы получить награду.</edu>
  <edu id="e18" lang="en">Once they find the good people are not always get rewarded, they may feel upset and not to be a good person.</edu>
  <edu id="e18" lang="ru" trans="google">Как только они находят хорошие люди не всегда получают вознаграждение, они могут чувствовать себя осадку и не быть хорошим человеком.</edu>
  <edu id="e19" lang="en">But in fact, the good people do good things no matter the ending is good or not.</edu>
  <edu id="e19" lang="ru" trans="google">Но на самом деле, хорошие люди не делают хорошие вещи не имеют значения, концовка хорошо или нет.</edu>
  <edu id="e20" lang="en">So we should tell this to the young children to avoid the misunderstanding.</edu>
  <edu id="e20" lang="ru" trans="google">Таким образом, мы должны сказать, что это для маленьких детей, чтобы избежать недоразумений.</edu>
  <edu id="e21" lang="en">In fact, those good endings sometimes are helpful.</edu>
  <edu id="e21" lang="ru" trans="google">На самом деле, эти хорошие концовки иногда полезны.</edu>
  <edu id="e22" lang="en">Some people may be encouraged to do good things.</edu>
  <edu id="e22" lang="ru" trans="google">Некоторые люди могут быть поощрены делать хорошие вещи.</edu>
  <edu id="e23" lang="en">But like I said, this kind of behavior won't last long.</edu>
  <edu id="e23" lang="ru" trans="google">Но как я уже сказал, этот вид поведения не будет длиться долго.</edu>
  <edu id="e24" lang="en">Because someday they will realize the truth.</edu>
  <edu id="e24" lang="ru" trans="google">Потому что когда-нибудь они поймут правду.</edu>
  <edu id="e25" lang="en">So I suggest we should show people the truth in the stories.</edu>
  <edu id="e25" lang="ru" trans="google">Поэтому я предлагаю, чтобы мы должны показать людям правду в истории.</edu>
  <edu id="e26" lang="en">And if they can, they will be good people no matter how the story ends.</edu>
  <edu id="e26" lang="ru" trans="google">И если они могут, они не будут хорошие люди, независимо от того, как история заканчивается.</edu>
  <edu id="e27" lang="en">Based on my arguments above, I think movies and TV programs should present different stories in which good people get reward or get nothing.</edu>
  <edu id="e27" lang="ru" trans="google">На основании моих рассуждений выше, я думаю, что фильмы и телевизионные программы должны представить различные истории, в которых хорошие люди получают вознаграждение или не получить ничего.</edu>
  <adu id="a1" type="neut"/>
  <adu id="a2" type="neut"/>
  <adu id="a3" type="neut"/>
  <adu id="a4" type="mcl"/>
  <adu id="a5" type="pro"/>
  <adu id="a6" type="pro"/>
  <adu id="a7" type="pro"/>
  <adu id="a8" type="pro"/>
  <adu id="a9" type="pro"/>
  <adu id="a10" type="pro"/>
  <adu id="a11" type="pro"/>
  <adu id="a12" type="pro"/>
  <adu id="a13" type="pro"/>
  <adu id="a14" type="pro"/>
  <adu id="a15" type="pro"/>
  <adu id="a16" type="pro"/>
  <adu id="a17" type="pro"/>
  <adu id="a18" type="pro"/>
  <adu id="a19" type="pro"/>
  <adu id="a20" type="pro"/>
  <adu id="a21" type="opp"/>
  <adu id="a22" type="opp"/>
  <adu id="a23" type="pro"/>
  <adu id="a24" type="pro"/>
  <adu id="a25" type="pro"/>
  <adu id="a26" type="pro"/>
  <adu id="a27" type="mcl"/>
  <edge id="c26" src="e1" trg="a1" type="seg"/>
  <edge id="c27" src="e2" trg="a2" type="seg"/>
  <edge id="c28" src="e3" trg="a3" type="seg"/>
  <edge id="c29" src="e4" trg="a4" type="seg"/>
  <edge id="c30" src="e5" trg="a5" type="seg"/>
  <edge id="c31" src="e6" trg="a6" type="seg"/>
  <edge id="c32" src="e7" trg="a7" type="seg"/>
  <edge id="c33" src="e8" trg="a8" type="seg"/>
  <edge id="c34" src="e9" trg="a9" type="seg"/>
  <edge id="c35" src="e10" trg="a10" type="seg"/>
  <edge id="c36" src="e11" trg="a11" type="seg"/>
  <edge id="c37" src="e12" trg="a12" type="seg"/>
  <edge id="c38" src="e13" trg="a13" type="seg"/>
  <edge id="c39" src="e14" trg="a14" type="seg"/>
  <edge id="c40" src="e15" trg="a15" type="seg"/>
  <edge id="c41" src="e16" trg="a16" type="seg"/>
  <edge id="c42" src="e17" trg="a17" type="seg"/>
  <edge id="c43" src="e18" trg="a18" type="seg"/>
  <edge id="c44" src="e19" trg="a19" type="seg"/>
  <edge id="c45" src="e20" trg="a20" type="seg"/>
  <edge id="c46" src="e21" trg="a21" type="seg"/>
  <edge id="c47" src="e22" trg="a22" type="seg"/>
  <edge id="c48" src="e23" trg="a23" type="seg"/>
  <edge id="c49" src="e24" trg="a24" type="seg"/>
  <edge id="c50" src="e25" trg="a25" type="seg"/>
  <edge id="c51" src="e26" trg="a26" type="seg"/>
  <edge id="c52" src="e27" trg="a27" type="seg"/>
  <edge id="c1" src="a5" trg="a12" type="sup"/>
  <edge id="c2" src="a6" trg="a12" type="sup"/>
  <edge id="c3" src="a7" trg="a12" type="sup"/>
  <edge id="c4" src="a8" trg="a12" type="sup"/>
  <edge id="c5" src="a9" trg="a12" type="exa"/>
  <edge id="c6" src="a10" trg="a12" type="sup"/>
  <edge id="c7" src="a11" trg="a12" type="sup"/>
  <edge id="c8" src="a12" trg="a4" type="sup"/>
  <edge id="c9" src="a12" trg="a27" type="sup"/>
  <edge id="c10" src="a13" trg="a15" type="sup"/>
  <edge id="c11" src="a14" trg="a15" type="sup"/>
  <edge id="c12" src="a15" trg="a4" type="sup"/>
  <edge id="c13" src="a15" trg="a27" type="sup"/>
  <edge id="c14" src="a16" trg="a15" type="sup"/>
  <edge id="c15" src="a17" trg="a15" type="sup"/>
  <edge id="c16" src="a18" trg="a15" type="sup"/>
  <edge id="c17" src="a19" trg="a20" type="sup"/>
  <edge id="c18" src="a20" trg="a15" type="sup"/>
  <edge id="c19" src="a21" trg="a25" type="reb"/>
  <edge id="c20" src="a22" trg="a21" type="sup"/>
  <edge id="c21" src="a23" trg="a21" type="reb"/>
  <edge id="c22" src="a24" trg="a23" type="sup"/>
  <edge id="c23" src="a25" trg="a4" type="sup"/>
  <edge id="c24" src="a25" trg="a27" type="sup"/>
  <edge id="c25" src="a26" trg="a25" type="sup"/>
</arggraph>
