<?xml version='1.0' encoding='UTF-8'?>
<arggraph id="micro_e190" stance="pro" topic_id="Taking a break before starting higher education is a good idea" topic_ru="Сделав паузу перед началом высшего образования является хорошей идеей">
  <edu id="e1" lang="en">Nowadays, it is an increasingly common trend to take a break before starting university studies.</edu>
  <edu id="e1" lang="ru" trans="google">В настоящее время, это более общая тенденция, чтобы сделать перерыв перед началом обучения в университете.</edu>
  <edu id="e2" lang="en">It is not just becoming common among rich students but also in the poor students.</edu>
  <edu id="e2" lang="ru" trans="google">Это не просто становится распространено среди богатых студентов, но и в бедных студентах.</edu>
  <edu id="e3" lang="en">Students take a break of year or two, some students travel all around the world during this time, and some choose to take up a job.</edu>
  <edu id="e3" lang="ru" trans="google">Студенты принимают перерыв года или два, некоторые студенты путешествуют по всему миру в течение этого времени, и некоторые решили взяться за работу.</edu>
  <edu id="e4" lang="en">Experience gained through traveling to different places, meeting different people and even at job goes long way.</edu>
  <edu id="e4" lang="ru" trans="google">Опыт, накопленный в ходе поездки в разные места, встречаться с разными людьми и даже на работе идет длинный путь.</edu>
  <edu id="e5" lang="en">It not only enhances the confidence of a student but also makes them independent.</edu>
  <edu id="e5" lang="ru" trans="google">Это не только повышает уверенность студента, но и делает их независимыми.</edu>
  <edu id="e6" lang="en">Student's who works tend to gather better financial resources which they can rely on during their university studies.</edu>
  <edu id="e6" lang="ru" trans="google">Стьюдента, который работает, как правило, собираются лучше финансовые ресурсы, которые они могут опираться на во время учебы в университете.</edu>
  <edu id="e7" lang="en">This experience also makes them aware of what they would like to make of their life.</edu>
  <edu id="e7" lang="ru" trans="google">Этот опыт также позволяет им понять, что они хотели бы, чтобы их жизни.</edu>
  <edu id="e8" lang="en">They develop broader view and can make a better choice of their future studies or courses.</edu>
  <edu id="e8" lang="ru" trans="google">Они развивают более широкий взгляд и могут сделать лучший выбор своих исследований в будущем или курсы.</edu>
  <edu id="e9" lang="en">Taking a break not just has benefits but it also comes with some negative impacts.</edu>
  <edu id="e9" lang="ru" trans="google">Принимая перерыв не только имеет свои преимущества, но он также поставляется с некоторыми негативными последствиями.</edu>
  <edu id="e10" lang="en">Once student's starts earning, they might not like to go back to studies where they would lose their financial independence.</edu>
  <edu id="e10" lang="ru" trans="google">После начала зарабатывания студента, они не могли бы вернуться к исследованиям, где они потеряли бы свою финансовую независимость.</edu>
  <edu id="e11" lang="en">They might even find it difficult to adapt to education environment.</edu>
  <edu id="e11" lang="ru" trans="google">Они могут даже найти его трудно адаптироваться к образовательной среде.</edu>
  <edu id="e12" lang="en">There is also a risk of student never going back to university or higher education.</edu>
  <edu id="e12" lang="ru" trans="google">Существует также риск студент никогда не собирается обратно в университет или высшее образование.</edu>
  <edu id="e13" lang="en">Probably some might take some short term courses instead of proper and complete university education, which will help them to get a better job and salaries.</edu>
  <edu id="e13" lang="ru" trans="google">Возможно, некоторые из них могут принять некоторые краткосрочные курсы вместо правильного и полного высшего образования, которые помогут им получить лучшую работу и зарплату.</edu>
  <edu id="e14" lang="en">This might only help them in a short run as it is a known fact that to make a reasonable career in longer runs, one needs a proper and higher qualification.</edu>
  <edu id="e14" lang="ru" trans="google">Это могло бы помочь им только в краткосрочной перспективе, так как это известный факт, что для разумной карьеры в больших тиражах, необходима правильная и более высокую квалификация.</edu>
  <edu id="e15" lang="en">In my view point, I would agree to idea of taking a break before starting higher education.</edu>
  <edu id="e15" lang="ru" trans="google">В моей точки зрения, я бы согласился идея взять перерыв перед началом высшего образования.</edu>
  <edu id="e16" lang="en">Students who take break, gain lot of benefits by traveling around the places or by working.</edu>
  <edu id="e16" lang="ru" trans="google">Студенты, которые берут перерыв, получить много преимуществ, путешествуя вокруг места или работая.</edu>
  <edu id="e17" lang="en">They tend to contribute more due to their real world experiences which makes them more mature.</edu>
  <edu id="e17" lang="ru" trans="google">Они, как правило, способствуют более из-за их реальные переживания, что делает их более зрелыми.</edu>
  <adu id="a1" type="neut"/>
  <adu id="a2" type="neut"/>
  <adu id="a3" type="neut"/>
  <adu id="a4" type="pro"/>
  <adu id="a5" type="pro"/>
  <adu id="a6" type="pro"/>
  <adu id="a7" type="pro"/>
  <adu id="a8" type="pro"/>
  <adu id="a9" type="opp"/>
  <adu id="a10" type="opp"/>
  <adu id="a11" type="opp"/>
  <adu id="a12" type="opp"/>
  <adu id="a13" type="opp"/>
  <adu id="a14" type="opp"/>
  <adu id="a15" type="mcl"/>
  <adu id="a16" type="pro"/>
  <adu id="a17" type="pro"/>
  <edge id="c14" src="e1" trg="a1" type="seg"/>
  <edge id="c15" src="e2" trg="a2" type="seg"/>
  <edge id="c16" src="e3" trg="a3" type="seg"/>
  <edge id="c17" src="e4" trg="a4" type="seg"/>
  <edge id="c18" src="e5" trg="a5" type="seg"/>
  <edge id="c19" src="e6" trg="a6" type="seg"/>
  <edge id="c20" src="e7" trg="a7" type="seg"/>
  <edge id="c21" src="e8" trg="a8" type="seg"/>
  <edge id="c22" src="e9" trg="a9" type="seg"/>
  <edge id="c23" src="e10" trg="a10" type="seg"/>
  <edge id="c24" src="e11" trg="a11" type="seg"/>
  <edge id="c25" src="e12" trg="a12" type="seg"/>
  <edge id="c26" src="e13" trg="a13" type="seg"/>
  <edge id="c27" src="e14" trg="a14" type="seg"/>
  <edge id="c28" src="e15" trg="a15" type="seg"/>
  <edge id="c29" src="e16" trg="a16" type="seg"/>
  <edge id="c30" src="e17" trg="a17" type="seg"/>
  <edge id="c1" src="a4" trg="a15" type="sup"/>
  <edge id="c2" src="a5" trg="a4" type="sup"/>
  <edge id="c3" src="a6" trg="a4" type="sup"/>
  <edge id="c4" src="a7" trg="a4" type="sup"/>
  <edge id="c5" src="a8" trg="a4" type="sup"/>
  <edge id="c6" src="a9" trg="a15" type="reb"/>
  <edge id="c7" src="a10" trg="a9" type="sup"/>
  <edge id="c8" src="a11" trg="a9" type="sup"/>
  <edge id="c9" src="a12" trg="a9" type="sup"/>
  <edge id="c10" src="a13" trg="a9" type="sup"/>
  <edge id="c11" src="a14" trg="a9" type="sup"/>
  <edge id="c12" src="a16" trg="a15" type="sup"/>
  <edge id="c13" src="a17" trg="a16" type="sup"/>
</arggraph>
