<?xml version='1.0' encoding='UTF-8'?>
<arggraph id="micro_e58" stance="pro" topic_id="Living in a higher pace is better" topic_ru="Жизнь в более высоком темпе, лучше">
  <edu id="e1" lang="en">There is a hotly debated issue over whether people have to live at a higher or lower pace, and this topic can also be approached from several different angles due to its complexity.</edu>
  <edu id="e1" lang="ru" trans="google">Существует горячо обсуждаемый вопрос по поводу того, люди должны жить на более высоком или низком темпе, и эта тема также можно подходить с различных точек зрения из-за его сложности.</edu>
  <edu id="e2" lang="en">Some people tend to be hurry to complete their tasks, while others seem to prefer the opposite position.</edu>
  <edu id="e2" lang="ru" trans="google">Некоторые люди, как правило, спешат завершить свои задачи, в то время как другие, кажется, предпочитают позицию напротив.</edu>
  <edu id="e3" lang="en">After deeply pondering over this issue, I also develop my own perspective.</edu>
  <edu id="e3" lang="ru" trans="google">После того, как глубоко размышлял над этим вопросом, я также развивать свою собственную перспективу.</edu>
  <edu id="e4" lang="en">I favor the former; that is, I prefer to live in a higher pace condition.</edu>
  <edu id="e4" lang="ru" trans="google">Я предпочитаю первое; то есть, я предпочитаю жить в более высоком состоянии темпов.</edu>
  <edu id="e5" lang="en">The first and foremost reason lies in the inevitable fact that we need to save time for accomplishing some important tasks, and a fitting example of which can be found in my experience of missing exam.</edu>
  <edu id="e5" lang="ru" trans="google">В первую очередь причина заключается в том, неизбежного, что нам нужно, чтобы сэкономить время для выполнения некоторых важных задач, и пример установки которого можно найти в моем опыте отсутствует экзамен.</edu>
  <edu id="e6" lang="en">I just failed to participate in the university entrance exam.</edu>
  <edu id="e6" lang="ru" trans="google">Я просто не смог принять участие в поступления в университет экзамена.</edu>
  <edu id="e7" lang="en">Because I thought I had enough time for eating breakfast and transporting to the testing place; while I was stocked in a traffic jam and then missed the first test.</edu>
  <edu id="e7" lang="ru" trans="google">Потому что я думал, что у меня было достаточно времени для завтракают и транспортировки к месту тестирования; в то время как я был складироваться в пробке, а затем пропустили первый тест.</edu>
  <edu id="e8" lang="en">Therefore, we can start to agree that we have to be eager in our lives.</edu>
  <edu id="e8" lang="ru" trans="google">Таким образом, мы можем начать согласиться, что мы должны быть готовы в нашей жизни.</edu>
  <edu id="e9" lang="en">Apart from the one I have mentioned above, another equally important aspect is keeping in high pace condition can prevent me from getting lazy.</edu>
  <edu id="e9" lang="ru" trans="google">Кроме того, я уже упоминал выше, еще один не менее важный аспект поддержание в условиях высокого темпа может помешать мне получить лень.</edu>
  <edu id="e10" lang="en">If I can avoid being a sluggish person, I can have a higher probability of fulfilling my dream successfully.</edu>
  <edu id="e10" lang="ru" trans="google">Если я могу избежать вялый человек, я могу иметь более высокую вероятность успешного выполнения своей мечты.</edu>
  <edu id="e11" lang="en">For instance, I had spent more time on practicing playing piano so that I won a piano competition, defeating those spending less time on practicing.</edu>
  <edu id="e11" lang="ru" trans="google">Например, я потратил больше времени на практику игры на фортепиано, так что я выиграл конкурс на фортепиано, побеждая те тратить меньше времени на практику.</edu>
  <edu id="e12" lang="en">Hence, from this case we are capable of stating that keeping our pace higher is important.</edu>
  <edu id="e12" lang="ru" trans="google">Следовательно, из этого случая мы способны о том, что сохранение нашего темпа выше важно.</edu>
  <edu id="e13" lang="en">Admittedly, on the other hand, there might be some people proclaiming that with a slower pace can enjoy their lives more.</edu>
  <edu id="e13" lang="ru" trans="google">Правда, с другой стороны, могут быть некоторые люди, провозглашающие, что с более медленными темпами, может наслаждаться жизнью больше.</edu>
  <edu id="e14" lang="en">Because it is not necessary for them to notice the time control or acquire the fame of succeed.</edu>
  <edu id="e14" lang="ru" trans="google">Потому что это не является необходимым для них, чтобы заметить контроль времени или приобрести известность успеха.</edu>
  <edu id="e15" lang="en">However, from my limited understanding, I just doubt the credibility of that saying.</edu>
  <edu id="e15" lang="ru" trans="google">Однако, из моего ограниченного понимания, я просто сомневаюсь в достоверности того, что говорит.</edu>
  <edu id="e16" lang="en">I do not think that those people with slower pace losing the piano competition can be really happy.</edu>
  <edu id="e16" lang="ru" trans="google">Я не думаю, что эти люди с более медленными темпами, проигравшие конкурс пианино могут быть действительно счастливы.</edu>
  <edu id="e17" lang="en">In contrast, it is really joyful for me that I can immerse in the joy of the victory and accomplishment.</edu>
  <edu id="e17" lang="ru" trans="google">В отличие от этого, это действительно радостное для меня, что я могу погрузиться в радость победы и достижения.</edu>
  <edu id="e18" lang="en">Based on the reasons demonstrated above, I believe that living in a higher pace is better.</edu>
  <edu id="e18" lang="ru" trans="google">Исходя из причин, продемонстрированных выше, я считаю, что жизнь в более высоком темпе, лучше.</edu>
  <edu id="e19" lang="en">Because the advantages of this are qualitatively greater than that of the opposite.</edu>
  <edu id="e19" lang="ru" trans="google">Поскольку преимущества этого качественно больше, чем в обратном.</edu>
  <edu id="e20" lang="en">In other words, I prefer to live in high pace.</edu>
  <edu id="e20" lang="ru" trans="google">Другими словами, я предпочитаю жить в высоком темпе.</edu>
  <edu id="e21" lang="en">It is not to say, of course that other points of view are totally without merit.</edu>
  <edu id="e21" lang="ru" trans="google">Это не означает, конечно, что другие точки зрения совершенно безосновательны.</edu>
  <edu id="e22" lang="en">Still, I am firmly convinced that the reasons I proposed in favor of my own sentiment are much more tenable and plausible.</edu>
  <edu id="e22" lang="ru" trans="google">Тем не менее, я твердо убежден, что причины, я предложил в пользу моего собственного чувства гораздо более логичной и правдоподобной.</edu>
  <adu id="a1" type="neut"/>
  <adu id="a2" type="neut"/>
  <adu id="a3" type="neut"/>
  <adu id="a4" type="mcl"/>
  <adu id="a5" type="pro"/>
  <adu id="a6" type="pro"/>
  <adu id="a7" type="pro"/>
  <adu id="a8" type="pro"/>
  <adu id="a9" type="pro"/>
  <adu id="a10" type="pro"/>
  <adu id="a11" type="pro"/>
  <adu id="a12" type="pro"/>
  <adu id="a13" type="opp"/>
  <adu id="a14" type="opp"/>
  <adu id="a15" type="neut"/>
  <adu id="a16" type="pro"/>
  <adu id="a17" type="opp"/>
  <adu id="a18" type="mcl"/>
  <adu id="a19" type="pro"/>
  <adu id="a20" type="mcl"/>
  <adu id="a21" type="neut"/>
  <adu id="a22" type="neut"/>
  <edge id="c22" src="e1" trg="a1" type="seg"/>
  <edge id="c23" src="e2" trg="a2" type="seg"/>
  <edge id="c24" src="e3" trg="a3" type="seg"/>
  <edge id="c25" src="e4" trg="a4" type="seg"/>
  <edge id="c26" src="e5" trg="a5" type="seg"/>
  <edge id="c27" src="e6" trg="a6" type="seg"/>
  <edge id="c28" src="e7" trg="a7" type="seg"/>
  <edge id="c29" src="e8" trg="a8" type="seg"/>
  <edge id="c30" src="e9" trg="a9" type="seg"/>
  <edge id="c31" src="e10" trg="a10" type="seg"/>
  <edge id="c32" src="e11" trg="a11" type="seg"/>
  <edge id="c33" src="e12" trg="a12" type="seg"/>
  <edge id="c34" src="e13" trg="a13" type="seg"/>
  <edge id="c35" src="e14" trg="a14" type="seg"/>
  <edge id="c36" src="e15" trg="a15" type="seg"/>
  <edge id="c37" src="e16" trg="a16" type="seg"/>
  <edge id="c38" src="e17" trg="a17" type="seg"/>
  <edge id="c39" src="e18" trg="a18" type="seg"/>
  <edge id="c40" src="e19" trg="a19" type="seg"/>
  <edge id="c41" src="e20" trg="a20" type="seg"/>
  <edge id="c42" src="e21" trg="a21" type="seg"/>
  <edge id="c43" src="e22" trg="a22" type="seg"/>
  <edge id="c1" src="a5" trg="a8" type="sup"/>
  <edge id="c2" src="a6" trg="a5" type="sup"/>
  <edge id="c3" src="a7" trg="a6" type="sup"/>
  <edge id="c4" src="a8" trg="a4" type="sup"/>
  <edge id="c5" src="a8" trg="a18" type="sup"/>
  <edge id="c6" src="a8" trg="a20" type="sup"/>
  <edge id="c7" src="a9" trg="a12" type="sup"/>
  <edge id="c8" src="a10" trg="a12" type="sup"/>
  <edge id="c9" src="a11" trg="a10" type="exa"/>
  <edge id="c10" src="a12" trg="a4" type="sup"/>
  <edge id="c11" src="a12" trg="a18" type="sup"/>
  <edge id="c12" src="a12" trg="a20" type="sup"/>
  <edge id="c13" src="a13" trg="a4" type="reb"/>
  <edge id="c14" src="a13" trg="a18" type="reb"/>
  <edge id="c15" src="a13" trg="a20" type="reb"/>
  <edge id="c16" src="a14" trg="a13" type="sup"/>
  <edge id="c17" src="a16" trg="a13" type="reb"/>
  <edge id="c18" src="a17" trg="a16" type="reb"/>
  <edge id="c19" src="a19" trg="a4" type="sup"/>
  <edge id="c20" src="a19" trg="a18" type="sup"/>
  <edge id="c21" src="a19" trg="a20" type="sup"/>
</arggraph>
