<?xml version='1.0' encoding='UTF-8'?>
<arggraph id="micro_e307" stance="pro" topic_id="Ability to Relate Well to people Vs Studying Hard" topic_ru="Способность соотносить Ну человек Vs Изучение орешка">
  <edu id="e1" lang="en">To agree or disagree the statement that as far as getting a successful job in the future concerned, good ability of relating to people is more crucial than studying hard in the univeirsity is a matter of balancing its pros and cons.</edu>
  <edu id="e1" lang="ru" trans="google">Для того, чтобы согласиться или не согласиться с заявлением, что по мере получения успешной работы в будущем заинтересованного, хорошая способность общения с людьми является более важной, чем изучение трудно в univeirsity это вопрос балансирования своих плюсов и минусов.</edu>
  <edu id="e2" lang="en">However, if one coniders the issue carefully, he or she may agree the title statement as I do.</edu>
  <edu id="e2" lang="ru" trans="google">Однако, если один coniders вопрос внимательно, он или она может согласиться названное заявление, как я.</edu>
  <edu id="e3" lang="en">First of all, friends is a treasure with respect to either our daylife or our career.</edu>
  <edu id="e3" lang="ru" trans="google">Прежде всего, друзья сокровища относительно любой нашей Daylife или нашей карьеры.</edu>
  <edu id="e4" lang="en">Relating well to people can bring plenty of merits to future job.</edu>
  <edu id="e4" lang="ru" trans="google">Относительно хорошо для людей, может принести много положительных качеств для будущей работы.</edu>
  <edu id="e5" lang="en">Having a good ability of relate to people means you have a number of friends in a variety of fields, imagine when you are in trouble, you have a lot of people who have good relationship with you, so you can ask for your friends to help you solve this problem as soon as possible, even an esy phone call, instend of a series of complex solutions.</edu>
  <edu id="e5" lang="ru" trans="google">Имея хорошую способность относиться к людям означает, что вы много друзей в различных областях, представьте себе, когда вы в беде, у вас есть много людей, которые имеют хорошие отношения с вами, так что вы можете попросить своих друзей, чтобы помочь вы решить эту проблему как можно скорее, даже телефонный звонок Esy, instend серии комплексных решений.</edu>
  <edu id="e6" lang="en">Futuermore, no matter who you are a top-level managers of a company or a low-level employee of that company, relating well to people is also a importent issue.</edu>
  <edu id="e6" lang="ru" trans="google">Futuermore, независимо от того, кто вы являетесь менеджерами верхнего уровня компании или сотрудника низкого уровня этой компании, хорошо относящихся к людям также является проблема ВАЖНОЙ.</edu>
  <edu id="e7" lang="en">If top-level managers want to make a project successful, have a good relationship with their subordinaries is the prerequisit for the managers' work complete successfully, managers should listen to their employees needs and complaints about this job, pay much patiant and care to them.</edu>
  <edu id="e7" lang="ru" trans="google">Если менеджеры высшего звена хотят, чтобы сделать проект успешным, иметь хорошие отношения со своим subordinaries является prerequisit для работы менеджеров успешно завершены, менеджеры должны слушать свои сотрудник потребности и жалобы на эту работе, платить много patiant и заботы к ним ,</edu>
  <edu id="e8" lang="en">Consequently, make a good relationship with them.</edu>
  <edu id="e8" lang="ru" trans="google">Следовательно, сделать хорошие отношения с ними.</edu>
  <edu id="e9" lang="en">On the other side, if a low-level employee desire to enhance his position, it's fairly important to have a good relationship with their boss.</edu>
  <edu id="e9" lang="ru" trans="google">С другой стороны, если работник желание низкого уровня, чтобы улучшить свое положение, это довольно важно иметь хорошие отношения со своим боссом.</edu>
  <edu id="e10" lang="en">only if the employee is considered excellent in his boss's eyes, he will be more possible to enhance position.</edu>
  <edu id="e10" lang="ru" trans="google">только если работник считается отличным в глазах своего босса, он будет более возможным улучшить положение.</edu>
  <edu id="e11" lang="en">However, someone may maintain that good specify knowledge is more crucial for future job.</edu>
  <edu id="e11" lang="ru" trans="google">Тем не менее, кто-то может утверждать, что хорошее знание указать более важное значение для будущей работы.</edu>
  <edu id="e12" lang="en">Studying harder in school, getting a good resume and absorbing lots of working knowledge, which can make these graduates more competitive than other applicants in one certain job.</edu>
  <edu id="e12" lang="ru" trans="google">Изучение труднее в школе, получить хорошее резюме и поглощая много рабочих знания, которые могут сделать эти выпускник более конкурентоспособными по сравнению с другими заявителями в одной определенной работе.</edu>
  <edu id="e13" lang="en">But imagine it, a person who is good at working knowledge but has an poorly relate to people, and a person who has a good ability of relating to people but his working knowledge is less better than the former, which person do you want to be ?</edu>
  <edu id="e13" lang="ru" trans="google">Но представьте себе это, человек, который хорошо работает знания, но имеет плохо относятся к людям, и человек, который имеет хорошую способность в отношении людей, но его практическое знание менее лучше, чем первое, что человек вы хотите быть ?</edu>
  <edu id="e14" lang="en">I think majority of people would choose the former.</edu>
  <edu id="e14" lang="ru" trans="google">Я думаю, что большинство людей выбрало бы первое.</edu>
  <edu id="e15" lang="en">Because it has more chance than the latter in terms of getting good jobs in the future.</edu>
  <edu id="e15" lang="ru" trans="google">Потому что она имеет больше шансов, чем последний с точки зрения получения хорошей работы в будущем.</edu>
  <edu id="e16" lang="en">In my point of view, I do really prefer to improve my ability of relating people and make more friends rather than studying hard in school.</edu>
  <edu id="e16" lang="ru" trans="google">С моей точки зрения, я действительно предпочитаю, чтобы улучшить свою способность, касающихся людей и сделать больше друзей, а не изучать трудно в школе.</edu>
  <adu id="a1" type="neut"/>
  <adu id="a2" type="neut"/>
  <adu id="a3" type="pro"/>
  <adu id="a4" type="pro"/>
  <adu id="a5" type="pro"/>
  <adu id="a6" type="pro"/>
  <adu id="a7" type="pro"/>
  <adu id="a8" type="pro"/>
  <adu id="a9" type="pro"/>
  <adu id="a10" type="pro"/>
  <adu id="a11" type="opp"/>
  <adu id="a12" type="opp"/>
  <adu id="a13" type="neut"/>
  <adu id="a14" type="opp"/>
  <adu id="a15" type="opp"/>
  <adu id="a16" type="mcl"/>
  <edge id="c13" src="e1" trg="a1" type="seg"/>
  <edge id="c14" src="e2" trg="a2" type="seg"/>
  <edge id="c15" src="e3" trg="a3" type="seg"/>
  <edge id="c16" src="e4" trg="a4" type="seg"/>
  <edge id="c17" src="e5" trg="a5" type="seg"/>
  <edge id="c18" src="e6" trg="a6" type="seg"/>
  <edge id="c19" src="e7" trg="a7" type="seg"/>
  <edge id="c20" src="e8" trg="a8" type="seg"/>
  <edge id="c21" src="e9" trg="a9" type="seg"/>
  <edge id="c22" src="e10" trg="a10" type="seg"/>
  <edge id="c23" src="e11" trg="a11" type="seg"/>
  <edge id="c24" src="e12" trg="a12" type="seg"/>
  <edge id="c25" src="e13" trg="a13" type="seg"/>
  <edge id="c26" src="e14" trg="a14" type="seg"/>
  <edge id="c27" src="e15" trg="a15" type="seg"/>
  <edge id="c28" src="e16" trg="a16" type="seg"/>
  <edge id="c1" src="a3" trg="a4" type="sup"/>
  <edge id="c2" src="a4" trg="a16" type="sup"/>
  <edge id="c3" src="a5" trg="a4" type="sup"/>
  <edge id="c4" src="a6" trg="a8" type="sup"/>
  <edge id="c5" src="a7" trg="a8" type="sup"/>
  <edge id="c6" src="a8" trg="a16" type="sup"/>
  <edge id="c7" src="a9" trg="a16" type="sup"/>
  <edge id="c8" src="a10" trg="a9" type="sup"/>
  <edge id="c9" src="a11" trg="a16" type="reb"/>
  <edge id="c10" src="a12" trg="a11" type="sup"/>
  <edge id="c11" src="a14" trg="a11" type="sup"/>
  <edge id="c12" src="a15" trg="a14" type="sup"/>
</arggraph>
