<?xml version='1.0' encoding='UTF-8'?>
<arggraph id="micro_e120" stance="pro" topic_id="Roommates quality and their importance" topic_ru="Качество Соквартирантов и их значение">
  <edu id="e1" lang="en">Much has been said about the importance about good roommates and how roommates will affect our life in school.</edu>
  <edu id="e1" lang="ru" trans="google">Многое было сказано о важности о хороших соседей по комнате и как соседи по комнате будут влиять на нашу жизнь в школе.</edu>
  <edu id="e2" lang="en">Research showed that friends that we made in university are more likely to be life time friends and this especially applicable to roommate.</edu>
  <edu id="e2" lang="ru" trans="google">Исследования показали, что друзья, которые мы сделали в университете, более вероятно, будут время жизни друзья, и это особенно применимо к сожителю.</edu>
  <edu id="e3" lang="en">In my personal opinion, the most important quality of roommates is being considered.</edu>
  <edu id="e3" lang="ru" trans="google">По моему личному мнению, самое важное качество сожителей рассматривается.</edu>
  <edu id="e4" lang="en">In the meantime, communication is also another essential particularity of a good roommate.</edu>
  <edu id="e4" lang="ru" trans="google">В то же время, связь и другая существенная особенность хорошего соседа по комнате.</edu>
  <edu id="e5" lang="en">Consideration is always important in relationship.</edu>
  <edu id="e5" lang="ru" trans="google">Рассмотрение всегда важно в отношениях.</edu>
  <edu id="e6" lang="en">For example, roommate turns down the music or television volume at night time.</edu>
  <edu id="e6" lang="ru" trans="google">Например, сосед по комнате поворачивает вниз музыку или телевизионные громкости в ночное время.</edu>
  <edu id="e7" lang="en">Sometimes we will not know what we have done until we have a taste of our own medicine.</edu>
  <edu id="e7" lang="ru" trans="google">Иногда мы не будем знать, что мы сделали, пока мы не иметь вкус нашей медицины.</edu>
  <edu id="e8" lang="en">At all times, think about the other's feeling before doing any self-centered action would help to improve the roommate relationship tremendously.</edu>
  <edu id="e8" lang="ru" trans="google">Во все времена, думать о других чувствует, прежде чем делать какие-либо эгоцентричный действие поможет улучшить отношения сосед по комнате чрезвычайно.</edu>
  <edu id="e9" lang="en">Therefore, having a considered roommate is significantly imperative to our school life.</edu>
  <edu id="e9" lang="ru" trans="google">Поэтому, имея продуманное соседку значительно императив нашей школьной жизни.</edu>
  <edu id="e10" lang="en">It will not only prevent conflicts but also to have a friend or even a family member.</edu>
  <edu id="e10" lang="ru" trans="google">Это позволит не только предотвратить конфликты, но и иметь друга или даже члена семьи.</edu>
  <edu id="e11" lang="en">Moreover, communication is as well making a good roommate.</edu>
  <edu id="e11" lang="ru" trans="google">Кроме того, связь, а также сделать хороший сосед по комнате.</edu>
  <edu id="e12" lang="en">People have different habit in daily life, such as tidy the blanket in the morning.</edu>
  <edu id="e12" lang="ru" trans="google">Люди имеют разные привычки в повседневной жизни, например, аккуратное одеяло утром.</edu>
  <edu id="e13" lang="en">One might think this is a piece of cake while other would consider it as immense project.</edu>
  <edu id="e13" lang="ru" trans="google">Можно подумать, что это кусок пирога, а другие будут рассматривать это как огромный проект.</edu>
  <edu id="e14" lang="en">If one requested to move out just because his roommate do not tidy up the blanket in the morning might be crying over split milk.</edu>
  <edu id="e14" lang="ru" trans="google">Если одна просьба выйти только потому, что его сосед по комнате не прибраться одеяло утром может плакать над разделенным молока.</edu>
  <edu id="e15" lang="en">Therefore, communication is very important.</edu>
  <edu id="e15" lang="ru" trans="google">Поэтому общение очень важно.</edu>
  <edu id="e16" lang="en">As it would clear up the misinterpretation.</edu>
  <edu id="e16" lang="ru" trans="google">Как бы прояснить неправильное толкование.</edu>
  <edu id="e17" lang="en">Through communication, bonded are build and we could have better understanding of each others.</edu>
  <edu id="e17" lang="ru" trans="google">Общаясь, присоединены, сборки и мы могли бы иметь более глубокое понимание друг друга.</edu>
  <edu id="e18" lang="en">In conclusion, there are many valuable factors about roommate that are important.</edu>
  <edu id="e18" lang="ru" trans="google">В заключение отметим, что многие ценные факторы о сожителя, которые являются важными.</edu>
  <edu id="e19" lang="en">Consideration and communication, in my personal opinion, are the most important quality.</edu>
  <edu id="e19" lang="ru" trans="google">Рассмотрение и связь, по моему личному мнению, является наиболее важным качеством.</edu>
  <edu id="e20" lang="en">However, people might not get what they want all the time.</edu>
  <edu id="e20" lang="ru" trans="google">Тем не менее, люди не могли получить то, что они хотят все время.</edu>
  <edu id="e21" lang="en">The sky is the limit; there are all kinds of personality out there.</edu>
  <edu id="e21" lang="ru" trans="google">Небо это предел; Есть все виды личности там.</edu>
  <edu id="e22" lang="en">We need to be flexible to be account into society.</edu>
  <edu id="e22" lang="ru" trans="google">Мы должны быть гибкими, чтобы зарегистрироваться в обществе.</edu>
  <adu id="a1" type="neut"/>
  <adu id="a2" type="neut"/>
  <adu id="a3" type="mcl"/>
  <adu id="a4" type="mcl"/>
  <adu id="a5" type="pro"/>
  <adu id="a6" type="pro"/>
  <adu id="a7" type="pro"/>
  <adu id="a8" type="pro"/>
  <adu id="a9" type="pro"/>
  <adu id="a10" type="pro"/>
  <adu id="a11" type="pro"/>
  <adu id="a12" type="pro"/>
  <adu id="a13" type="pro"/>
  <adu id="a14" type="pro"/>
  <adu id="a15" type="pro"/>
  <adu id="a16" type="pro"/>
  <adu id="a17" type="pro"/>
  <adu id="a18" type="neut"/>
  <adu id="a19" type="mcl"/>
  <adu id="a20" type="neut"/>
  <adu id="a21" type="neut"/>
  <adu id="a22" type="neut"/>
  <edge id="c18" src="e1" trg="a1" type="seg"/>
  <edge id="c19" src="e2" trg="a2" type="seg"/>
  <edge id="c20" src="e3" trg="a3" type="seg"/>
  <edge id="c21" src="e4" trg="a4" type="seg"/>
  <edge id="c22" src="e5" trg="a5" type="seg"/>
  <edge id="c23" src="e6" trg="a6" type="seg"/>
  <edge id="c24" src="e7" trg="a7" type="seg"/>
  <edge id="c25" src="e8" trg="a8" type="seg"/>
  <edge id="c26" src="e9" trg="a9" type="seg"/>
  <edge id="c27" src="e10" trg="a10" type="seg"/>
  <edge id="c28" src="e11" trg="a11" type="seg"/>
  <edge id="c29" src="e12" trg="a12" type="seg"/>
  <edge id="c30" src="e13" trg="a13" type="seg"/>
  <edge id="c31" src="e14" trg="a14" type="seg"/>
  <edge id="c32" src="e15" trg="a15" type="seg"/>
  <edge id="c33" src="e16" trg="a16" type="seg"/>
  <edge id="c34" src="e17" trg="a17" type="seg"/>
  <edge id="c35" src="e18" trg="a18" type="seg"/>
  <edge id="c36" src="e19" trg="a19" type="seg"/>
  <edge id="c37" src="e20" trg="a20" type="seg"/>
  <edge id="c38" src="e21" trg="a21" type="seg"/>
  <edge id="c39" src="e22" trg="a22" type="seg"/>
  <edge id="c1" src="a5" trg="a9" type="sup"/>
  <edge id="c2" src="a6" trg="a5" type="exa"/>
  <edge id="c3" src="a7" trg="a9" type="sup"/>
  <edge id="c4" src="a8" trg="a9" type="sup"/>
  <edge id="c5" src="a9" trg="a3" type="sup"/>
  <edge id="c6" src="a9" trg="a4" type="sup"/>
  <edge id="c7" src="a9" trg="a19" type="sup"/>
  <edge id="c8" src="a10" trg="a9" type="sup"/>
  <edge id="c9" src="a11" trg="a15" type="sup"/>
  <edge id="c10" src="a12" trg="a15" type="sup"/>
  <edge id="c11" src="a13" trg="a15" type="sup"/>
  <edge id="c12" src="a14" trg="a15" type="sup"/>
  <edge id="c13" src="a15" trg="a3" type="sup"/>
  <edge id="c14" src="a15" trg="a4" type="sup"/>
  <edge id="c15" src="a15" trg="a19" type="sup"/>
  <edge id="c16" src="a16" trg="a15" type="sup"/>
  <edge id="c17" src="a17" trg="a15" type="sup"/>
</arggraph>
