<?xml version='1.0' encoding='UTF-8'?>
<arggraph id="micro_e314" stance="pro" topic_id="Dancing plays an important role in a culture." topic_ru="Танцы играет важную роль в культуре.">
  <edu id="e1" lang="en">In every country, people do dance for fun, for entertrain, and for decrease a stress.</edu>
  <edu id="e1" lang="ru" trans="google">В каждой стране, люди танцуют для удовольствия, для entertrain, а также для уменьшения стресса.</edu>
  <edu id="e2" lang="en">Dancing is also one of important parts of culture that represent to something that people believe.</edu>
  <edu id="e2" lang="ru" trans="google">Танцы также является одной из важных частей культуры, которые представляют на то, что люди верят.</edu>
  <edu id="e3" lang="en">Many cultures do dance to show a great prosperous of its culture.</edu>
  <edu id="e3" lang="ru" trans="google">Во многих культурах сделать танец, чтобы показать большой процветающий его культуры.</edu>
  <edu id="e4" lang="en">And also dancing to entertain people.</edu>
  <edu id="e4" lang="ru" trans="google">А также танцы, чтобы развлекать людей.</edu>
  <edu id="e5" lang="en">I will give reasons to support my opinion.</edu>
  <edu id="e5" lang="ru" trans="google">Я дам причины, чтобы поддержать мое мнение.</edu>
  <edu id="e6" lang="en">First, dancing are significant part of culture that could show to something that people believe.</edu>
  <edu id="e6" lang="ru" trans="google">Во-первых, танцы являются важной частью культуры, которые могли бы показать, к чему-то, что люди верят.</edu>
  <edu id="e7" lang="en">For example, some culture people believe that they dance in order to sacrifice to their god so they will be get a happy life.</edu>
  <edu id="e7" lang="ru" trans="google">Например, некоторые культуры люди считают, что они танцуют, чтобы жертвы своему богу, так что они будут получать счастливую жизнь.</edu>
  <edu id="e8" lang="en">Or some part of the world that are in arid area believe that if they danced, the rain would come.</edu>
  <edu id="e8" lang="ru" trans="google">Или какая-то часть мира, которые находятся в засушливых районах, считает, что если они танцевали, дождь придет.</edu>
  <edu id="e9" lang="en">Consequently, dancing are the part of people belief.</edu>
  <edu id="e9" lang="ru" trans="google">Следовательно, танцы являются частью людей веры.</edu>
  <edu id="e10" lang="en">Secondly, dancing can represent to civilization of that culture.</edu>
  <edu id="e10" lang="ru" trans="google">Во-вторых, танцы могут представлять цивилизации этой культуры.</edu>
  <edu id="e11" lang="en">For instance, I have seen many western movies that when a kingdom have visitor from another kingdom, king or queen would dance to show a splendid of their kingdom culture.</edu>
  <edu id="e11" lang="ru" trans="google">Например, я видел много западных фильмов, которые когда королевство у посетителя из другого королевства, короля или королевы танцевал, чтобы показать великолепную свое царство культуры.</edu>
  <edu id="e12" lang="en">The way of movement, the way that they costume and also a music while they dance.</edu>
  <edu id="e12" lang="ru" trans="google">Способ передвижения, так что они костюм, а также музыку в то время как они танцуют.</edu>
  <edu id="e13" lang="en">All this is a civilization of their culture.</edu>
  <edu id="e13" lang="ru" trans="google">Все это цивилизация их культуры.</edu>
  <edu id="e14" lang="en">Thirdly, many culture, people have many ways to entertain themselves.</edu>
  <edu id="e14" lang="ru" trans="google">В-третьих, многие культуры, люди имеют много способов развлечь себя.</edu>
  <edu id="e15" lang="en">And dancing is one of that ways.</edu>
  <edu id="e15" lang="ru" trans="google">И танцы один из способов того, что.</edu>
  <edu id="e16" lang="en">Both people who see and dance also have a good time.</edu>
  <edu id="e16" lang="ru" trans="google">И люди, которые видят и танец тоже есть время хорошо.</edu>
  <edu id="e17" lang="en">For example, many event, such as christmas, last christmas I went to mall to buy gifts, and I was entertained by group of people in santa custom dancing in christmas song.</edu>
  <edu id="e17" lang="ru" trans="google">Например, многие события, такие как Рождество, последнее Рождество я пошел в магазин, чтобы купить подарки, и я развлекали группами людей в Санте пользовательских танцев в рождественских песнях.</edu>
  <edu id="e18" lang="en">I felt that people around me happy and group of santas also happy to see people happy.</edu>
  <edu id="e18" lang="ru" trans="google">Я чувствовал, что люди вокруг меня счастливой и группа Деды Морозы также рад видеть людей счастливыми.</edu>
  <edu id="e19" lang="en">In conclusion, I strongly agree with notion that dancing is an important part of culture.</edu>
  <edu id="e19" lang="ru" trans="google">В заключении, я полностью согласен с представлением, что танец является важной частью культуры.</edu>
  <edu id="e20" lang="en">Because dancing are represent to believe of people.</edu>
  <edu id="e20" lang="ru" trans="google">Потому что танцы являются представляют верить человек.</edu>
  <edu id="e21" lang="en">Besides, dancing could show how civilization of that culture is.</edu>
  <edu id="e21" lang="ru" trans="google">Кроме того, танцы могли бы показать, как цивилизация этой культуры.</edu>
  <edu id="e22" lang="en">Moreover, people use dancing to entertain themselves.</edu>
  <edu id="e22" lang="ru" trans="google">Кроме того, люди используют танцы, чтобы развлечь себя.</edu>
  <edu id="e23" lang="en">So dancing is important in every culture.</edu>
  <edu id="e23" lang="ru" trans="google">Так танцы важно в любой культуре.</edu>
  <adu id="a1" type="neut"/>
  <adu id="a2" type="neut"/>
  <adu id="a3" type="neut"/>
  <adu id="a4" type="neut"/>
  <adu id="a5" type="neut"/>
  <adu id="a6" type="pro"/>
  <adu id="a7" type="pro"/>
  <adu id="a8" type="pro"/>
  <adu id="a9" type="pro"/>
  <adu id="a10" type="pro"/>
  <adu id="a11" type="pro"/>
  <adu id="a12" type="pro"/>
  <adu id="a13" type="pro"/>
  <adu id="a14" type="pro"/>
  <adu id="a15" type="pro"/>
  <adu id="a16" type="pro"/>
  <adu id="a17" type="pro"/>
  <adu id="a18" type="pro"/>
  <adu id="a19" type="mcl"/>
  <adu id="a20" type="pro"/>
  <adu id="a21" type="pro"/>
  <adu id="a22" type="pro"/>
  <adu id="a23" type="pro"/>
  <edge id="c18" src="e1" trg="a1" type="seg"/>
  <edge id="c19" src="e2" trg="a2" type="seg"/>
  <edge id="c20" src="e3" trg="a3" type="seg"/>
  <edge id="c21" src="e4" trg="a4" type="seg"/>
  <edge id="c22" src="e5" trg="a5" type="seg"/>
  <edge id="c23" src="e6" trg="a6" type="seg"/>
  <edge id="c24" src="e7" trg="a7" type="seg"/>
  <edge id="c25" src="e8" trg="a8" type="seg"/>
  <edge id="c26" src="e9" trg="a9" type="seg"/>
  <edge id="c27" src="e10" trg="a10" type="seg"/>
  <edge id="c28" src="e11" trg="a11" type="seg"/>
  <edge id="c29" src="e12" trg="a12" type="seg"/>
  <edge id="c30" src="e13" trg="a13" type="seg"/>
  <edge id="c31" src="e14" trg="a14" type="seg"/>
  <edge id="c32" src="e15" trg="a15" type="seg"/>
  <edge id="c33" src="e16" trg="a16" type="seg"/>
  <edge id="c34" src="e17" trg="a17" type="seg"/>
  <edge id="c35" src="e18" trg="a18" type="seg"/>
  <edge id="c36" src="e19" trg="a19" type="seg"/>
  <edge id="c37" src="e20" trg="a20" type="seg"/>
  <edge id="c38" src="e21" trg="a21" type="seg"/>
  <edge id="c39" src="e22" trg="a22" type="seg"/>
  <edge id="c40" src="e23" trg="a23" type="seg"/>
  <edge id="c1" src="a6" trg="a9" type="sup"/>
  <edge id="c2" src="a7" trg="a9" type="exa"/>
  <edge id="c3" src="a8" trg="a9" type="sup"/>
  <edge id="c4" src="a9" trg="a19" type="sup"/>
  <edge id="c5" src="a10" trg="a19" type="sup"/>
  <edge id="c6" src="a11" trg="a10" type="exa"/>
  <edge id="c7" src="a12" trg="a10" type="sup"/>
  <edge id="c8" src="a13" trg="a10" type="sup"/>
  <edge id="c9" src="a14" trg="a15" type="sup"/>
  <edge id="c10" src="a15" trg="a19" type="sup"/>
  <edge id="c11" src="a16" trg="a15" type="sup"/>
  <edge id="c12" src="a17" trg="a15" type="exa"/>
  <edge id="c13" src="a18" trg="a15" type="sup"/>
  <edge id="c14" src="a20" trg="a19" type="sup"/>
  <edge id="c15" src="a21" trg="a23" type="sup"/>
  <edge id="c16" src="a22" trg="a23" type="sup"/>
  <edge id="c17" src="a23" trg="a19" type="sup"/>
</arggraph>
