<?xml version='1.0' encoding='UTF-8'?>
<arggraph id="micro_e211" stance="pro" topic_id="Under suitable administration, tourism enhances local economic development" topic_ru="При подходящей администрации, туризм способствует развитию местной экономики">
  <edu id="e1" lang="en">Tourist trade is becoming a powerful engine for the economy.</edu>
  <edu id="e1" lang="ru" trans="google">Туристическая торговля становится мощным двигателем экономики.</edu>
  <edu id="e2" lang="en">Nevertheless, some individuals believe that this position ignores the ecological and environmental destruction, as a result of tourist activities, and its adverse effects on local communities and ecosystems.</edu>
  <edu id="e2" lang="ru" trans="google">Тем не менее, некоторые люди считают, что эта позиция не учитывает экологическое и разрушение окружающей среды, в результате туристической деятельности, и его негативное воздействие на местных сообществах и экосистемах.</edu>
  <edu id="e3" lang="en">While both positions seem reasonable, my view is that, through proper management and regulation, a booming tourist industry is an excellent source of economic growth and wealth for rural and urban areas.</edu>
  <edu id="e3" lang="ru" trans="google">Хотя обе позиции, кажется разумным, на мой взгляд, что за счет надлежащего управления и регулирования, бурно развивающейся туристической индустрии является отличным источником экономического роста и благосостояния для сельских и городских районах.</edu>
  <edu id="e4" lang="en">The most obvious merit is that tourism can vastly boost economic development in a particular state or region.</edu>
  <edu id="e4" lang="ru" trans="google">Наиболее очевидным достоинством является то, что туризм может значительно повысить экономическое развитие в определенном состоянии или регионе.</edu>
  <edu id="e5" lang="en">This takes place, not only through direct expenditure from tourists, but also because it provides direct and indirect jobs to the community, including retail, agriculture, and in the service industry.</edu>
  <edu id="e5" lang="ru" trans="google">Это происходит не только за счет прямых расходов со стороны туристов, но и потому, что она обеспечивает прямые и косвенные рабочие места для общества, в том числе розничной торговли, сельского хозяйства, а также в сфере услуг.</edu>
  <edu id="e6" lang="en">The increasing tax and the expansion of local markets for accommodation, luxury goods amongst others are also a result of a solid, well-regulated tourism programs.</edu>
  <edu id="e6" lang="ru" trans="google">Увеличение налогов и расширение местных рынков для размещения, предметы роскоши среди других, также является результатом твердых, хорошо регулируемых туристических программ.</edu>
  <edu id="e7" lang="en">Furthermore, tourism provides a considerable number of direct and indirect jobs to the community, including retail, hotels, transport, agriculture, and in the service industry.</edu>
  <edu id="e7" lang="ru" trans="google">Кроме того, туризм обеспечивает значительное количество прямых и косвенных рабочих мест для сообщества, в том числе розничной торговли, гостиниц, транспорта, сельского хозяйства, а также в сфере услуг.</edu>
  <edu id="e8" lang="en">This increase of job opportunities allows more people to make significant contribution to society through the purchasing of commodities by their growing incomes.</edu>
  <edu id="e8" lang="ru" trans="google">Это увеличение рабочих мест позволяет большему количеству людей, чтобы сделать значительный вклад в развитие общества путем покупки товаров по их растущих доходов.</edu>
  <edu id="e9" lang="en">As a result, this gives energy to the economic cycle, generating local economic prosperity in return.</edu>
  <edu id="e9" lang="ru" trans="google">В результате, это дает энергию экономического цикла, формирования местного экономического процветания взамен.</edu>
  <edu id="e10" lang="en">Some people may oppose these, citing the environmental and cultural destruction caused by tourism.</edu>
  <edu id="e10" lang="ru" trans="google">Некоторые люди могут противостоять этим, ссылаясь на экологическое и культурное разрушение, вызванное туризма.</edu>
  <edu id="e11" lang="en">In fact, compared to the tourism industry, other alternatives, like resource extraction and manufacture, are far worse destroyers.</edu>
  <edu id="e11" lang="ru" trans="google">На самом деле, по сравнению с индустрией туризма, и другие варианты, такие как добыча ресурсов и производства, гораздо хуже, разрушители.</edu>
  <edu id="e12" lang="en">For instance, paper mills pour hundreds and thousands of tons of contamination into rivers, causing severe water pollution.</edu>
  <edu id="e12" lang="ru" trans="google">Например, бумажные фабрики влить сотни и тысячи тонн загрязнения в реки, что приводит к сильному загрязнению воды.</edu>
  <edu id="e13" lang="en">On the other hand, the dramatic majority of tourist, particularly those who tend to spending a wealth of time and money locating and visiting rustic villages, are well educated.</edu>
  <edu id="e13" lang="ru" trans="google">С другой стороны, резкое большинство туриста, особенно тех, кто склонен тратить огромное количество времени и денег, размещая и посещение деревенских деревень, хорошо образованы.</edu>
  <edu id="e14" lang="en">It is illogical to believe that these rational folks will not conduct themselves decently if required to do so.</edu>
  <edu id="e14" lang="ru" trans="google">Нелогично верить, что эти рациональные люди не будут вести себя прилично, если это требуется.</edu>
  <edu id="e15" lang="en">After careful consideration of both sides of the argument, the tourism sector is desirable for its important socioeconomic advantages.</edu>
  <edu id="e15" lang="ru" trans="google">После тщательного рассмотрения обоего сторон спора, сектор туризма является желательным для своих важных социально-экономических преимуществ.</edu>
  <edu id="e16" lang="en">In conclusion, it is evident that under suitable administration, the benefits of tourism outweigh its drawbacks.</edu>
  <edu id="e16" lang="ru" trans="google">В заключении, очевидно, что при соответствующем введении, выгоды от туризма перевешивают его недостатки.</edu>
  <adu id="a1" type="neut"/>
  <adu id="a2" type="neut"/>
  <adu id="a3" type="mcl"/>
  <adu id="a4" type="pro"/>
  <adu id="a5" type="pro"/>
  <adu id="a6" type="pro"/>
  <adu id="a7" type="pro"/>
  <adu id="a8" type="pro"/>
  <adu id="a9" type="pro"/>
  <adu id="a10" type="opp"/>
  <adu id="a11" type="pro"/>
  <adu id="a12" type="pro"/>
  <adu id="a13" type="pro"/>
  <adu id="a14" type="pro"/>
  <adu id="a15" type="mcl"/>
  <adu id="a16" type="mcl"/>
  <edge id="c16" src="e1" trg="a1" type="seg"/>
  <edge id="c17" src="e2" trg="a2" type="seg"/>
  <edge id="c18" src="e3" trg="a3" type="seg"/>
  <edge id="c19" src="e4" trg="a4" type="seg"/>
  <edge id="c20" src="e5" trg="a5" type="seg"/>
  <edge id="c21" src="e6" trg="a6" type="seg"/>
  <edge id="c22" src="e7" trg="a7" type="seg"/>
  <edge id="c23" src="e8" trg="a8" type="seg"/>
  <edge id="c24" src="e9" trg="a9" type="seg"/>
  <edge id="c25" src="e10" trg="a10" type="seg"/>
  <edge id="c26" src="e11" trg="a11" type="seg"/>
  <edge id="c27" src="e12" trg="a12" type="seg"/>
  <edge id="c28" src="e13" trg="a13" type="seg"/>
  <edge id="c29" src="e14" trg="a14" type="seg"/>
  <edge id="c30" src="e15" trg="a15" type="seg"/>
  <edge id="c31" src="e16" trg="a16" type="seg"/>
  <edge id="c1" src="a4" trg="a3" type="sup"/>
  <edge id="c2" src="a4" trg="a15" type="sup"/>
  <edge id="c3" src="a4" trg="a16" type="sup"/>
  <edge id="c4" src="a5" trg="a4" type="sup"/>
  <edge id="c5" src="a6" trg="a4" type="sup"/>
  <edge id="c6" src="a7" trg="a4" type="sup"/>
  <edge id="c7" src="a8" trg="a4" type="sup"/>
  <edge id="c8" src="a9" trg="a4" type="sup"/>
  <edge id="c9" src="a10" trg="a3" type="reb"/>
  <edge id="c10" src="a10" trg="a15" type="reb"/>
  <edge id="c11" src="a10" trg="a16" type="reb"/>
  <edge id="c12" src="a11" trg="a10" type="reb"/>
  <edge id="c13" src="a12" trg="a11" type="exa"/>
  <edge id="c14" src="a13" trg="a10" type="reb"/>
  <edge id="c15" src="a14" trg="a10" type="reb"/>
</arggraph>
