<?xml version='1.0' encoding='UTF-8'?>
<arggraph id="micro_e203" stance="pro" topic_id="Capital punishment is necessary or not ?" topic_ru="Смертная казнь необходима или нет?">
  <edu id="e1" lang="en">Capital punishment is a controversial debate in many countries.</edu>
  <edu id="e1" lang="ru" trans="google">Смертная казнь является спорными дебатами во многих странах.</edu>
  <edu id="e2" lang="en">In a world where brutal crimes need to be deterred, it may be true that the death penalty is an efficient retribution to admonish the violence.</edu>
  <edu id="e2" lang="ru" trans="google">В мире, где должны быть удержаны жестокие преступления, это может быть правдой, что смертная казнь является эффективным расплата увещевать насилие.</edu>
  <edu id="e3" lang="en">However, as the society grows, human rights become more highly respected, " murdering " criminals is therefore immoral and hard to accept.</edu>
  <edu id="e3" lang="ru" trans="google">Тем не менее, по мере роста общества, права человека становятся более большим уважением, «убийство» преступников, поэтому аморальным и трудно принять.</edu>
  <edu id="e4" lang="en">First of all, it is recognized that every human being has the right to live and no authority is empowered to deprive one of life.</edu>
  <edu id="e4" lang="ru" trans="google">Прежде всего, следует признать, что каждый человек имеет право жить и никакой власти не имеет право лишить одного из жизни.</edu>
  <edu id="e5" lang="en">Although what criminals cause to the society, specifically to the victims, is indeed significantly offensive.</edu>
  <edu id="e5" lang="ru" trans="google">Несмотря на то, что преступники вызывают в обществе, в частности, к жертвам, на самом деле значительно оскорбительным.</edu>
  <edu id="e6" lang="en">they are humans and their lives need to be valued.</edu>
  <edu id="e6" lang="ru" trans="google">они являются людьми и их жизни должны быть оценены.</edu>
  <edu id="e7" lang="en">In addition, execution does not resolve the consequences of crime.</edu>
  <edu id="e7" lang="ru" trans="google">Кроме того, выполнение не устраняет последствия преступления.</edu>
  <edu id="e8" lang="en">Not to mention it could put the criminal's family through hardship while the pain of the victim's kin is never to be consoled.</edu>
  <edu id="e8" lang="ru" trans="google">Не говоря уже, что может поставить семью преступника через трудности в то время как боль родственников жертвы никогда не утешиться.</edu>
  <edu id="e9" lang="en">Secondly, capital punishment is certainly not the only option to control the amount of crimes, life imprisonment is just as effective by detaining the criminals in prison for the rest of their lives.</edu>
  <edu id="e9" lang="ru" trans="google">Во-вторых, смертная казнь, конечно, не единственный вариант контролировать количество преступлений, пожизненное заключение является столь же эффективным, задерживая преступников в тюрьму на всю оставшуюся жизнь.</edu>
  <edu id="e10" lang="en">Moreover, in terms of punishment, living a miserable life with restriction to the world outside and sustaining the feeling of guilt every day in a dark bounded room are much more obsessing than being killed right away.</edu>
  <edu id="e10" lang="ru" trans="google">Кроме того, с точки зрения наказания, живущих в жалкую жизнь с ограничением на мир снаружи и выдерживающих чувство вины каждый день в темной комнате ограничено гораздо более увлеченно, чем убивали сразу.</edu>
  <edu id="e11" lang="en">The third reason why the death penalty should be banned is the chance that innocent people are wrongly convicted.</edu>
  <edu id="e11" lang="ru" trans="google">Третья причина, почему смертная казнь должна быть запрещена шанс, что невинные люди ошибочно осуждены.</edu>
  <edu id="e12" lang="en">Juries are also humans, they may lack of discretion.</edu>
  <edu id="e12" lang="ru" trans="google">Присяжные также люди, они могут не усмотрение.</edu>
  <edu id="e13" lang="en">Thus, many people are executed for the crime they did not commit, which leads to a question of fairness in judicial system.</edu>
  <edu id="e13" lang="ru" trans="google">Таким образом, многие люди казнены за преступления они не совершали, что приводит к вопросу о справедливости в судебной системе.</edu>
  <edu id="e14" lang="en">In conclusion, although capital punishment presents an extreme warning to the community, I firmly.</edu>
  <edu id="e14" lang="ru" trans="google">В заключении, хотя смертная казнь представляет собой предупреждение экстремального к сообществу, я твердо.</edu>
  <edu id="e15" lang="en">Object to it because it is absurd and inhumane.</edu>
  <edu id="e15" lang="ru" trans="google">Объект к нему, потому что абсурдно и бесчеловечно.</edu>
  <edu id="e16" lang="en">Furthermore, it can be replaced by a life sentence.</edu>
  <edu id="e16" lang="ru" trans="google">Кроме того, он может быть заменен на пожизненное заключение.</edu>
  <adu id="a1" type="neut"/>
  <adu id="a2" type="neut"/>
  <adu id="a3" type="mcl"/>
  <adu id="a4" type="pro"/>
  <adu id="a5" type="opp"/>
  <adu id="a6" type="pro"/>
  <adu id="a7" type="pro"/>
  <adu id="a8" type="pro"/>
  <adu id="a9" type="pro"/>
  <adu id="a10" type="pro"/>
  <adu id="a11" type="pro"/>
  <adu id="a12" type="pro"/>
  <adu id="a13" type="pro"/>
  <adu id="a14" type="opp"/>
  <adu id="a15" type="mcl"/>
  <adu id="a16" type="pro"/>
  <edge id="c18" src="e1" trg="a1" type="seg"/>
  <edge id="c19" src="e2" trg="a2" type="seg"/>
  <edge id="c20" src="e3" trg="a3" type="seg"/>
  <edge id="c21" src="e4" trg="a4" type="seg"/>
  <edge id="c22" src="e5" trg="a5" type="seg"/>
  <edge id="c23" src="e6" trg="a6" type="seg"/>
  <edge id="c24" src="e7" trg="a7" type="seg"/>
  <edge id="c25" src="e8" trg="a8" type="seg"/>
  <edge id="c26" src="e9" trg="a9" type="seg"/>
  <edge id="c27" src="e10" trg="a10" type="seg"/>
  <edge id="c28" src="e11" trg="a11" type="seg"/>
  <edge id="c29" src="e12" trg="a12" type="seg"/>
  <edge id="c30" src="e13" trg="a13" type="seg"/>
  <edge id="c31" src="e14" trg="a14" type="seg"/>
  <edge id="c32" src="e15" trg="a15" type="seg"/>
  <edge id="c33" src="e16" trg="a16" type="seg"/>
  <edge id="c1" src="a4" trg="a3" type="sup"/>
  <edge id="c2" src="a4" trg="a15" type="sup"/>
  <edge id="c3" src="a5" trg="a4" type="reb"/>
  <edge id="c4" src="a6" trg="a5" type="reb"/>
  <edge id="c5" src="a7" trg="a4" type="sup"/>
  <edge id="c6" src="a8" trg="a4" type="sup"/>
  <edge id="c7" src="a9" trg="a3" type="sup"/>
  <edge id="c8" src="a9" trg="a15" type="sup"/>
  <edge id="c9" src="a10" trg="a9" type="sup"/>
  <edge id="c10" src="a11" trg="a3" type="sup"/>
  <edge id="c11" src="a11" trg="a15" type="sup"/>
  <edge id="c12" src="a12" trg="a13" type="sup"/>
  <edge id="c13" src="a13" trg="a11" type="sup"/>
  <edge id="c14" src="a14" trg="a3" type="reb"/>
  <edge id="c15" src="a14" trg="a15" type="reb"/>
  <edge id="c16" src="a16" trg="a3" type="sup"/>
  <edge id="c17" src="a16" trg="a15" type="sup"/>
</arggraph>
