<?xml version='1.0' encoding='UTF-8'?>
<arggraph id="micro_e265" stance="pro" topic_id="Should students be required to attend classes ?" topic_ru="Если студенты обязаны посещать занятия?">
  <edu id="e1" lang="en">The issue at hand is whether it should be obligatory for university students to attend classes.</edu>
  <edu id="e1" lang="ru" trans="google">Вопрос под рукой, должен ли он быть обязательным для студентов высших учебных заведений на классы присутствовать.</edu>
  <edu id="e2" lang="en">This is an interesting question because it affects a great amount of students worldwide.</edu>
  <edu id="e2" lang="ru" trans="google">Это интересный вопрос, потому что это влияет на большое количество студентов во всем мире.</edu>
  <edu id="e3" lang="en">Nonetheless there are various different policies regarding this topic.</edu>
  <edu id="e3" lang="ru" trans="google">Тем не менее существуют различные политики в отношении этой темы.</edu>
  <edu id="e4" lang="en">An important aspect might be whether one desires to optimize the learned knowledge or the amount of valuable experiences for the students.</edu>
  <edu id="e4" lang="ru" trans="google">Важный аспект может быть ли кто-то желает, чтобы оптимизировать полученные знания или количество ценного опыта для студентов.</edu>
  <edu id="e5" lang="en">However, to my mind students should be free not to attend classes.</edu>
  <edu id="e5" lang="ru" trans="google">Однако, чтобы мои студенты ума должны быть свободны, чтобы не посещать занятия.</edu>
  <edu id="e6" lang="en">Because it improves the quality of student life as well as their learning motivation and teaches important life skills.</edu>
  <edu id="e6" lang="ru" trans="google">Потому что это улучшает качество жизни студентов, а также их мотивацию обучения и учит важные жизненные навыки.</edu>
  <edu id="e7" lang="en">Firstly, a liberal policy is very feasible.</edu>
  <edu id="e7" lang="ru" trans="google">Во-первых, либеральная политика очень возможно.</edu>
  <edu id="e8" lang="en">Checking for attendance requires a lot of bureaucracy.</edu>
  <edu id="e8" lang="ru" trans="google">Проверка посещаемости требует много бюрократии.</edu>
  <edu id="e9" lang="en">Especially for larger classes it is impossible to check for everybody to attend.</edu>
  <edu id="e9" lang="ru" trans="google">Специально для больших классов, невозможно проверить для всех принять участие.</edu>
  <edu id="e10" lang="en">So an optional attendance saves time and money.</edu>
  <edu id="e10" lang="ru" trans="google">Таким образом, дополнительное посещение экономит время и деньги.</edu>
  <edu id="e11" lang="en">Secondly, some students might learn better at home on their own, for instance, by reading the textbook.</edu>
  <edu id="e11" lang="ru" trans="google">Во-вторых, некоторые студенты могут учиться лучше у себя дома сами по себе, например, читая учебник.</edu>
  <edu id="e12" lang="en">This problem occurs especially if the lecturer is lethargic.</edu>
  <edu id="e12" lang="ru" trans="google">Эта проблема возникает, особенно если лектор вялый.</edu>
  <edu id="e13" lang="en">By letting students choose not to attend class you give them the opportunity to escape bad teaching.</edu>
  <edu id="e13" lang="ru" trans="google">Позволяя студенты выбирают не класс посещают вы даете им возможность избежать плохого обучения.</edu>
  <edu id="e14" lang="en">Thus they are able to save precious study time and dive into the course syllabus independently.</edu>
  <edu id="e14" lang="ru" trans="google">Таким образом, они могут сэкономить драгоценное время обучения и погружение в учебный план курса самостоятельно.</edu>
  <edu id="e15" lang="en">In addition, being free to stay away from classes improves flexibility and therefore quality of student life.</edu>
  <edu id="e15" lang="ru" trans="google">Кроме того, будучи свободным, чтобы держаться подальше от классов улучшает гибкость и, следовательно, качество жизни студента.</edu>
  <edu id="e16" lang="en">Sometimes the wild party on Thursday night is too good to end already at midnight only because of a lecture on Friday in the morning.</edu>
  <edu id="e16" lang="ru" trans="google">Иногда дикая вечеринка в четверг вечером слишком хорошо, чтобы закончить уже в полночь только из-за лекции в пятницу утром.</edu>
  <edu id="e17" lang="en">With a liberal policy students are able to postpone the learning to the afternoon which gives a feeling of freedom and improves time efficiency.</edu>
  <edu id="e17" lang="ru" trans="google">С либеральной политики студенты могут отложить обучение на второй половине дня, что дает ощущение свободы и повышает эффективность времени.</edu>
  <edu id="e18" lang="en">Research has shown that the more satisfied the students are with those life aspects, the better they perform in academic areas.</edu>
  <edu id="e18" lang="ru" trans="google">Исследования показали, что более удовлетворенные студенты с теми аспектами жизни, тем лучше они выполняют в научных областях.</edu>
  <edu id="e19" lang="en">Finally, psychology knows two types of motivation.</edu>
  <edu id="e19" lang="ru" trans="google">Наконец, психология знает два типа мотивации.</edu>
  <edu id="e20" lang="en">There is intrinsic motivation which comes from your own mindset.</edu>
  <edu id="e20" lang="ru" trans="google">Существует внутренняя мотивация, которая исходит от вашего собственного мышления.</edu>
  <edu id="e21" lang="en">And there is extrinsic motivation which comes from the praise and laud of other people.</edu>
  <edu id="e21" lang="ru" trans="google">И есть внешняя мотивация, которая исходит от похвалы и превозносить других людей.</edu>
  <edu id="e22" lang="en">Intrinsic motivation is known to be much more desirable because it leads to better learning and well-being.</edu>
  <edu id="e22" lang="ru" trans="google">Внутренняя мотивация, как известно, гораздо более желательным, поскольку это приводит к лучшему усвоению и благополучия.</edu>
  <edu id="e23" lang="en">However, in order to gain intrinsic motivation students need to become aware of their strengths and aims.</edu>
  <edu id="e23" lang="ru" trans="google">Однако для того, чтобы получить внутреннюю мотивацию студентов должны осознать свои сильные стороны и цели.</edu>
  <edu id="e24" lang="en">By giving students the freedom to choose about class attendance they might rather be thinking about why they decided to study and learn to motivate themselves.</edu>
  <edu id="e24" lang="ru" trans="google">Предоставляя студентам свободу выбора о посещаемости класса они могли скорее думать о том, почему они решили изучить и научиться мотивировать себя.</edu>
  <edu id="e25" lang="en">These are crucial skills for the duration of their study and their whole life time.</edu>
  <edu id="e25" lang="ru" trans="google">Это очень важные навыки для продолжительности их изучения и всей своей жизни время.</edu>
  <edu id="e26" lang="en">To conclude, it is clear that going to classes should be optional for students.</edu>
  <edu id="e26" lang="ru" trans="google">В заключение, очевидно, что ходить на занятия, должны быть необязательными для студентов.</edu>
  <edu id="e27" lang="en">I hold this belief due to the improvement of students' current experience as well as the valuable skills and knowledge they obtain for their whole life afterwards.</edu>
  <edu id="e27" lang="ru" trans="google">Я считаю, это убеждение в связи с улучшением текущего опыта студентов, а также ценные навыки и знания они получают в течение всей их жизни впоследствии.</edu>
  <adu id="a1" type="neut"/>
  <adu id="a2" type="neut"/>
  <adu id="a3" type="neut"/>
  <adu id="a4" type="neut"/>
  <adu id="a5" type="mcl"/>
  <adu id="a6" type="pro"/>
  <adu id="a7" type="neut"/>
  <adu id="a8" type="neut"/>
  <adu id="a9" type="neut"/>
  <adu id="a10" type="neut"/>
  <adu id="a11" type="pro"/>
  <adu id="a12" type="pro"/>
  <adu id="a13" type="pro"/>
  <adu id="a14" type="pro"/>
  <adu id="a15" type="pro"/>
  <adu id="a16" type="pro"/>
  <adu id="a17" type="pro"/>
  <adu id="a18" type="pro"/>
  <adu id="a19" type="neut"/>
  <adu id="a20" type="neut"/>
  <adu id="a21" type="neut"/>
  <adu id="a22" type="pro"/>
  <adu id="a23" type="pro"/>
  <adu id="a24" type="pro"/>
  <adu id="a25" type="pro"/>
  <adu id="a26" type="mcl"/>
  <adu id="a27" type="pro"/>
  <edge id="c20" src="e1" trg="a1" type="seg"/>
  <edge id="c21" src="e2" trg="a2" type="seg"/>
  <edge id="c22" src="e3" trg="a3" type="seg"/>
  <edge id="c23" src="e4" trg="a4" type="seg"/>
  <edge id="c24" src="e5" trg="a5" type="seg"/>
  <edge id="c25" src="e6" trg="a6" type="seg"/>
  <edge id="c26" src="e7" trg="a7" type="seg"/>
  <edge id="c27" src="e8" trg="a8" type="seg"/>
  <edge id="c28" src="e9" trg="a9" type="seg"/>
  <edge id="c29" src="e10" trg="a10" type="seg"/>
  <edge id="c30" src="e11" trg="a11" type="seg"/>
  <edge id="c31" src="e12" trg="a12" type="seg"/>
  <edge id="c32" src="e13" trg="a13" type="seg"/>
  <edge id="c33" src="e14" trg="a14" type="seg"/>
  <edge id="c34" src="e15" trg="a15" type="seg"/>
  <edge id="c35" src="e16" trg="a16" type="seg"/>
  <edge id="c36" src="e17" trg="a17" type="seg"/>
  <edge id="c37" src="e18" trg="a18" type="seg"/>
  <edge id="c38" src="e19" trg="a19" type="seg"/>
  <edge id="c39" src="e20" trg="a20" type="seg"/>
  <edge id="c40" src="e21" trg="a21" type="seg"/>
  <edge id="c41" src="e22" trg="a22" type="seg"/>
  <edge id="c42" src="e23" trg="a23" type="seg"/>
  <edge id="c43" src="e24" trg="a24" type="seg"/>
  <edge id="c44" src="e25" trg="a25" type="seg"/>
  <edge id="c45" src="e26" trg="a26" type="seg"/>
  <edge id="c46" src="e27" trg="a27" type="seg"/>
  <edge id="c1" src="a6" trg="a5" type="sup"/>
  <edge id="c2" src="a6" trg="a26" type="sup"/>
  <edge id="c3" src="a11" trg="a5" type="sup"/>
  <edge id="c4" src="a11" trg="a26" type="sup"/>
  <edge id="c5" src="a12" trg="a11" type="sup"/>
  <edge id="c6" src="a13" trg="a14" type="sup"/>
  <edge id="c7" src="a14" trg="a11" type="sup"/>
  <edge id="c8" src="a15" trg="a5" type="sup"/>
  <edge id="c9" src="a15" trg="a26" type="sup"/>
  <edge id="c10" src="a16" trg="a15" type="sup"/>
  <edge id="c11" src="a17" trg="a15" type="sup"/>
  <edge id="c12" src="a18" trg="a15" type="sup"/>
  <edge id="c13" src="a22" trg="a24" type="sup"/>
  <edge id="c14" src="a23" trg="a24" type="sup"/>
  <edge id="c15" src="a24" trg="a5" type="sup"/>
  <edge id="c16" src="a24" trg="a26" type="sup"/>
  <edge id="c17" src="a25" trg="a24" type="sup"/>
  <edge id="c18" src="a27" trg="a5" type="sup"/>
  <edge id="c19" src="a27" trg="a26" type="sup"/>
</arggraph>
