<?xml version='1.0' encoding='UTF-8'?>
<arggraph id="micro_e245" stance="pro" topic_id="Serious or entertaining movies" topic_ru="Серьезные или развлекательные фильмы">
  <edu id="e1" lang="en">I prefer the serious movies which are simple, touching and powerful.</edu>
  <edu id="e1" lang="ru" trans="google">Я предпочитаю серьезные фильмы, которые просты, трогательные и мощные.</edu>
  <edu id="e2" lang="en">Here are my reasons.</edu>
  <edu id="e2" lang="ru" trans="google">Вот мои причины.</edu>
  <edu id="e3" lang="en">First, most serious movies have a wide variety of content.</edu>
  <edu id="e3" lang="ru" trans="google">Во-первых, большинство серьезных фильмов имеют широкий спектр контента.</edu>
  <edu id="e4" lang="en">Entertaining movies are created to amuse people.</edu>
  <edu id="e4" lang="ru" trans="google">Развлекательные фильмы созданы, чтобы развлечь человек.</edu>
  <edu id="e5" lang="en">However, most entertaining movies are empty and nonsensical.</edu>
  <edu id="e5" lang="ru" trans="google">Тем не менее, большинство развлекательных фильмов пусты и бессмысленны.</edu>
  <edu id="e6" lang="en">Compared with the entertainment film, the serious film may be more worthwhile and meaningful.</edu>
  <edu id="e6" lang="ru" trans="google">По сравнению с развлекательным фильмом, серьезный фильм может быть более полезным и значимым.</edu>
  <edu id="e7" lang="en">Serious movies usually designed to express one or more thinking about love, humaneness.</edu>
  <edu id="e7" lang="ru" trans="google">Серьезные фильмы, как правило, предназначены, чтобы выразить одну или больше думать о любви, человечность.</edu>
  <edu id="e8" lang="en">Moreover, it may point out the dark sides of the society.</edu>
  <edu id="e8" lang="ru" trans="google">Кроме того, это может указывать на темные стороны общества.</edu>
  <edu id="e9" lang="en">Second, not all of serious movies are boring.</edu>
  <edu id="e9" lang="ru" trans="google">Во-вторых, не все из серьезных фильмов скучно.</edu>
  <edu id="e10" lang="en">" Click " is a very interesting comedy, with a serious approach about the importance of having a balanced life between family and work businesses.</edu>
  <edu id="e10" lang="ru" trans="google">«Нажмите» очень интересная комедия, с серьезным подходом о важности наличия сбалансированной жизни между семьей и работой предприятий.</edu>
  <edu id="e11" lang="en">The movie is humorous and satiric, which leads us to think what is the most valuable of our lives, and it reminds us how important our families are.</edu>
  <edu id="e11" lang="ru" trans="google">Фильм юмористический и сатирический, что приводит нас к мысли, что является самым ценным в нашей жизни, и это напоминает нам о том, как важно, чтобы наши семьи.</edu>
  <edu id="e12" lang="en">Thus, the hidden meanings of serious movies are usually beyond words and images which make us think about ourselves.</edu>
  <edu id="e12" lang="ru" trans="google">Таким образом, скрытые смыслы серьезных фильмов, как правило, за пределами слов и образов, которые заставляют нас думать о себе.</edu>
  <edu id="e13" lang="en">Moreover, some of serious movies try to make you think about the dark sides of the world.</edu>
  <edu id="e13" lang="ru" trans="google">Кроме того, некоторые из серьезных фильмов пытаются заставить вас думать о темных сторонах мира.</edu>
  <edu id="e14" lang="en">" Blood diamond ", an adaptation of a real story in South Africa, focuses on the link between diamonds and conflict.</edu>
  <edu id="e14" lang="ru" trans="google">«Кровавый алмаз», экранизация реальной истории в Южной Африке, основное внимание уделяется взаимосвязи между алмазами и конфликтами.</edu>
  <edu id="e15" lang="en">After watching the movie, we may learn a lesson between jewels and death.</edu>
  <edu id="e15" lang="ru" trans="google">После просмотра фильма, мы можем извлечь урок между камнями и смертью.</edu>
  <edu id="e16" lang="en">Diamonds are not rare or a sign of true love; indeed, the hidden meaning of a diamond is a cruel reality.</edu>
  <edu id="e16" lang="ru" trans="google">Алмазы не являются редкими или признаком истинной любви; на самом деле, скрытый смысл алмаза жестокая реальность.</edu>
  <edu id="e17" lang="en">As a result, serious movie tell you how to see the world in a different way.</edu>
  <edu id="e17" lang="ru" trans="google">В результате, серьезный фильм расскажет вам, как видеть мир по-другому.</edu>
  <edu id="e18" lang="en">For the above reasons, I prefer to see those serious movies which make people have deep thoughts toward their real lives.</edu>
  <edu id="e18" lang="ru" trans="google">По указанным выше причинам, я предпочитаю, чтобы увидеть те серьезные фильмы, которые делают люди имеют глубокие мысли по отношению к своей реальной жизни.</edu>
  <adu id="a1" type="mcl"/>
  <adu id="a2" type="neut"/>
  <adu id="a3" type="pro"/>
  <adu id="a4" type="pro"/>
  <adu id="a5" type="pro"/>
  <adu id="a6" type="pro"/>
  <adu id="a7" type="pro"/>
  <adu id="a8" type="pro"/>
  <adu id="a9" type="neut"/>
  <adu id="a10" type="pro"/>
  <adu id="a11" type="pro"/>
  <adu id="a12" type="pro"/>
  <adu id="a13" type="pro"/>
  <adu id="a14" type="pro"/>
  <adu id="a15" type="pro"/>
  <adu id="a16" type="pro"/>
  <adu id="a17" type="pro"/>
  <adu id="a18" type="mcl"/>
  <edge id="c18" src="e1" trg="a1" type="seg"/>
  <edge id="c19" src="e2" trg="a2" type="seg"/>
  <edge id="c20" src="e3" trg="a3" type="seg"/>
  <edge id="c21" src="e4" trg="a4" type="seg"/>
  <edge id="c22" src="e5" trg="a5" type="seg"/>
  <edge id="c23" src="e6" trg="a6" type="seg"/>
  <edge id="c24" src="e7" trg="a7" type="seg"/>
  <edge id="c25" src="e8" trg="a8" type="seg"/>
  <edge id="c26" src="e9" trg="a9" type="seg"/>
  <edge id="c27" src="e10" trg="a10" type="seg"/>
  <edge id="c28" src="e11" trg="a11" type="seg"/>
  <edge id="c29" src="e12" trg="a12" type="seg"/>
  <edge id="c30" src="e13" trg="a13" type="seg"/>
  <edge id="c31" src="e14" trg="a14" type="seg"/>
  <edge id="c32" src="e15" trg="a15" type="seg"/>
  <edge id="c33" src="e16" trg="a16" type="seg"/>
  <edge id="c34" src="e17" trg="a17" type="seg"/>
  <edge id="c35" src="e18" trg="a18" type="seg"/>
  <edge id="c1" src="a3" trg="a1" type="sup"/>
  <edge id="c2" src="a3" trg="a18" type="sup"/>
  <edge id="c3" src="a4" trg="a3" type="sup"/>
  <edge id="c4" src="a5" trg="a3" type="sup"/>
  <edge id="c5" src="a6" trg="a3" type="sup"/>
  <edge id="c6" src="a7" trg="a3" type="sup"/>
  <edge id="c7" src="a8" trg="a3" type="sup"/>
  <edge id="c8" src="a10" trg="a12" type="sup"/>
  <edge id="c9" src="a11" trg="a12" type="sup"/>
  <edge id="c10" src="a12" trg="a1" type="sup"/>
  <edge id="c11" src="a12" trg="a18" type="sup"/>
  <edge id="c12" src="a13" trg="a17" type="sup"/>
  <edge id="c13" src="a14" trg="a17" type="sup"/>
  <edge id="c14" src="a15" trg="a17" type="sup"/>
  <edge id="c15" src="a16" trg="a17" type="sup"/>
  <edge id="c16" src="a17" trg="a1" type="sup"/>
  <edge id="c17" src="a17" trg="a18" type="sup"/>
</arggraph>
