<?xml version='1.0' encoding='UTF-8'?>
<arggraph id="micro_e308" stance="pro" topic_id="It is essential to have ability to plan and organize" topic_ru="Очень важно иметь возможность планировать и организовывать">
  <edu id="e1" lang="en">With the fast rolling wheels of modern society, life becomes more complex and is not easy to handle than in the past.</edu>
  <edu id="e1" lang="ru" trans="google">С быстро вращающимися барабанами современного общества, жизнь становится все более сложным и не прост в обращении, чем в прошлом.</edu>
  <edu id="e2" lang="en">Therefore, it is essential for people, especially young ones, to possess the ability to plan and organize.</edu>
  <edu id="e2" lang="ru" trans="google">Поэтому, очень важно для людей, особенно молодых, чтобы иметь возможность планировать и организовывать.</edu>
  <edu id="e3" lang="en">Since it can improve the efficiency and reduce the crisis of our actions.</edu>
  <edu id="e3" lang="ru" trans="google">Так как это может повысить эффективность и снизить кризис наших действий.</edu>
  <edu id="e4" lang="en">Meanwhile, eliminating meaningless actions.</edu>
  <edu id="e4" lang="ru" trans="google">В то же время, устраняя бессмысленные действия.</edu>
  <edu id="e5" lang="en">First of all, great planning and organizing ability is able to cause our actions more efficient and productive.</edu>
  <edu id="e5" lang="ru" trans="google">Прежде всего, большое планирование и организаторские способности могут привести наши действия более эффективными и продуктивными.</edu>
  <edu id="e6" lang="en">Take myself as an example, I used to be overwhelmed by the burden of preparing for the final exam, submitting my paper, and finishing my internship work at the end of each term.</edu>
  <edu id="e6" lang="ru" trans="google">Возьмите себя в качестве примера, я использовал, чтобы быть перегружены в связи с подготовкой к итоговому экзамену, представив свою бумагу, и заканчивая моей интернатуры работы в конце каждого семестра.</edu>
  <edu id="e7" lang="en">Yet, in this year, following the suggestion of my roommate, John, I make a to-do list to plan and organize perfectly everything I should get done in the final and hence take every tasks and trivials into control.</edu>
  <edu id="e7" lang="ru" trans="google">Тем не менее, в этом году, следуя совету моего соседа по комнате, Джон, я делаю список дел, чтобы планировать и организовывать отлично все, что нужно успеть сделать в финале и, следовательно, принимать все задачи и trivials в управление.</edu>
  <edu id="e8" lang="en">This plan ability helps me a lot, making me climb to the top rank of the class while finishing everything else.</edu>
  <edu id="e8" lang="ru" trans="google">Эта способность плана помогает мне, заставляя меня подняться на вершину ранга класса, завершая все остальное.</edu>
  <edu id="e9" lang="en">Equally important, the capacity to plan and organize also help young people to eliminate the crisis in their actions, which may ruin one's whole effort over a very long time.</edu>
  <edu id="e9" lang="ru" trans="google">Не менее важно, способность планировать и организовывать также помочь молодым людям, чтобы устранить кризис в своих действиях, которые могут разрушить всю свою работу в течение очень долгого времени.</edu>
  <edu id="e10" lang="en">As we all know, the employees in every company have to create profit as much as they can for their supervisors and complete their assignments perfectly.</edu>
  <edu id="e10" lang="ru" trans="google">Как мы все знаем, что сотрудники в каждой компании должны создавать прибыль столько, сколько они могут для своих руководителей и выполнять свои задания отлично.</edu>
  <edu id="e11" lang="en">If some employees lack the ability to plan and organize ahead, they may get the procrastination and therefore take into action until the deadline is imminent.</edu>
  <edu id="e11" lang="ru" trans="google">Если некоторые сотрудники не имеют возможности планировать и организовывать заранее, они могут получить проволочки и, следовательно, принять в действие до тех пор, пока срок неизбежен.</edu>
  <edu id="e12" lang="en">However, things have been changing all the time.</edu>
  <edu id="e12" lang="ru" trans="google">Тем не менее, ситуация меняется все время.</edu>
  <edu id="e13" lang="en">For instance, the deadline of task is shifted to an earlier date for the change of company's schedule.</edu>
  <edu id="e13" lang="ru" trans="google">Например, срок задания переносится на более раннюю дату для изменения расписания компании.</edu>
  <edu id="e14" lang="en">In this case, those employees who did not plan and finish their assignments ahead of time perhaps are unable to finish these tasks on time and therefore will be penalized or get fired.</edu>
  <edu id="e14" lang="ru" trans="google">В этом случае, те сотрудники, которые не планировали и закончить свои задания досрочно, возможно, не в состоянии закончить эти задачи по времени и, следовательно, будут оштрафованы или уволят.</edu>
  <edu id="e15" lang="en">Every employee can not afford this kind of loss.</edu>
  <edu id="e15" lang="ru" trans="google">Каждый работник не может позволить себе такого рода потери.</edu>
  <edu id="e16" lang="en">Finally, some assert that the ability to plan and organize can be learned until obtaining a job.</edu>
  <edu id="e16" lang="ru" trans="google">Наконец, некоторые утверждают, что умение планировать и организовывать не могут быть изучены до получения задания.</edu>
  <edu id="e17" lang="en">Thus, it is not need for young people to possess this ability.</edu>
  <edu id="e17" lang="ru" trans="google">Таким образом, не нужно, чтобы молодые люди обладают этой способностью.</edu>
  <edu id="e18" lang="en">Nevertheless, this ability is also essential for young people.</edu>
  <edu id="e18" lang="ru" trans="google">Тем не менее, эта способность также имеет важное значение для молодых людей.</edu>
  <edu id="e19" lang="en">Since young people can overcome their bad habits and fulfill their goals more quickly with this ability.</edu>
  <edu id="e19" lang="ru" trans="google">Так как молодые люди могут преодолеть свои дурные привычки и выполнять свои задачи более быстро с этой способностью.</edu>
  <edu id="e20" lang="en">As searching information on the internet, young people are probably distracted by other attractions such as online games or social webs.</edu>
  <edu id="e20" lang="ru" trans="google">Как искать информацию в Интернете, молодые люди, вероятно, отвлекается на другие достопримечательности, такие как онлайн-игр и социальных сетей.</edu>
  <edu id="e21" lang="en">At this circumstances, they would surf on the internet for hours and end up no where.</edu>
  <edu id="e21" lang="ru" trans="google">В этой ситуации, они будут путешествовать в Интернете в течение нескольких часов, и в конечном итоге не где.</edu>
  <edu id="e22" lang="en">It is obviously a huge waste of time.</edu>
  <edu id="e22" lang="ru" trans="google">Это, очевидно, огромная трата времени.</edu>
  <edu id="e23" lang="en">But if they make their plan in the first place, and then stick to their plans, they could get their work done quickly beyond their imagination.</edu>
  <edu id="e23" lang="ru" trans="google">Но если они делают свой план в первую очередь, а затем придерживаться своих планов, они могли бы получить свою работу быстро сделать за пределами их воображения.</edu>
  <edu id="e24" lang="en">In this complex society, we, young people, are encompassed with multiple tasks.</edu>
  <edu id="e24" lang="ru" trans="google">В этом сложном обществе, мы, молодые люди, которые охватывают несколько задач.</edu>
  <edu id="e25" lang="en">So the ability to plan and organize is undoubtedly a powerful and sharp weapon that we must be armed with.</edu>
  <edu id="e25" lang="ru" trans="google">Таким образом, способность планировать и организовывать, несомненно, является мощным и острым оружием, что мы должны быть вооружены.</edu>
  <adu id="a1" type="neut"/>
  <adu id="a2" type="mcl"/>
  <adu id="a3" type="pro"/>
  <adu id="a4" type="neut"/>
  <adu id="a5" type="pro"/>
  <adu id="a6" type="pro"/>
  <adu id="a7" type="pro"/>
  <adu id="a8" type="pro"/>
  <adu id="a9" type="pro"/>
  <adu id="a10" type="pro"/>
  <adu id="a11" type="pro"/>
  <adu id="a12" type="neut"/>
  <adu id="a13" type="pro"/>
  <adu id="a14" type="pro"/>
  <adu id="a15" type="pro"/>
  <adu id="a16" type="opp"/>
  <adu id="a17" type="opp"/>
  <adu id="a18" type="pro"/>
  <adu id="a19" type="pro"/>
  <adu id="a20" type="pro"/>
  <adu id="a21" type="pro"/>
  <adu id="a22" type="pro"/>
  <adu id="a23" type="pro"/>
  <adu id="a24" type="pro"/>
  <adu id="a25" type="mcl"/>
  <edge id="c26" src="e1" trg="a1" type="seg"/>
  <edge id="c27" src="e2" trg="a2" type="seg"/>
  <edge id="c28" src="e3" trg="a3" type="seg"/>
  <edge id="c29" src="e4" trg="a4" type="seg"/>
  <edge id="c30" src="e5" trg="a5" type="seg"/>
  <edge id="c31" src="e6" trg="a6" type="seg"/>
  <edge id="c32" src="e7" trg="a7" type="seg"/>
  <edge id="c33" src="e8" trg="a8" type="seg"/>
  <edge id="c34" src="e9" trg="a9" type="seg"/>
  <edge id="c35" src="e10" trg="a10" type="seg"/>
  <edge id="c36" src="e11" trg="a11" type="seg"/>
  <edge id="c37" src="e12" trg="a12" type="seg"/>
  <edge id="c38" src="e13" trg="a13" type="seg"/>
  <edge id="c39" src="e14" trg="a14" type="seg"/>
  <edge id="c40" src="e15" trg="a15" type="seg"/>
  <edge id="c41" src="e16" trg="a16" type="seg"/>
  <edge id="c42" src="e17" trg="a17" type="seg"/>
  <edge id="c43" src="e18" trg="a18" type="seg"/>
  <edge id="c44" src="e19" trg="a19" type="seg"/>
  <edge id="c45" src="e20" trg="a20" type="seg"/>
  <edge id="c46" src="e21" trg="a21" type="seg"/>
  <edge id="c47" src="e22" trg="a22" type="seg"/>
  <edge id="c48" src="e23" trg="a23" type="seg"/>
  <edge id="c49" src="e24" trg="a24" type="seg"/>
  <edge id="c50" src="e25" trg="a25" type="seg"/>
  <edge id="c1" src="a3" trg="a2" type="sup"/>
  <edge id="c2" src="a3" trg="a25" type="sup"/>
  <edge id="c3" src="a5" trg="a2" type="sup"/>
  <edge id="c4" src="a5" trg="a25" type="sup"/>
  <edge id="c5" src="a6" trg="a5" type="sup"/>
  <edge id="c6" src="a7" trg="a5" type="sup"/>
  <edge id="c7" src="a8" trg="a5" type="sup"/>
  <edge id="c8" src="a9" trg="a2" type="sup"/>
  <edge id="c9" src="a9" trg="a25" type="sup"/>
  <edge id="c10" src="a10" trg="a11" type="sup"/>
  <edge id="c11" src="a11" trg="a9" type="sup"/>
  <edge id="c12" src="a13" trg="a14" type="exa"/>
  <edge id="c13" src="a14" trg="a9" type="sup"/>
  <edge id="c14" src="a15" trg="a9" type="sup"/>
  <edge id="c15" src="a16" trg="a17" type="sup"/>
  <edge id="c16" src="a17" trg="a2" type="reb"/>
  <edge id="c17" src="a17" trg="a25" type="reb"/>
  <edge id="c18" src="a18" trg="a17" type="reb"/>
  <edge id="c19" src="a19" trg="a18" type="sup"/>
  <edge id="c20" src="a20" trg="a23" type="sup"/>
  <edge id="c21" src="a21" trg="a23" type="sup"/>
  <edge id="c22" src="a22" trg="a23" type="sup"/>
  <edge id="c23" src="a23" trg="a17" type="reb"/>
  <edge id="c24" src="a24" trg="a2" type="sup"/>
  <edge id="c25" src="a24" trg="a25" type="sup"/>
</arggraph>
