<?xml version='1.0' encoding='UTF-8'?>
<arggraph id="micro_e235" stance="pro" topic_id="Popularity of mobile phones to young people" topic_ru="Популярность мобильных телефонов для молодежи">
  <edu id="e1" lang="en">Nowadays, many young people consider mobile phone as the most important thing in their lives as it keeps them constantly organized and it provides much convenience for them to reach out their families and friends.</edu>
  <edu id="e1" lang="ru" trans="google">В настоящее время многие молодые люди считают мобильный телефон как самое главное в своей жизни, как он держит их постоянно организованы и предоставляет много удобства для них, чтобы достичь своих семей и друзей.</edu>
  <edu id="e2" lang="en">Despite all these positive aspects, I think that the popularity of mobile phones to the young generation is a bad development.</edu>
  <edu id="e2" lang="ru" trans="google">Несмотря на все эти позитивные аспекты, я думаю, что популярность мобильных телефонов молодого поколения является плохим развитием.</edu>
  <edu id="e3" lang="en">First of all, many young owners of cellular phones are struggling at school because they are distracted most of the time with their phones.</edu>
  <edu id="e3" lang="ru" trans="google">Прежде всего, многие молодые владельцы сотовых телефонов борются в школе, потому что они отвлекают большую часть времени со своими телефонами.</edu>
  <edu id="e4" lang="en">Games and applications installed in phones have occupied much of their time, leaving them lesser time for their studies and other school activities.</edu>
  <edu id="e4" lang="ru" trans="google">Игры и приложения, установленные в телефонах оккупировали большую часть своего времени, оставляя им меньше времени для своих исследований и других школьных мероприятий.</edu>
  <edu id="e5" lang="en">Similarly, internet capable phones help influence the young ones to become more interested in chatting and social sites rather than doing school works.</edu>
  <edu id="e5" lang="ru" trans="google">Кроме того, интернет-способные телефоны помогают влиять на молодые, чтобы стать более заинтересованы в чате и социальных сайтов, а не делать школьные работы.</edu>
  <edu id="e6" lang="en">In my college days, I was once addicted to a certain game on my cellular phone.</edu>
  <edu id="e6" lang="ru" trans="google">В мои дни колледжа, я был когда-то пристрастился к определенной игре на моем сотовом телефоне.</edu>
  <edu id="e7" lang="en">I have spent most of my time trying to reach a higher level to show-off to my friends.</edu>
  <edu id="e7" lang="ru" trans="google">Я провел большую часть своего времени, пытаясь достичь более высокого уровня, чтобы показать-офф к моим друзьям.</edu>
  <edu id="e8" lang="en">That goal has led me to my lost in interest on doing my homework and I ended up failing one subject in that semester.</edu>
  <edu id="e8" lang="ru" trans="google">Эта цель привела меня к моему потерял интерес на делать свою домашнюю работу, и я в конечном итоге отсутствие одного предмета в этом семестре.</edu>
  <edu id="e9" lang="en">Secondly, juveniles who possess mobile phones have great tendencies to become materialistic.</edu>
  <edu id="e9" lang="ru" trans="google">Во-вторых, подростки, которые обладают мобильные телефоны имеют большие тенденции, чтобы стать материалистической.</edu>
  <edu id="e10" lang="en">They would not only purchase a phone because of its functionality but also for its brand.</edu>
  <edu id="e10" lang="ru" trans="google">Они не только приобрести телефон из-за его функциональности, но и для своего бренда.</edu>
  <edu id="e11" lang="en">Relatively, these do not come at a significant and inexpensive cost.</edu>
  <edu id="e11" lang="ru" trans="google">Относительно, они не приходят на значительную и недорогую стоимости.</edu>
  <edu id="e12" lang="en">Furthermore, most of these juveniles are students.</edu>
  <edu id="e12" lang="ru" trans="google">Кроме того, большинство из этих подростков являются студентами.</edu>
  <edu id="e13" lang="en">So they would need their parents to support them financially for what they want.</edu>
  <edu id="e13" lang="ru" trans="google">Таким образом, они должны были бы их родители, чтобы поддержать их в финансовом отношении, что они хотят.</edu>
  <edu id="e14" lang="en">An illustration of this unfortunate trend can be seen almost everywhere these days, wherein most teens at an early age own phones which are worth twice the salary of their parents.</edu>
  <edu id="e14" lang="ru" trans="google">Иллюстрацией этого печального тренда можно увидеть почти везде в эти дни, в котором большинство подростков в раннем возрасте собственных телефонов, которые стоят в два раза зарплату своих родителей.</edu>
  <edu id="e15" lang="en">This clearly shows that the negative impacts brought about by mobile phones are harmful to a person's education and character.</edu>
  <edu id="e15" lang="ru" trans="google">Это ясно показывает, что негативные последствия, вызванные мобильными телефоны вредны для образования и характера человека.</edu>
  <edu id="e16" lang="en">Therefore, I highly discourage the young ones to be overly dependent on mobile phones.</edu>
  <edu id="e16" lang="ru" trans="google">Поэтому я настоятельно отпугнуть молодые, чтобы быть чрезмерно зависят от мобильных телефонов.</edu>
  <adu id="a1" type="neut"/>
  <adu id="a2" type="mcl"/>
  <adu id="a3" type="pro"/>
  <adu id="a4" type="pro"/>
  <adu id="a5" type="pro"/>
  <adu id="a6" type="pro"/>
  <adu id="a7" type="pro"/>
  <adu id="a8" type="pro"/>
  <adu id="a9" type="pro"/>
  <adu id="a10" type="pro"/>
  <adu id="a11" type="pro"/>
  <adu id="a12" type="pro"/>
  <adu id="a13" type="pro"/>
  <adu id="a14" type="pro"/>
  <adu id="a15" type="mcl"/>
  <adu id="a16" type="neut"/>
  <edge id="c15" src="e1" trg="a1" type="seg"/>
  <edge id="c16" src="e2" trg="a2" type="seg"/>
  <edge id="c17" src="e3" trg="a3" type="seg"/>
  <edge id="c18" src="e4" trg="a4" type="seg"/>
  <edge id="c19" src="e5" trg="a5" type="seg"/>
  <edge id="c20" src="e6" trg="a6" type="seg"/>
  <edge id="c21" src="e7" trg="a7" type="seg"/>
  <edge id="c22" src="e8" trg="a8" type="seg"/>
  <edge id="c23" src="e9" trg="a9" type="seg"/>
  <edge id="c24" src="e10" trg="a10" type="seg"/>
  <edge id="c25" src="e11" trg="a11" type="seg"/>
  <edge id="c26" src="e12" trg="a12" type="seg"/>
  <edge id="c27" src="e13" trg="a13" type="seg"/>
  <edge id="c28" src="e14" trg="a14" type="seg"/>
  <edge id="c29" src="e15" trg="a15" type="seg"/>
  <edge id="c30" src="e16" trg="a16" type="seg"/>
  <edge id="c1" src="a3" trg="a2" type="sup"/>
  <edge id="c2" src="a3" trg="a15" type="sup"/>
  <edge id="c3" src="a4" trg="a3" type="sup"/>
  <edge id="c4" src="a5" trg="a3" type="sup"/>
  <edge id="c5" src="a6" trg="a5" type="sup"/>
  <edge id="c6" src="a7" trg="a5" type="sup"/>
  <edge id="c7" src="a8" trg="a5" type="sup"/>
  <edge id="c8" src="a9" trg="a2" type="sup"/>
  <edge id="c9" src="a9" trg="a15" type="sup"/>
  <edge id="c10" src="a10" trg="a9" type="sup"/>
  <edge id="c11" src="a11" trg="a9" type="sup"/>
  <edge id="c12" src="a12" trg="a13" type="sup"/>
  <edge id="c13" src="a13" trg="a9" type="sup"/>
  <edge id="c14" src="a14" trg="a9" type="exa"/>
</arggraph>
