<?xml version='1.0' encoding='UTF-8'?>
<arggraph id="micro_e105" stance="pro" topic_id="Do you agree that the traditional skills will die out ?" topic_ru="Согласны ли вы, что традиционные навыки вымрут?">
  <edu id="e1" lang="en">With the development of technology, whether or not it is still necessary to protect the traditional skills and lifestyles leads to a drastic controversy which is becoming a public concern, especially considering the significant impact taken by technology.</edu>
  <edu id="e1" lang="ru" trans="google">С развитием технологий, является ли она по-прежнему необходима для защиты традиционных навыков и образом жизни ведет к резкому полемике, которая становится общественным беспокойством, особенно учитывая значительное влияние занятых технологий.</edu>
  <edu id="e2" lang="en">As far as I am concerned, the importance of traditions should be valued and paid attention to.</edu>
  <edu id="e2" lang="ru" trans="google">Насколько я обеспокоен, важность традиций следует оценивать и обратить внимание.</edu>
  <edu id="e3" lang="en">Traditional skills and lifestyles play important role in modern society, in terms of healthcare, environmental protection and cultural inherit.</edu>
  <edu id="e3" lang="ru" trans="google">Традиционные навыки и образ жизни играют важную роль в современном обществе, с точки зрения здравоохранения, охраны окружающей среды и культурного Наследовать.</edu>
  <edu id="e4" lang="en">Although technology takes convenience to humankind.</edu>
  <edu id="e4" lang="ru" trans="google">Хотя технология имеет удобство для человечества.</edu>
  <edu id="e5" lang="en">it also contributes to unhealthy behaviors of life, like sedentary lifestyle.</edu>
  <edu id="e5" lang="ru" trans="google">она также способствует нездоровому поведению жизни, как сидячий образ жизни.</edu>
  <edu id="e6" lang="en">Instead, traditional ways of life is a great complimentary for modern life and highlight the importance of work life balance.</edu>
  <edu id="e6" lang="ru" trans="google">Вместо этого, традиционный образ жизни является отличным бесплатным для современной жизни и подчеркнуть важность работы и личной жизни.</edu>
  <edu id="e7" lang="en">Meanwhile, due to the fact that traditional skills rely little on fossil energy.</edu>
  <edu id="e7" lang="ru" trans="google">В то же время, в связи с тем, что традиционные навыки мало полагаются на ископаемой энергии.</edu>
  <edu id="e8" lang="en">it is more environmentally-friendly, which should be promoted to reduce the threat of climate change.</edu>
  <edu id="e8" lang="ru" trans="google">это более экологически чистые, которые следует поощрять, чтобы уменьшить угрозу изменения климата.</edu>
  <edu id="e9" lang="en">Furthermore those tradition-related things convey traditional culture and values.</edu>
  <edu id="e9" lang="ru" trans="google">Кроме того, эти традиции, связанные вещи передать традиционную культуру и ценности.</edu>
  <edu id="e10" lang="en">These are important foundation of modern civilization.</edu>
  <edu id="e10" lang="ru" trans="google">Это важная основа современной цивилизации.</edu>
  <edu id="e11" lang="en">Protection of tradition can provide the possibility to better understand ancient culture and utilize them to tackle modern problems.</edu>
  <edu id="e11" lang="ru" trans="google">Защита традиции может дать возможность лучше понять древнюю культуру и использовать их для решения современных проблем.</edu>
  <edu id="e12" lang="en">Some people who hold different viewpoints may advocate that protecting traditions consume too much financial budget compared with the incoming it takes.</edu>
  <edu id="e12" lang="ru" trans="google">Некоторые люди, которые придерживаются различных точек зрения, могут выступать за то, защищающие традиции потребляют слишком много финансового бюджета по сравнению с поступающим он принимает.</edu>
  <edu id="e13" lang="en">In spite of the fact this kind of business bring limited contribution to government finance, it.</edu>
  <edu id="e13" lang="ru" trans="google">Несмотря на то, что данный вид бизнеса приносит ограниченный вклад в государственные финансы, это.</edu>
  <edu id="e14" lang="en">Should be emphasized that the expense is trivial compared with the potential value of traditions.</edu>
  <edu id="e14" lang="ru" trans="google">Следует подчеркнуть, что за счет тривиален по сравнению с потенциальной ценностью традиций.</edu>
  <edu id="e15" lang="en">Therefore the government authorities and education institutes should work closely together to promote the traditional skills and ways of life, so as to make people to realize the value of them.</edu>
  <edu id="e15" lang="ru" trans="google">Поэтому государственные органы и образовательные институты должны работать в тесном контакте друг с другом, чтобы продвигать традиционные навыки и образ жизни, с тем, чтобы заставить людей осознать ценность их.</edu>
  <edu id="e16" lang="en">All in all, protection of tradition is not only important for the entire society currently, but also contributes to the next generation.</edu>
  <edu id="e16" lang="ru" trans="google">В целом, защита традиции не только важна для всего общества в настоящее время, но и способствует следующему поколению.</edu>
  <adu id="a1" type="neut"/>
  <adu id="a2" type="mcl"/>
  <adu id="a3" type="pro"/>
  <adu id="a4" type="opp"/>
  <adu id="a5" type="pro"/>
  <adu id="a6" type="pro"/>
  <adu id="a7" type="pro"/>
  <adu id="a8" type="pro"/>
  <adu id="a9" type="pro"/>
  <adu id="a10" type="pro"/>
  <adu id="a11" type="pro"/>
  <adu id="a12" type="opp"/>
  <adu id="a13" type="opp"/>
  <adu id="a14" type="pro"/>
  <adu id="a15" type="pro"/>
  <adu id="a16" type="mcl"/>
  <edge id="c17" src="e1" trg="a1" type="seg"/>
  <edge id="c18" src="e2" trg="a2" type="seg"/>
  <edge id="c19" src="e3" trg="a3" type="seg"/>
  <edge id="c20" src="e4" trg="a4" type="seg"/>
  <edge id="c21" src="e5" trg="a5" type="seg"/>
  <edge id="c22" src="e6" trg="a6" type="seg"/>
  <edge id="c23" src="e7" trg="a7" type="seg"/>
  <edge id="c24" src="e8" trg="a8" type="seg"/>
  <edge id="c25" src="e9" trg="a9" type="seg"/>
  <edge id="c26" src="e10" trg="a10" type="seg"/>
  <edge id="c27" src="e11" trg="a11" type="seg"/>
  <edge id="c28" src="e12" trg="a12" type="seg"/>
  <edge id="c29" src="e13" trg="a13" type="seg"/>
  <edge id="c30" src="e14" trg="a14" type="seg"/>
  <edge id="c31" src="e15" trg="a15" type="seg"/>
  <edge id="c32" src="e16" trg="a16" type="seg"/>
  <edge id="c1" src="a3" trg="a2" type="sup"/>
  <edge id="c2" src="a3" trg="a16" type="sup"/>
  <edge id="c3" src="a4" trg="a3" type="reb"/>
  <edge id="c4" src="a5" trg="a4" type="reb"/>
  <edge id="c5" src="a6" trg="a3" type="sup"/>
  <edge id="c6" src="a7" trg="a8" type="sup"/>
  <edge id="c7" src="a8" trg="a3" type="sup"/>
  <edge id="c8" src="a9" trg="a3" type="sup"/>
  <edge id="c9" src="a10" trg="a9" type="sup"/>
  <edge id="c10" src="a11" trg="a3" type="sup"/>
  <edge id="c11" src="a12" trg="a2" type="reb"/>
  <edge id="c12" src="a12" trg="a16" type="reb"/>
  <edge id="c13" src="a13" trg="a12" type="sup"/>
  <edge id="c14" src="a14" trg="a13" type="reb"/>
  <edge id="c15" src="a15" trg="a2" type="sup"/>
  <edge id="c16" src="a15" trg="a16" type="sup"/>
</arggraph>
