<?xml version='1.0' encoding='UTF-8'?>
<arggraph id="micro_e6" stance="pro" topic_id="Museums and art galleries will disappear soon ?" topic_ru="Музеи и художественные галереи скоро исчезнут?">
  <edu id="e1" lang="en">It is quite common that more and more people can watch exhibitions through television or internet at home due to modern technology; therefore, some people think museums and art galleries will disappear soon.</edu>
  <edu id="e1" lang="ru" trans="google">Это довольно часто, что все больше и больше людей могут смотреть выставки через телевидение или Интернет дома благодаря современной технологии; Поэтому, некоторые люди думают, что музеи и художественные галереи скоро исчезнут.</edu>
  <edu id="e2" lang="en">Although modern technology make it possible, I still believe some museums and art galleries will not disappear.</edu>
  <edu id="e2" lang="ru" trans="google">Хотя современные технологии позволяют, я до сих пор считаю, некоторые музеи и художественные галереи, не исчезнут.</edu>
  <edu id="e3" lang="en">On the one hand, technology indeed simplifies people's life all the time.</edu>
  <edu id="e3" lang="ru" trans="google">С одной стороны, технология действительно упрощает жизнь людей все время.</edu>
  <edu id="e4" lang="en">Obviously, people who watch exhibitions on TV or internet at home, save the time and money on the road, which is increasingly significant particularly to people in modern society.</edu>
  <edu id="e4" lang="ru" trans="google">Очевидно, что люди, которые смотрят выставки по телевизору или в Интернете дома, сэкономить время и деньги на дорогу, которая становится все более значительным, особенно для людей в современном обществе.</edu>
  <edu id="e5" lang="en">However, in accordance with recent research, experts suggest the lifestyle of individuals in modern society is unhealthy.</edu>
  <edu id="e5" lang="ru" trans="google">Однако, в соответствии с недавними исследованиями, эксперты предполагают, что образ жизнь индивидов в современном обществе является нездоровой.</edu>
  <edu id="e6" lang="en">Because they lack of physical exercise and face-to-face communication.</edu>
  <edu id="e6" lang="ru" trans="google">Потому что им не хватает физических упражнений и лицом к лицу.</edu>
  <edu id="e7" lang="en">On the other hand, the importance of museums and art galleries is plain in terms of education and culture.</edu>
  <edu id="e7" lang="ru" trans="google">С другой стороны, важность музеев и художественных галерей ясно с точки зрения образования и культуры.</edu>
  <edu id="e8" lang="en">First of all, authentic exhibits cannot be completely displayed only by images and videos.</edu>
  <edu id="e8" lang="ru" trans="google">Прежде всего, подлинные экспонаты не могут быть полностью отображены только изображения и видео.</edu>
  <edu id="e9" lang="en">It is like travelling to a place is much better than viewing the landscape of that place on TV or photos, so the best method to learn one thing is to experience it.</edu>
  <edu id="e9" lang="ru" trans="google">Это как путешествие в место гораздо лучше, чем просмотр ландшафт этого места по телевизору или фотографии, так что лучший способ узнать одну вещь, чтобы испытать его.</edu>
  <edu id="e10" lang="en">Furthermore, museums and art galleries preserve some culture heritages.</edu>
  <edu id="e10" lang="ru" trans="google">Кроме того, музеи и художественные галереи сохранить некоторое наследие культуры.</edu>
  <edu id="e11" lang="en">Therefore, these buildings will not disappear unless people abandon their culture.</edu>
  <edu id="e11" lang="ru" trans="google">Таким образом, эти здания не будут исчезать, если люди не отказаться от своей культуры.</edu>
  <edu id="e12" lang="en">In conclusion, I admit that modern technology has provided a more convenient and comfortable manner for people to watch exhibitions.</edu>
  <edu id="e12" lang="ru" trans="google">В заключении, я признаю, что современная технология обеспечивает более удобный и комфортный способ для людей, чтобы посмотреть выставки.</edu>
  <edu id="e13" lang="en">But museums and art galleries are necessary to be preserved for its importance of education and culture.</edu>
  <edu id="e13" lang="ru" trans="google">Но музеи и художественные галереи необходимо сохранить для его важности образования и культуры.</edu>
  <adu id="a1" type="neut"/>
  <adu id="a2" type="mcl"/>
  <adu id="a3" type="opp"/>
  <adu id="a4" type="opp"/>
  <adu id="a5" type="pro"/>
  <adu id="a6" type="pro"/>
  <adu id="a7" type="pro"/>
  <adu id="a8" type="pro"/>
  <adu id="a9" type="pro"/>
  <adu id="a10" type="pro"/>
  <adu id="a11" type="pro"/>
  <adu id="a12" type="opp"/>
  <adu id="a13" type="mcl"/>
  <edge id="c15" src="e1" trg="a1" type="seg"/>
  <edge id="c16" src="e2" trg="a2" type="seg"/>
  <edge id="c17" src="e3" trg="a3" type="seg"/>
  <edge id="c18" src="e4" trg="a4" type="seg"/>
  <edge id="c19" src="e5" trg="a5" type="seg"/>
  <edge id="c20" src="e6" trg="a6" type="seg"/>
  <edge id="c21" src="e7" trg="a7" type="seg"/>
  <edge id="c22" src="e8" trg="a8" type="seg"/>
  <edge id="c23" src="e9" trg="a9" type="seg"/>
  <edge id="c24" src="e10" trg="a10" type="seg"/>
  <edge id="c25" src="e11" trg="a11" type="seg"/>
  <edge id="c26" src="e12" trg="a12" type="seg"/>
  <edge id="c27" src="e13" trg="a13" type="seg"/>
  <edge id="c1" src="a3" trg="a4" type="sup"/>
  <edge id="c2" src="a4" trg="a2" type="reb"/>
  <edge id="c3" src="a4" trg="a13" type="reb"/>
  <edge id="c4" src="a5" trg="a4" type="reb"/>
  <edge id="c5" src="a6" trg="a5" type="sup"/>
  <edge id="c6" src="a7" trg="a2" type="sup"/>
  <edge id="c7" src="a7" trg="a13" type="sup"/>
  <edge id="c8" src="a8" trg="a7" type="sup"/>
  <edge id="c9" src="a9" trg="a7" type="sup"/>
  <edge id="c10" src="a10" trg="a11" type="sup"/>
  <edge id="c11" src="a11" trg="a2" type="sup"/>
  <edge id="c12" src="a11" trg="a13" type="sup"/>
  <edge id="c13" src="a12" trg="a2" type="reb"/>
  <edge id="c14" src="a12" trg="a13" type="reb"/>
</arggraph>
