<?xml version='1.0' encoding='UTF-8'?>
<arggraph id="micro_e29" stance="pro" topic_id="A successful person is one who has earned a lot of money" topic_ru="Успешный человек это тот, кто заработал много денег">
  <edu id="e1" lang="en">It's such a common definition of a successful person is one who has earned a lot of money, especially in nowadays society.</edu>
  <edu id="e1" lang="ru" trans="google">Это такое общее определение успешного человека является тот, кто заработал много денег, особенно в наше время общество.</edu>
  <edu id="e2" lang="en">Each individual visualize success differently.</edu>
  <edu id="e2" lang="ru" trans="google">Каждый Визуализируйте успех по-разному.</edu>
  <edu id="e3" lang="en">Still, my term of a successful man is one who has certain achievements in life rather than the one with a high income.</edu>
  <edu id="e3" lang="ru" trans="google">Тем не менее, мой член успешный человек это тот, кто имеет определенные достижения в жизни, а не тот, с высоким уровнем дохода.</edu>
  <edu id="e4" lang="en">Money is undeniably pivotal.</edu>
  <edu id="e4" lang="ru" trans="google">Деньги, несомненно, ключевой.</edu>
  <edu id="e5" lang="en">But ways of earning it is also various.</edu>
  <edu id="e5" lang="ru" trans="google">Но способы заработка это также разнообразны.</edu>
  <edu id="e6" lang="en">A person's great prosperity does not state that he has gained it ethically by himself.</edu>
  <edu id="e6" lang="ru" trans="google">Человека великое преуспеяние не утверждает, что он приобрел его этически сам.</edu>
  <edu id="e7" lang="en">Nevertheless, a man can only achieve his accomplishment through hard-working, dedication and passion.</edu>
  <edu id="e7" lang="ru" trans="google">Тем не менее, человек может достичь только его достижения через трудолюбивую, преданность и страсть.</edu>
  <edu id="e8" lang="en">Whether it is a personal or a social achievement, that man is laudable.</edu>
  <edu id="e8" lang="ru" trans="google">это ли личные или социальные достижения, что человек похвально.</edu>
  <edu id="e9" lang="en">More importantly, the more beneficial for the society his achievement is, the more successful he is considered.</edu>
  <edu id="e9" lang="ru" trans="google">Что еще более важно, тем более полезным для общества его достижение, тем более успешным, он считается.</edu>
  <edu id="e10" lang="en">For instance, Thomas Edison is undeniably considered as one of the greatest inventors in the 20th century.</edu>
  <edu id="e10" lang="ru" trans="google">Например, Томас Эдисон, несомненно, считается одним из величайших изобретателей в 20-м веке.</edu>
  <edu id="e11" lang="en">Since his invention's productivity is countless useful for mankind.</edu>
  <edu id="e11" lang="ru" trans="google">Поскольку производительность своего изобретения является бесчисленной полезной для человечества.</edu>
  <edu id="e12" lang="en">On the other hand, the fact of knowing a man's utilization of his money remains in the dark.</edu>
  <edu id="e12" lang="ru" trans="google">С другой стороны, тот факт, зная использование мужчин своих денег остается в темноте.</edu>
  <edu id="e13" lang="en">Therefore, judging a person by his income is difficult, especially in the success aspect.</edu>
  <edu id="e13" lang="ru" trans="google">Поэтому, если судить о человеке по его доходам трудно, особенно в аспекте успеха.</edu>
  <edu id="e14" lang="en">In conclusion, using only money as a scale to measure a man's success is impossible.</edu>
  <edu id="e14" lang="ru" trans="google">В заключение, используя только деньги в качестве шкалы для измерения успеха мужчины невозможно.</edu>
  <edu id="e15" lang="en">Despite the fact that it is the essential in basic needs.</edu>
  <edu id="e15" lang="ru" trans="google">Несмотря на то, что это является существенным в основных потребностях.</edu>
  <edu id="e16" lang="en">Yet, it is the common scene that a man can be publicly considered successful when his achievements, which can only accomplished by passion, dedication and ethics, are helpful not only for himself.</edu>
  <edu id="e16" lang="ru" trans="google">Тем не менее, это общее место, что человек может быть публично считается успешным, когда его достижения, которые могут достичь только страсть, преданность и этике, полезны не только для себя.</edu>
  <adu id="a1" type="neut"/>
  <adu id="a2" type="neut"/>
  <adu id="a3" type="mcl"/>
  <adu id="a4" type="opp"/>
  <adu id="a5" type="pro"/>
  <adu id="a6" type="pro"/>
  <adu id="a7" type="pro"/>
  <adu id="a8" type="pro"/>
  <adu id="a9" type="pro"/>
  <adu id="a10" type="pro"/>
  <adu id="a11" type="pro"/>
  <adu id="a12" type="pro"/>
  <adu id="a13" type="pro"/>
  <adu id="a14" type="mcl"/>
  <adu id="a15" type="opp"/>
  <adu id="a16" type="neut"/>
  <edge id="c15" src="e1" trg="a1" type="seg"/>
  <edge id="c16" src="e2" trg="a2" type="seg"/>
  <edge id="c17" src="e3" trg="a3" type="seg"/>
  <edge id="c18" src="e4" trg="a4" type="seg"/>
  <edge id="c19" src="e5" trg="a5" type="seg"/>
  <edge id="c20" src="e6" trg="a6" type="seg"/>
  <edge id="c21" src="e7" trg="a7" type="seg"/>
  <edge id="c22" src="e8" trg="a8" type="seg"/>
  <edge id="c23" src="e9" trg="a9" type="seg"/>
  <edge id="c24" src="e10" trg="a10" type="seg"/>
  <edge id="c25" src="e11" trg="a11" type="seg"/>
  <edge id="c26" src="e12" trg="a12" type="seg"/>
  <edge id="c27" src="e13" trg="a13" type="seg"/>
  <edge id="c28" src="e14" trg="a14" type="seg"/>
  <edge id="c29" src="e15" trg="a15" type="seg"/>
  <edge id="c30" src="e16" trg="a16" type="seg"/>
  <edge id="c1" src="a4" trg="a7" type="reb"/>
  <edge id="c2" src="a5" trg="a4" type="reb"/>
  <edge id="c3" src="a6" trg="a7" type="sup"/>
  <edge id="c4" src="a7" trg="a3" type="sup"/>
  <edge id="c5" src="a7" trg="a14" type="sup"/>
  <edge id="c6" src="a8" trg="a7" type="sup"/>
  <edge id="c7" src="a9" trg="a13" type="sup"/>
  <edge id="c8" src="a10" trg="a13" type="exa"/>
  <edge id="c9" src="a11" trg="a10" type="sup"/>
  <edge id="c10" src="a12" trg="a13" type="sup"/>
  <edge id="c11" src="a13" trg="a3" type="sup"/>
  <edge id="c12" src="a13" trg="a14" type="sup"/>
  <edge id="c13" src="a15" trg="a3" type="reb"/>
  <edge id="c14" src="a15" trg="a14" type="reb"/>
</arggraph>
