<?xml version='1.0' encoding='UTF-8'?>
<arggraph id="micro_e114" stance="pro" topic_id="Detailed description of crimes on newspaper and TV can have bad consequences on society" topic_ru="Подробное описание преступлений на газеты и ТВ может иметь плохие последствия для общества">
  <edu id="e1" lang="en">Nowadays, the print as well as the electronic media tend to dedicate large amounts of airtime and space to detailed reports about crimes.</edu>
  <edu id="e1" lang="ru" trans="google">В настоящее время печати, а также электронные средства массовой информации, как правило, выделять большие количества эфирного времени и пространства до подробных отчетов о преступлениях.</edu>
  <edu id="e2" lang="en">Personally, I believe such details should be strictly censored, if not banned altogether.</edu>
  <edu id="e2" lang="ru" trans="google">Лично я считаю, такие детали должны быть строго цензуре, если не вообще запрещены.</edu>
  <edu id="e3" lang="en">It is widely known that the press provide the public with criminal content in order to increase newspaper circulation and TV rating.</edu>
  <edu id="e3" lang="ru" trans="google">Широко известно, что пресса предоставить общественности с криминальным содержанием, чтобы увеличить тираж газеты и рейтинг TV.</edu>
  <edu id="e4" lang="en">These days the primary purpose of journalists covering the details of criminal acts is, more often than that, to boost newspaper circulations and TV ratings.</edu>
  <edu id="e4" lang="ru" trans="google">В наши дни основная цель журналистов, освещающих подробности преступных актов, чаще, чем это, чтобы повысить тиражи газет и телевизионные рейтинги.</edu>
  <edu id="e5" lang="en">Consequently, a great deal of crime coverage is rather biased, exaggerated or fraudulent, which only result to terrorize communities and leave law - aiding people increasingly apprehensive of about crimes.</edu>
  <edu id="e5" lang="ru" trans="google">Следовательно, большое освещение преступления довольно предвзято, преувеличенный или мошеннический, которые только приводит к терроризировать общины и отпуск закона - помощь людям все больше опасается о преступлениях.</edu>
  <edu id="e6" lang="en">An even more detrimental fact is that detailed reports of crimes exposured on the press may provide the potential criminals with instructive learning materials, which would be hard to obtain otherwise.</edu>
  <edu id="e6" lang="ru" trans="google">Еще более пагубным в том, что подробные отчеты о преступлениях exposured на прессе может предоставить потенциальным преступникам поучительных учебных материалов, которые трудно было бы получить иначе.</edu>
  <edu id="e7" lang="en">This may help those who are in the process of panning a criminal act perfect their plans, avoid the pitfalls and make themselves harder to be tracked down by the police.</edu>
  <edu id="e7" lang="ru" trans="google">Это может помочь тем, кто находится в процессе панорамирования преступного акта совершенствовать свои планы, избежать ошибок и сделать себя труднее быть выследила полицию.</edu>
  <edu id="e8" lang="en">Thus, without the prevention on criminal details, the unlawful behavior would be more and more severe and the social harmony would be broken.</edu>
  <edu id="e8" lang="ru" trans="google">Таким образом, без предупреждения о преступных деталях, противоправное поведение будет все более и более серьезным и социальная гармония будет нарушена.</edu>
  <edu id="e9" lang="en">Most importantly, particular coverage of heinous crimes may further traumatize the victims of crimes.</edu>
  <edu id="e9" lang="ru" trans="google">Самое главное, особое освещение чудовищных преступлений может дополнительно травмировать жертв преступлений.</edu>
  <edu id="e10" lang="en">Because they have already suffered greatly for what they have experienced.</edu>
  <edu id="e10" lang="ru" trans="google">Потому что они уже сильно пострадали за то, что они пережили.</edu>
  <edu id="e11" lang="en">Without their consent, this could only add to theses innocent people's mental suffering and they may do some extreme actions.</edu>
  <edu id="e11" lang="ru" trans="google">Без их согласия, это может только добавить к тезисам психические страдания невинных людей, и они могут сделать некоторые крайние действия.</edu>
  <edu id="e12" lang="en">In conclusion, I strongly hold my point that any descriptions of crimes should not go unchecked as any longer.</edu>
  <edu id="e12" lang="ru" trans="google">В заключение, я сильно держать свою точку зрения, что любые описания преступлений, не должны идти бесконтрольно, как больше.</edu>
  <edu id="e13" lang="en">as they may be false, may further drive up the already - high crime rate and may bring even more suffering to the victims of crimes.</edu>
  <edu id="e13" lang="ru" trans="google">так как они могут быть ложными, дополнительно может подъехать уже - высокий уровень преступности и может принести еще больше страданий жертв преступлений.</edu>
  <adu id="a1" type="neut"/>
  <adu id="a2" type="mcl"/>
  <adu id="a3" type="pro"/>
  <adu id="a4" type="pro"/>
  <adu id="a5" type="pro"/>
  <adu id="a6" type="pro"/>
  <adu id="a7" type="pro"/>
  <adu id="a8" type="pro"/>
  <adu id="a9" type="pro"/>
  <adu id="a10" type="pro"/>
  <adu id="a11" type="pro"/>
  <adu id="a12" type="mcl"/>
  <adu id="a13" type="pro"/>
  <edge id="c15" src="e1" trg="a1" type="seg"/>
  <edge id="c16" src="e2" trg="a2" type="seg"/>
  <edge id="c17" src="e3" trg="a3" type="seg"/>
  <edge id="c18" src="e4" trg="a4" type="seg"/>
  <edge id="c19" src="e5" trg="a5" type="seg"/>
  <edge id="c20" src="e6" trg="a6" type="seg"/>
  <edge id="c21" src="e7" trg="a7" type="seg"/>
  <edge id="c22" src="e8" trg="a8" type="seg"/>
  <edge id="c23" src="e9" trg="a9" type="seg"/>
  <edge id="c24" src="e10" trg="a10" type="seg"/>
  <edge id="c25" src="e11" trg="a11" type="seg"/>
  <edge id="c26" src="e12" trg="a12" type="seg"/>
  <edge id="c27" src="e13" trg="a13" type="seg"/>
  <edge id="c1" src="a3" trg="a5" type="sup"/>
  <edge id="c2" src="a4" trg="a5" type="sup"/>
  <edge id="c3" src="a5" trg="a2" type="sup"/>
  <edge id="c4" src="a5" trg="a12" type="sup"/>
  <edge id="c5" src="a6" trg="a8" type="sup"/>
  <edge id="c6" src="a7" trg="a8" type="sup"/>
  <edge id="c7" src="a8" trg="a2" type="sup"/>
  <edge id="c8" src="a8" trg="a12" type="sup"/>
  <edge id="c9" src="a9" trg="a2" type="sup"/>
  <edge id="c10" src="a9" trg="a12" type="sup"/>
  <edge id="c11" src="a10" trg="a9" type="sup"/>
  <edge id="c12" src="a11" trg="a9" type="sup"/>
  <edge id="c13" src="a13" trg="a2" type="sup"/>
  <edge id="c14" src="a13" trg="a12" type="sup"/>
</arggraph>
