<?xml version='1.0' encoding='UTF-8'?>
<arggraph id="micro_e241" stance="pro" topic_id="Computers have made life easier" topic_ru="Компьютеры сделали жизнь проще">
  <edu id="e1" lang="en">The advent of the computer is one of the results of the development of the advantaged technology.</edu>
  <edu id="e1" lang="ru" trans="google">Появление компьютера один из результатов развития благополучных технологии.</edu>
  <edu id="e2" lang="en">While some people advocate for the idea that computers have made life more complex and stressful, others support the idea that computers have made life easier and more convenient.</edu>
  <edu id="e2" lang="ru" trans="google">В то время как некоторые люди выступают за идею, что компьютеры сделали жизнь более сложной и напряженной, другие поддерживают идею, что компьютеры сделали жизнь проще и удобнее.</edu>
  <edu id="e3" lang="en">In my point of view, computers brought convenience and easiness to our life.</edu>
  <edu id="e3" lang="ru" trans="google">С моей точки зрения, компьютеры принесли удобство и легкость в нашей жизни.</edu>
  <edu id="e4" lang="en">Since they enabled easier access to information and increased qualities of the communication.</edu>
  <edu id="e4" lang="ru" trans="google">Так как они позволяют более легкий доступ к информации и повышению качества связи.</edu>
  <edu id="e5" lang="en">First, computers through internet made our access to information easier.</edu>
  <edu id="e5" lang="ru" trans="google">Во-первых, компьютеры через сеть Интернет сделал наш доступ к информации проще.</edu>
  <edu id="e6" lang="en">Through computers we can collect appropriate data very quickly, store it in the hard disc as long as we want and use it when needed.</edu>
  <edu id="e6" lang="ru" trans="google">Через компьютеров мы можем собирать соответствующие данные очень быстро, сохранить его на жестком диске до тех пор, как мы хотим, и использовать его при необходимости.</edu>
  <edu id="e7" lang="en">Search engines such as google, yandex with many features relevant to the characteristics of the information needed enable search of information in few minutes.</edu>
  <edu id="e7" lang="ru" trans="google">Поисковые системы, такие как Google, Yandex с большим количеством функций, имеющих отношение к характеристикам информации, необходимой позволяют поиск информации в течение нескольких минут.</edu>
  <edu id="e8" lang="en">Social networks such as facebook, twitter have changed traditional sources of information and decreasing the monopolization of the information by the governments.</edu>
  <edu id="e8" lang="ru" trans="google">Социальные сети, такие как Facebook, Twitter изменили традиционные источники информации и снижения монополизации информации правительства.</edu>
  <edu id="e9" lang="en">Hence, with the use of computers we spend less time in search for information, and can get it from different sources.</edu>
  <edu id="e9" lang="ru" trans="google">Таким образом, с помощью компьютеров мы тратить меньше времени на поиск информации, и может получить его из различных источников.</edu>
  <edu id="e10" lang="en">Second, in a globalized world that we live computers made communications faster, visual and cheaper.</edu>
  <edu id="e10" lang="ru" trans="google">Во-вторых, в глобализованном мире, что мы живем компьютеры сделали связь быстрее, зрительные и дешевле.</edu>
  <edu id="e11" lang="en">With the use of email our messages can be delivered to any person in any part of the world in few minutes.</edu>
  <edu id="e11" lang="ru" trans="google">При использовании электронной почты наши сообщения могут быть доставлены к любому человеку в любой части мира в течение нескольких минут.</edu>
  <edu id="e12" lang="en">In addition, it is convenient.</edu>
  <edu id="e12" lang="ru" trans="google">Кроме того, это удобно.</edu>
  <edu id="e13" lang="en">Because you do not need to mile to the post office, but just click the mouse of your computer from the convenience of your arm chair in order to reach your friends, family members in any part of the world.</edu>
  <edu id="e13" lang="ru" trans="google">Потому что вы не должны милей в почтовом отделение, а просто щелкнуть мышью вашего компьютера от удобства вытянутых кресел для того, чтобы достичь своих друзей, членов семьи в любой части мира.</edu>
  <edu id="e14" lang="en">Internet facilities such as msn, skype made visual communication possible.</edu>
  <edu id="e14" lang="ru" trans="google">Интернет-услуги, такие как MSN, Skype стало возможной видеосвязь.</edu>
  <edu id="e15" lang="en">For example, via skype people not just communicate with their family members and friends, but also make interviews for employment, enrolment into universities.</edu>
  <edu id="e15" lang="ru" trans="google">Например, через скайп люди не просто общаются с членами семьи и друзьями, но и сделать интервью для занятости, зачисление в университеты.</edu>
  <edu id="e16" lang="en">In result, communication has become cheaper, faster and visual.</edu>
  <edu id="e16" lang="ru" trans="google">В результате, связь стала дешевле, быстрее и визуально.</edu>
  <edu id="e17" lang="en">Finally, I believe that computers have made life easier and more convenient.</edu>
  <edu id="e17" lang="ru" trans="google">Наконец, я считаю, что компьютеры сделали жизнь проще и удобнее.</edu>
  <edu id="e18" lang="en">In the ways that it broadened the sources of information and made access more quick, a long with the improving quality of the communication in many ways.</edu>
  <edu id="e18" lang="ru" trans="google">В пути, что он расширил источники информации и сделал доступ к более быстрым, долго с улучшением качества связи во многих отношениях.</edu>
  <adu id="a1" type="neut"/>
  <adu id="a2" type="neut"/>
  <adu id="a3" type="mcl"/>
  <adu id="a4" type="pro"/>
  <adu id="a5" type="pro"/>
  <adu id="a6" type="pro"/>
  <adu id="a7" type="pro"/>
  <adu id="a8" type="pro"/>
  <adu id="a9" type="pro"/>
  <adu id="a10" type="pro"/>
  <adu id="a11" type="pro"/>
  <adu id="a12" type="pro"/>
  <adu id="a13" type="pro"/>
  <adu id="a14" type="pro"/>
  <adu id="a15" type="pro"/>
  <adu id="a16" type="pro"/>
  <adu id="a17" type="mcl"/>
  <adu id="a18" type="pro"/>
  <edge id="c19" src="e1" trg="a1" type="seg"/>
  <edge id="c20" src="e2" trg="a2" type="seg"/>
  <edge id="c21" src="e3" trg="a3" type="seg"/>
  <edge id="c22" src="e4" trg="a4" type="seg"/>
  <edge id="c23" src="e5" trg="a5" type="seg"/>
  <edge id="c24" src="e6" trg="a6" type="seg"/>
  <edge id="c25" src="e7" trg="a7" type="seg"/>
  <edge id="c26" src="e8" trg="a8" type="seg"/>
  <edge id="c27" src="e9" trg="a9" type="seg"/>
  <edge id="c28" src="e10" trg="a10" type="seg"/>
  <edge id="c29" src="e11" trg="a11" type="seg"/>
  <edge id="c30" src="e12" trg="a12" type="seg"/>
  <edge id="c31" src="e13" trg="a13" type="seg"/>
  <edge id="c32" src="e14" trg="a14" type="seg"/>
  <edge id="c33" src="e15" trg="a15" type="seg"/>
  <edge id="c34" src="e16" trg="a16" type="seg"/>
  <edge id="c35" src="e17" trg="a17" type="seg"/>
  <edge id="c36" src="e18" trg="a18" type="seg"/>
  <edge id="c1" src="a4" trg="a3" type="sup"/>
  <edge id="c2" src="a4" trg="a17" type="sup"/>
  <edge id="c3" src="a5" trg="a3" type="sup"/>
  <edge id="c4" src="a5" trg="a17" type="sup"/>
  <edge id="c5" src="a6" trg="a5" type="sup"/>
  <edge id="c6" src="a7" trg="a5" type="sup"/>
  <edge id="c7" src="a8" trg="a5" type="sup"/>
  <edge id="c8" src="a9" trg="a5" type="sup"/>
  <edge id="c9" src="a10" trg="a16" type="sup"/>
  <edge id="c10" src="a11" trg="a16" type="sup"/>
  <edge id="c11" src="a12" trg="a16" type="sup"/>
  <edge id="c12" src="a13" trg="a12" type="sup"/>
  <edge id="c13" src="a14" trg="a16" type="sup"/>
  <edge id="c14" src="a15" trg="a14" type="exa"/>
  <edge id="c15" src="a16" trg="a3" type="sup"/>
  <edge id="c16" src="a16" trg="a17" type="sup"/>
  <edge id="c17" src="a18" trg="a3" type="sup"/>
  <edge id="c18" src="a18" trg="a17" type="sup"/>
</arggraph>
