<?xml version='1.0' encoding='UTF-8'?>
<arggraph id="micro_e251" stance="pro" topic_id="Television versus" topic_ru="Телевидение против">
  <edu id="e1" lang="en">Friends and family We all know that television provides us many benefits; it helps people relax, helps keep up with news, helps broad our mind.</edu>
  <edu id="e1" lang="ru" trans="google">Друзья и семья Мы все знаем, что телевидение дает нам много преимуществ; это помогает людям расслабиться, помогает идти в ногу с новостями, помогает широкий наш ум.</edu>
  <edu id="e2" lang="en">However, have you ever thought that television has destroyed communication among friends and family ?</edu>
  <edu id="e2" lang="ru" trans="google">Тем не менее, вы никогда не думали, что телевидение разрушило связь между друзьями и семьей?</edu>
  <edu id="e3" lang="en">I personally consider this fact as the harmful thing that television has brought upon us.</edu>
  <edu id="e3" lang="ru" trans="google">Я лично считаю этот факт, как вредная вещь, что телевидение навел на нас.</edu>
  <edu id="e4" lang="en">First of all, since people watch television too much.</edu>
  <edu id="e4" lang="ru" trans="google">Прежде всего, так как люди смотрят телевизор слишком много.</edu>
  <edu id="e5" lang="en">they can be isolated from others.</edu>
  <edu id="e5" lang="ru" trans="google">они могут быть изолированы от других.</edu>
  <edu id="e6" lang="en">Children, for example, pay more attention on movies, music show provided by television and do not want to do anything else such as going to school or practicing exercise with friends will be taken apart by others.</edu>
  <edu id="e6" lang="ru" trans="google">Дети, например, обращать больше внимания на фильмы, музыкальное шоу, предоставляемых по телевидению и не хотят делать что-нибудь еще, например, как идти в школу или практиковать упражнения с друзьями будут разобраны другими.</edu>
  <edu id="e7" lang="en">Gradually, their friends leave them behind either activities or studying.</edu>
  <edu id="e7" lang="ru" trans="google">Постепенно их друзья оставить их либо деятельности или учебе.</edu>
  <edu id="e8" lang="en">Secondly, with the rapid change of the standard of life, each family has three or four TV in each room is more common.</edu>
  <edu id="e8" lang="ru" trans="google">Во-вторых, с быстрым изменением уровня жизни, каждая семья имеет три или четыре ТВ в каждой комнате является более распространенным.</edu>
  <edu id="e9" lang="en">Parents and even children do not want to communicate with each other instead of watching TV in their own room.</edu>
  <edu id="e9" lang="ru" trans="google">Родители и даже дети не хотят общаться друг с другом вместо того, чтобы смотреть телевизор в своей комнате.</edu>
  <edu id="e10" lang="en">As a consequence, children will learn behavior from what they see on TV not from their parents.</edu>
  <edu id="e10" lang="ru" trans="google">Как следствие, дети будут учиться поведение от того, что они видят по телевизору, а не от своих родителей.</edu>
  <edu id="e11" lang="en">Moreover, parents are not able to function their parental care as the necessary thing to children.</edu>
  <edu id="e11" lang="ru" trans="google">Кроме того, родители не в состоянии функционировать их родительскую заботу как необходимая вещь для детей.</edu>
  <edu id="e12" lang="en">In this way, communication between family members is visibly destroyed.</edu>
  <edu id="e12" lang="ru" trans="google">Таким образом, связь между членами семьи заметно разрушена.</edu>
  <edu id="e13" lang="en">Last but not least, watching too much television people will unconsciously learn bad behavior that sow division among human.</edu>
  <edu id="e13" lang="ru" trans="google">И последнее, но не в последнюю очередь, смотрят слишком много телевидения люди бессознательно узнать плохое поведение, свиноматок разделения между человеком.</edu>
  <edu id="e14" lang="en">For example, watching film about terrorist children will be able to consider terrorism as a right thing.</edu>
  <edu id="e14" lang="ru" trans="google">Например, смотреть фильм о террористических детях будет иметь возможность рассматривать терроризм как правильную вещь.</edu>
  <edu id="e15" lang="en">What happens if they do act exactly the terrorist in Hollywood movies does ?</edu>
  <edu id="e15" lang="ru" trans="google">Что произойдет, если они действуют именно террорист в голливудских фильмах делает?</edu>
  <edu id="e16" lang="en">is this one of the reason cause division in society ?</edu>
  <edu id="e16" lang="ru" trans="google">это одна из причин разделения разума в обществе?</edu>
  <edu id="e17" lang="en">In conclusion, though television has some good sides.</edu>
  <edu id="e17" lang="ru" trans="google">В заключение, хотя телевидение имеет некоторые хорошие стороны.</edu>
  <edu id="e18" lang="en">it has destroyed communication among friends and family.</edu>
  <edu id="e18" lang="ru" trans="google">она разрушила связь между друзьями и семьей.</edu>
  <edu id="e19" lang="en">We need to quickly find the way to address this problem as soon as possible and the first concern is to reducing violent behaviors that children learn from television.</edu>
  <edu id="e19" lang="ru" trans="google">Нам нужно быстро найти способ решения этой проблемы как можно скорее и первой задачей является сокращение агрессивного поведения, что дети учатся от телевидения.</edu>
  <adu id="a1" type="neut"/>
  <adu id="a2" type="neut"/>
  <adu id="a3" type="mcl"/>
  <adu id="a4" type="pro"/>
  <adu id="a5" type="pro"/>
  <adu id="a6" type="pro"/>
  <adu id="a7" type="pro"/>
  <adu id="a8" type="pro"/>
  <adu id="a9" type="pro"/>
  <adu id="a10" type="pro"/>
  <adu id="a11" type="pro"/>
  <adu id="a12" type="pro"/>
  <adu id="a13" type="pro"/>
  <adu id="a14" type="pro"/>
  <adu id="a15" type="neut"/>
  <adu id="a16" type="neut"/>
  <adu id="a17" type="opp"/>
  <adu id="a18" type="mcl"/>
  <adu id="a19" type="neut"/>
  <edge id="c18" src="e1" trg="a1" type="seg"/>
  <edge id="c19" src="e2" trg="a2" type="seg"/>
  <edge id="c20" src="e3" trg="a3" type="seg"/>
  <edge id="c21" src="e4" trg="a4" type="seg"/>
  <edge id="c22" src="e5" trg="a5" type="seg"/>
  <edge id="c23" src="e6" trg="a6" type="seg"/>
  <edge id="c24" src="e7" trg="a7" type="seg"/>
  <edge id="c25" src="e8" trg="a8" type="seg"/>
  <edge id="c26" src="e9" trg="a9" type="seg"/>
  <edge id="c27" src="e10" trg="a10" type="seg"/>
  <edge id="c28" src="e11" trg="a11" type="seg"/>
  <edge id="c29" src="e12" trg="a12" type="seg"/>
  <edge id="c30" src="e13" trg="a13" type="seg"/>
  <edge id="c31" src="e14" trg="a14" type="seg"/>
  <edge id="c32" src="e15" trg="a15" type="seg"/>
  <edge id="c33" src="e16" trg="a16" type="seg"/>
  <edge id="c34" src="e17" trg="a17" type="seg"/>
  <edge id="c35" src="e18" trg="a18" type="seg"/>
  <edge id="c36" src="e19" trg="a19" type="seg"/>
  <edge id="c1" src="a4" trg="a5" type="sup"/>
  <edge id="c2" src="a5" trg="a3" type="sup"/>
  <edge id="c3" src="a5" trg="a18" type="sup"/>
  <edge id="c4" src="a6" trg="a5" type="exa"/>
  <edge id="c5" src="a7" trg="a5" type="sup"/>
  <edge id="c6" src="a8" trg="a10" type="sup"/>
  <edge id="c7" src="a9" trg="a10" type="sup"/>
  <edge id="c8" src="a10" trg="a3" type="sup"/>
  <edge id="c9" src="a10" trg="a18" type="sup"/>
  <edge id="c10" src="a11" trg="a12" type="sup"/>
  <edge id="c11" src="a12" trg="a3" type="sup"/>
  <edge id="c12" src="a12" trg="a18" type="sup"/>
  <edge id="c13" src="a13" trg="a3" type="sup"/>
  <edge id="c14" src="a13" trg="a18" type="sup"/>
  <edge id="c15" src="a14" trg="a13" type="exa"/>
  <edge id="c16" src="a17" trg="a3" type="reb"/>
  <edge id="c17" src="a17" trg="a18" type="reb"/>
</arggraph>
