<?xml version='1.0' encoding='UTF-8'?>
<arggraph id="micro_e229" stance="pro" topic_id="Do you believe that elderly people used to live in a better world ?" topic_ru="Верите ли вы, что пожилые люди привыкли жить в лучшем мире?">
  <edu id="e1" lang="en">Changes are inseparable parts of this world which normally humans are responsible for by manipulating the environment they live in.</edu>
  <edu id="e1" lang="ru" trans="google">Изменения являются неотъемлемыми частями этого мира, как правило, люди, ответственные за манипулируя окружающую среду, в которой они живут.</edu>
  <edu id="e2" lang="en">Sometimes these changes adversely affect our lives that make elderly people think they used to live in a better world than the modern world the younger generation are experiencing.</edu>
  <edu id="e2" lang="ru" trans="google">Иногда эти изменения негативно влияют на нашу жизнь, которые делают пожилые люди думают, что они привыкли жить в лучшем мире, чем в современном мире молодое поколение испытывает.</edu>
  <edu id="e3" lang="en">I utterly disagree with this opinion due to technological and medical reasons.</edu>
  <edu id="e3" lang="ru" trans="google">Я совершенно не согласен с этим мнением по технологическим и медицинским причинам.</edu>
  <edu id="e4" lang="en">We live in an era that technology is developing in the speed of light, steering the world toward a much more convenient place.</edu>
  <edu id="e4" lang="ru" trans="google">Мы живем в эпохе, что технология развивается со скоростью света, рулевым управлением миром к гораздо более удобному месту.</edu>
  <edu id="e5" lang="en">A clear-cut example that supports this idea is the invention of smart phones.</edu>
  <edu id="e5" lang="ru" trans="google">Пример из четкого, который поддерживает эту идею является изобретением смартфонов.</edu>
  <edu id="e6" lang="en">The strong navigation system installed on the phones has been rescued lives of many who left alone in remote areas like forests or deserts.</edu>
  <edu id="e6" lang="ru" trans="google">Сильная навигационная система установлена ​​на телефонах были спасены жизни многих людей, которые оставили в покое в отдаленных районах, таких как леса или пустыни.</edu>
  <edu id="e7" lang="en">Moreover, some people criticize social networks as tools that have ruined true relationships and friendships by reducing face-to-face communication.</edu>
  <edu id="e7" lang="ru" trans="google">Более того, некоторые люди критикуют социальные сети в качестве инструментов, которые разрушенных истинные отношения и дружеских отношений, уменьшая лицом к лицу связи.</edu>
  <edu id="e8" lang="en">In my opinion though, social networks such as Facebook could foster the ties between friends and family members who are obligatorily far away from each other by keeping them in touch, the thing that was impossible less than 20 years ago.</edu>
  <edu id="e8" lang="ru" trans="google">На мой взгляд, хотя, социальные сети, такие как Facebook может способствовать связи между друзьями и членами семьи, которые в обязательном порядке далеко друг от друга, держа их в контакте, на то, что было невозможно менее чем 20 лет назад.</edu>
  <edu id="e9" lang="en">The phenomenal progress in medical science in the last decade was a huge achievement for human being to make the world a healthier and, thus, a happier place to live in.</edu>
  <edu id="e9" lang="ru" trans="google">Феноменальный прогресс в области медицинской науки в последнее десятилетие было огромным достижением для человека в том, чтобы сделать мир более здоровым и, таким образом, более счастливое место, чтобы жить.</edu>
  <edu id="e10" lang="en">Today, even some disabled people with serious vertebral injuries can start doing physical activities like walking again thanks to the continuingly efforts of biomechanical engineers and neurologists.</edu>
  <edu id="e10" lang="ru" trans="google">Сегодня даже некоторые инвалиды с серьезными травмами позвоночника могут начать делать физические действия, как идти снова благодаря усилиям вызывают неизменно биомеханические инженер и неврологов.</edu>
  <edu id="e11" lang="en">The advancement in drug delivery systems is another example that could save lives.</edu>
  <edu id="e11" lang="ru" trans="google">Продвижение в системах доставки лекарственных средств является еще одним примером того, что может спасти жизнь.</edu>
  <edu id="e12" lang="en">To be specific, scientists could invent ways to lead drugs directly to the damaged organs of the body, which is a miraculous breakthrough.</edu>
  <edu id="e12" lang="ru" trans="google">Для того, чтобы быть конкретными, ученые смогли изобрести способы привести лекарства непосредственно к поврежденным органам тела, которая является чудесным прорывом.</edu>
  <edu id="e13" lang="en">In general, the increase in the average age of human from 50 to around 75 years through last decades is a strong evidence to show how successful human was in medicine.</edu>
  <edu id="e13" lang="ru" trans="google">В целом, увеличение среднего возраста человека от 50 до примерно 75 лет, через последние десятилетия веские доказательства, чтобы показать, насколько успешно человек был в медицине.</edu>
  <edu id="e14" lang="en">In conclusion, even though the people from older generation may claim they had better life.</edu>
  <edu id="e14" lang="ru" trans="google">В заключении, несмотря на то, что люди из старшего поколения могут утверждать, что они имели лучшую жизнь.</edu>
  <edu id="e15" lang="en">As there were stronger bonds between family members and friends, I think they.</edu>
  <edu id="e15" lang="ru" trans="google">Поскольку были прочные связи между членами семьи и друзьями, я думаю, что они.</edu>
  <edu id="e16" lang="en">Are wrong, since they judge the contemporary age through a personal prejudice.</edu>
  <edu id="e16" lang="ru" trans="google">Неверно, так как они судят современный возраст через личные предубеждения.</edu>
  <edu id="e17" lang="en">In light of the above-mentioned facts, one can easily conclude that in the current world living standards stand in a much higher level and people are in better conditions socially and physically.</edu>
  <edu id="e17" lang="ru" trans="google">В свете указанных выше фактов, можно легко сделать вывод, что в современном мире уровень жизни стоят на гораздо более высоком уровне, и люди находятся в лучших условиях социально и физически.</edu>
  <adu id="a1" type="neut"/>
  <adu id="a2" type="neut"/>
  <adu id="a3" type="neut"/>
  <adu id="a4" type="pro"/>
  <adu id="a5" type="pro"/>
  <adu id="a6" type="pro"/>
  <adu id="a7" type="opp"/>
  <adu id="a8" type="pro"/>
  <adu id="a9" type="pro"/>
  <adu id="a10" type="pro"/>
  <adu id="a11" type="pro"/>
  <adu id="a12" type="pro"/>
  <adu id="a13" type="pro"/>
  <adu id="a14" type="opp"/>
  <adu id="a15" type="opp"/>
  <adu id="a16" type="pro"/>
  <adu id="a17" type="mcl"/>
  <edge id="c14" src="e1" trg="a1" type="seg"/>
  <edge id="c15" src="e2" trg="a2" type="seg"/>
  <edge id="c16" src="e3" trg="a3" type="seg"/>
  <edge id="c17" src="e4" trg="a4" type="seg"/>
  <edge id="c18" src="e5" trg="a5" type="seg"/>
  <edge id="c19" src="e6" trg="a6" type="seg"/>
  <edge id="c20" src="e7" trg="a7" type="seg"/>
  <edge id="c21" src="e8" trg="a8" type="seg"/>
  <edge id="c22" src="e9" trg="a9" type="seg"/>
  <edge id="c23" src="e10" trg="a10" type="seg"/>
  <edge id="c24" src="e11" trg="a11" type="seg"/>
  <edge id="c25" src="e12" trg="a12" type="seg"/>
  <edge id="c26" src="e13" trg="a13" type="seg"/>
  <edge id="c27" src="e14" trg="a14" type="seg"/>
  <edge id="c28" src="e15" trg="a15" type="seg"/>
  <edge id="c29" src="e16" trg="a16" type="seg"/>
  <edge id="c30" src="e17" trg="a17" type="seg"/>
  <edge id="c1" src="a4" trg="a17" type="sup"/>
  <edge id="c2" src="a5" trg="a4" type="sup"/>
  <edge id="c3" src="a6" trg="a5" type="sup"/>
  <edge id="c4" src="a7" trg="a5" type="reb"/>
  <edge id="c5" src="a8" trg="a7" type="reb"/>
  <edge id="c6" src="a9" trg="a13" type="sup"/>
  <edge id="c7" src="a10" trg="a13" type="sup"/>
  <edge id="c8" src="a11" trg="a13" type="sup"/>
  <edge id="c9" src="a12" trg="a13" type="sup"/>
  <edge id="c10" src="a13" trg="a17" type="sup"/>
  <edge id="c11" src="a14" trg="a17" type="reb"/>
  <edge id="c12" src="a15" trg="a14" type="sup"/>
  <edge id="c13" src="a16" trg="a14" type="reb"/>
</arggraph>
