<?xml version='1.0' encoding='UTF-8'?>
<arggraph id="micro_e21" stance="pro" topic_id="Should teachers be paid according to how much their students learn ?" topic_ru="Если учителя будут оплачены в соответствии с тем, сколько их студенты учатся?">
  <edu id="e1" lang="en">Everyone is different.</edu>
  <edu id="e1" lang="ru" trans="google">Все разные.</edu>
  <edu id="e2" lang="en">Although students are in the same process of education system, learning abilities in each students are not equal.</edu>
  <edu id="e2" lang="ru" trans="google">Хотя студенты находятся в том же процессе системы образования, способности к обучению в каждых студентах не равны.</edu>
  <edu id="e3" lang="en">Some students are fast learner, but some students are not.</edu>
  <edu id="e3" lang="ru" trans="google">Некоторые студенты быстро обучаемые, но некоторые студенты не являются.</edu>
  <edu id="e4" lang="en">Thus, paying for teacher base on grade that students got is not appropriate, and it is not fair for teacher.</edu>
  <edu id="e4" lang="ru" trans="google">Таким образом, платить за учитель базы на класс, что студенты получили не подходит, и это не справедливо для учителя.</edu>
  <edu id="e5" lang="en">So that, I disagree with this notion.</edu>
  <edu id="e5" lang="ru" trans="google">Так что, я не согласен с этим мнением.</edu>
  <edu id="e6" lang="en">To begin with, in schools, main task of teacher to give knowledge to students, and this role have to finish in time.</edu>
  <edu id="e6" lang="ru" trans="google">Начнем с того, в школах, основная задача учителя дать знания студентам, и эта роль должна закончить вовремя.</edu>
  <edu id="e7" lang="en">there are certain period of time for teachers to teach.</edu>
  <edu id="e7" lang="ru" trans="google">есть определенный период времени для учителей преподавать.</edu>
  <edu id="e8" lang="en">In these short time, it is not possible for teachers to pay attention to individual students in class.</edu>
  <edu id="e8" lang="ru" trans="google">В это короткое время, не представляется возможное для учителей обратить внимание на отдельные учащиеся в классе.</edu>
  <edu id="e9" lang="en">Teachers have to manage to teach every topics by schedule.</edu>
  <edu id="e9" lang="ru" trans="google">Учителя должны суметь научить каждые темы от графика.</edu>
  <edu id="e10" lang="en">If teachers pay attention to specific students, their work might not finish on time, and this might make many student miss some field in topics that they should know.</edu>
  <edu id="e10" lang="ru" trans="google">Если преподаватели обращают внимание на конкретные студент, их работа не может закончить вовремя, и это может сделать много студента пропускал некоторое поле в темах, которые они должны знать.</edu>
  <edu id="e11" lang="en">Second, learning abilities in each students is different.</edu>
  <edu id="e11" lang="ru" trans="google">Во-вторых, способность к обучению в каждом студентов отличается.</edu>
  <edu id="e12" lang="en">It is not possible that they all comprehend all lessons in the same period of time.</edu>
  <edu id="e12" lang="ru" trans="google">Не исключено, что все они понимают все уроки в тот же период времени.</edu>
  <edu id="e13" lang="en">Some students might understand all topics that they had learnt but some are not.</edu>
  <edu id="e13" lang="ru" trans="google">Некоторые студенты могли бы понять все темы, которые они выучили, но некоторые из них не.</edu>
  <edu id="e14" lang="en">Therefore, testing result are different.</edu>
  <edu id="e14" lang="ru" trans="google">Таким образом, тестирование результата различны.</edu>
  <edu id="e15" lang="en">This problems depend on how hard study they do.</edu>
  <edu id="e15" lang="ru" trans="google">Это проблемы зависит от того, насколько трудно исследований они делают.</edu>
  <edu id="e16" lang="en">It is not teachers fault.</edu>
  <edu id="e16" lang="ru" trans="google">Это не вина учителей.</edu>
  <edu id="e17" lang="en">Thus, teachers should not be paid by testing result that students get.</edu>
  <edu id="e17" lang="ru" trans="google">Таким образом, учителя не должны быть оплачены путем тестирования результата, что студенты получают.</edu>
  <edu id="e18" lang="en">Lastly, there could lead to a big problem if schools pay teachers by grade that students get.</edu>
  <edu id="e18" lang="ru" trans="google">Наконец, может привести к большой проблеме, если школы платят преподаватель по классам, что студенты получают.</edu>
  <edu id="e19" lang="en">That is problem in quality of education.</edu>
  <edu id="e19" lang="ru" trans="google">То есть проблема качества образования.</edu>
  <edu id="e20" lang="en">Teacher may not care about how they have to teach to make students understand the topics.</edu>
  <edu id="e20" lang="ru" trans="google">Учитель может не заботиться о том, как они должны учить, чтобы студенты понимают темы.</edu>
  <edu id="e21" lang="en">Teachers may just give high grades to get higher salary.</edu>
  <edu id="e21" lang="ru" trans="google">Учителя могут просто дать высокие оценки, чтобы получить более высокую зарплату.</edu>
  <edu id="e22" lang="en">This problem should not be happened.</edu>
  <edu id="e22" lang="ru" trans="google">Эта проблема не должна быть случилось.</edu>
  <edu id="e23" lang="en">Therefore, grade that students get should not be in evaluating teacher.</edu>
  <edu id="e23" lang="ru" trans="google">Таким образом, оценка, что студенты получают не должно быть в оценке учителя.</edu>
  <edu id="e24" lang="en">In conclusion, I totally disagree with this statement that teachers should be paid by how much their students learn.</edu>
  <edu id="e24" lang="ru" trans="google">В заключение, я совершенно не согласен с этим утверждением, что учителя должны быть оплачены, сколько их студенты учатся.</edu>
  <edu id="e25" lang="en">Because teacher could not pay attention to each students in class.</edu>
  <edu id="e25" lang="ru" trans="google">Потому что учитель не может уделить внимание каждому студентов в классе.</edu>
  <edu id="e26" lang="en">Besides, learning abilities of student are different.</edu>
  <edu id="e26" lang="ru" trans="google">Кроме того, обучение способности студента различны.</edu>
  <edu id="e27" lang="en">Moreover, there are problems if paying teacher by grade students get.</edu>
  <edu id="e27" lang="ru" trans="google">Кроме того, есть проблемы при оплате учитель студентов класса получить.</edu>
  <adu id="a1" type="neut"/>
  <adu id="a2" type="neut"/>
  <adu id="a3" type="neut"/>
  <adu id="a4" type="mcl"/>
  <adu id="a5" type="neut"/>
  <adu id="a6" type="pro"/>
  <adu id="a7" type="pro"/>
  <adu id="a8" type="pro"/>
  <adu id="a9" type="pro"/>
  <adu id="a10" type="pro"/>
  <adu id="a11" type="pro"/>
  <adu id="a12" type="pro"/>
  <adu id="a13" type="pro"/>
  <adu id="a14" type="pro"/>
  <adu id="a15" type="pro"/>
  <adu id="a16" type="pro"/>
  <adu id="a17" type="pro"/>
  <adu id="a18" type="pro"/>
  <adu id="a19" type="pro"/>
  <adu id="a20" type="pro"/>
  <adu id="a21" type="pro"/>
  <adu id="a22" type="pro"/>
  <adu id="a23" type="pro"/>
  <adu id="a24" type="mcl"/>
  <adu id="a25" type="pro"/>
  <adu id="a26" type="pro"/>
  <adu id="a27" type="pro"/>
  <edge id="c28" src="e1" trg="a1" type="seg"/>
  <edge id="c29" src="e2" trg="a2" type="seg"/>
  <edge id="c30" src="e3" trg="a3" type="seg"/>
  <edge id="c31" src="e4" trg="a4" type="seg"/>
  <edge id="c32" src="e5" trg="a5" type="seg"/>
  <edge id="c33" src="e6" trg="a6" type="seg"/>
  <edge id="c34" src="e7" trg="a7" type="seg"/>
  <edge id="c35" src="e8" trg="a8" type="seg"/>
  <edge id="c36" src="e9" trg="a9" type="seg"/>
  <edge id="c37" src="e10" trg="a10" type="seg"/>
  <edge id="c38" src="e11" trg="a11" type="seg"/>
  <edge id="c39" src="e12" trg="a12" type="seg"/>
  <edge id="c40" src="e13" trg="a13" type="seg"/>
  <edge id="c41" src="e14" trg="a14" type="seg"/>
  <edge id="c42" src="e15" trg="a15" type="seg"/>
  <edge id="c43" src="e16" trg="a16" type="seg"/>
  <edge id="c44" src="e17" trg="a17" type="seg"/>
  <edge id="c45" src="e18" trg="a18" type="seg"/>
  <edge id="c46" src="e19" trg="a19" type="seg"/>
  <edge id="c47" src="e20" trg="a20" type="seg"/>
  <edge id="c48" src="e21" trg="a21" type="seg"/>
  <edge id="c49" src="e22" trg="a22" type="seg"/>
  <edge id="c50" src="e23" trg="a23" type="seg"/>
  <edge id="c51" src="e24" trg="a24" type="seg"/>
  <edge id="c52" src="e25" trg="a25" type="seg"/>
  <edge id="c53" src="e26" trg="a26" type="seg"/>
  <edge id="c54" src="e27" trg="a27" type="seg"/>
  <edge id="c1" src="a6" trg="a9" type="sup"/>
  <edge id="c2" src="a7" trg="a9" type="sup"/>
  <edge id="c3" src="a8" trg="a9" type="sup"/>
  <edge id="c4" src="a9" trg="a4" type="sup"/>
  <edge id="c5" src="a9" trg="a24" type="sup"/>
  <edge id="c6" src="a10" trg="a9" type="sup"/>
  <edge id="c7" src="a11" trg="a14" type="sup"/>
  <edge id="c8" src="a12" trg="a14" type="sup"/>
  <edge id="c9" src="a13" trg="a14" type="sup"/>
  <edge id="c10" src="a14" trg="a17" type="sup"/>
  <edge id="c11" src="a15" trg="a17" type="sup"/>
  <edge id="c12" src="a16" trg="a17" type="sup"/>
  <edge id="c13" src="a17" trg="a4" type="sup"/>
  <edge id="c14" src="a17" trg="a24" type="sup"/>
  <edge id="c15" src="a18" trg="a23" type="sup"/>
  <edge id="c16" src="a19" trg="a23" type="sup"/>
  <edge id="c17" src="a20" trg="a23" type="sup"/>
  <edge id="c18" src="a21" trg="a23" type="sup"/>
  <edge id="c19" src="a22" trg="a23" type="sup"/>
  <edge id="c20" src="a23" trg="a4" type="sup"/>
  <edge id="c21" src="a23" trg="a24" type="sup"/>
  <edge id="c22" src="a25" trg="a4" type="sup"/>
  <edge id="c23" src="a25" trg="a24" type="sup"/>
  <edge id="c24" src="a26" trg="a4" type="sup"/>
  <edge id="c25" src="a26" trg="a24" type="sup"/>
  <edge id="c26" src="a27" trg="a4" type="sup"/>
  <edge id="c27" src="a27" trg="a24" type="sup"/>
</arggraph>
