<?xml version='1.0' encoding='UTF-8'?>
<arggraph id="micro_e87" stance="pro" topic_id="Communicating via E-mail and voice mail vs Telephone and face - to face" topic_ru="Общаясь с помощью электронной почты и голосовой почты против Телефона и лица - к лицу">
  <edu id="e1" lang="en">Although many people prefer communicating by telephone or face-to-face, personally I believe that communicating by E-mails or voice mails is better.</edu>
  <edu id="e1" lang="ru" trans="google">Хотя многие люди предпочитают общаться по телефону или лицом к лицу, лично я считаю, что общение по электронной почте или голосовой почты лучше.</edu>
  <edu id="e2" lang="en">There are several reasons to support this idea which I would like to mention in this essay.</edu>
  <edu id="e2" lang="ru" trans="google">Есть несколько причин, чтобы поддержать эту идею, которую я хотел бы упомянуть в этой статье.</edu>
  <edu id="e3" lang="en">Firstly, communicating by E-mail is easy.</edu>
  <edu id="e3" lang="ru" trans="google">Во-первых, общение по электронной почте легко.</edu>
  <edu id="e4" lang="en">Many people have problems with calling a person that they are not acquainted with.</edu>
  <edu id="e4" lang="ru" trans="google">У многих людей есть проблемы с вызовом человека, что они не знакомы с.</edu>
  <edu id="e5" lang="en">In this case it is not so difficult to write an E-mail or to leave a voice mail.</edu>
  <edu id="e5" lang="ru" trans="google">В данном случае это не так трудно писать по электронной почте или оставить голосовое сообщение.</edu>
  <edu id="e6" lang="en">Because even shy people feel themselves more confident.</edu>
  <edu id="e6" lang="ru" trans="google">Потому что даже стеснительные люди чувствуют себя более уверенно.</edu>
  <edu id="e7" lang="en">Secondly, you can write an E-mail at any time of the day.</edu>
  <edu id="e7" lang="ru" trans="google">Во-вторых, вы можете написать по электронной почте в любое время суток.</edu>
  <edu id="e8" lang="en">As for me, I work and study at the university and I don't have spare time during the day.</edu>
  <edu id="e8" lang="ru" trans="google">Что касается меня, я работаю и учусь в университете, и у меня нет свободного времени в течение дня.</edu>
  <edu id="e9" lang="en">I get home at about midnight and I still need to answer some questions and to solve some routine problems.</edu>
  <edu id="e9" lang="ru" trans="google">Я прихожу домой около полуночи, и мне еще нужно ответить на некоторые вопросы и решить некоторые рутинные проблемы.</edu>
  <edu id="e10" lang="en">I might not have time to call a person or to meet with him or her in an appropriate time.</edu>
  <edu id="e10" lang="ru" trans="google">Я не мог бы иметь время, чтобы позвонить человеку или встретиться с ним или с ней в соответствующее время.</edu>
  <edu id="e11" lang="en">So for me it is better to leave a voice mail.</edu>
  <edu id="e11" lang="ru" trans="google">Так что для меня это лучше оставить голосовую почту.</edu>
  <edu id="e12" lang="en">Thirdly, when you write an E-mail you have enough time to think carefully about what you are writing and how it would be better to express yourself.</edu>
  <edu id="e12" lang="ru" trans="google">В-третьих, когда вы пишете по электронной почте у вас есть достаточно времени, чтобы тщательно думать о том, что вы пишете, и как было бы лучше, чтобы выразить себя.</edu>
  <edu id="e13" lang="en">For example, you can change the word order or you can choose more appropriate style to sound more polite.</edu>
  <edu id="e13" lang="ru" trans="google">Например, вы можете изменить порядок слов или вы можете выбрать более подходящий стиль, чтобы звучать более вежливо.</edu>
  <edu id="e14" lang="en">When you speak face-to-face you are not as able to control every word as you are when you write an E-mail.</edu>
  <edu id="e14" lang="ru" trans="google">Когда вы говорите лицом к лицу вы не в состоянии контролировать каждое слово, как вы, когда вы пишете по электронной почте.</edu>
  <edu id="e15" lang="en">And finally, there is no chance to disturb people by sending them an E-mail.</edu>
  <edu id="e15" lang="ru" trans="google">И, наконец, нет никаких шансов, чтобы беспокоить человек, отправив их по электронной почте.</edu>
  <edu id="e16" lang="en">You should not worry about interrupting an important conversation or some other business.</edu>
  <edu id="e16" lang="ru" trans="google">Вы не должны беспокоиться о прерывании важного разговора или какой-либо другой бизнеса.</edu>
  <edu id="e17" lang="en">To sum up, I would like to say that for me both options of communicating are possible, but if this is an important and not urgent question I would prefer to answer it by means of internet or voice mail.</edu>
  <edu id="e17" lang="ru" trans="google">Подводя итог, я хотел бы сказать, что для меня оба варианта общения возможна, но если это важно, а не срочный вопрос, я бы предпочел, чтобы ответить на него с помощью интернет или голосовой почты.</edu>
  <adu id="a1" type="mcl"/>
  <adu id="a2" type="neut"/>
  <adu id="a3" type="pro"/>
  <adu id="a4" type="pro"/>
  <adu id="a5" type="pro"/>
  <adu id="a6" type="pro"/>
  <adu id="a7" type="pro"/>
  <adu id="a8" type="pro"/>
  <adu id="a9" type="pro"/>
  <adu id="a10" type="pro"/>
  <adu id="a11" type="pro"/>
  <adu id="a12" type="pro"/>
  <adu id="a13" type="pro"/>
  <adu id="a14" type="pro"/>
  <adu id="a15" type="pro"/>
  <adu id="a16" type="pro"/>
  <adu id="a17" type="mcl"/>
  <edge id="c19" src="e1" trg="a1" type="seg"/>
  <edge id="c20" src="e2" trg="a2" type="seg"/>
  <edge id="c21" src="e3" trg="a3" type="seg"/>
  <edge id="c22" src="e4" trg="a4" type="seg"/>
  <edge id="c23" src="e5" trg="a5" type="seg"/>
  <edge id="c24" src="e6" trg="a6" type="seg"/>
  <edge id="c25" src="e7" trg="a7" type="seg"/>
  <edge id="c26" src="e8" trg="a8" type="seg"/>
  <edge id="c27" src="e9" trg="a9" type="seg"/>
  <edge id="c28" src="e10" trg="a10" type="seg"/>
  <edge id="c29" src="e11" trg="a11" type="seg"/>
  <edge id="c30" src="e12" trg="a12" type="seg"/>
  <edge id="c31" src="e13" trg="a13" type="seg"/>
  <edge id="c32" src="e14" trg="a14" type="seg"/>
  <edge id="c33" src="e15" trg="a15" type="seg"/>
  <edge id="c34" src="e16" trg="a16" type="seg"/>
  <edge id="c35" src="e17" trg="a17" type="seg"/>
  <edge id="c1" src="a3" trg="a1" type="sup"/>
  <edge id="c2" src="a3" trg="a17" type="sup"/>
  <edge id="c3" src="a4" trg="a3" type="sup"/>
  <edge id="c4" src="a5" trg="a3" type="sup"/>
  <edge id="c5" src="a6" trg="a5" type="sup"/>
  <edge id="c6" src="a7" trg="a1" type="sup"/>
  <edge id="c7" src="a7" trg="a17" type="sup"/>
  <edge id="c8" src="a8" trg="a7" type="sup"/>
  <edge id="c9" src="a9" trg="a7" type="sup"/>
  <edge id="c10" src="a10" trg="a11" type="sup"/>
  <edge id="c11" src="a11" trg="a7" type="sup"/>
  <edge id="c12" src="a12" trg="a1" type="sup"/>
  <edge id="c13" src="a12" trg="a17" type="sup"/>
  <edge id="c14" src="a13" trg="a12" type="exa"/>
  <edge id="c15" src="a14" trg="a12" type="sup"/>
  <edge id="c16" src="a15" trg="a1" type="sup"/>
  <edge id="c17" src="a15" trg="a17" type="sup"/>
  <edge id="c18" src="a16" trg="a15" type="sup"/>
</arggraph>
