<?xml version='1.0' encoding='UTF-8'?>
<arggraph id="micro_e33" stance="pro" topic_id="University education restriction" topic_ru="ограничение Университетского образования">
  <edu id="e1" lang="en">Universtiy is an entrance to life.</edu>
  <edu id="e1" lang="ru" trans="google">Университет является входом в жизнь.</edu>
  <edu id="e2" lang="en">It equips us with a package of wisdom and virtue to succeed.</edu>
  <edu id="e2" lang="ru" trans="google">Она вооружает нас пакет мудрости и добродетели, чтобы добиться успеха.</edu>
  <edu id="e3" lang="en">It is the importance of university that raises a question whether students with best scholastic performance deserve university study or just any young wishful people.</edu>
  <edu id="e3" lang="ru" trans="google">Это значение университета, который поднимает вопрос заслуживает ли студенты с лучшей успеваемости в университете исследование или просто какие-то молодые люди Wishful.</edu>
  <edu id="e4" lang="en">Both sides are to be discussed before a conclusion is reached.</edu>
  <edu id="e4" lang="ru" trans="google">Обе стороны должны быть обсуждены до достижения заключения.</edu>
  <edu id="e5" lang="en">To begin with, outstanding academic students are eligible for university due to their intellectual advantage.</edu>
  <edu id="e5" lang="ru" trans="google">Начнем с того, выдающиеся академические студенты имеют право для поступления в университет из-за их интеллектуального преимущества.</edu>
  <edu id="e6" lang="en">To be precise, such abstract or complicated informatin, easily absorbed by those students, may prove as a matter of pressure for those who lack equivalent skills.</edu>
  <edu id="e6" lang="ru" trans="google">Чтобы быть точным, такое абстрактное или сложным informatin, легко поглощается теми студентами, может оказаться в вопросе давления для тех, кто не имеет эквивалентные навыки.</edu>
  <edu id="e7" lang="en">Besides, it is undeniable that one deserves what he has done.</edu>
  <edu id="e7" lang="ru" trans="google">Кроме того, нельзя отрицать, что один заслуживает то, что он сделал.</edu>
  <edu id="e8" lang="en">University is like a gift presented to those who have gone to great length to attain.</edu>
  <edu id="e8" lang="ru" trans="google">Университет как подарок, представленный для тех, кто пошел на большие длины, чтобы достичь.</edu>
  <edu id="e9" lang="en">However, university is not just about academic studies but also a place to nurture artistic talent and develop soft skills.</edu>
  <edu id="e9" lang="ru" trans="google">Однако университет не только о научных исследованиях, но и местом для воспитания художественного таланта и развить мягкие навыки.</edu>
  <edu id="e10" lang="en">Therefore, it should be up for grabs for a majority of young people, who wish to pursue their passion as well as develop comprehensively.</edu>
  <edu id="e10" lang="ru" trans="google">Таким образом, это должно быть для захватов для большинства молодых людей, которые хотели бы продолжить свою страсть, а также всесторонне развиваться.</edu>
  <edu id="e11" lang="en">What is more, there is a tendency for social vices to rise if university is to be restricted to only the best people.</edu>
  <edu id="e11" lang="ru" trans="google">Более того, существует тенденция к социальным порокам, чтобы расти, если университет должен быть ограничен только лучших людей.</edu>
  <edu id="e12" lang="en">Apart from the disheartened ones, many devoiding of neccessary preparations are likely to be recipes for failure when applying for jobs, mostly the white-collar ones.</edu>
  <edu id="e12" lang="ru" trans="google">Помимо обескуражен те, многие devoiding из препаратов являются необходимыми, вероятно, будут рецептами для отказа при приеме на работу, в основном белых воротнички из них.</edu>
  <edu id="e13" lang="en">In conclusion, university restriction has both pros and cons.</edu>
  <edu id="e13" lang="ru" trans="google">В заключении, ограничение университета имеет свои плюсы и минусы.</edu>
  <edu id="e14" lang="en">In my opinion, it will yield more negative results than positive ones.</edu>
  <edu id="e14" lang="ru" trans="google">На мой взгляд, это даст больше отрицательных результатов, чем положительных.</edu>
  <edu id="e15" lang="en">That's why it should be made available for a wide range of learners.</edu>
  <edu id="e15" lang="ru" trans="google">Именно поэтому она должна быть доступна для широкого круга учащихся.</edu>
  <adu id="a1" type="neut"/>
  <adu id="a2" type="neut"/>
  <adu id="a3" type="neut"/>
  <adu id="a4" type="neut"/>
  <adu id="a5" type="pro"/>
  <adu id="a6" type="pro"/>
  <adu id="a7" type="pro"/>
  <adu id="a8" type="pro"/>
  <adu id="a9" type="pro"/>
  <adu id="a10" type="pro"/>
  <adu id="a11" type="pro"/>
  <adu id="a12" type="pro"/>
  <adu id="a13" type="opp"/>
  <adu id="a14" type="pro"/>
  <adu id="a15" type="mcl"/>
  <edge id="c11" src="e1" trg="a1" type="seg"/>
  <edge id="c12" src="e2" trg="a2" type="seg"/>
  <edge id="c13" src="e3" trg="a3" type="seg"/>
  <edge id="c14" src="e4" trg="a4" type="seg"/>
  <edge id="c15" src="e5" trg="a5" type="seg"/>
  <edge id="c16" src="e6" trg="a6" type="seg"/>
  <edge id="c17" src="e7" trg="a7" type="seg"/>
  <edge id="c18" src="e8" trg="a8" type="seg"/>
  <edge id="c19" src="e9" trg="a9" type="seg"/>
  <edge id="c20" src="e10" trg="a10" type="seg"/>
  <edge id="c21" src="e11" trg="a11" type="seg"/>
  <edge id="c22" src="e12" trg="a12" type="seg"/>
  <edge id="c23" src="e13" trg="a13" type="seg"/>
  <edge id="c24" src="e14" trg="a14" type="seg"/>
  <edge id="c25" src="e15" trg="a15" type="seg"/>
  <edge id="c1" src="a5" trg="a15" type="sup"/>
  <edge id="c2" src="a6" trg="a5" type="sup"/>
  <edge id="c3" src="a7" trg="a5" type="sup"/>
  <edge id="c4" src="a8" trg="a5" type="sup"/>
  <edge id="c5" src="a9" trg="a10" type="sup"/>
  <edge id="c6" src="a10" trg="a15" type="sup"/>
  <edge id="c7" src="a11" trg="a15" type="sup"/>
  <edge id="c8" src="a12" trg="a11" type="sup"/>
  <edge id="c9" src="a13" trg="a15" type="reb"/>
  <edge id="c10" src="a14" trg="a13" type="reb"/>
</arggraph>
