<?xml version='1.0' encoding='UTF-8'?>
<arggraph id="micro_e324" stance="pro" topic_id="Professors should do more research or teach students ?" topic_ru="Профессора должны делать больше исследований или научить студентов?">
  <edu id="e1" lang="en">These days, more and more university professors are involved in scientific research.</edu>
  <edu id="e1" lang="ru" trans="google">В эти дни, все больше и больше университетских профессоров участвуют в научных исследованиях.</edu>
  <edu id="e2" lang="en">Some are afraid that this will lead to the decline of education quality and suggest them to spend more time on teaching.</edu>
  <edu id="e2" lang="ru" trans="google">Некоторые опасаются, что это приведет к снижению качества образования и предложить им тратить больше времени на обучение.</edu>
  <edu id="e3" lang="en">However, according to my experiences, professors should be encouraged to mainly do research.</edu>
  <edu id="e3" lang="ru" trans="google">Однако, по моему опыту, профессора следует поощрять в основном исследований.</edu>
  <edu id="e4" lang="en">First of all, doing research is a method of self-improvement for professors.</edu>
  <edu id="e4" lang="ru" trans="google">Прежде всего, проводит исследование является методом самосовершенствования для профессоров.</edu>
  <edu id="e5" lang="en">Universities are relatively fenced environment.</edu>
  <edu id="e5" lang="ru" trans="google">Университеты относительно огорожена среды.</edu>
  <edu id="e6" lang="en">The research projects provide communication with the outside.</edu>
  <edu id="e6" lang="ru" trans="google">Научно-исследовательские проекты обеспечивают связь с внешним миром.</edu>
  <edu id="e7" lang="en">In addition, by doing research, professors could catch up with the latest development of modern technologies.</edu>
  <edu id="e7" lang="ru" trans="google">Кроме того, путем проведения исследований, профессора могли догнать последние разработки современных технологий.</edu>
  <edu id="e8" lang="en">I still remembered that my professor took part in several research projects when I was in college.</edu>
  <edu id="e8" lang="ru" trans="google">Я до сих пор помнил, что мой профессор принял участие в нескольких научно-исследовательских проектах, когда я был в колледже.</edu>
  <edu id="e9" lang="en">He was often invited to do speech in other universities.</edu>
  <edu id="e9" lang="ru" trans="google">Его часто приглашали сделать выступление в других университетах.</edu>
  <edu id="e10" lang="en">Although my university is not in the high-ranking list, he gained a reputation by those projects.</edu>
  <edu id="e10" lang="ru" trans="google">Хотя мой университет не в высокопоставленной списке, он приобрел репутацию этих проектов.</edu>
  <edu id="e11" lang="en">The research projects like windows opened to the wider world.</edu>
  <edu id="e11" lang="ru" trans="google">Научно-исследовательские проекты, такие как окна открыты для всего мира.</edu>
  <edu id="e12" lang="en">Secondly, professors should fully use the research-friendly environment provided by universities.</edu>
  <edu id="e12" lang="ru" trans="google">Во-вторых, преподаватели должны в полной мере использовать научно-исследовательскую дружественную среду, предоставленную университетами.</edu>
  <edu id="e13" lang="en">It is very common to see state-of-the-art laboratories in the campus.</edu>
  <edu id="e13" lang="ru" trans="google">Очень часто, чтобы увидеть внедренные лаборатории в университетском городке.</edu>
  <edu id="e14" lang="en">Also, you could not find another place with so much talent people gathering together.</edu>
  <edu id="e14" lang="ru" trans="google">Кроме того, вы не могли бы найти другое место, с таким талантом люди собираются вместе.</edu>
  <edu id="e15" lang="en">Consequently, there is really no reason to discourage professors from using those advantages.</edu>
  <edu id="e15" lang="ru" trans="google">Следовательно, нет действительно никакой причины, чтобы препятствовать профессорам использовать эти преимущества.</edu>
  <edu id="e16" lang="en">We all know that Einstein developed the theory of general relativity when he was a professor in HU Berlin.</edu>
  <edu id="e16" lang="ru" trans="google">Мы все знаем, что Эйнштейн разработал теорию относительности, когда он был профессором в Берлине HU.</edu>
  <edu id="e17" lang="en">Universities positively contribute the professors' success.</edu>
  <edu id="e17" lang="ru" trans="google">Университеты положительно способствуют успеху профессоров.</edu>
  <edu id="e18" lang="en">Last but not least, doing research could also improve the teaching quality.</edu>
  <edu id="e18" lang="ru" trans="google">И последнее, но не в последнюю очередь, делает исследование может также улучшить качество преподавания.</edu>
  <edu id="e19" lang="en">With the help of research projects, professors could lead their students into the practical world from the classroom.</edu>
  <edu id="e19" lang="ru" trans="google">С помощью научно-исследовательских проектов, преподаватели могут привести своих учеников к практическому миру из класса.</edu>
  <edu id="e20" lang="en">They can easily teach students how to imply the knowledge in practice.</edu>
  <edu id="e20" lang="ru" trans="google">Они могут легко научить студентов, как предполагают знания на практике.</edu>
  <edu id="e21" lang="en">I still remembered the experience of being an assistant in one of my professor's research project.</edu>
  <edu id="e21" lang="ru" trans="google">Я до сих пор помню опыт пребывания ассистента в одном из научно-исследовательского проекта моего профессора.</edu>
  <edu id="e22" lang="en">By participating in it, I had opportunities to use theories on textbooks in real life experiments.</edu>
  <edu id="e22" lang="ru" trans="google">Участвуя в нем, я имел возможность использовать теории на учебниках в реальных экспериментах жизни.</edu>
  <edu id="e23" lang="en">The research project provides a more efficient way of teaching.</edu>
  <edu id="e23" lang="ru" trans="google">Исследовательский проект обеспечивает более эффективный способ обучения.</edu>
  <edu id="e24" lang="en">For those reasons, it is natural to support the professors spending more time on doing research.</edu>
  <edu id="e24" lang="ru" trans="google">По этим причинам, естественно, чтобы поддержать профессор тратит больше времени на выполнение исследований.</edu>
  <edu id="e25" lang="en">While extending the way of their own development, the outcomes of the researches will also benefit the whole society.</edu>
  <edu id="e25" lang="ru" trans="google">Выражая путь своего развития, результаты исследований также принесут пользу всего общества.</edu>
  <adu id="a1" type="neut"/>
  <adu id="a2" type="neut"/>
  <adu id="a3" type="mcl"/>
  <adu id="a4" type="pro"/>
  <adu id="a5" type="pro"/>
  <adu id="a6" type="pro"/>
  <adu id="a7" type="pro"/>
  <adu id="a8" type="pro"/>
  <adu id="a9" type="pro"/>
  <adu id="a10" type="pro"/>
  <adu id="a11" type="pro"/>
  <adu id="a12" type="pro"/>
  <adu id="a13" type="pro"/>
  <adu id="a14" type="pro"/>
  <adu id="a15" type="pro"/>
  <adu id="a16" type="pro"/>
  <adu id="a17" type="pro"/>
  <adu id="a18" type="pro"/>
  <adu id="a19" type="pro"/>
  <adu id="a20" type="pro"/>
  <adu id="a21" type="pro"/>
  <adu id="a22" type="pro"/>
  <adu id="a23" type="pro"/>
  <adu id="a24" type="mcl"/>
  <adu id="a25" type="pro"/>
  <edge id="c26" src="e1" trg="a1" type="seg"/>
  <edge id="c27" src="e2" trg="a2" type="seg"/>
  <edge id="c28" src="e3" trg="a3" type="seg"/>
  <edge id="c29" src="e4" trg="a4" type="seg"/>
  <edge id="c30" src="e5" trg="a5" type="seg"/>
  <edge id="c31" src="e6" trg="a6" type="seg"/>
  <edge id="c32" src="e7" trg="a7" type="seg"/>
  <edge id="c33" src="e8" trg="a8" type="seg"/>
  <edge id="c34" src="e9" trg="a9" type="seg"/>
  <edge id="c35" src="e10" trg="a10" type="seg"/>
  <edge id="c36" src="e11" trg="a11" type="seg"/>
  <edge id="c37" src="e12" trg="a12" type="seg"/>
  <edge id="c38" src="e13" trg="a13" type="seg"/>
  <edge id="c39" src="e14" trg="a14" type="seg"/>
  <edge id="c40" src="e15" trg="a15" type="seg"/>
  <edge id="c41" src="e16" trg="a16" type="seg"/>
  <edge id="c42" src="e17" trg="a17" type="seg"/>
  <edge id="c43" src="e18" trg="a18" type="seg"/>
  <edge id="c44" src="e19" trg="a19" type="seg"/>
  <edge id="c45" src="e20" trg="a20" type="seg"/>
  <edge id="c46" src="e21" trg="a21" type="seg"/>
  <edge id="c47" src="e22" trg="a22" type="seg"/>
  <edge id="c48" src="e23" trg="a23" type="seg"/>
  <edge id="c49" src="e24" trg="a24" type="seg"/>
  <edge id="c50" src="e25" trg="a25" type="seg"/>
  <edge id="c1" src="a4" trg="a11" type="sup"/>
  <edge id="c2" src="a5" trg="a11" type="sup"/>
  <edge id="c3" src="a6" trg="a11" type="sup"/>
  <edge id="c4" src="a7" trg="a11" type="sup"/>
  <edge id="c5" src="a8" trg="a11" type="sup"/>
  <edge id="c6" src="a9" trg="a11" type="sup"/>
  <edge id="c7" src="a10" trg="a11" type="sup"/>
  <edge id="c8" src="a11" trg="a3" type="sup"/>
  <edge id="c9" src="a11" trg="a24" type="sup"/>
  <edge id="c10" src="a12" trg="a3" type="sup"/>
  <edge id="c11" src="a12" trg="a24" type="sup"/>
  <edge id="c12" src="a13" trg="a12" type="sup"/>
  <edge id="c13" src="a14" trg="a15" type="sup"/>
  <edge id="c14" src="a15" trg="a12" type="sup"/>
  <edge id="c15" src="a16" trg="a12" type="sup"/>
  <edge id="c16" src="a17" trg="a12" type="sup"/>
  <edge id="c17" src="a18" trg="a3" type="sup"/>
  <edge id="c18" src="a18" trg="a24" type="sup"/>
  <edge id="c19" src="a19" trg="a18" type="sup"/>
  <edge id="c20" src="a20" trg="a18" type="sup"/>
  <edge id="c21" src="a21" trg="a18" type="sup"/>
  <edge id="c22" src="a22" trg="a18" type="sup"/>
  <edge id="c23" src="a23" trg="a18" type="sup"/>
  <edge id="c24" src="a25" trg="a3" type="sup"/>
  <edge id="c25" src="a25" trg="a24" type="sup"/>
</arggraph>
