<?xml version='1.0' encoding='UTF-8'?>
<arggraph id="micro_e399" stance="pro" topic_id="Fatherhood should be as present as motherhood in a child's life starting from the the birth" topic_ru="Отцовство должно быть настоящее материнство в жизни ребенка, начиная с рождения">
  <edu id="e1" lang="en">In today's world, having and raising children can be a very difficult task for families, the smallest component of the society.</edu>
  <edu id="e1" lang="ru" trans="google">В современном мире, имея и воспитание детей может быть очень трудной задачей для семей, наименьший компонент общества.</edu>
  <edu id="e2" lang="en">While mother's role is essential in a child's life, I completely agree with the idea that fatherhood is a as vital part of a healty parantage as much as motherhood.</edu>
  <edu id="e2" lang="ru" trans="google">В то время как роль матери имеет важное значение в жизни ребенка, я полностью согласен с идеей, что отцовство является также жизненно важной частью Healty parantage так же, как материнство.</edu>
  <edu id="e3" lang="en">The first reason why the father's role should be equal to the mother's role is the nature of parantage.</edu>
  <edu id="e3" lang="ru" trans="google">Первая причина, почему роль отца должна быть равна роли матери природа parantage.</edu>
  <edu id="e4" lang="en">In my view, the role models within a family play a significant role in the development of the child's characteristics.</edu>
  <edu id="e4" lang="ru" trans="google">На мой взгляд, модели роль в семье играют важную роль в развитии характеристик ребенка.</edu>
  <edu id="e5" lang="en">For example, in a traditional Turkish family, while a mother has a sincere and thoughtful approach to the child, a father role must be present as authoritarian and conversative to raise a well-behaved child.</edu>
  <edu id="e5" lang="ru" trans="google">Например, в традиционной турецкой семье, в то время как мать искренний и продуманный подход к ребенку, отец роль должен присутствовать как авторитарные и conversative поднять хорошо себя ребенок.</edu>
  <edu id="e6" lang="en">The second reason why I believe that fatherood is as important as motherhood is the dynamics of the relationships today.</edu>
  <edu id="e6" lang="ru" trans="google">Вторая причина, почему я считаю, что fatherood так же важно, как материнство является динамика отношений сегодня.</edu>
  <edu id="e7" lang="en">In my opinion, we are living in a society that puts a significant importance to gender equality in every aspect of the life, including relationships.</edu>
  <edu id="e7" lang="ru" trans="google">На мой взгляд, мы живем в обществе, которое ставит существенное значение для обеспечения гендерного равенства во всех сферах жизни, в том числе отношений.</edu>
  <edu id="e8" lang="en">For instance, a family formed by a woman with a housewife role who looks after the home and takes care of children and a man who brings money home can not be seen anymore in today's society.</edu>
  <edu id="e8" lang="ru" trans="google">Например, семья формируется женщина с домохозяйкой роли, которая смотрит за домом и заботится о детях и человека, который приносит домой деньги нельзя увидеть больше в современном обществе.</edu>
  <edu id="e9" lang="en">Instead, all of the couple duties are performed equally and interchangeably by individuals.</edu>
  <edu id="e9" lang="ru" trans="google">Вместо этого, все пары обязанностей выполняются одинаково и взаимозаменяемыми физическими лицами.</edu>
  <edu id="e10" lang="en">Therefore, I believe that having and raising children should not be different than any other daily activity.</edu>
  <edu id="e10" lang="ru" trans="google">Поэтому, я считаю, что наличие и воспитание детей не должно быть иным, чем любой другой повседневной деятельности.</edu>
  <edu id="e11" lang="en">In conclusion, fatherhood should be as present as motherhood in a child's life starting from the the birth due to providing appropriate parenthood and having healthy family relationships.</edu>
  <edu id="e11" lang="ru" trans="google">В заключении, отцовство должно быть как присутствующая, как материнство в жизни, начиная ребенок от рождения за счетом обеспечения соответствующего родительства и иметь здоровые отношения в семье.</edu>
  <adu id="a1" type="neut"/>
  <adu id="a2" type="mcl"/>
  <adu id="a3" type="pro"/>
  <adu id="a4" type="pro"/>
  <adu id="a5" type="pro"/>
  <adu id="a6" type="pro"/>
  <adu id="a7" type="pro"/>
  <adu id="a8" type="pro"/>
  <adu id="a9" type="pro"/>
  <adu id="a10" type="pro"/>
  <adu id="a11" type="mcl"/>
  <edge id="c11" src="e1" trg="a1" type="seg"/>
  <edge id="c12" src="e2" trg="a2" type="seg"/>
  <edge id="c13" src="e3" trg="a3" type="seg"/>
  <edge id="c14" src="e4" trg="a4" type="seg"/>
  <edge id="c15" src="e5" trg="a5" type="seg"/>
  <edge id="c16" src="e6" trg="a6" type="seg"/>
  <edge id="c17" src="e7" trg="a7" type="seg"/>
  <edge id="c18" src="e8" trg="a8" type="seg"/>
  <edge id="c19" src="e9" trg="a9" type="seg"/>
  <edge id="c20" src="e10" trg="a10" type="seg"/>
  <edge id="c21" src="e11" trg="a11" type="seg"/>
  <edge id="c1" src="a3" trg="a2" type="sup"/>
  <edge id="c2" src="a3" trg="a11" type="sup"/>
  <edge id="c3" src="a4" trg="a3" type="sup"/>
  <edge id="c4" src="a5" trg="a4" type="exa"/>
  <edge id="c5" src="a6" trg="a2" type="sup"/>
  <edge id="c6" src="a6" trg="a11" type="sup"/>
  <edge id="c7" src="a7" trg="a6" type="sup"/>
  <edge id="c8" src="a8" trg="a7" type="exa"/>
  <edge id="c9" src="a9" trg="a6" type="sup"/>
  <edge id="c10" src="a10" trg="a6" type="sup"/>
</arggraph>
