<?xml version='1.0' encoding='UTF-8'?>
<arggraph id="micro_e13" stance="pro" topic_id="Farmland, housing and industry or saving land for animals ?" topic_ru="Приусадебный участок, жилищное строительство и промышленность или сохранение земли для животных?">
  <edu id="e1" lang="en">Nowadays, there is a prevailing opinion that human needs for farmland, housing and industry are more important than saving land for endangered animals.</edu>
  <edu id="e1" lang="ru" trans="google">В настоящее время, существует преобладающее мнение, что человеческие потребности сельскохозяйственных угодий, жилищного строительства и промышленности являются более важными, чем сохранение земли для находящихся под угрозой исчезновения животных.</edu>
  <edu id="e2" lang="en">People who disagree with the point dispute that the decreasing of land for endangered animals will bring damage to ecological balance.</edu>
  <edu id="e2" lang="ru" trans="google">Люди, которые не согласны с точкой спора о том, что уменьшение земельных участков, находящихся под угрозой животных принесут вред экологического равновесия.</edu>
  <edu id="e3" lang="en">As far as I am concerned, I agree with the opinion human needs for farmland, housing and industry are more important.</edu>
  <edu id="e3" lang="ru" trans="google">Насколько я обеспокоен, я согласен с потребностями мнение человека для сельскохозяйственных угодий, жилья и промышленности являются более важными.</edu>
  <edu id="e4" lang="en">The reasons are based on the following aspects.</edu>
  <edu id="e4" lang="ru" trans="google">Причины основаны на следующих аспектах.</edu>
  <edu id="e5" lang="en">First, land used for farmland, housing and industry can benefit more to the whole society.</edu>
  <edu id="e5" lang="ru" trans="google">Во-первых, земля используется для сельскохозяйственных земель, жилищного строительства и промышленности может принести пользу больше всего общества.</edu>
  <edu id="e6" lang="en">There is no deny that the economy of the whole society will be developed with the help of agriculture, real estate industry and industry, in particularly industry which is the pillar industry of national economy.</edu>
  <edu id="e6" lang="ru" trans="google">не Там будет отрицать, что экономика всего общества будет развиваться с помощью сельского хозяйства, недвижимости промышленности и промышленности, в частности промышленности, которая является опорой промышленности национальной экономики.</edu>
  <edu id="e7" lang="en">Because they produce plenty of profits.</edu>
  <edu id="e7" lang="ru" trans="google">Потому что они производят много прибыли.</edu>
  <edu id="e8" lang="en">What is more, the society will be stable and harmony due to more farmland and industry.</edu>
  <edu id="e8" lang="ru" trans="google">Более того, общество будет стабильным и гармонии за счет более сельхозугодий и промышленности.</edu>
  <edu id="e9" lang="en">It is widely acknowledged that more farmlands and industries can provide more job opportunities which can decrease the unemployment rate and crime rate.</edu>
  <edu id="e9" lang="ru" trans="google">Широко признано, что больше сельскохозяйственных угодий и отраслей может обеспечить больше рабочих мест, которые могут уменьшить уровень безработицы и уровень преступности.</edu>
  <edu id="e10" lang="en">Thus the needs for farmland, housing and industry are more important.</edu>
  <edu id="e10" lang="ru" trans="google">Таким образом, потребности в сельскохозяйственных угодьях, жилья и промышленности являются более важными.</edu>
  <edu id="e11" lang="en">Second, farmland, housing and industry can satisfy the desire of human that living a better life.</edu>
  <edu id="e11" lang="ru" trans="google">Во-вторых, сельхозугодий, жилье и промышленность может удовлетворить желание человека, что живой лучшей жизни.</edu>
  <edu id="e12" lang="en">It is clearly understood that farming, housing and industry provide us the food we eat, place we live, clothes we wear, which are essential to live.</edu>
  <edu id="e12" lang="ru" trans="google">Он ясно понимал, что сельское хозяйство, жилищное строительство и промышленность дает нам пищу, которую мы едим, место, где мы живем, одежду, которую мы носим, ​​которые необходимы для жизни.</edu>
  <edu id="e13" lang="en">Especially in some poor areas, survival is the most significant thing.</edu>
  <edu id="e13" lang="ru" trans="google">Особенно в некоторых бедных районах, выживание является самым значительным.</edu>
  <edu id="e14" lang="en">In addition, highly developed agriculture and industry can improve our living conditions which allow us have a good quality life.</edu>
  <edu id="e14" lang="ru" trans="google">Кроме того, высоко развитое сельское хозяйство и промышленность могут улучшить наши жилищные условия, которые позволяют нам иметь жизнь качества хорошего.</edu>
  <edu id="e15" lang="en">Last I want to mention is that even though farmland, housing and industry will occupy the land used for endangered animals.</edu>
  <edu id="e15" lang="ru" trans="google">Наконец, я хочу отметить, что несмотря на то, сельхозугодий, жилье и промышленность будет занимать земли, используемые для находящихся под угрозой исчезновения животных.</edu>
  <edu id="e16" lang="en">it can do good to protect the endangered animals.</edu>
  <edu id="e16" lang="ru" trans="google">он может делать хорошо, чтобы защитить исчезающие виды животных.</edu>
  <edu id="e17" lang="en">According to the discuss above, agriculture and industry make a contribution to the economy.</edu>
  <edu id="e17" lang="ru" trans="google">Согласно обсуждению выше, сельское хозяйство и промышленность внести свой вклад в экономику.</edu>
  <edu id="e18" lang="en">With the economy development, we can have more advanced methods to take care of endangered animals.</edu>
  <edu id="e18" lang="ru" trans="google">С развитием экономики, мы можем иметь более продвинутые методы, чтобы заботиться о вымирающих животных.</edu>
  <edu id="e19" lang="en">For instant, we can invent new technique to help endangered animals to produce offspring to be sure they would not distinct.</edu>
  <edu id="e19" lang="ru" trans="google">Для мгновенного, мы можем изобрести новую технику, чтобы помочь вымирающим животным производить потомство, чтобы быть уверенным, что они не будут различны.</edu>
  <edu id="e20" lang="en">All in all, protecting endangered animals is necessary.</edu>
  <edu id="e20" lang="ru" trans="google">В целом, защита исчезающих видов животных необходимо.</edu>
  <edu id="e21" lang="en">Nevertheless, human needs for farmland, housing and industry are more important.</edu>
  <edu id="e21" lang="ru" trans="google">Тем не менее, потребности человека для сельскохозяйственных угодий, жилья и промышленности являются более важными.</edu>
  <adu id="a1" type="neut"/>
  <adu id="a2" type="neut"/>
  <adu id="a3" type="mcl"/>
  <adu id="a4" type="neut"/>
  <adu id="a5" type="pro"/>
  <adu id="a6" type="pro"/>
  <adu id="a7" type="pro"/>
  <adu id="a8" type="pro"/>
  <adu id="a9" type="pro"/>
  <adu id="a10" type="pro"/>
  <adu id="a11" type="pro"/>
  <adu id="a12" type="pro"/>
  <adu id="a13" type="pro"/>
  <adu id="a14" type="pro"/>
  <adu id="a15" type="opp"/>
  <adu id="a16" type="pro"/>
  <adu id="a17" type="pro"/>
  <adu id="a18" type="pro"/>
  <adu id="a19" type="pro"/>
  <adu id="a20" type="opp"/>
  <adu id="a21" type="mcl"/>
  <edge id="c21" src="e1" trg="a1" type="seg"/>
  <edge id="c22" src="e2" trg="a2" type="seg"/>
  <edge id="c23" src="e3" trg="a3" type="seg"/>
  <edge id="c24" src="e4" trg="a4" type="seg"/>
  <edge id="c25" src="e5" trg="a5" type="seg"/>
  <edge id="c26" src="e6" trg="a6" type="seg"/>
  <edge id="c27" src="e7" trg="a7" type="seg"/>
  <edge id="c28" src="e8" trg="a8" type="seg"/>
  <edge id="c29" src="e9" trg="a9" type="seg"/>
  <edge id="c30" src="e10" trg="a10" type="seg"/>
  <edge id="c31" src="e11" trg="a11" type="seg"/>
  <edge id="c32" src="e12" trg="a12" type="seg"/>
  <edge id="c33" src="e13" trg="a13" type="seg"/>
  <edge id="c34" src="e14" trg="a14" type="seg"/>
  <edge id="c35" src="e15" trg="a15" type="seg"/>
  <edge id="c36" src="e16" trg="a16" type="seg"/>
  <edge id="c37" src="e17" trg="a17" type="seg"/>
  <edge id="c38" src="e18" trg="a18" type="seg"/>
  <edge id="c39" src="e19" trg="a19" type="seg"/>
  <edge id="c40" src="e20" trg="a20" type="seg"/>
  <edge id="c41" src="e21" trg="a21" type="seg"/>
  <edge id="c1" src="a5" trg="a10" type="sup"/>
  <edge id="c2" src="a6" trg="a10" type="sup"/>
  <edge id="c3" src="a7" trg="a6" type="sup"/>
  <edge id="c4" src="a8" trg="a10" type="sup"/>
  <edge id="c5" src="a9" trg="a8" type="sup"/>
  <edge id="c6" src="a10" trg="a3" type="sup"/>
  <edge id="c7" src="a10" trg="a21" type="sup"/>
  <edge id="c8" src="a11" trg="a3" type="sup"/>
  <edge id="c9" src="a11" trg="a21" type="sup"/>
  <edge id="c10" src="a12" trg="a11" type="sup"/>
  <edge id="c11" src="a13" trg="a11" type="sup"/>
  <edge id="c12" src="a14" trg="a11" type="sup"/>
  <edge id="c13" src="a15" trg="a16" type="reb"/>
  <edge id="c14" src="a16" trg="a3" type="sup"/>
  <edge id="c15" src="a16" trg="a21" type="sup"/>
  <edge id="c16" src="a17" trg="a16" type="sup"/>
  <edge id="c17" src="a18" trg="a16" type="sup"/>
  <edge id="c18" src="a19" trg="a18" type="sup"/>
  <edge id="c19" src="a20" trg="a3" type="reb"/>
  <edge id="c20" src="a20" trg="a21" type="reb"/>
</arggraph>
