<?xml version='1.0' encoding='UTF-8'?>
<arggraph id="micro_e394" stance="pro" topic_id="Is it necessary to teach children handwriting ?" topic_ru="Нужно ли учить детей почерк?">
  <edu id="e1" lang="en">In this age of modern technology, some people usually underestimate the importance of teaching handwriting for children.</edu>
  <edu id="e1" lang="ru" trans="google">В этом возрасте современных технологий, некоторые люди, как правило, недооценивают важность обучения почерка для детей.</edu>
  <edu id="e2" lang="en">To some people, it is considered as an arduous and time consuming task.</edu>
  <edu id="e2" lang="ru" trans="google">Для некоторых людей, это считается трудной и времени задачи, потребляющего.</edu>
  <edu id="e3" lang="en">From my point of view, children are those who need to be under instruction of handwriting for several reasons.</edu>
  <edu id="e3" lang="ru" trans="google">С моей точки зрения, дети тех, кто должен быть в соответствии с инструкцией почерка по нескольким причинам.</edu>
  <edu id="e4" lang="en">Despite the convenience from up-to-date facilities, handwriting still plays a vital role in students' learning.</edu>
  <edu id="e4" lang="ru" trans="google">Несмотря на удобстве от уточненных объектов, почерк до сих пор играет важную роль в обучении студентов.</edu>
  <edu id="e5" lang="en">Firstly, this approach is a basis tool used in several fields such as taking notes, doing homework and writing.</edu>
  <edu id="e5" lang="ru" trans="google">Во-первых, этот подход является основой инструмент, используемый в различных областях, таких как заметок, делать домашние задания и писать.</edu>
  <edu id="e6" lang="en">It enables to improve learners' spelling capacity and accompany reading or writing disabilities as well.</edu>
  <edu id="e6" lang="ru" trans="google">Это позволяет улучшить орфографические способности учащихся и сопровождать чтение или запись инвалидности, а также.</edu>
  <edu id="e7" lang="en">Under the guidance of parents or teachers, children can benefit from practicing handwriting.</edu>
  <edu id="e7" lang="ru" trans="google">Под руководством родителей или учителей, дети могут извлечь выгоду из практики почерка.</edu>
  <edu id="e8" lang="en">This way of writing will encourage them to pay more attention on content, elaborate in details and develop their organization abilities.</edu>
  <edu id="e8" lang="ru" trans="google">Таким образом, письма будет побуждать их уделять больше внимания на содержание, разработать в деталях и развивать свои организации способности.</edu>
  <edu id="e9" lang="en">Secondly, parents and schools should give priority on directing their kids about handwriting as poor handwriting can have a negative impact on students' school performance.</edu>
  <edu id="e9" lang="ru" trans="google">Во-вторых, родители и школы должны уделять приоритетное внимание на направление своих детей о почерка, как плохой почерк может оказать негативное влияние на успеваемость в школе студентов.</edu>
  <edu id="e10" lang="en">The fact is that kids who are bad at handwriting meet difficulties in taking notes and catching up lessons.</edu>
  <edu id="e10" lang="ru" trans="google">Дело в том, что дети, которые плохо почерк трудности встречается в заметках и догоняют уроки.</edu>
  <edu id="e11" lang="en">It resulted in the missing of information and the lack of details during their works.</edu>
  <edu id="e11" lang="ru" trans="google">Это привело к недостающей информации и отсутствию деталей во время их работы.</edu>
  <edu id="e12" lang="en">Moreover, the increasing taking advantage of advanced equipment could make students be lazier and more subjective in their writing skills.</edu>
  <edu id="e12" lang="ru" trans="google">Кроме того, увеличение использование передового оборудования может сделать студент быть ленивыми и более субъективны в своих навыках письма.</edu>
  <edu id="e13" lang="en">For example, with the assistance of automatic grammar and spelling checking in office word, learners are now no need for noticing much in their mistakes.</edu>
  <edu id="e13" lang="ru" trans="google">Например, с помощью автоматической грамматики и орфографии проверки в офисе слове, учащиеся не теперь нет необходимости замечать многое в своих ошибках.</edu>
  <edu id="e14" lang="en">To conclude, no matter how fast and convenient modern devices bring to us in writing, handwriting is still a needed skill for all of people, especially students at the early age.</edu>
  <edu id="e14" lang="ru" trans="google">В заключении, независимо от того, насколько быстро и удобно современных устройств принести к нам в письменном виде, почерк еще необходимый навык для всех людей, особенно студенты в раннем возрасте.</edu>
  <adu id="a1" type="neut"/>
  <adu id="a2" type="neut"/>
  <adu id="a3" type="mcl"/>
  <adu id="a4" type="pro"/>
  <adu id="a5" type="pro"/>
  <adu id="a6" type="pro"/>
  <adu id="a7" type="pro"/>
  <adu id="a8" type="pro"/>
  <adu id="a9" type="pro"/>
  <adu id="a10" type="pro"/>
  <adu id="a11" type="pro"/>
  <adu id="a12" type="pro"/>
  <adu id="a13" type="pro"/>
  <adu id="a14" type="mcl"/>
  <edge id="c13" src="e1" trg="a1" type="seg"/>
  <edge id="c14" src="e2" trg="a2" type="seg"/>
  <edge id="c15" src="e3" trg="a3" type="seg"/>
  <edge id="c16" src="e4" trg="a4" type="seg"/>
  <edge id="c17" src="e5" trg="a5" type="seg"/>
  <edge id="c18" src="e6" trg="a6" type="seg"/>
  <edge id="c19" src="e7" trg="a7" type="seg"/>
  <edge id="c20" src="e8" trg="a8" type="seg"/>
  <edge id="c21" src="e9" trg="a9" type="seg"/>
  <edge id="c22" src="e10" trg="a10" type="seg"/>
  <edge id="c23" src="e11" trg="a11" type="seg"/>
  <edge id="c24" src="e12" trg="a12" type="seg"/>
  <edge id="c25" src="e13" trg="a13" type="seg"/>
  <edge id="c26" src="e14" trg="a14" type="seg"/>
  <edge id="c1" src="a4" trg="a3" type="sup"/>
  <edge id="c2" src="a4" trg="a14" type="sup"/>
  <edge id="c3" src="a5" trg="a4" type="sup"/>
  <edge id="c4" src="a6" trg="a5" type="sup"/>
  <edge id="c5" src="a7" trg="a4" type="sup"/>
  <edge id="c6" src="a8" trg="a4" type="sup"/>
  <edge id="c7" src="a9" trg="a3" type="sup"/>
  <edge id="c8" src="a9" trg="a14" type="sup"/>
  <edge id="c9" src="a10" trg="a9" type="sup"/>
  <edge id="c10" src="a11" trg="a9" type="sup"/>
  <edge id="c11" src="a12" trg="a9" type="sup"/>
  <edge id="c12" src="a13" trg="a12" type="exa"/>
</arggraph>
