<?xml version='1.0' encoding='UTF-8'?>
<arggraph id="micro_e309" stance="pro" topic_id="Students should attend to classes or it should be optional ?" topic_ru="Студенты должны присутствовать на классы или это должно быть факультативным?">
  <edu id="e1" lang="en">Nowadays, it is often claimed that attending classes has a lot of benefits for students and provide them with a variety of learning opportunities ( options ) as well.</edu>
  <edu id="e1" lang="ru" trans="google">В настоящее время, часто утверждают, что посещать занятия имеет много преимуществ для студентов и предоставить им разнообразные возможности для обучения (вариантов), а также.</edu>
  <edu id="e2" lang="en">On the contrary to this popular belief, there are still those who subscribe to this view that having a choice for attending classes enable students to study at home and through this way they do not waste their time for commuting and also they can save their money.</edu>
  <edu id="e2" lang="ru" trans="google">В противоположность этому распространенному мнению, все еще есть те, кто придерживается этой точки зрения, что, имея выбор для посещения занятий позволит студентам учиться дома, и через этот путь они не тратить свое время для поездок на работу, а также они могут сохранить свои деньги.</edu>
  <edu id="e3" lang="en">However, I am inclined to believe that being present at classes seems a wiser option.</edu>
  <edu id="e3" lang="ru" trans="google">Тем не менее, я склонен полагать, что присутствует на занятиях кажется вариант мудрее.</edu>
  <edu id="e4" lang="en">First and foremost, I truly believe that being present at classes provide students with opportunity of communicating with other students that is beneficial for understanding new material by reviewing them throughout the free times in college.</edu>
  <edu id="e4" lang="ru" trans="google">В первую очередь, я действительно считаю, что присутствуя на занятиях предоставить студентам возможность общения с другими студентами, что является полезным для понимания нового материала, рассматривая их в течение свободного времени в колледже.</edu>
  <edu id="e5" lang="en">Also, they can help each other for learning materials better.</edu>
  <edu id="e5" lang="ru" trans="google">Кроме того, они могут помочь друг другу для изучения материалов лучше.</edu>
  <edu id="e6" lang="en">However, if they do not attend classes they cannot use the help of others for assisting them to comprehend difficult problems.</edu>
  <edu id="e6" lang="ru" trans="google">Однако, если они не посещают занятия, они не могут использовать помощь других для оказания им помощи, чтобы понять сложные проблемы.</edu>
  <edu id="e7" lang="en">Another significant fact which should be taken into consideration is that by the help of teachers, students can understand ideas faster and easier.</edu>
  <edu id="e7" lang="ru" trans="google">Еще один важный факт, который следует принять во внимание, что при помощи преподавателей, студенты могут понять идеи быстрее и проще.</edu>
  <edu id="e8" lang="en">Since teachers explain them thoroughly in the class and after that give them a lot of examples to clarify the points.</edu>
  <edu id="e8" lang="ru" trans="google">Так как преподаватели объясняют их тщательно в классе, и после этого дать им много примеров, чтобы прояснить точки.</edu>
  <edu id="e9" lang="en">In this way attending classes not only wastes their time but also facilitates their understanding process that takes them less time for comprehending materials in comparison with self-study.</edu>
  <edu id="e9" lang="ru" trans="google">Таким образом, посещать занятия не только тратит свое время, но и облегчает их понимание процесса, который принимает их меньше времени для осмысления материалов по сравнению с самообучением.</edu>
  <edu id="e10" lang="en">Finally yet importantly, appearing in class makes students more conscientious.</edu>
  <edu id="e10" lang="ru" trans="google">Наконец еще важнее, появляясь в классе делает студентов более добросовестными.</edu>
  <edu id="e11" lang="en">Since they have to obey class's disciplines and they practice to be more perseverance in the process of doing their assignments.</edu>
  <edu id="e11" lang="ru" trans="google">Так как они должны дисциплины ПОВИНУЮТСЯ класс и они практикуют более упорства в процессе выполнения своих заданий.</edu>
  <edu id="e12" lang="en">However, the ones who choose to study at home do not have any discipline for their studies and cannot force themselves to study in particular times.</edu>
  <edu id="e12" lang="ru" trans="google">Тем не менее, те, которые выбирают для изучения дома не имеют никакой дисциплины для своих исследований и не могут заставить себя учиться в определенное время.</edu>
  <edu id="e13" lang="en">Through this way, they may miss some important parts in virtue of the chaotic and incoherent study.</edu>
  <edu id="e13" lang="ru" trans="google">Благодаря таким образом, они могут пропустить некоторые важные детали в силу хаотического и некогерентного исследования.</edu>
  <edu id="e14" lang="en">On the basis of the points mentioned above, I convinced that communicating and studying with peer group is a good way for learning materials.</edu>
  <edu id="e14" lang="ru" trans="google">На основании перечисленных выше пунктов, я убежден, что общение и изучение с сверстниками является хорошим способом для изучения материалов.</edu>
  <edu id="e15" lang="en">Moreover, teachers have a conspicuous role in assisting students for learning materials that being present at classes is a requisite for benefiting it.</edu>
  <edu id="e15" lang="ru" trans="google">Кроме того, преподаватели имеют заметную роль в оказании помощи студентов для изучения материалов, присутствуя на занятиях является необходимым условием для его пользы.</edu>
  <edu id="e16" lang="en">Also, attending to classes makes students more attentive and have them to do their studies on time that this attitude lead them to success.</edu>
  <edu id="e16" lang="ru" trans="google">Кроме того, участие в классы делает студент более внимательными и иметь их делать свои исследования по времени, что такое отношение приведет их к успеху.</edu>
  <adu id="a1" type="neut"/>
  <adu id="a2" type="neut"/>
  <adu id="a3" type="mcl"/>
  <adu id="a4" type="pro"/>
  <adu id="a5" type="pro"/>
  <adu id="a6" type="pro"/>
  <adu id="a7" type="pro"/>
  <adu id="a8" type="pro"/>
  <adu id="a9" type="pro"/>
  <adu id="a10" type="pro"/>
  <adu id="a11" type="pro"/>
  <adu id="a12" type="pro"/>
  <adu id="a13" type="pro"/>
  <adu id="a14" type="mcl"/>
  <adu id="a15" type="pro"/>
  <adu id="a16" type="pro"/>
  <edge id="c18" src="e1" trg="a1" type="seg"/>
  <edge id="c19" src="e2" trg="a2" type="seg"/>
  <edge id="c20" src="e3" trg="a3" type="seg"/>
  <edge id="c21" src="e4" trg="a4" type="seg"/>
  <edge id="c22" src="e5" trg="a5" type="seg"/>
  <edge id="c23" src="e6" trg="a6" type="seg"/>
  <edge id="c24" src="e7" trg="a7" type="seg"/>
  <edge id="c25" src="e8" trg="a8" type="seg"/>
  <edge id="c26" src="e9" trg="a9" type="seg"/>
  <edge id="c27" src="e10" trg="a10" type="seg"/>
  <edge id="c28" src="e11" trg="a11" type="seg"/>
  <edge id="c29" src="e12" trg="a12" type="seg"/>
  <edge id="c30" src="e13" trg="a13" type="seg"/>
  <edge id="c31" src="e14" trg="a14" type="seg"/>
  <edge id="c32" src="e15" trg="a15" type="seg"/>
  <edge id="c33" src="e16" trg="a16" type="seg"/>
  <edge id="c1" src="a4" trg="a3" type="sup"/>
  <edge id="c2" src="a4" trg="a14" type="sup"/>
  <edge id="c3" src="a5" trg="a4" type="sup"/>
  <edge id="c4" src="a6" trg="a4" type="sup"/>
  <edge id="c5" src="a7" trg="a3" type="sup"/>
  <edge id="c6" src="a7" trg="a14" type="sup"/>
  <edge id="c7" src="a8" trg="a7" type="sup"/>
  <edge id="c8" src="a9" trg="a7" type="sup"/>
  <edge id="c9" src="a10" trg="a3" type="sup"/>
  <edge id="c10" src="a10" trg="a14" type="sup"/>
  <edge id="c11" src="a11" trg="a10" type="sup"/>
  <edge id="c12" src="a12" trg="a13" type="sup"/>
  <edge id="c13" src="a13" trg="a10" type="sup"/>
  <edge id="c14" src="a15" trg="a3" type="sup"/>
  <edge id="c15" src="a15" trg="a14" type="sup"/>
  <edge id="c16" src="a16" trg="a3" type="sup"/>
  <edge id="c17" src="a16" trg="a14" type="sup"/>
</arggraph>
