<?xml version='1.0' encoding='UTF-8'?>
<arggraph id="micro_e323" stance="pro" topic_id="Do you think classmates or colleagues should work on projects in person or by E-mail" topic_ru="Как вы думаете, одноклассники или коллеги должны работать над проектами, лично или по электронной почте">
  <edu id="e1" lang="en">When it comes to the question whether classmates or colleagues should work on projects in person or by email, I am of the view that wok in person is preferred.</edu>
  <edu id="e1" lang="ru" trans="google">Когда дело доходит до вопроса о том одноклассники или коллеги должны работать над проектами, личны или по электронной почте, я придерживается мнения, что вки лично являются предпочтительными.</edu>
  <edu id="e2" lang="en">Because this means help to achieve a good communication.</edu>
  <edu id="e2" lang="ru" trans="google">Потому что это означает помочь добиться хорошего общения.</edu>
  <edu id="e3" lang="en">Firstly, team members may have different views and they need to reach a union opinion efficiently.</edu>
  <edu id="e3" lang="ru" trans="google">Во-первых, члены команды могут иметь разные точки зрения, и они должны эффективно достичь накидной мнение.</edu>
  <edu id="e4" lang="en">Obviously, discussion face to face in a meeting is much better than by emails.</edu>
  <edu id="e4" lang="ru" trans="google">Очевидно, что обсуждение лицом к лицу во время встречи намного лучше, чем электронная почта.</edu>
  <edu id="e5" lang="en">An experiment conducted by the Beijing University asked two groups of people to discuss the budget of an activity.</edu>
  <edu id="e5" lang="ru" trans="google">Эксперимент, проведенный в Пекинском университете попросили две группы людей, чтобы обсудить бюджет деятельности.</edu>
  <edu id="e6" lang="en">The first group was asked to discuss in person, while the second group was asked to discuss by email.</edu>
  <edu id="e6" lang="ru" trans="google">Первой группе было предложено обсудить лично, в то время как второй группе было предложено обсудить по электронной почте.</edu>
  <edu id="e7" lang="en">The result shows that the 1st group used 30 minutes to reach the agreement on the budget, while it takes 30 hours for the later one.</edu>
  <edu id="e7" lang="ru" trans="google">Результат показывает, что 1-й группе использовали 30 минут, чтобы достичь соглашения по бюджету, в то время как она занимает 30 часов более поздний.</edu>
  <edu id="e8" lang="en">The similar experiment done by other scientist show the same result that people can reach an agreement quickly if they could talk to each other.</edu>
  <edu id="e8" lang="ru" trans="google">Аналогичный эксперимент сделан другими ученые показывают тот же результат, что люди могут достичь соглашения быстро, если они могут разговаривать друг с другом.</edu>
  <edu id="e9" lang="en">Secondly, work in person can indirectly improve the quality and the efficiency of the project.</edu>
  <edu id="e9" lang="ru" trans="google">Во-вторых, работа в человека может косвенно улучшить качество и эффективность проекта.</edu>
  <edu id="e10" lang="en">Because there will be less conflicts or fight amongst the team members.</edu>
  <edu id="e10" lang="ru" trans="google">Потому что будет меньше конфликтов или борьба между членами команды.</edu>
  <edu id="e11" lang="en">Writing an email for an informal matter will make that matter looks official.</edu>
  <edu id="e11" lang="ru" trans="google">Запись по электронной почте для неофициального вопроса сделает, что материя выглядит официально.</edu>
  <edu id="e12" lang="en">Therefore people who receives the email may feel nervous or maybe feel offended by the words in writing.</edu>
  <edu id="e12" lang="ru" trans="google">Поэтому люди, которые получают электронная почта может нервничают или, возможно, чувствуют себя оскорбленные словами в письменной форме.</edu>
  <edu id="e13" lang="en">While if the same words are expressed in talking, the counterparty will feel more relaxed.</edu>
  <edu id="e13" lang="ru" trans="google">Хотя, если одни и те же слова выражаются в разговоре, контрагент будет чувствовать себя более спокойно.</edu>
  <edu id="e14" lang="en">Since their response will not be recorded and they will not misunderstand the informal discussion to an official claim.</edu>
  <edu id="e14" lang="ru" trans="google">Поскольку их реакция не будет записана, и они не понимают неофициальное обсуждение официальной претензии.</edu>
  <edu id="e15" lang="en">Therefore, less misunderstanding leads to less conflicts and fights, and enhance the communication amongst the team members.</edu>
  <edu id="e15" lang="ru" trans="google">Таким образом, менее недоразумений приводит к менее конфликтов и драк, и улучшения связей между членами команды.</edu>
  <edu id="e16" lang="en">Admittedly, sometimes we have to use emails if the team members are not located in the same place.</edu>
  <edu id="e16" lang="ru" trans="google">Правда, иногда мы должны использовать электронную почту, если члены команды не находятся в одном месте.</edu>
  <edu id="e17" lang="en">Although emails are not convenient for the work but it is better than none.</edu>
  <edu id="e17" lang="ru" trans="google">Хотя письма не удобны для работы, но это лучше, чем ничего.</edu>
  <edu id="e18" lang="en">Since it is a classroom or campus projects, there is few possibility that the project members are located in different areas.</edu>
  <edu id="e18" lang="ru" trans="google">Так как это класс или кампуса проекты, есть возможность того, что некоторые участники проекта находятся в разных областях.</edu>
  <edu id="e19" lang="en">While we should realize that in a project, there are numerous coordination works are required, if each opinion is communicated via email, there will be hundreds or thousands of emails there that we know this is not a good experience.</edu>
  <edu id="e19" lang="ru" trans="google">В то время как мы должны понимать, что в проекте, есть многочисленные координационные работы необходимы, если каждое мнение передаются по электронной почте, будут сотни или тысячи писем там, что мы знаем, что это не очень хороший опыт.</edu>
  <edu id="e20" lang="en">In conclusion, I prefer the project members to work in person rather them by email.</edu>
  <edu id="e20" lang="ru" trans="google">В заключение, я предпочитаю участников проекта к работе лично, а их по электронной почте.</edu>
  <edu id="e21" lang="en">Because work in person will be more efficient.</edu>
  <edu id="e21" lang="ru" trans="google">Поскольку работа человека будет более эффективной.</edu>
  <adu id="a1" type="mcl"/>
  <adu id="a2" type="pro"/>
  <adu id="a3" type="pro"/>
  <adu id="a4" type="pro"/>
  <adu id="a5" type="pro"/>
  <adu id="a6" type="pro"/>
  <adu id="a7" type="pro"/>
  <adu id="a8" type="pro"/>
  <adu id="a9" type="pro"/>
  <adu id="a10" type="pro"/>
  <adu id="a11" type="pro"/>
  <adu id="a12" type="pro"/>
  <adu id="a13" type="pro"/>
  <adu id="a14" type="pro"/>
  <adu id="a15" type="pro"/>
  <adu id="a16" type="opp"/>
  <adu id="a17" type="opp"/>
  <adu id="a18" type="pro"/>
  <adu id="a19" type="pro"/>
  <adu id="a20" type="mcl"/>
  <adu id="a21" type="pro"/>
  <edge id="c26" src="e1" trg="a1" type="seg"/>
  <edge id="c27" src="e2" trg="a2" type="seg"/>
  <edge id="c28" src="e3" trg="a3" type="seg"/>
  <edge id="c29" src="e4" trg="a4" type="seg"/>
  <edge id="c30" src="e5" trg="a5" type="seg"/>
  <edge id="c31" src="e6" trg="a6" type="seg"/>
  <edge id="c32" src="e7" trg="a7" type="seg"/>
  <edge id="c33" src="e8" trg="a8" type="seg"/>
  <edge id="c34" src="e9" trg="a9" type="seg"/>
  <edge id="c35" src="e10" trg="a10" type="seg"/>
  <edge id="c36" src="e11" trg="a11" type="seg"/>
  <edge id="c37" src="e12" trg="a12" type="seg"/>
  <edge id="c38" src="e13" trg="a13" type="seg"/>
  <edge id="c39" src="e14" trg="a14" type="seg"/>
  <edge id="c40" src="e15" trg="a15" type="seg"/>
  <edge id="c41" src="e16" trg="a16" type="seg"/>
  <edge id="c42" src="e17" trg="a17" type="seg"/>
  <edge id="c43" src="e18" trg="a18" type="seg"/>
  <edge id="c44" src="e19" trg="a19" type="seg"/>
  <edge id="c45" src="e20" trg="a20" type="seg"/>
  <edge id="c46" src="e21" trg="a21" type="seg"/>
  <edge id="c1" src="a2" trg="a1" type="sup"/>
  <edge id="c2" src="a2" trg="a20" type="sup"/>
  <edge id="c3" src="a3" trg="a4" type="sup"/>
  <edge id="c4" src="a4" trg="a1" type="sup"/>
  <edge id="c5" src="a4" trg="a20" type="sup"/>
  <edge id="c6" src="a5" trg="a4" type="sup"/>
  <edge id="c7" src="a6" trg="a4" type="sup"/>
  <edge id="c8" src="a7" trg="a4" type="sup"/>
  <edge id="c9" src="a8" trg="a4" type="sup"/>
  <edge id="c10" src="a9" trg="a15" type="sup"/>
  <edge id="c11" src="a10" trg="a9" type="sup"/>
  <edge id="c12" src="a11" trg="a12" type="sup"/>
  <edge id="c13" src="a12" trg="a15" type="sup"/>
  <edge id="c14" src="a13" trg="a15" type="sup"/>
  <edge id="c15" src="a14" trg="a13" type="sup"/>
  <edge id="c16" src="a15" trg="a1" type="sup"/>
  <edge id="c17" src="a15" trg="a20" type="sup"/>
  <edge id="c18" src="a16" trg="a17" type="sup"/>
  <edge id="c19" src="a17" trg="a1" type="reb"/>
  <edge id="c20" src="a17" trg="a20" type="reb"/>
  <edge id="c21" src="a18" trg="a17" type="reb"/>
  <edge id="c22" src="a19" trg="a1" type="sup"/>
  <edge id="c23" src="a19" trg="a20" type="sup"/>
  <edge id="c24" src="a21" trg="a1" type="sup"/>
  <edge id="c25" src="a21" trg="a20" type="sup"/>
</arggraph>
