<?xml version='1.0' encoding='UTF-8'?>
<arggraph id="micro_e93" stance="pro" topic_id="Learning facts has more subsequent advantages for students' future lives" topic_ru="Изучение фактов имеют более последующие преимущества для будущей жизни студентов">
  <edu id="e1" lang="en">There are many debates regarding whether understanding ideas and concepts is more essential than learning facts for students or not.</edu>
  <edu id="e1" lang="ru" trans="google">Есть много споров относительно того, является ли более важными, чем изучение фактов для студентов или не понимание идей и концепций.</edu>
  <edu id="e2" lang="en">Although multitudes of people think that knowledge of ideas and concepts is more vital for students, I am in the conviction that learning facts has more subsequent advantages for students' future lives.</edu>
  <edu id="e2" lang="ru" trans="google">Хотя множество людей считает, что знание идей и концепций, более важно для студентов, я в убеждении, что изучение факты имеют более последующие преимущества для будущей жизни студентов.</edu>
  <edu id="e3" lang="en">In the following, I will state my reasons for this choice.</edu>
  <edu id="e3" lang="ru" trans="google">В дальнейшем, я выскажу свои причины для этого выбора.</edu>
  <edu id="e4" lang="en">First, when students learn facts more in school, they would be ready for facing problems in their own life after their graduations.</edu>
  <edu id="e4" lang="ru" trans="google">Во-первых, когда студенты изучают факты больше в школе, они будут готовы к сталкиваются с проблемами в своей собственной жизни, после того, как их градаций.</edu>
  <edu id="e5" lang="en">As a case in point, more information about facts would make students more familiar with the real life other that only their concepts.</edu>
  <edu id="e5" lang="ru" trans="google">В качестве примера точки, больше информации о фактах бы, чтобы студенты больше знакомы с реальной жизнью другой, что только их понятия.</edu>
  <edu id="e6" lang="en">As a result, they would prepare to encounter their life out of school to solve their problems better.</edu>
  <edu id="e6" lang="ru" trans="google">В результате, они будут готовиться встретить свою жизнь из школы, чтобы решить свои проблемы лучше.</edu>
  <edu id="e7" lang="en">Second, it would improve students' social behavior.</edu>
  <edu id="e7" lang="ru" trans="google">Во-вторых, это позволит улучшить социальное поведение студентов.</edu>
  <edu id="e8" lang="en">If students only rely on concepts and ideas theorically, they would not realize human's mind very well.</edu>
  <edu id="e8" lang="ru" trans="google">Если студенты полагаться только на концепции и идеи theorically, они не понимают, ум человека очень хорошо.</edu>
  <edu id="e9" lang="en">They should understand objects more that concepts to obtain the ability of analyzing matters well.</edu>
  <edu id="e9" lang="ru" trans="google">Они должны понимать объекты более, что понятия, чтобы получить возможность анализа вопросов, хорошо.</edu>
  <edu id="e10" lang="en">Thus, if they deal more with facts, they can realize social situations effectively and so improve their social communication in everyday life.</edu>
  <edu id="e10" lang="ru" trans="google">Таким образом, если они имеют дело больше с фактами, они могут эффективно реализовать социальные ситуации, и таким образом улучшить свое социальное общение в повседневной жизни.</edu>
  <edu id="e11" lang="en">Moreover, these way students are teached to control their fears and concerns in facing facts.</edu>
  <edu id="e11" lang="ru" trans="google">Кроме того, эти студенты путь являются обучал контролировать свои страхи и опасения в перед фактами.</edu>
  <edu id="e12" lang="en">As a matter of fact, when a student understands a fact and its consequences, he or she can encounter it more confidently.</edu>
  <edu id="e12" lang="ru" trans="google">В самом деле, когда студент понимает этот факт и его последствия, он или она может столкнуться с ним более уверенно.</edu>
  <edu id="e13" lang="en">In my viewpoint, concerns and anxieties are very destructive in everybody's life.</edu>
  <edu id="e13" lang="ru" trans="google">В моей точки зрения, проблемы и тревоги являются очень разрушительными в жизни каждого.</edu>
  <edu id="e14" lang="en">It can prevent person to progress and thrive in every position.</edu>
  <edu id="e14" lang="ru" trans="google">Это может помешать человеку прогрессировать и развиваться в любом положении.</edu>
  <edu id="e15" lang="en">All in all, I am in the belief that learning facts is more beneficial for students in both social and individual life in the view of above-mentioned reasons.</edu>
  <edu id="e15" lang="ru" trans="google">В общем, я в надежде, что изучение фактов является более полезным для студентов как социальной и индивидуальной жизни, в связи с упомянутыми выше причинами.</edu>
  <edu id="e16" lang="en">Students would improve their social positions and encounter their problems in positive ways and also intend in the more confidence manner and etc.</edu>
  <edu id="e16" lang="ru" trans="google">Студенты будут улучшать свои социальные позиции и сталкиваются с их проблемами в позитивном ключе, а также намерены в более доверительной манере и т.д.</edu>
  <adu id="a1" type="neut"/>
  <adu id="a2" type="mcl"/>
  <adu id="a3" type="neut"/>
  <adu id="a4" type="pro"/>
  <adu id="a5" type="pro"/>
  <adu id="a6" type="pro"/>
  <adu id="a7" type="pro"/>
  <adu id="a8" type="pro"/>
  <adu id="a9" type="pro"/>
  <adu id="a10" type="pro"/>
  <adu id="a11" type="pro"/>
  <adu id="a12" type="pro"/>
  <adu id="a13" type="pro"/>
  <adu id="a14" type="pro"/>
  <adu id="a15" type="mcl"/>
  <adu id="a16" type="pro"/>
  <edge id="c17" src="e1" trg="a1" type="seg"/>
  <edge id="c18" src="e2" trg="a2" type="seg"/>
  <edge id="c19" src="e3" trg="a3" type="seg"/>
  <edge id="c20" src="e4" trg="a4" type="seg"/>
  <edge id="c21" src="e5" trg="a5" type="seg"/>
  <edge id="c22" src="e6" trg="a6" type="seg"/>
  <edge id="c23" src="e7" trg="a7" type="seg"/>
  <edge id="c24" src="e8" trg="a8" type="seg"/>
  <edge id="c25" src="e9" trg="a9" type="seg"/>
  <edge id="c26" src="e10" trg="a10" type="seg"/>
  <edge id="c27" src="e11" trg="a11" type="seg"/>
  <edge id="c28" src="e12" trg="a12" type="seg"/>
  <edge id="c29" src="e13" trg="a13" type="seg"/>
  <edge id="c30" src="e14" trg="a14" type="seg"/>
  <edge id="c31" src="e15" trg="a15" type="seg"/>
  <edge id="c32" src="e16" trg="a16" type="seg"/>
  <edge id="c1" src="a4" trg="a6" type="sup"/>
  <edge id="c2" src="a5" trg="a6" type="sup"/>
  <edge id="c3" src="a6" trg="a2" type="sup"/>
  <edge id="c4" src="a6" trg="a15" type="sup"/>
  <edge id="c5" src="a7" trg="a2" type="sup"/>
  <edge id="c6" src="a7" trg="a15" type="sup"/>
  <edge id="c7" src="a8" trg="a7" type="sup"/>
  <edge id="c8" src="a9" trg="a10" type="sup"/>
  <edge id="c9" src="a10" trg="a7" type="sup"/>
  <edge id="c10" src="a11" trg="a12" type="sup"/>
  <edge id="c11" src="a12" trg="a2" type="sup"/>
  <edge id="c12" src="a12" trg="a15" type="sup"/>
  <edge id="c13" src="a13" trg="a12" type="sup"/>
  <edge id="c14" src="a14" trg="a12" type="sup"/>
  <edge id="c15" src="a16" trg="a2" type="sup"/>
  <edge id="c16" src="a16" trg="a15" type="sup"/>
</arggraph>
