<?xml version='1.0' encoding='UTF-8'?>
<arggraph id="micro_e122" stance="pro" topic_id="Physical exercise" topic_ru="Физическое упражнение">
  <edu id="e1" lang="en">Although some people think that the major part of school schedule should be entirely devoted to academics, I truly believe that the physical education part should not be outweighed.</edu>
  <edu id="e1" lang="ru" trans="google">Хотя некоторые люди считают, что основная часть графика школы должно быть полностью посвящены академиками, я действительно считаю, что часть физического воспитания не должна перевесить.</edu>
  <edu id="e2" lang="en">Physical exercises help to create healthy nation, assist to learning through direct observation and finally aid to financial development of a country.</edu>
  <edu id="e2" lang="ru" trans="google">Физические упражнения помогают создать здоровую нацию, содействовать обучению путем прямого наблюдения и, наконец, помощь в финансовом развитии страны.</edu>
  <edu id="e3" lang="en">First of all, the ancient Latin proverb says: " Anima sana in corpore sano ", which means that healthy body is basis for healthy soul.</edu>
  <edu id="e3" lang="ru" trans="google">Прежде всего, древняя латинская пословица гласит: «Anima теле здоровый дух», что означает, что здоровое тело является основой для здоровой души.</edu>
  <edu id="e4" lang="en">There is a direct linkage between people's health and the frequency of doing physical exercises.</edu>
  <edu id="e4" lang="ru" trans="google">Существует прямая связь между здоровьем людей и частотой делать физические упражнения.</edu>
  <edu id="e5" lang="en">The more we practice, the better we feel.</edu>
  <edu id="e5" lang="ru" trans="google">Чем больше мы практикуем, тем лучше мы себя чувствуем.</edu>
  <edu id="e6" lang="en">Additionally, there is a fact that one can improve health conditions with everyday physical activity: gradually, step by step we change physical condition to better.</edu>
  <edu id="e6" lang="ru" trans="google">Кроме того, есть факт, что один может улучшить состояние здоровья с повседневной физической активностью: постепенно, шаг за шагом мы меняем физическое состояние лучше.</edu>
  <edu id="e7" lang="en">So, if the entire nation, from their school ages begin going for sports and try doing that everyday, eventually it may help to build healthy nation.</edu>
  <edu id="e7" lang="ru" trans="google">Таким образом, если весь народ, от их школьного возраста начинают заниматься спортом и попробовать делать это каждый день, в конце концов это может помочь построить здоровую нацию.</edu>
  <edu id="e8" lang="en">Besides, when we practice outdoors and indoors sports, many aspects are getting clearer.</edu>
  <edu id="e8" lang="ru" trans="google">Кроме того, когда мы практикуем открытом воздухе и в помещении спорта, многие аспекты становятся более ясными.</edu>
  <edu id="e9" lang="en">For example, when a person goes jogging everyday, eventually he can understand his own body through direct observation.</edu>
  <edu id="e9" lang="ru" trans="google">Например, когда человек идет пробежки каждый день, в конце концов, он может понять свое тело путем прямого наблюдения.</edu>
  <edu id="e10" lang="en">Alike, the school basketball team gains more knowledge on how to succeed in some particular kind of throwing the ball into hoot practicing rather than learning theoretically.</edu>
  <edu id="e10" lang="ru" trans="google">Alike, команда школы баскетбол получает больше знаний о том, как добиться успеха в каком-то конкретном виде бросал мяч в гудок практикующим, а не обучение теоретически.</edu>
  <edu id="e11" lang="en">Furthermore, almost all natural science discoveries were made by direct observation, which is a part of physical education.</edu>
  <edu id="e11" lang="ru" trans="google">Кроме того, почти все естественнонаучные открытия были сделаны путем непосредственного наблюдения, который является частью физического воспитания.</edu>
  <edu id="e12" lang="en">Last, but not least, financial sustainability of a region mostly depends on how healthy the population is.</edu>
  <edu id="e12" lang="ru" trans="google">И последнее, но не в последнюю очередь, финансовая устойчивость региона во многом зависит от того, насколько здорова население.</edu>
  <edu id="e13" lang="en">For instance, the money invested into physical education program can save allocations into healthcare.</edu>
  <edu id="e13" lang="ru" trans="google">Например, деньги, вложенные в программу физического воспитания может сохранить ассигнования на здравоохранение.</edu>
  <edu id="e14" lang="en">Since the nation is comparatively healthy.</edu>
  <edu id="e14" lang="ru" trans="google">Поскольку нация сравнительно здоровая.</edu>
  <edu id="e15" lang="en">Along with that, physically healthy people can contribute more both into economical and social development.</edu>
  <edu id="e15" lang="ru" trans="google">Наряду с этим, физически здоровыми людьми могут внести свой вклад больше, как в экономическое и социальное развитие.</edu>
  <edu id="e16" lang="en">As a matter of fact, the better a person feels, the better his brain works.</edu>
  <edu id="e16" lang="ru" trans="google">По сути дела, тем лучше человек чувствует, тем лучше его мозг работает.</edu>
  <edu id="e17" lang="en">Therefore, putting physical activities in early steps of human development would finally lead to mentally healthy society.</edu>
  <edu id="e17" lang="ru" trans="google">Таким образом, кладя физическую активность в ранних стадиях развития человека, в конце концов приведут к психически здоровому обществу.</edu>
  <edu id="e18" lang="en">As hence it ends up with financially competitive country.</edu>
  <edu id="e18" lang="ru" trans="google">Как, следовательно, в конечном итоге с конкурентоспособной финансовой страной.</edu>
  <edu id="e19" lang="en">In the conclusion, I would like to say that the more attention is withdrawn to a problem of physical education, the more influence we can get on academic success of students.</edu>
  <edu id="e19" lang="ru" trans="google">В заключение я хотел бы сказать, что больше внимания отводится проблеме физического воспитания, тем большее влияние мы можем получить от успеваемости студентов.</edu>
  <adu id="a1" type="mcl"/>
  <adu id="a2" type="pro"/>
  <adu id="a3" type="pro"/>
  <adu id="a4" type="pro"/>
  <adu id="a5" type="pro"/>
  <adu id="a6" type="pro"/>
  <adu id="a7" type="pro"/>
  <adu id="a8" type="pro"/>
  <adu id="a9" type="pro"/>
  <adu id="a10" type="pro"/>
  <adu id="a11" type="pro"/>
  <adu id="a12" type="pro"/>
  <adu id="a13" type="pro"/>
  <adu id="a14" type="pro"/>
  <adu id="a15" type="pro"/>
  <adu id="a16" type="pro"/>
  <adu id="a17" type="pro"/>
  <adu id="a18" type="pro"/>
  <adu id="a19" type="mcl"/>
  <edge id="c23" src="e1" trg="a1" type="seg"/>
  <edge id="c24" src="e2" trg="a2" type="seg"/>
  <edge id="c25" src="e3" trg="a3" type="seg"/>
  <edge id="c26" src="e4" trg="a4" type="seg"/>
  <edge id="c27" src="e5" trg="a5" type="seg"/>
  <edge id="c28" src="e6" trg="a6" type="seg"/>
  <edge id="c29" src="e7" trg="a7" type="seg"/>
  <edge id="c30" src="e8" trg="a8" type="seg"/>
  <edge id="c31" src="e9" trg="a9" type="seg"/>
  <edge id="c32" src="e10" trg="a10" type="seg"/>
  <edge id="c33" src="e11" trg="a11" type="seg"/>
  <edge id="c34" src="e12" trg="a12" type="seg"/>
  <edge id="c35" src="e13" trg="a13" type="seg"/>
  <edge id="c36" src="e14" trg="a14" type="seg"/>
  <edge id="c37" src="e15" trg="a15" type="seg"/>
  <edge id="c38" src="e16" trg="a16" type="seg"/>
  <edge id="c39" src="e17" trg="a17" type="seg"/>
  <edge id="c40" src="e18" trg="a18" type="seg"/>
  <edge id="c41" src="e19" trg="a19" type="seg"/>
  <edge id="c1" src="a2" trg="a1" type="sup"/>
  <edge id="c2" src="a2" trg="a19" type="sup"/>
  <edge id="c3" src="a3" trg="a7" type="sup"/>
  <edge id="c4" src="a4" trg="a7" type="sup"/>
  <edge id="c5" src="a5" trg="a7" type="sup"/>
  <edge id="c6" src="a6" trg="a7" type="sup"/>
  <edge id="c7" src="a7" trg="a1" type="sup"/>
  <edge id="c8" src="a7" trg="a19" type="sup"/>
  <edge id="c9" src="a8" trg="a1" type="sup"/>
  <edge id="c10" src="a8" trg="a19" type="sup"/>
  <edge id="c11" src="a9" trg="a8" type="exa"/>
  <edge id="c12" src="a10" trg="a8" type="sup"/>
  <edge id="c13" src="a11" trg="a8" type="sup"/>
  <edge id="c14" src="a12" trg="a1" type="sup"/>
  <edge id="c15" src="a12" trg="a19" type="sup"/>
  <edge id="c16" src="a13" trg="a12" type="exa"/>
  <edge id="c17" src="a14" trg="a13" type="sup"/>
  <edge id="c18" src="a15" trg="a17" type="sup"/>
  <edge id="c19" src="a16" trg="a17" type="sup"/>
  <edge id="c20" src="a17" trg="a1" type="sup"/>
  <edge id="c21" src="a17" trg="a19" type="sup"/>
  <edge id="c22" src="a18" trg="a17" type="sup"/>
</arggraph>
